display_name,person_database_id,internal_person_id,expected_club_database_id,expected_club_name,expected_club_save_index,reference_kind,reference_offset,data_type,club_value_offset,relative_offset,is_identity_occurrence,is_known_minus17,signature_hex
"Alessandro",3902245,69183,319,"SC Corinthians Paulista",48,INTERNAL_PERSON_ID,0x008FB90E,UINT16,0x008FB08C,-2178,False,False,0C003A0000000161130038000000016130002E0000000000000100D40700004F17000039863B0002
"Alessandro",3902245,69183,319,"SC Corinthians Paulista",48,INTERNAL_PERSON_ID,0x008FB90E,UINT16,0x008FB9A1,147,False,False,00000001FFFFFFFF020400571700000030000000CB1200006D01D407030400000000000000000000
"Alessandro",3902245,69183,319,"SC Corinthians Paulista",48,INTERNAL_PERSON_ID,0x008FB90E,UINT32,0x008FB9A1,147,False,False,00000001FFFFFFFF020400571700000030000000CB1200006D01D407030400000000000000000000
"Alessandro",3902245,69183,319,"SC Corinthians Paulista",48,INTERNAL_PERSON_ID,0x008FB90E,UINT16,0x008FB9E1,211,False,False,3A00000001610D002C000000016112003000000002610100BD0000000000000000D3070000571700
"Alessandro",3902245,69183,319,"SC Corinthians Paulista",48,INTERNAL_PERSON_ID,0x008FB90E,UINT32,0x008FB9E1,211,False,False,3A00000001610D002C000000016112003000000002610100BD0000000000000000D3070000571700
"Alessandro",3902245,69183,319,"SC Corinthians Paulista",48,INTERNAL_PERSON_ID,0x008FB90E,UINT16,0x008FC46B,2909,False,False,FFFFFFFFC4BE0000390E0100EC2000003000B60700BD0000004501000000000000FFFFFFFF000000
"Alessandro",3902245,69183,319,"SC Corinthians Paulista",48,INTERNAL_PERSON_ID,0x008FB90E,UINT16,0x008FC578,3178,False,False,0000000000000000000100000000000030003000920000009200010000010400D4072001D307FFFF
"Alessandro",3902245,69183,319,"SC Corinthians Paulista",48,INTERNAL_PERSON_ID,0x008FB90E,UINT16,0x008FC57A,3180,False,False,000000000000000100000000000030003000920000009200010000010400D4072001D307FFFFFFFF
"Alessandro",3902245,69183,319,"SC Corinthians Paulista",48,PERSON_DATABASE_ID,0x008FB9FA,UINT16,0x008FB08C,-2414,False,False,0C003A0000000161130038000000016130002E0000000000000100D40700004F17000039863B0002
"Alessandro",3902245,69183,319,"SC Corinthians Paulista",48,PERSON_DATABASE_ID,0x008FB9FA,UINT16,0x008FB9A1,-89,False,False,00000001FFFFFFFF020400571700000030000000CB1200006D01D407030400000000000000000000
"Alessandro",3902245,69183,319,"SC Corinthians Paulista",48,PERSON_DATABASE_ID,0x008FB9FA,UINT32,0x008FB9A1,-89,False,False,00000001FFFFFFFF020400571700000030000000CB1200006D01D407030400000000000000000000
"Alessandro",3902245,69183,319,"SC Corinthians Paulista",48,PERSON_DATABASE_ID,0x008FB9FA,UINT16,0x008FB9E1,-25,False,False,3A00000001610D002C000000016112003000000002610100BD0000000000000000D3070000571700
"Alessandro",3902245,69183,319,"SC Corinthians Paulista",48,PERSON_DATABASE_ID,0x008FB9FA,UINT32,0x008FB9E1,-25,False,False,3A00000001610D002C000000016112003000000002610100BD0000000000000000D3070000571700
"Alessandro",3902245,69183,319,"SC Corinthians Paulista",48,PERSON_DATABASE_ID,0x008FB9FA,UINT16,0x008FC46B,2673,False,False,FFFFFFFFC4BE0000390E0100EC2000003000B60700BD0000004501000000000000FFFFFFFF000000
"Alessandro",3902245,69183,319,"SC Corinthians Paulista",48,PERSON_DATABASE_ID,0x008FB9FA,UINT16,0x008FC578,2942,False,False,0000000000000000000100000000000030003000920000009200010000010400D4072001D307FFFF
"Alessandro",3902245,69183,319,"SC Corinthians Paulista",48,PERSON_DATABASE_ID,0x008FB9FA,UINT16,0x008FC57A,2944,False,False,000000000000000100000000000030003000920000009200010000010400D4072001D307FFFFFFFF
"André Bahia",311169,68196,322,"CR Flamengo",51,INTERNAL_PERSON_ID,0x007F3CBF,UINT16,0x007F2D91,-3886,False,False,02030A00000000EC4C0800D608000000330000004B0000001E00D507050600000000000000000000
"André Bahia",311169,68196,322,"CR Flamengo",51,INTERNAL_PERSON_ID,0x007F3CBF,UINT32,0x007F2D91,-3886,False,False,02030A00000000EC4C0800D608000000330000004B0000001E00D507050600000000000000000000
"André Bahia",311169,68196,322,"CR Flamengo",51,INTERNAL_PERSON_ID,0x007F3CBF,UINT16,0x007F2DB9,-3846,False,False,D1072F0200FF00000000010101610200330000000000000000D1070000D608000069BF0400022602
"André Bahia",311169,68196,322,"CR Flamengo",51,INTERNAL_PERSON_ID,0x007F3CBF,UINT32,0x007F2DB9,-3846,False,False,D1072F0200FF00000000010101610200330000000000000000D1070000D608000069BF0400022602
"André Bahia",311169,68196,322,"CR Flamengo",51,INTERNAL_PERSON_ID,0x007F3CBF,UINT16,0x007F2EC6,-3577,False,False,02030A0000000086E20000D708000000330000004B0000001E00D507050600000000000000000000
"André Bahia",311169,68196,322,"CR Flamengo",51,INTERNAL_PERSON_ID,0x007F3CBF,UINT32,0x007F2EC6,-3577,False,False,02030A0000000086E20000D708000000330000004B0000001E00D507050600000000000000000000
"André Bahia",311169,68196,322,"CR Flamengo",51,INTERNAL_PERSON_ID,0x007F3CBF,UINT16,0x007F2EEE,-3537,False,False,D107330200FF00000000010101613600330000000000000000D1070000D70800006ABF0400021A1D
"André Bahia",311169,68196,322,"CR Flamengo",51,INTERNAL_PERSON_ID,0x007F3CBF,UINT32,0x007F2EEE,-3537,False,False,D107330200FF00000000010101613600330000000000000000D1070000D70800006ABF0400021A1D
"André Bahia",311169,68196,322,"CR Flamengo",51,INTERNAL_PERSON_ID,0x007F3CBF,UINT16,0x007F3663,-1628,False,False,02030F0000000065CA2F00DD0800000033000000CC0000001E00D507050400000000000000000000
"André Bahia",311169,68196,322,"CR Flamengo",51,INTERNAL_PERSON_ID,0x007F3CBF,UINT32,0x007F3663,-1628,False,False,02030F0000000065CA2F00DD0800000033000000CC0000001E00D507050400000000000000000000
"André Bahia",311169,68196,322,"CR Flamengo",51,INTERNAL_PERSON_ID,0x007F3CBF,UINT16,0x007F36C9,-1526,False,False,38020000016136003200000001613100330000000000000000D1070000DD08000072BF040002600B
"André Bahia",311169,68196,322,"CR Flamengo",51,INTERNAL_PERSON_ID,0x007F3CBF,UINT32,0x007F36C9,-1526,False,False,38020000016136003200000001613100330000000000000000D1070000DD08000072BF040002600B
"André Bahia",311169,68196,322,"CR Flamengo",51,INTERNAL_PERSON_ID,0x007F3CBF,UINT16,0x007F3D29,106,False,False,02030F000000000FA56E00E40800000033000000770100001E00D507030400000000000000000000
"André Bahia",311169,68196,322,"CR Flamengo",51,INTERNAL_PERSON_ID,0x007F3CBF,UINT32,0x007F3D29,106,False,False,02030F000000000FA56E00E40800000033000000770100001E00D507030400000000000000000000
"André Bahia",311169,68196,322,"CR Flamengo",51,INTERNAL_PERSON_ID,0x007F3CBF,UINT16,0x007F3D51,146,False,False,D1072D024BFF00000000010101614400330000000000000000D1070000E408000081BF040001901A
"André Bahia",311169,68196,322,"CR Flamengo",51,INTERNAL_PERSON_ID,0x007F3CBF,UINT32,0x007F3D51,146,False,False,D1072D024BFF00000000010101614400330000000000000000D1070000E408000081BF040001901A
"André Bahia",311169,68196,322,"CR Flamengo",51,INTERNAL_PERSON_ID,0x007F3CBF,UINT16,0x007F3DDD,286,False,False,00000000000000A0020000E50800000033000000DD0200001E00D707040400000000000000000000
"André Bahia",311169,68196,322,"CR Flamengo",51,INTERNAL_PERSON_ID,0x007F3CBF,UINT32,0x007F3DDD,286,False,False,00000000000000A0020000E50800000033000000DD0200001E00D707040400000000000000000000
"André Bahia",311169,68196,322,"CR Flamengo",51,INTERNAL_PERSON_ID,0x007F3CBF,UINT16,0x007F3E88,457,False,False,00000000000000B00C0000E60800000033000000B10100001E00D907040400000000000000000000
"André Bahia",311169,68196,322,"CR Flamengo",51,INTERNAL_PERSON_ID,0x007F3CBF,UINT32,0x007F3E88,457,False,False,00000000000000B00C0000E60800000033000000B10100001E00D907040400000000000000000000
"André Bahia",311169,68196,322,"CR Flamengo",51,PERSON_DATABASE_ID,0x007F3D62,UINT16,0x007F2D91,-4049,False,False,02030A00000000EC4C0800D608000000330000004B0000001E00D507050600000000000000000000
"André Bahia",311169,68196,322,"CR Flamengo",51,PERSON_DATABASE_ID,0x007F3D62,UINT32,0x007F2D91,-4049,False,False,02030A00000000EC4C0800D608000000330000004B0000001E00D507050600000000000000000000
"André Bahia",311169,68196,322,"CR Flamengo",51,PERSON_DATABASE_ID,0x007F3D62,UINT16,0x007F2DB9,-4009,False,False,D1072F0200FF00000000010101610200330000000000000000D1070000D608000069BF0400022602
"André Bahia",311169,68196,322,"CR Flamengo",51,PERSON_DATABASE_ID,0x007F3D62,UINT32,0x007F2DB9,-4009,False,False,D1072F0200FF00000000010101610200330000000000000000D1070000D608000069BF0400022602
"André Bahia",311169,68196,322,"CR Flamengo",51,PERSON_DATABASE_ID,0x007F3D62,UINT16,0x007F2EC6,-3740,False,False,02030A0000000086E20000D708000000330000004B0000001E00D507050600000000000000000000
"André Bahia",311169,68196,322,"CR Flamengo",51,PERSON_DATABASE_ID,0x007F3D62,UINT32,0x007F2EC6,-3740,False,False,02030A0000000086E20000D708000000330000004B0000001E00D507050600000000000000000000
"André Bahia",311169,68196,322,"CR Flamengo",51,PERSON_DATABASE_ID,0x007F3D62,UINT16,0x007F2EEE,-3700,False,False,D107330200FF00000000010101613600330000000000000000D1070000D70800006ABF0400021A1D
"André Bahia",311169,68196,322,"CR Flamengo",51,PERSON_DATABASE_ID,0x007F3D62,UINT32,0x007F2EEE,-3700,False,False,D107330200FF00000000010101613600330000000000000000D1070000D70800006ABF0400021A1D
"André Bahia",311169,68196,322,"CR Flamengo",51,PERSON_DATABASE_ID,0x007F3D62,UINT16,0x007F3663,-1791,False,False,02030F0000000065CA2F00DD0800000033000000CC0000001E00D507050400000000000000000000
"André Bahia",311169,68196,322,"CR Flamengo",51,PERSON_DATABASE_ID,0x007F3D62,UINT32,0x007F3663,-1791,False,False,02030F0000000065CA2F00DD0800000033000000CC0000001E00D507050400000000000000000000
"André Bahia",311169,68196,322,"CR Flamengo",51,PERSON_DATABASE_ID,0x007F3D62,UINT16,0x007F36C9,-1689,False,False,38020000016136003200000001613100330000000000000000D1070000DD08000072BF040002600B
"André Bahia",311169,68196,322,"CR Flamengo",51,PERSON_DATABASE_ID,0x007F3D62,UINT32,0x007F36C9,-1689,False,False,38020000016136003200000001613100330000000000000000D1070000DD08000072BF040002600B
"André Bahia",311169,68196,322,"CR Flamengo",51,PERSON_DATABASE_ID,0x007F3D62,UINT16,0x007F3D29,-57,False,False,02030F000000000FA56E00E40800000033000000770100001E00D507030400000000000000000000
"André Bahia",311169,68196,322,"CR Flamengo",51,PERSON_DATABASE_ID,0x007F3D62,UINT32,0x007F3D29,-57,False,False,02030F000000000FA56E00E40800000033000000770100001E00D507030400000000000000000000
"André Bahia",311169,68196,322,"CR Flamengo",51,PERSON_DATABASE_ID,0x007F3D62,UINT16,0x007F3D51,-17,False,True,D1072D024BFF00000000010101614400330000000000000000D1070000E408000081BF040001901A
"André Bahia",311169,68196,322,"CR Flamengo",51,PERSON_DATABASE_ID,0x007F3D62,UINT32,0x007F3D51,-17,False,True,D1072D024BFF00000000010101614400330000000000000000D1070000E408000081BF040001901A
"André Bahia",311169,68196,322,"CR Flamengo",51,PERSON_DATABASE_ID,0x007F3D62,UINT16,0x007F3DDD,123,False,False,00000000000000A0020000E50800000033000000DD0200001E00D707040400000000000000000000
"André Bahia",311169,68196,322,"CR Flamengo",51,PERSON_DATABASE_ID,0x007F3D62,UINT32,0x007F3DDD,123,False,False,00000000000000A0020000E50800000033000000DD0200001E00D707040400000000000000000000
"André Bahia",311169,68196,322,"CR Flamengo",51,PERSON_DATABASE_ID,0x007F3D62,UINT16,0x007F3E88,294,False,False,00000000000000B00C0000E60800000033000000B10100001E00D907040400000000000000000000
"André Bahia",311169,68196,322,"CR Flamengo",51,PERSON_DATABASE_ID,0x007F3D62,UINT32,0x007F3E88,294,False,False,00000000000000B00C0000E60800000033000000B10100001E00D907040400000000000000000000
"Andrezinho",302728,50407,322,"CR Flamengo",51,INTERNAL_PERSON_ID,0x007993C1,UINT16,0x00798FFC,-965,False,False,00000000000000000200004F0300000033000000DD0200001E00D707040400000000000000000000
"Andrezinho",302728,50407,322,"CR Flamengo",51,INTERNAL_PERSON_ID,0x007993C1,UINT32,0x00798FFC,-965,False,False,00000000000000000200004F0300000033000000DD0200001E00D707040400000000000000000000
"Andrezinho",302728,50407,322,"CR Flamengo",51,INTERNAL_PERSON_ID,0x007993C1,UINT16,0x007990A7,-794,False,False,0000000000000000020000500300000033000000DD0200001E00D707040400000000000000000000
"Andrezinho",302728,50407,322,"CR Flamengo",51,INTERNAL_PERSON_ID,0x007993C1,UINT32,0x007990A7,-794,False,False,0000000000000000020000500300000033000000DD0200001E00D707040400000000000000000000
"Andrezinho",302728,50407,322,"CR Flamengo",51,INTERNAL_PERSON_ID,0x007993C1,UINT16,0x007991BE,-515,False,False,00000000000000000C0000520300000033000000B10100001E00D907040400000000000000000000
"Andrezinho",302728,50407,322,"CR Flamengo",51,INTERNAL_PERSON_ID,0x007993C1,UINT32,0x007991BE,-515,False,False,00000000000000000C0000520300000033000000B10100001E00D907040400000000000000000000
"Andrezinho",302728,50407,322,"CR Flamengo",51,INTERNAL_PERSON_ID,0x007993C1,UINT16,0x0079942F,110,False,False,02030F000000001F299900540300000033000000FE0700006C01D507030400000000000000000400
"Andrezinho",302728,50407,322,"CR Flamengo",51,INTERNAL_PERSON_ID,0x007993C1,UINT32,0x0079942F,110,False,False,02030F000000001F299900540300000033000000FE0700006C01D507030400000000000000000400
"Andrezinho",302728,50407,322,"CR Flamengo",51,INTERNAL_PERSON_ID,0x007993C1,UINT16,0x00799457,150,False,False,D4072D020AFF00000000010101613200330000000000000400D407000054030000889E040002D606
"Andrezinho",302728,50407,322,"CR Flamengo",51,INTERNAL_PERSON_ID,0x007993C1,UINT32,0x00799457,150,False,False,D4072D020AFF00000000010101613200330000000000000400D407000054030000889E040002D606
"Andrezinho",302728,50407,322,"CR Flamengo",51,INTERNAL_PERSON_ID,0x007993C1,UINT16,0x0079951B,346,False,False,0F0100C8290000B500B90700BD0000003300000000000000FFFFFFFF0000006C075B040000010400
"Andrezinho",302728,50407,322,"CR Flamengo",51,INTERNAL_PERSON_ID,0x007993C1,UINT32,0x0079951B,346,False,False,0F0100C8290000B500B90700BD0000003300000000000000FFFFFFFF0000006C075B040000010400
"Andrezinho",302728,50407,322,"CR Flamengo",51,INTERNAL_PERSON_ID,0x007993C1,UINT16,0x00799597,470,False,False,D4073A0264FF000000000102016105003300000001610F001D0600000000000400D4070000550300
"Andrezinho",302728,50407,322,"CR Flamengo",51,INTERNAL_PERSON_ID,0x007993C1,UINT32,0x00799597,470,False,False,D4073A0264FF000000000102016105003300000001610F001D0600000000000400D4070000550300
"Andrezinho",302728,50407,322,"CR Flamengo",51,INTERNAL_PERSON_ID,0x007993C1,UINT16,0x00799663,674,False,False,0F01007F2200002100BA0700BD0000003300000000000000FFFFFFFF0000006C0715040000010000
"Andrezinho",302728,50407,322,"CR Flamengo",51,INTERNAL_PERSON_ID,0x007993C1,UINT32,0x00799663,674,False,False,0F01007F2200002100BA0700BD0000003300000000000000FFFFFFFF0000006C0715040000010000
"Andrezinho",302728,50407,322,"CR Flamengo",51,INTERNAL_PERSON_ID,0x007993C1,UINT16,0x0079979A,985,False,False,0F0100C72900003B01B70700BD0000003300000004000000FFFFFFFF0000006C0739040000010400
"Andrezinho",302728,50407,322,"CR Flamengo",51,INTERNAL_PERSON_ID,0x007993C1,UINT32,0x0079979A,985,False,False,0F0100C72900003B01B70700BD0000003300000004000000FFFFFFFF0000006C0739040000010400
"Andrezinho",302728,50407,322,"CR Flamengo",51,INTERNAL_PERSON_ID,0x007993C1,UINT16,0x0079981B,1114,False,False,D407290264FF000000000102016101003300000002610400BD0000000000000400D4070000570300
"Andrezinho",302728,50407,322,"CR Flamengo",51,INTERNAL_PERSON_ID,0x007993C1,UINT32,0x0079981B,1114,False,False,D407290264FF000000000102016101003300000002610400BD0000000000000400D4070000570300
"Andrezinho",302728,50407,322,"CR Flamengo",51,INTERNAL_PERSON_ID,0x007993C1,UINT16,0x00799F2D,2924,False,False,07FFFFFFFF100400D4070043030000A13300000000000000FFFFFFFF000001010103550042000000
"Andrezinho",302728,50407,322,"CR Flamengo",51,INTERNAL_PERSON_ID,0x007993C1,UINT32,0x00799F2D,2924,False,False,07FFFFFFFF100400D4070043030000A13300000000000000FFFFFFFF000001010103550042000000
"Andrezinho",302728,50407,322,"CR Flamengo",51,INTERNAL_PERSON_ID,0x007993C1,UINT16,0x0079A037,3190,False,False,000000000000FFFFFFFF010001000000330000000000000011000000000000009301000000010001
"Andrezinho",302728,50407,322,"CR Flamengo",51,INTERNAL_PERSON_ID,0x007993C1,UINT32,0x0079A037,3190,False,False,000000000000FFFFFFFF010001000000330000000000000011000000000000009301000000010001
"Andrezinho",302728,50407,322,"CR Flamengo",51,INTERNAL_PERSON_ID,0x007993C1,UINT16,0x0079A2A2,3809,False,False,07A6080000010000D1070A46030000933300000000000000FFFFFFFF010001000000BB0000000000
"Andrezinho",302728,50407,322,"CR Flamengo",51,INTERNAL_PERSON_ID,0x007993C1,UINT32,0x0079A2A2,3809,False,False,07A6080000010000D1070A46030000933300000000000000FFFFFFFF010001000000BB0000000000
"Andrezinho",302728,50407,322,"CR Flamengo",51,PERSON_DATABASE_ID,0x00799468,UINT16,0x00798FFC,-1132,False,False,00000000000000000200004F0300000033000000DD0200001E00D707040400000000000000000000
"Andrezinho",302728,50407,322,"CR Flamengo",51,PERSON_DATABASE_ID,0x00799468,UINT32,0x00798FFC,-1132,False,False,00000000000000000200004F0300000033000000DD0200001E00D707040400000000000000000000
"Andrezinho",302728,50407,322,"CR Flamengo",51,PERSON_DATABASE_ID,0x00799468,UINT16,0x007990A7,-961,False,False,0000000000000000020000500300000033000000DD0200001E00D707040400000000000000000000
"Andrezinho",302728,50407,322,"CR Flamengo",51,PERSON_DATABASE_ID,0x00799468,UINT32,0x007990A7,-961,False,False,0000000000000000020000500300000033000000DD0200001E00D707040400000000000000000000
"Andrezinho",302728,50407,322,"CR Flamengo",51,PERSON_DATABASE_ID,0x00799468,UINT16,0x007991BE,-682,False,False,00000000000000000C0000520300000033000000B10100001E00D907040400000000000000000000
"Andrezinho",302728,50407,322,"CR Flamengo",51,PERSON_DATABASE_ID,0x00799468,UINT32,0x007991BE,-682,False,False,00000000000000000C0000520300000033000000B10100001E00D907040400000000000000000000
"Andrezinho",302728,50407,322,"CR Flamengo",51,PERSON_DATABASE_ID,0x00799468,UINT16,0x0079942F,-57,False,False,02030F000000001F299900540300000033000000FE0700006C01D507030400000000000000000400
"Andrezinho",302728,50407,322,"CR Flamengo",51,PERSON_DATABASE_ID,0x00799468,UINT32,0x0079942F,-57,False,False,02030F000000001F299900540300000033000000FE0700006C01D507030400000000000000000400
"Andrezinho",302728,50407,322,"CR Flamengo",51,PERSON_DATABASE_ID,0x00799468,UINT16,0x00799457,-17,False,True,D4072D020AFF00000000010101613200330000000000000400D407000054030000889E040002D606
"Andrezinho",302728,50407,322,"CR Flamengo",51,PERSON_DATABASE_ID,0x00799468,UINT32,0x00799457,-17,False,True,D4072D020AFF00000000010101613200330000000000000400D407000054030000889E040002D606
"Andrezinho",302728,50407,322,"CR Flamengo",51,PERSON_DATABASE_ID,0x00799468,UINT16,0x0079951B,179,False,False,0F0100C8290000B500B90700BD0000003300000000000000FFFFFFFF0000006C075B040000010400
"Andrezinho",302728,50407,322,"CR Flamengo",51,PERSON_DATABASE_ID,0x00799468,UINT32,0x0079951B,179,False,False,0F0100C8290000B500B90700BD0000003300000000000000FFFFFFFF0000006C075B040000010400
"Andrezinho",302728,50407,322,"CR Flamengo",51,PERSON_DATABASE_ID,0x00799468,UINT16,0x00799597,303,False,False,D4073A0264FF000000000102016105003300000001610F001D0600000000000400D4070000550300
"Andrezinho",302728,50407,322,"CR Flamengo",51,PERSON_DATABASE_ID,0x00799468,UINT32,0x00799597,303,False,False,D4073A0264FF000000000102016105003300000001610F001D0600000000000400D4070000550300
"Andrezinho",302728,50407,322,"CR Flamengo",51,PERSON_DATABASE_ID,0x00799468,UINT16,0x00799663,507,False,False,0F01007F2200002100BA0700BD0000003300000000000000FFFFFFFF0000006C0715040000010000
"Andrezinho",302728,50407,322,"CR Flamengo",51,PERSON_DATABASE_ID,0x00799468,UINT32,0x00799663,507,False,False,0F01007F2200002100BA0700BD0000003300000000000000FFFFFFFF0000006C0715040000010000
"Andrezinho",302728,50407,322,"CR Flamengo",51,PERSON_DATABASE_ID,0x00799468,UINT16,0x0079979A,818,False,False,0F0100C72900003B01B70700BD0000003300000004000000FFFFFFFF0000006C0739040000010400
"Andrezinho",302728,50407,322,"CR Flamengo",51,PERSON_DATABASE_ID,0x00799468,UINT32,0x0079979A,818,False,False,0F0100C72900003B01B70700BD0000003300000004000000FFFFFFFF0000006C0739040000010400
"Andrezinho",302728,50407,322,"CR Flamengo",51,PERSON_DATABASE_ID,0x00799468,UINT16,0x0079981B,947,False,False,D407290264FF000000000102016101003300000002610400BD0000000000000400D4070000570300
"Andrezinho",302728,50407,322,"CR Flamengo",51,PERSON_DATABASE_ID,0x00799468,UINT32,0x0079981B,947,False,False,D407290264FF000000000102016101003300000002610400BD0000000000000400D4070000570300
"Andrezinho",302728,50407,322,"CR Flamengo",51,PERSON_DATABASE_ID,0x00799468,UINT16,0x00799F2D,2757,False,False,07FFFFFFFF100400D4070043030000A13300000000000000FFFFFFFF000001010103550042000000
"Andrezinho",302728,50407,322,"CR Flamengo",51,PERSON_DATABASE_ID,0x00799468,UINT32,0x00799F2D,2757,False,False,07FFFFFFFF100400D4070043030000A13300000000000000FFFFFFFF000001010103550042000000
"Andrezinho",302728,50407,322,"CR Flamengo",51,PERSON_DATABASE_ID,0x00799468,UINT16,0x0079A037,3023,False,False,000000000000FFFFFFFF010001000000330000000000000011000000000000009301000000010001
"Andrezinho",302728,50407,322,"CR Flamengo",51,PERSON_DATABASE_ID,0x00799468,UINT32,0x0079A037,3023,False,False,000000000000FFFFFFFF010001000000330000000000000011000000000000009301000000010001
"Andrezinho",302728,50407,322,"CR Flamengo",51,PERSON_DATABASE_ID,0x00799468,UINT16,0x0079A2A2,3642,False,False,07A6080000010000D1070A46030000933300000000000000FFFFFFFF010001000000BB0000000000
"Andrezinho",302728,50407,322,"CR Flamengo",51,PERSON_DATABASE_ID,0x00799468,UINT32,0x0079A2A2,3642,False,False,07A6080000010000D1070A46030000933300000000000000FFFFFFFF010001000000BB0000000000
"Bruno Octávio",8832887,51299,319,"SC Corinthians Paulista",48,INTERNAL_PERSON_ID,0x00953055,UINT16,0x009530C3,110,False,False,02030F000000003A581300391C00000030000000FA000000B600D607030400000000000000000000
"Bruno Octávio",8832887,51299,319,"SC Corinthians Paulista",48,INTERNAL_PERSON_ID,0x00953055,UINT32,0x009530C3,110,False,False,02030F000000003A581300391C00000030000000FA000000B600D607030400000000000000000000
"Bruno Octávio",8832887,51299,319,"SC Corinthians Paulista",48,INTERNAL_PERSON_ID,0x00953055,UINT16,0x0095329A,581,False,False,02030F000000005D3E00003B1C000000300000002100000001006C07060400000000000000000000
"Bruno Octávio",8832887,51299,319,"SC Corinthians Paulista",48,INTERNAL_PERSON_ID,0x00953055,UINT32,0x0095329A,581,False,False,02030F000000005D3E00003B1C000000300000002100000001006C07060400000000000000000000
"Bruno Octávio",8832887,51299,319,"SC Corinthians Paulista",48,PERSON_DATABASE_ID,0x009530F3,UINT16,0x009530C3,-48,False,False,02030F000000003A581300391C00000030000000FA000000B600D607030400000000000000000000
"Bruno Octávio",8832887,51299,319,"SC Corinthians Paulista",48,PERSON_DATABASE_ID,0x009530F3,UINT32,0x009530C3,-48,False,False,02030F000000003A581300391C00000030000000FA000000B600D607030400000000000000000000
"Bruno Octávio",8832887,51299,319,"SC Corinthians Paulista",48,PERSON_DATABASE_ID,0x009530F3,UINT16,0x0095329A,423,False,False,02030F000000005D3E00003B1C000000300000002100000001006C07060400000000000000000000
"Bruno Octávio",8832887,51299,319,"SC Corinthians Paulista",48,PERSON_DATABASE_ID,0x009530F3,UINT32,0x0095329A,423,False,False,02030F000000005D3E00003B1C000000300000002100000001006C07060400000000000000000000
"Bruno Santos",8832815,11210,322,"CR Flamengo",51,INTERNAL_PERSON_ID,0x0094E3AC,UINT16,0x0094E412,102,False,False,02030F000000009BDB8300F71B00000033000000D7010000F100D50705060000000000000000F300
"Bruno Santos",8832815,11210,322,"CR Flamengo",51,INTERNAL_PERSON_ID,0x0094E3AC,UINT32,0x0094E412,102,False,False,02030F000000009BDB8300F71B00000033000000D7010000F100D50705060000000000000000F300
"Bruno Santos",8832815,11210,322,"CR Flamengo",51,INTERNAL_PERSON_ID,0x0094E3AC,UINT16,0x0094E43A,142,False,False,D2072B0200FF0000000001010161180033000000000000F300D2070000F71B00002FC78600021A04
"Bruno Santos",8832815,11210,322,"CR Flamengo",51,INTERNAL_PERSON_ID,0x0094E3AC,UINT32,0x0094E43A,142,False,False,D2072B0200FF0000000001010161180033000000000000F300D2070000F71B00002FC78600021A04
"Bruno Santos",8832815,11210,322,"CR Flamengo",51,INTERNAL_PERSON_ID,0x0094E3AC,UINT16,0x0094E547,411,False,False,02031900000000AA3C0000F81B000000330000002100000001006C07050400000000000000000000
"Bruno Santos",8832815,11210,322,"CR Flamengo",51,INTERNAL_PERSON_ID,0x0094E3AC,UINT32,0x0094E547,411,False,False,02031900000000AA3C0000F81B000000330000002100000001006C07050400000000000000000000
"Bruno Santos",8832815,11210,322,"CR Flamengo",51,INTERNAL_PERSON_ID,0x0094E3AC,UINT16,0x0094E56F,451,False,False,D107340200FF00000000010101613600330000000000000000D1070000F81B000031C7860001901A
"Bruno Santos",8832815,11210,322,"CR Flamengo",51,INTERNAL_PERSON_ID,0x0094E3AC,UINT32,0x0094E56F,451,False,False,D107340200FF00000000010101613600330000000000000000D1070000F81B000031C7860001901A
"Bruno Santos",8832815,11210,322,"CR Flamengo",51,INTERNAL_PERSON_ID,0x0094E3AC,UINT16,0x0094E5FB,591,False,False,00000000000000000C0000F91B00000033000000B10100001E00D807040400000000000000000000
"Bruno Santos",8832815,11210,322,"CR Flamengo",51,INTERNAL_PERSON_ID,0x0094E3AC,UINT32,0x0094E5FB,591,False,False,00000000000000000C0000F91B00000033000000B10100001E00D807040400000000000000000000
"Bruno Santos",8832815,11210,322,"CR Flamengo",51,INTERNAL_PERSON_ID,0x0094E3AC,UINT16,0x0094E727,891,False,False,02030F0000000064DB0100FA1B000000330000004B0000001E00D607040400000000000000000400
"Bruno Santos",8832815,11210,322,"CR Flamengo",51,INTERNAL_PERSON_ID,0x0094E3AC,UINT32,0x0094E727,891,False,False,02030F0000000064DB0100FA1B000000330000004B0000001E00D607040400000000000000000400
"Bruno Santos",8832815,11210,322,"CR Flamengo",51,INTERNAL_PERSON_ID,0x0094E3AC,UINT16,0x0094E891,1253,False,False,00000001FFFFFFFF030400FB1B00000033000000C50100006D01D407040000000000000000000B01
"Bruno Santos",8832815,11210,322,"CR Flamengo",51,INTERNAL_PERSON_ID,0x0094E3AC,UINT32,0x0094E891,1253,False,False,00000001FFFFFFFF030400FB1B00000033000000C50100006D01D407040000000000000000000B01
"Bruno Santos",8832815,11210,322,"CR Flamengo",51,INTERNAL_PERSON_ID,0x0094E3AC,UINT16,0x0094E9C6,1562,False,False,02030A00000000FE5E0200FC1B000000330000004C0000006D01D407040400000000000000000400
"Bruno Santos",8832815,11210,322,"CR Flamengo",51,INTERNAL_PERSON_ID,0x0094E3AC,UINT32,0x0094E9C6,1562,False,False,02030A00000000FE5E0200FC1B000000330000004C0000006D01D407040400000000000000000400
"Bruno Santos",8832815,11210,322,"CR Flamengo",51,INTERNAL_PERSON_ID,0x0094E3AC,UINT16,0x0094EA71,1733,False,False,0000000000000000020000FD1B00000033000000DD0200001E00D907040400000000000000000000
"Bruno Santos",8832815,11210,322,"CR Flamengo",51,INTERNAL_PERSON_ID,0x0094E3AC,UINT32,0x0094EA71,1733,False,False,0000000000000000020000FD1B00000033000000DD0200001E00D907040400000000000000000000
"Bruno Santos",8832815,11210,322,"CR Flamengo",51,INTERNAL_PERSON_ID,0x0094E3AC,UINT16,0x0094EBAD,2049,False,False,0203190000000095090200FE1B0000003300000030000000B400D60703040000000000000000B500
"Bruno Santos",8832815,11210,322,"CR Flamengo",51,INTERNAL_PERSON_ID,0x0094E3AC,UINT32,0x0094EBAD,2049,False,False,0203190000000095090200FE1B0000003300000030000000B400D60703040000000000000000B500
"Bruno Santos",8832815,11210,322,"CR Flamengo",51,INTERNAL_PERSON_ID,0x0094E3AC,UINT16,0x0094EBD5,2089,False,False,D3072D020AFF0000000001010161090033000000000000B500D3070000FE1B000037C78600025C12
"Bruno Santos",8832815,11210,322,"CR Flamengo",51,INTERNAL_PERSON_ID,0x0094E3AC,UINT32,0x0094EBD5,2089,False,False,D3072D020AFF0000000001010161090033000000000000B500D3070000FE1B000037C78600025C12
"Bruno Santos",8832815,11210,322,"CR Flamengo",51,PERSON_DATABASE_ID,0x0094E44B,UINT16,0x0094E412,-57,False,False,02030F000000009BDB8300F71B00000033000000D7010000F100D50705060000000000000000F300
"Bruno Santos",8832815,11210,322,"CR Flamengo",51,PERSON_DATABASE_ID,0x0094E44B,UINT32,0x0094E412,-57,False,False,02030F000000009BDB8300F71B00000033000000D7010000F100D50705060000000000000000F300
"Bruno Santos",8832815,11210,322,"CR Flamengo",51,PERSON_DATABASE_ID,0x0094E44B,UINT16,0x0094E43A,-17,False,True,D2072B0200FF0000000001010161180033000000000000F300D2070000F71B00002FC78600021A04
"Bruno Santos",8832815,11210,322,"CR Flamengo",51,PERSON_DATABASE_ID,0x0094E44B,UINT32,0x0094E43A,-17,False,True,D2072B0200FF0000000001010161180033000000000000F300D2070000F71B00002FC78600021A04
"Bruno Santos",8832815,11210,322,"CR Flamengo",51,PERSON_DATABASE_ID,0x0094E44B,UINT16,0x0094E547,252,False,False,02031900000000AA3C0000F81B000000330000002100000001006C07050400000000000000000000
"Bruno Santos",8832815,11210,322,"CR Flamengo",51,PERSON_DATABASE_ID,0x0094E44B,UINT32,0x0094E547,252,False,False,02031900000000AA3C0000F81B000000330000002100000001006C07050400000000000000000000
"Bruno Santos",8832815,11210,322,"CR Flamengo",51,PERSON_DATABASE_ID,0x0094E44B,UINT16,0x0094E56F,292,False,False,D107340200FF00000000010101613600330000000000000000D1070000F81B000031C7860001901A
"Bruno Santos",8832815,11210,322,"CR Flamengo",51,PERSON_DATABASE_ID,0x0094E44B,UINT32,0x0094E56F,292,False,False,D107340200FF00000000010101613600330000000000000000D1070000F81B000031C7860001901A
"Bruno Santos",8832815,11210,322,"CR Flamengo",51,PERSON_DATABASE_ID,0x0094E44B,UINT16,0x0094E5FB,432,False,False,00000000000000000C0000F91B00000033000000B10100001E00D807040400000000000000000000
"Bruno Santos",8832815,11210,322,"CR Flamengo",51,PERSON_DATABASE_ID,0x0094E44B,UINT32,0x0094E5FB,432,False,False,00000000000000000C0000F91B00000033000000B10100001E00D807040400000000000000000000
"Bruno Santos",8832815,11210,322,"CR Flamengo",51,PERSON_DATABASE_ID,0x0094E44B,UINT16,0x0094E727,732,False,False,02030F0000000064DB0100FA1B000000330000004B0000001E00D607040400000000000000000400
"Bruno Santos",8832815,11210,322,"CR Flamengo",51,PERSON_DATABASE_ID,0x0094E44B,UINT32,0x0094E727,732,False,False,02030F0000000064DB0100FA1B000000330000004B0000001E00D607040400000000000000000400
"Bruno Santos",8832815,11210,322,"CR Flamengo",51,PERSON_DATABASE_ID,0x0094E44B,UINT16,0x0094E891,1094,False,False,00000001FFFFFFFF030400FB1B00000033000000C50100006D01D407040000000000000000000B01
"Bruno Santos",8832815,11210,322,"CR Flamengo",51,PERSON_DATABASE_ID,0x0094E44B,UINT32,0x0094E891,1094,False,False,00000001FFFFFFFF030400FB1B00000033000000C50100006D01D407040000000000000000000B01
"Bruno Santos",8832815,11210,322,"CR Flamengo",51,PERSON_DATABASE_ID,0x0094E44B,UINT16,0x0094E9C6,1403,False,False,02030A00000000FE5E0200FC1B000000330000004C0000006D01D407040400000000000000000400
"Bruno Santos",8832815,11210,322,"CR Flamengo",51,PERSON_DATABASE_ID,0x0094E44B,UINT32,0x0094E9C6,1403,False,False,02030A00000000FE5E0200FC1B000000330000004C0000006D01D407040400000000000000000400
"Bruno Santos",8832815,11210,322,"CR Flamengo",51,PERSON_DATABASE_ID,0x0094E44B,UINT16,0x0094EA71,1574,False,False,0000000000000000020000FD1B00000033000000DD0200001E00D907040400000000000000000000
"Bruno Santos",8832815,11210,322,"CR Flamengo",51,PERSON_DATABASE_ID,0x0094E44B,UINT32,0x0094EA71,1574,False,False,0000000000000000020000FD1B00000033000000DD0200001E00D907040400000000000000000000
"Bruno Santos",8832815,11210,322,"CR Flamengo",51,PERSON_DATABASE_ID,0x0094E44B,UINT16,0x0094EBAD,1890,False,False,0203190000000095090200FE1B0000003300000030000000B400D60703040000000000000000B500
"Bruno Santos",8832815,11210,322,"CR Flamengo",51,PERSON_DATABASE_ID,0x0094E44B,UINT32,0x0094EBAD,1890,False,False,0203190000000095090200FE1B0000003300000030000000B400D60703040000000000000000B500
"Bruno Santos",8832815,11210,322,"CR Flamengo",51,PERSON_DATABASE_ID,0x0094E44B,UINT16,0x0094EBD5,1930,False,False,D3072D020AFF0000000001010161090033000000000000B500D3070000FE1B000037C78600025C12
"Bruno Santos",8832815,11210,322,"CR Flamengo",51,PERSON_DATABASE_ID,0x0094E44B,UINT32,0x0094EBD5,1930,False,False,D3072D020AFF0000000001010161090033000000000000B500D3070000FE1B000037C78600025C12
"Dimba",303048,50294,322,"CR Flamengo",51,INTERNAL_PERSON_ID,0x0079B7ED,UINT16,0x0079B780,-109,False,False,10270000000000000000004500002B36330000000000000000000000000000000000000000000000
"Dimba",303048,50294,322,"CR Flamengo",51,INTERNAL_PERSON_ID,0x0079B7ED,UINT32,0x0079B780,-109,False,False,10270000000000000000004500002B36330000000000000000000000000000000000000000000000
"Dimba",303048,50294,322,"CR Flamengo",51,INTERNAL_PERSON_ID,0x0079B7ED,UINT16,0x0079B856,105,False,False,000020010001008C0A5000770300000033000000480C0000B400D607010400000000000000000400
"Dimba",303048,50294,322,"CR Flamengo",51,INTERNAL_PERSON_ID,0x0079B7ED,UINT32,0x0079B856,105,False,False,000020010001008C0A5000770300000033000000480C0000B400D607010400000000000000000400
"Dimba",303048,50294,322,"CR Flamengo",51,PERSON_DATABASE_ID,0x0079B8A7,UINT16,0x0079B780,-295,False,False,10270000000000000000004500002B36330000000000000000000000000000000000000000000000
"Dimba",303048,50294,322,"CR Flamengo",51,PERSON_DATABASE_ID,0x0079B8A7,UINT32,0x0079B780,-295,False,False,10270000000000000000004500002B36330000000000000000000000000000000000000000000000
"Dimba",303048,50294,322,"CR Flamengo",51,PERSON_DATABASE_ID,0x0079B8A7,UINT16,0x0079B856,-81,False,False,000020010001008C0A5000770300000033000000480C0000B400D607010400000000000000000400
"Dimba",303048,50294,322,"CR Flamengo",51,PERSON_DATABASE_ID,0x0079B8A7,UINT32,0x0079B856,-81,False,False,000020010001008C0A5000770300000033000000480C0000B400D607010400000000000000000400
"Dinélson",320774,51237,319,"SC Corinthians Paulista",48,INTERNAL_PERSON_ID,0x0088506D,UINT16,0x0088490A,-1891,False,False,0203190000000003C10E00111100000030000000520000000701D507030400000000000000002501
"Dinélson",320774,51237,319,"SC Corinthians Paulista",48,INTERNAL_PERSON_ID,0x0088506D,UINT32,0x0088490A,-1891,False,False,0203190000000003C10E00111100000030000000520000000701D507030400000000000000002501
"Dinélson",320774,51237,319,"SC Corinthians Paulista",48,INTERNAL_PERSON_ID,0x0088506D,UINT16,0x0088493A,-1843,False,False,00000103010364003E020000010346003000000001611600300000000000002501D2070000111100
"Dinélson",320774,51237,319,"SC Corinthians Paulista",48,INTERNAL_PERSON_ID,0x0088506D,UINT32,0x0088493A,-1843,False,False,00000103010364003E020000010346003000000001611600300000000000002501D2070000111100
"Dinélson",320774,51237,319,"SC Corinthians Paulista",48,INTERNAL_PERSON_ID,0x0088506D,UINT16,0x00884942,-1835,False,False,3E020000010346003000000001611600300000000000002501D207000011110000FBE4040002B603
"Dinélson",320774,51237,319,"SC Corinthians Paulista",48,INTERNAL_PERSON_ID,0x0088506D,UINT32,0x00884942,-1835,False,False,3E020000010346003000000001611600300000000000002501D207000011110000FBE4040002B603
"Dinélson",320774,51237,319,"SC Corinthians Paulista",48,INTERNAL_PERSON_ID,0x0088506D,UINT16,0x00884F96,-215,False,False,0203190000000031880000171100000030000000390000001E00D507050600000000000000000000
"Dinélson",320774,51237,319,"SC Corinthians Paulista",48,INTERNAL_PERSON_ID,0x0088506D,UINT32,0x00884F96,-215,False,False,0203190000000031880000171100000030000000390000001E00D507050600000000000000000000
"Dinélson",320774,51237,319,"SC Corinthians Paulista",48,INTERNAL_PERSON_ID,0x0088506D,UINT16,0x00884FBE,-175,False,False,D1072D0200FF00000000010101613600300000000000000000D10700001711000005E5040002040E
"Dinélson",320774,51237,319,"SC Corinthians Paulista",48,INTERNAL_PERSON_ID,0x0088506D,UINT32,0x00884FBE,-175,False,False,D1072D0200FF00000000010101613600300000000000000000D10700001711000005E5040002040E
"Dinélson",320774,51237,319,"SC Corinthians Paulista",48,INTERNAL_PERSON_ID,0x0088506D,UINT16,0x008850DB,110,False,False,02030F0000000063CF0900181100000030000000C40000000300D707040400000000000000000400
"Dinélson",320774,51237,319,"SC Corinthians Paulista",48,INTERNAL_PERSON_ID,0x0088506D,UINT32,0x008850DB,110,False,False,02030F0000000063CF0900181100000030000000C40000000300D707040400000000000000000400
"Dinélson",320774,51237,319,"SC Corinthians Paulista",48,INTERNAL_PERSON_ID,0x0088506D,UINT16,0x00885218,427,False,False,02031900000000B0D10000191100000030000000390000001E00D507050600000000000000000000
"Dinélson",320774,51237,319,"SC Corinthians Paulista",48,INTERNAL_PERSON_ID,0x0088506D,UINT32,0x00885218,427,False,False,02031900000000B0D10000191100000030000000390000001E00D507050600000000000000000000
"Dinélson",320774,51237,319,"SC Corinthians Paulista",48,INTERNAL_PERSON_ID,0x0088506D,UINT16,0x00885240,467,False,False,D1072C0200FF00000000010101613600300000000000000000D10700001911000007E5040002B80B
"Dinélson",320774,51237,319,"SC Corinthians Paulista",48,INTERNAL_PERSON_ID,0x0088506D,UINT32,0x00885240,467,False,False,D1072C0200FF00000000010101613600300000000000000000D10700001911000007E5040002B80B
"Dinélson",320774,51237,319,"SC Corinthians Paulista",48,INTERNAL_PERSON_ID,0x0088506D,UINT16,0x00885A9E,2609,False,False,00102700000000000000000000000013300000000000000000000000000000000000000000000000
"Dinélson",320774,51237,319,"SC Corinthians Paulista",48,INTERNAL_PERSON_ID,0x0088506D,UINT32,0x00885A9E,2609,False,False,00102700000000000000000000000013300000000000000000000000000000000000000000000000
"Dinélson",320774,51237,319,"SC Corinthians Paulista",48,PERSON_DATABASE_ID,0x0088511C,UINT16,0x0088490A,-2066,False,False,0203190000000003C10E00111100000030000000520000000701D507030400000000000000002501
"Dinélson",320774,51237,319,"SC Corinthians Paulista",48,PERSON_DATABASE_ID,0x0088511C,UINT32,0x0088490A,-2066,False,False,0203190000000003C10E00111100000030000000520000000701D507030400000000000000002501
"Dinélson",320774,51237,319,"SC Corinthians Paulista",48,PERSON_DATABASE_ID,0x0088511C,UINT16,0x0088493A,-2018,False,False,00000103010364003E020000010346003000000001611600300000000000002501D2070000111100
"Dinélson",320774,51237,319,"SC Corinthians Paulista",48,PERSON_DATABASE_ID,0x0088511C,UINT32,0x0088493A,-2018,False,False,00000103010364003E020000010346003000000001611600300000000000002501D2070000111100
"Dinélson",320774,51237,319,"SC Corinthians Paulista",48,PERSON_DATABASE_ID,0x0088511C,UINT16,0x00884942,-2010,False,False,3E020000010346003000000001611600300000000000002501D207000011110000FBE4040002B603
"Dinélson",320774,51237,319,"SC Corinthians Paulista",48,PERSON_DATABASE_ID,0x0088511C,UINT32,0x00884942,-2010,False,False,3E020000010346003000000001611600300000000000002501D207000011110000FBE4040002B603
"Dinélson",320774,51237,319,"SC Corinthians Paulista",48,PERSON_DATABASE_ID,0x0088511C,UINT16,0x00884F96,-390,False,False,0203190000000031880000171100000030000000390000001E00D507050600000000000000000000
"Dinélson",320774,51237,319,"SC Corinthians Paulista",48,PERSON_DATABASE_ID,0x0088511C,UINT32,0x00884F96,-390,False,False,0203190000000031880000171100000030000000390000001E00D507050600000000000000000000
"Dinélson",320774,51237,319,"SC Corinthians Paulista",48,PERSON_DATABASE_ID,0x0088511C,UINT16,0x00884FBE,-350,False,False,D1072D0200FF00000000010101613600300000000000000000D10700001711000005E5040002040E
"Dinélson",320774,51237,319,"SC Corinthians Paulista",48,PERSON_DATABASE_ID,0x0088511C,UINT32,0x00884FBE,-350,False,False,D1072D0200FF00000000010101613600300000000000000000D10700001711000005E5040002040E
"Dinélson",320774,51237,319,"SC Corinthians Paulista",48,PERSON_DATABASE_ID,0x0088511C,UINT16,0x008850DB,-65,False,False,02030F0000000063CF0900181100000030000000C40000000300D707040400000000000000000400
"Dinélson",320774,51237,319,"SC Corinthians Paulista",48,PERSON_DATABASE_ID,0x0088511C,UINT32,0x008850DB,-65,False,False,02030F0000000063CF0900181100000030000000C40000000300D707040400000000000000000400
"Dinélson",320774,51237,319,"SC Corinthians Paulista",48,PERSON_DATABASE_ID,0x0088511C,UINT16,0x00885218,252,False,False,02031900000000B0D10000191100000030000000390000001E00D507050600000000000000000000
"Dinélson",320774,51237,319,"SC Corinthians Paulista",48,PERSON_DATABASE_ID,0x0088511C,UINT32,0x00885218,252,False,False,02031900000000B0D10000191100000030000000390000001E00D507050600000000000000000000
"Dinélson",320774,51237,319,"SC Corinthians Paulista",48,PERSON_DATABASE_ID,0x0088511C,UINT16,0x00885240,292,False,False,D1072C0200FF00000000010101613600300000000000000000D10700001911000007E5040002B80B
"Dinélson",320774,51237,319,"SC Corinthians Paulista",48,PERSON_DATABASE_ID,0x0088511C,UINT32,0x00885240,292,False,False,D1072C0200FF00000000010101613600300000000000000000D10700001911000007E5040002B80B
"Dinélson",320774,51237,319,"SC Corinthians Paulista",48,PERSON_DATABASE_ID,0x0088511C,UINT16,0x00885A9E,2434,False,False,00102700000000000000000000000013300000000000000000000000000000000000000000000000
"Dinélson",320774,51237,319,"SC Corinthians Paulista",48,PERSON_DATABASE_ID,0x0088511C,UINT32,0x00885A9E,2434,False,False,00102700000000000000000000000013300000000000000000000000000000000000000000000000
"Douglas Silva",3300410,10349,322,"CR Flamengo",51,INTERNAL_PERSON_ID,0x008CFEDD,UINT16,0x008CFF71,148,False,False,00000001FFFFFFFF020400EF1400000033000000970100006D01D407030400000000000000000B01
"Douglas Silva",3300410,10349,322,"CR Flamengo",51,INTERNAL_PERSON_ID,0x008CFEDD,UINT32,0x008CFF71,148,False,False,00000001FFFFFFFF020400EF1400000033000000970100006D01D407030400000000000000000B01
"Douglas Silva",3300410,10349,322,"CR Flamengo",51,INTERNAL_PERSON_ID,0x008CFEDD,UINT16,0x008CFFB1,212,False,False,0C020000016124003802000001610200330000000000003901D3070000EF1400003A5C320001B90B
"Douglas Silva",3300410,10349,322,"CR Flamengo",51,INTERNAL_PERSON_ID,0x008CFEDD,UINT32,0x008CFFB1,212,False,False,0C020000016124003802000001610200330000000000003901D3070000EF1400003A5C320001B90B
"Douglas Silva",3300410,10349,322,"CR Flamengo",51,INTERNAL_PERSON_ID,0x008CFEDD,UINT16,0x008D04CD,1520,False,False,0000000000000048140000F41400000033000000690300001E00D907040400000000000000000000
"Douglas Silva",3300410,10349,322,"CR Flamengo",51,INTERNAL_PERSON_ID,0x008CFEDD,UINT32,0x008D04CD,1520,False,False,0000000000000048140000F41400000033000000690300001E00D907040400000000000000000000
"Douglas Silva",3300410,10349,322,"CR Flamengo",51,INTERNAL_PERSON_ID,0x009AF359,UINT16,0x009AE69B,-3262,False,False,05050507000000000000006805000042330000FFFFFFFFAE00AB070042000000FFFFFFFF00000000
"Douglas Silva",3300410,10349,322,"CR Flamengo",51,INTERNAL_PERSON_ID,0x009AF359,UINT16,0x009AE709,-3152,False,False,0E0A10040000000000000075310000A0330000FFFFFFFF4900B2070043000000FFFFFFFF00000000
"Douglas Silva",3300410,10349,322,"CR Flamengo",51,INTERNAL_PERSON_ID,0x009AF359,UINT16,0x009AE777,-3042,False,False,09130C0E000000000000000131000098330000FFFFFFFFC900A1070043000000FFFFFFFF00000000
"Douglas Silva",3300410,10349,322,"CR Flamengo",51,INTERNAL_PERSON_ID,0x009AF359,UINT16,0x009AE7E5,-2932,False,False,0D11050D00000000000000FF30000052330000FFFFFFFF0A00A7070043000000FFFFFFFF00000000
"Douglas Silva",3300410,10349,322,"CR Flamengo",51,INTERNAL_PERSON_ID,0x009AF359,UINT16,0x009AE83A,-2847,False,False,0700005328000092F2F50504FFFFFFFF33001D00420209101009120B140000000000000090310000
"Douglas Silva",3300410,10349,322,"CR Flamengo",51,INTERNAL_PERSON_ID,0x009AF359,UINT16,0x009AE8C1,-2712,False,False,0B0E130E0000000000000082310000CF330000FFFFFFFFE900A1070044000000FFFFFFFF00000000
"Douglas Silva",3300410,10349,322,"CR Flamengo",51,INTERNAL_PERSON_ID,0x009AF359,UINT16,0x009AE92F,-2602,False,False,060F12040000000000000082310000DC330000FFFFFFFF4D00AB070044000000FFFFFFFF00000000
"Douglas Silva",3300410,10349,322,"CR Flamengo",51,INTERNAL_PERSON_ID,0x009AF359,UINT16,0x009AEAE3,-2166,False,False,040C040404080E11000000000000000F33000098350000FFFFFFFF2F00AE070046000000FFFFFFFF
"Douglas Silva",3300410,10349,322,"CR Flamengo",51,INTERNAL_PERSON_ID,0x009AF359,UINT16,0x009AF444,235,False,False,006F280000AEF2F50504FFFFFFFF0B003300D3000E090B0A09111300000000000000053900007F3A
"Douglas Silva",3300410,10349,322,"CR Flamengo",51,INTERNAL_PERSON_ID,0x009AF359,UINT16,0x009B0204,3755,False,False,008F280000CEF2F50504FFFFFFFF1B003300B00409030F11111303000000000000004D4500004B43
"Douglas Silva",3300410,10349,322,"CR Flamengo",51,INTERNAL_PERSON_ID,0x00A9AF0A,UINT16,0x00A9B331,1063,False,False,00008B0B0000152E000000FA0C000064330000004E0D0000A8330000004F0D0000A639000000DC0E
"Douglas Silva",3300410,10349,322,"CR Flamengo",51,INTERNAL_PERSON_ID,0x00A9AF0A,UINT32,0x00A9B331,1063,False,False,00008B0B0000152E000000FA0C000064330000004E0D0000A8330000004F0D0000A639000000DC0E
"Douglas Silva",3300410,10349,322,"CR Flamengo",51,INTERNAL_PERSON_ID,0x00A9AF0A,UINT16,0x00A9B33A,1072,False,False,0000FA0C000064330000004E0D0000A8330000004F0D0000A639000000DC0E0000C839000000D00E
"Douglas Silva",3300410,10349,322,"CR Flamengo",51,INTERNAL_PERSON_ID,0x00A9AF0A,UINT32,0x00A9B33A,1072,False,False,0000FA0C000064330000004E0D0000A8330000004F0D0000A639000000DC0E0000C839000000D00E
"Douglas Silva",3300410,10349,322,"CR Flamengo",51,PERSON_DATABASE_ID,0x008CFFC2,UINT16,0x008CFF71,-81,False,False,00000001FFFFFFFF020400EF1400000033000000970100006D01D407030400000000000000000B01
"Douglas Silva",3300410,10349,322,"CR Flamengo",51,PERSON_DATABASE_ID,0x008CFFC2,UINT32,0x008CFF71,-81,False,False,00000001FFFFFFFF020400EF1400000033000000970100006D01D407030400000000000000000B01
"Douglas Silva",3300410,10349,322,"CR Flamengo",51,PERSON_DATABASE_ID,0x008CFFC2,UINT16,0x008CFFB1,-17,False,True,0C020000016124003802000001610200330000000000003901D3070000EF1400003A5C320001B90B
"Douglas Silva",3300410,10349,322,"CR Flamengo",51,PERSON_DATABASE_ID,0x008CFFC2,UINT32,0x008CFFB1,-17,False,True,0C020000016124003802000001610200330000000000003901D3070000EF1400003A5C320001B90B
"Douglas Silva",3300410,10349,322,"CR Flamengo",51,PERSON_DATABASE_ID,0x008CFFC2,UINT16,0x008D04CD,1291,False,False,0000000000000048140000F41400000033000000690300001E00D907040400000000000000000000
"Douglas Silva",3300410,10349,322,"CR Flamengo",51,PERSON_DATABASE_ID,0x008CFFC2,UINT32,0x008D04CD,1291,False,False,0000000000000048140000F41400000033000000690300001E00D907040400000000000000000000
"Édson Araújo",308345,50176,319,"SC Corinthians Paulista",48,INTERNAL_PERSON_ID,0x00023B21,UINT16,0x000241F8,1751,False,False,00A1920100000423DB89C06F12754100300000001900000000000000FF000000AC040000A2920100
"Édson Araújo",308345,50176,319,"SC Corinthians Paulista",48,INTERNAL_PERSON_ID,0x00023B21,UINT32,0x000241F8,1751,False,False,00A1920100000423DB89C06F12754100300000001900000000000000FF000000AC040000A2920100
"Édson Araújo",308345,50176,319,"SC Corinthians Paulista",48,INTERNAL_PERSON_ID,0x0005D79F,UINT16,0x0005D745,-90,False,False,C204C20000001500000000000000FFCA3000E11E000064BA50000004A24550C164BB98C203C20000
"Édson Araújo",308345,50176,319,"SC Corinthians Paulista",48,INTERNAL_PERSON_ID,0x0005D7E5,UINT16,0x0005D745,-160,False,False,C204C20000001500000000000000FFCA3000E11E000064BA50000004A24550C164BB98C203C20000
"Édson Araújo",308345,50176,319,"SC Corinthians Paulista",48,INTERNAL_PERSON_ID,0x0005D808,UINT16,0x0005D745,-195,False,False,C204C20000001500000000000000FFCA3000E11E000064BA50000004A24550C164BB98C203C20000
"Édson Araújo",308345,50176,319,"SC Corinthians Paulista",48,INTERNAL_PERSON_ID,0x0005D82B,UINT16,0x0005D745,-230,False,False,C204C20000001500000000000000FFCA3000E11E000064BA50000004A24550C164BB98C203C20000
"Édson Araújo",308345,50176,319,"SC Corinthians Paulista",48,INTERNAL_PERSON_ID,0x0005D84E,UINT16,0x0005D745,-265,False,False,C204C20000001500000000000000FFCA3000E11E000064BA50000004A24550C164BB98C203C20000
"Édson Araújo",308345,50176,319,"SC Corinthians Paulista",48,INTERNAL_PERSON_ID,0x0008B21C,UINT16,0x0008B780,1380,False,False,C201BE0000001500000000000000FF853000EA3300001EBC86000000D94E0CC22B0790C201BE0000
"Édson Araújo",308345,50176,319,"SC Corinthians Paulista",48,INTERNAL_PERSON_ID,0x0008B262,UINT16,0x0008B780,1310,False,False,C201BE0000001500000000000000FF853000EA3300001EBC86000000D94E0CC22B0790C201BE0000
"Édson Araújo",308345,50176,319,"SC Corinthians Paulista",48,INTERNAL_PERSON_ID,0x0008B285,UINT16,0x0008B780,1275,False,False,C201BE0000001500000000000000FF853000EA3300001EBC86000000D94E0CC22B0790C201BE0000
"Édson Araújo",308345,50176,319,"SC Corinthians Paulista",48,INTERNAL_PERSON_ID,0x0008B2A8,UINT16,0x0008B780,1240,False,False,C201BE0000001500000000000000FF853000EA3300001EBC86000000D94E0CC22B0790C201BE0000
"Édson Araújo",308345,50176,319,"SC Corinthians Paulista",48,INTERNAL_PERSON_ID,0x0008B2EE,UINT16,0x0008B780,1170,False,False,C201BE0000001500000000000000FF853000EA3300001EBC86000000D94E0CC22B0790C201BE0000
"Édson Araújo",308345,50176,319,"SC Corinthians Paulista",48,INTERNAL_PERSON_ID,0x0009CB3C,UINT16,0x0009BF4B,-3057,False,False,560020004D00610069006E007A002000300035000000050000004D00610069006E007A00000003FF
"Édson Araújo",308345,50176,319,"SC Corinthians Paulista",48,INTERNAL_PERSON_ID,0x0009CB3C,UINT16,0x0009C055,-2791,False,False,53006300680061006C006B00650020003000340000000A00000053006300680061006C006B006500
"Édson Araújo",308345,50176,319,"SC Corinthians Paulista",48,INTERNAL_PERSON_ID,0x0009CB3C,UINT16,0x0009C06F,-2765,False,False,53006300680061006C006B006500200030003400000003FF7FD400FF7F015A01C07D5A0101D400FF
"Édson Araújo",308345,50176,319,"SC Corinthians Paulista",48,INTERNAL_PERSON_ID,0x0009CB3C,UINT16,0x0009CBDE,162,False,False,69007100750065002000310038003600300000000C0000004D0075006E0069007100750065002000
"Édson Araújo",308345,50176,319,"SC Corinthians Paulista",48,INTERNAL_PERSON_ID,0x0009CB3C,UINT32,0x0009CBDE,162,False,False,69007100750065002000310038003600300000000C0000004D0075006E0069007100750065002000
"Édson Araújo",308345,50176,319,"SC Corinthians Paulista",48,INTERNAL_PERSON_ID,0x0009CB3C,UINT16,0x0009CBFC,192,False,False,690071007500650020003100380036003000000002FF7F1F33FF7F0CC56E8C00C56E010276010000
"Édson Araújo",308345,50176,319,"SC Corinthians Paulista",48,INTERNAL_PERSON_ID,0x0009CB3C,UINT32,0x0009CBFC,192,False,False,690071007500650020003100380036003000000002FF7F1F33FF7F0CC56E8C00C56E010276010000
"Édson Araújo",308345,50176,319,"SC Corinthians Paulista",48,INTERNAL_PERSON_ID,0x0009CB3C,UINT16,0x0009CEDD,929,False,False,6E0073006300680065006900640020003000390000000C000000570061007400740065006E007300
"Édson Araújo",308345,50176,319,"SC Corinthians Paulista",48,INTERNAL_PERSON_ID,0x000A0216,UINT16,0x0009F899,-2429,False,False,0000FF00000000FF00000000040501B0300000961700008A5A00000900FFFFFFFF00DC1300000000
"Édson Araújo",308345,50176,319,"SC Corinthians Paulista",48,INTERNAL_PERSON_ID,0x000B5CDB,UINT16,0x000B5D68,141,False,False,00000002C07F0C30C07F000C30C07F0C3000015003000001010537005F0600000000000000000000
"Édson Araújo",308345,50176,319,"SC Corinthians Paulista",48,INTERNAL_PERSON_ID,0x000B5CDB,UINT16,0x000B606F,916,False,False,64006500720062006F0072006E002000300037000000090000005000610064006500720062006F00
"Édson Araújo",308345,50176,319,"SC Corinthians Paulista",48,INTERNAL_PERSON_ID,0x000B5D91,UINT16,0x000B5D68,-41,False,False,00000002C07F0C30C07F000C30C07F0C3000015003000001010537005F0600000000000000000000
"Édson Araújo",308345,50176,319,"SC Corinthians Paulista",48,INTERNAL_PERSON_ID,0x000B5D91,UINT16,0x000B606F,734,False,False,64006500720062006F0072006E002000300037000000090000005000610064006500720062006F00
"Édson Araújo",308345,50176,319,"SC Corinthians Paulista",48,INTERNAL_PERSON_ID,0x000B5E63,UINT16,0x000B5D68,-251,False,False,00000002C07F0C30C07F000C30C07F0C3000015003000001010537005F0600000000000000000000
"Édson Araújo",308345,50176,319,"SC Corinthians Paulista",48,INTERNAL_PERSON_ID,0x000B5E63,UINT16,0x000B606F,524,False,False,64006500720062006F0072006E002000300037000000090000005000610064006500720062006F00
"Édson Araújo",308345,50176,319,"SC Corinthians Paulista",48,INTERNAL_PERSON_ID,0x000E7807,UINT16,0x000E7171,-1686,False,False,72006F006A006500630074002000340030002000530065006C0065006300740000000A0000005000
"Édson Araújo",308345,50176,319,"SC Corinthians Paulista",48,INTERNAL_PERSON_ID,0x000E7807,UINT16,0x000E7199,-1646,False,False,72006F006A006500630074002000340030000000020058FF7F005800FF7F0058FF7F000193070000
"Édson Araújo",308345,50176,319,"SC Corinthians Paulista",48,INTERNAL_PERSON_ID,0x000E7807,UINT32,0x000E7199,-1646,False,False,72006F006A006500630074002000340030000000020058FF7F005800FF7F0058FF7F000193070000
"Édson Araújo",308345,50176,319,"SC Corinthians Paulista",48,INTERNAL_PERSON_ID,0x000E7807,UINT16,0x000E71E6,-1569,False,False,000000000600031027000096000000D43000000800FFFFFFFF00FFFFFFFF00000000000000000000
"Édson Araújo",308345,50176,319,"SC Corinthians Paulista",48,INTERNAL_PERSON_ID,0x000E7807,UINT16,0x000E85DA,3539,False,False,000000001100000046004300200031003000350020004C006900620072006500760069006C006C00
"Édson Araújo",308345,50176,319,"SC Corinthians Paulista",48,INTERNAL_PERSON_ID,0x000E7807,UINT16,0x000E8602,3579,False,False,6500000006000000460043002000310030003500000001C07DFF7FC07D0001B40700000000000000
"Édson Araújo",308345,50176,319,"SC Corinthians Paulista",48,INTERNAL_PERSON_ID,0x000E78C1,UINT16,0x000E7171,-1872,False,False,72006F006A006500630074002000340030002000530065006C0065006300740000000A0000005000
"Édson Araújo",308345,50176,319,"SC Corinthians Paulista",48,INTERNAL_PERSON_ID,0x000E78C1,UINT16,0x000E7199,-1832,False,False,72006F006A006500630074002000340030000000020058FF7F005800FF7F0058FF7F000193070000
"Édson Araújo",308345,50176,319,"SC Corinthians Paulista",48,INTERNAL_PERSON_ID,0x000E78C1,UINT32,0x000E7199,-1832,False,False,72006F006A006500630074002000340030000000020058FF7F005800FF7F0058FF7F000193070000
"Édson Araújo",308345,50176,319,"SC Corinthians Paulista",48,INTERNAL_PERSON_ID,0x000E78C1,UINT16,0x000E71E6,-1755,False,False,000000000600031027000096000000D43000000800FFFFFFFF00FFFFFFFF00000000000000000000
"Édson Araújo",308345,50176,319,"SC Corinthians Paulista",48,INTERNAL_PERSON_ID,0x000E78C1,UINT16,0x000E85DA,3353,False,False,000000001100000046004300200031003000350020004C006900620072006500760069006C006C00
"Édson Araújo",308345,50176,319,"SC Corinthians Paulista",48,INTERNAL_PERSON_ID,0x000E78C1,UINT16,0x000E8602,3393,False,False,6500000006000000460043002000310030003500000001C07DFF7FC07D0001B40700000000000000
"Édson Araújo",308345,50176,319,"SC Corinthians Paulista",48,INTERNAL_PERSON_ID,0x00101B61,UINT16,0x00102023,1218,False,False,D10000000000000000FF0A000000390030006D0069006E00750074002E0070006C00000000060800
"Édson Araújo",308345,50176,319,"SC Corinthians Paulista",48,INTERNAL_PERSON_ID,0x001211BF,UINT16,0x00121178,-71,False,False,07870000B6170000EC03000025040000300000000001000008C700C700C700C700C700C700C700C7
"Édson Araújo",308345,50176,319,"SC Corinthians Paulista",48,INTERNAL_PERSON_ID,0x001211BF,UINT32,0x00121178,-71,False,False,07870000B6170000EC03000025040000300000000001000008C700C700C700C700C700C700C700C7
"Édson Araújo",308345,50176,319,"SC Corinthians Paulista",48,INTERNAL_PERSON_ID,0x001448BB,UINT16,0x001453AF,2804,False,False,6500000001000000000011010000D5D5300000080000005300690020005400610068006100720000
"Édson Araújo",308345,50176,319,"SC Corinthians Paulista",48,INTERNAL_PERSON_ID,0x005BCEE0,UINT16,0x005BDAD4,3060,False,False,00610000000100070000001C010000D230000000090000004200650072006E007300740065006900
"Édson Araújo",308345,50176,319,"SC Corinthians Paulista",48,INTERNAL_PERSON_ID,0x005BCEE0,UINT32,0x005BDAD4,3060,False,False,00610000000100070000001C010000D230000000090000004200650072006E007300740065006900
"Édson Araújo",308345,50176,319,"SC Corinthians Paulista",48,INTERNAL_PERSON_ID,0x00636506,UINT16,0x00635ECB,-1595,False,False,0000FFFFFFFF65020000E1040000000C3000000C3000000000000000FFFFFFFF0500000000000000
"Édson Araújo",308345,50176,319,"SC Corinthians Paulista",48,INTERNAL_PERSON_ID,0x00636506,UINT16,0x00635ECF,-1591,False,False,FFFF65020000E1040000000C3000000C3000000000000000FFFFFFFF050000000000000000000000
"Édson Araújo",308345,50176,319,"SC Corinthians Paulista",48,INTERNAL_PERSON_ID,0x00636506,UINT32,0x00635ECF,-1591,False,False,FFFF65020000E1040000000C3000000C3000000000000000FFFFFFFF050000000000000000000000
"Édson Araújo",308345,50176,319,"SC Corinthians Paulista",48,INTERNAL_PERSON_ID,0x00636506,UINT16,0x0063673B,565,False,False,0000FFFFFFFF920200001705000000D4300000B0040000204E000000FFFFFFFF0500000000000000
"Édson Araújo",308345,50176,319,"SC Corinthians Paulista",48,INTERNAL_PERSON_ID,0x00636506,UINT16,0x00636B4A,1604,False,False,000500000000000000000103000000FF300000BB020000A802000031050000008C3C00001C250000
"Édson Araújo",308345,50176,319,"SC Corinthians Paulista",48,INTERNAL_PERSON_ID,0x0069E6A8,UINT16,0x0069D90B,-3485,False,False,0000FFFFFFFFF1240000CB965B0000AF300000CA0800000000000000FFFFFFFF0500000000000000
"Édson Araújo",308345,50176,319,"SC Corinthians Paulista",48,INTERNAL_PERSON_ID,0x006AEF6C,UINT16,0x006AEE19,-339,False,False,FFFF050000000072004700010100000030000000681B0000B72A0000445D7C0000D0070000320000
"Édson Araújo",308345,50176,319,"SC Corinthians Paulista",48,INTERNAL_PERSON_ID,0x006AEF6C,UINT32,0x006AEE19,-339,False,False,FFFF050000000072004700010100000030000000681B0000B72A0000445D7C0000D0070000320000
"Édson Araújo",308345,50176,319,"SC Corinthians Paulista",48,INTERNAL_PERSON_ID,0x007034DE,UINT16,0x00702817,-3271,False,False,FFFFFFFFFF000000080600000000000030000000005A0D070000476709000A0001C0120000BD0300
"Édson Araújo",308345,50176,319,"SC Corinthians Paulista",48,INTERNAL_PERSON_ID,0x007034DE,UINT32,0x00702817,-3271,False,False,FFFFFFFFFF000000080600000000000030000000005A0D070000476709000A0001C0120000BD0300
"Édson Araújo",308345,50176,319,"SC Corinthians Paulista",48,INTERNAL_PERSON_ID,0x007034DE,UINT16,0x00703BB1,1747,False,False,560020004D00610069006E007A00200030003500200041006D006100740065007500720065000000
"Édson Araújo",308345,50176,319,"SC Corinthians Paulista",48,INTERNAL_PERSON_ID,0x007034DE,UINT16,0x0070410B,3117,False,False,64006500720062006F0072006E002000300037002000490049000000000C00000050006100640065
"Édson Araújo",308345,50176,319,"SC Corinthians Paulista",48,INTERNAL_PERSON_ID,0x00767CF7,UINT16,0x00767545,-1970,False,False,24138C00A000BB000000FFFFFFFFE48E30000A00102700001027000000000000000000470000E2F9
"Édson Araújo",308345,50176,319,"SC Corinthians Paulista",48,INTERNAL_PERSON_ID,0x00767CF7,UINT16,0x007684B9,1986,False,False,010600000000CA00000000AF000000D4300000B400D50702040000000000000000B500D3073B0232
"Édson Araújo",308345,50176,319,"SC Corinthians Paulista",48,INTERNAL_PERSON_ID,0x00767CF7,UINT16,0x007687DC,2789,False,False,12189D00B100C8000000FFFFFFFFFB8430000A3210270000102703FF3F000000010000480000C334
"Édson Araújo",308345,50176,319,"SC Corinthians Paulista",48,INTERNAL_PERSON_ID,0x00767D26,UINT16,0x00767545,-2017,False,False,24138C00A000BB000000FFFFFFFFE48E30000A00102700001027000000000000000000470000E2F9
"Édson Araújo",308345,50176,319,"SC Corinthians Paulista",48,INTERNAL_PERSON_ID,0x00767D26,UINT16,0x007684B9,1939,False,False,010600000000CA00000000AF000000D4300000B400D50702040000000000000000B500D3073B0232
"Édson Araújo",308345,50176,319,"SC Corinthians Paulista",48,INTERNAL_PERSON_ID,0x00767D26,UINT16,0x007687DC,2742,False,False,12189D00B100C8000000FFFFFFFFFB8430000A3210270000102703FF3F000000010000480000C334
"Édson Araújo",308345,50176,319,"SC Corinthians Paulista",48,INTERNAL_PERSON_ID,0x00767D94,UINT16,0x00767545,-2127,False,False,24138C00A000BB000000FFFFFFFFE48E30000A00102700001027000000000000000000470000E2F9
"Édson Araújo",308345,50176,319,"SC Corinthians Paulista",48,INTERNAL_PERSON_ID,0x00767D94,UINT16,0x007684B9,1829,False,False,010600000000CA00000000AF000000D4300000B400D50702040000000000000000B500D3073B0232
"Édson Araújo",308345,50176,319,"SC Corinthians Paulista",48,INTERNAL_PERSON_ID,0x00767D94,UINT16,0x007687DC,2632,False,False,12189D00B100C8000000FFFFFFFFFB8430000A3210270000102703FF3F000000010000480000C334
"Édson Araújo",308345,50176,319,"SC Corinthians Paulista",48,INTERNAL_PERSON_ID,0x00768250,UINT16,0x00767545,-3339,False,False,24138C00A000BB000000FFFFFFFFE48E30000A00102700001027000000000000000000470000E2F9
"Édson Araújo",308345,50176,319,"SC Corinthians Paulista",48,INTERNAL_PERSON_ID,0x00768250,UINT16,0x007684B9,617,False,False,010600000000CA00000000AF000000D4300000B400D50702040000000000000000B500D3073B0232
"Édson Araújo",308345,50176,319,"SC Corinthians Paulista",48,INTERNAL_PERSON_ID,0x00768250,UINT16,0x007687DC,1420,False,False,12189D00B100C8000000FFFFFFFFFB8430000A3210270000102703FF3F000000010000480000C334
"Édson Araújo",308345,50176,319,"SC Corinthians Paulista",48,INTERNAL_PERSON_ID,0x00787FBA,UINT16,0x007873EF,-3019,False,False,0000000100005402000000BB000000D4300000B400D507010400000000000000005500D207300264
"Édson Araújo",308345,50176,319,"SC Corinthians Paulista",48,INTERNAL_PERSON_ID,0x00787FBA,UINT16,0x007876CB,-2287,False,False,6400D90000000045001DFFFFFFFF01613000D900000002610C009E0000000000000400D407000056
"Édson Araújo",308345,50176,319,"SC Corinthians Paulista",48,INTERNAL_PERSON_ID,0x00787FBA,UINT16,0x00788E9C,3810,False,False,1A159300AD0028020000FFFFFFFFDEBC30000A00102700001027000000000000000000450000AE8C
"Édson Araújo",308345,50176,319,"SC Corinthians Paulista",48,INTERNAL_PERSON_ID,0x0078E078,UINT16,0x0078EF5A,3810,False,False,0796070000010000D1070A9D020000483000000000000000FFFFFFFF010000000000000000000000
"Édson Araújo",308345,50176,319,"SC Corinthians Paulista",48,INTERNAL_PERSON_ID,0x0078E078,UINT32,0x0078EF5A,3810,False,False,0796070000010000D1070A9D020000483000000000000000FFFFFFFF010000000000000000000000
"Édson Araújo",308345,50176,319,"SC Corinthians Paulista",48,INTERNAL_PERSON_ID,0x007A5DD7,UINT16,0x007A5DFF,40,False,False,02030F00000000F70D1E001F0400000030000000880100001E00D607050400000000000000000000
"Édson Araújo",308345,50176,319,"SC Corinthians Paulista",48,INTERNAL_PERSON_ID,0x007A5DD7,UINT32,0x007A5DFF,40,False,False,02030F00000000F70D1E001F0400000030000000880100001E00D607050400000000000000000000
"Édson Araújo",308345,50176,319,"SC Corinthians Paulista",48,INTERNAL_PERSON_ID,0x007A5DD7,UINT16,0x007A5E5D,134,False,False,00000102016136003E02000001613100300000000000000000D10700001F04000020A4040002B004
"Édson Araújo",308345,50176,319,"SC Corinthians Paulista",48,INTERNAL_PERSON_ID,0x007A5DD7,UINT32,0x007A5E5D,134,False,False,00000102016136003E02000001613100300000000000000000D10700001F04000020A4040002B004
"Édson Araújo",308345,50176,319,"SC Corinthians Paulista",48,INTERNAL_PERSON_ID,0x007A5DD7,UINT16,0x007A5F6A,403,False,False,02030A00000000189200002004000000300000004B0000001E00D607070500000000000000000000
"Édson Araújo",308345,50176,319,"SC Corinthians Paulista",48,INTERNAL_PERSON_ID,0x007A5DD7,UINT32,0x007A5F6A,403,False,False,02030A00000000189200002004000000300000004B0000001E00D607070500000000000000000000
"Édson Araújo",308345,50176,319,"SC Corinthians Paulista",48,INTERNAL_PERSON_ID,0x007A5DD7,UINT16,0x007A5F92,443,False,False,D1072502CEFF00000000010101613600300000000000000000D10700002004000021A4040002B414
"Édson Araújo",308345,50176,319,"SC Corinthians Paulista",48,INTERNAL_PERSON_ID,0x007A5DD7,UINT32,0x007A5F92,443,False,False,D1072502CEFF00000000010101613600300000000000000000D10700002004000021A4040002B414
"Édson Araújo",308345,50176,319,"SC Corinthians Paulista",48,INTERNAL_PERSON_ID,0x007A5DD7,UINT16,0x007A6345,1390,False,False,23250000CC01000202D2BD2A00003EBE300023040000003D020000CE0200001E00D6070204000000
"Édson Araújo",308345,50176,319,"SC Corinthians Paulista",48,INTERNAL_PERSON_ID,0x007CAFFF,UINT16,0x007CB038,57,False,False,0000D1072B0232FF000000000101016130003F0000000000000000D10700005F06000035AD040002
"Édson Araújo",308345,50176,319,"SC Corinthians Paulista",48,INTERNAL_PERSON_ID,0x007CAFFF,UINT16,0x007CBA19,2586,False,False,02030F00000000709B0800670600000030000000FA0000001E00D607050600000000000000000000
"Édson Araújo",308345,50176,319,"SC Corinthians Paulista",48,INTERNAL_PERSON_ID,0x007CAFFF,UINT32,0x007CBA19,2586,False,False,02030F00000000709B0800670600000030000000FA0000001E00D607050600000000000000000000
"Édson Araújo",308345,50176,319,"SC Corinthians Paulista",48,INTERNAL_PERSON_ID,0x007CAFFF,UINT16,0x007CBA41,2626,False,False,D107260200FF000000000102016116003000000001611300680300000000000000D1070000670600
"Édson Araújo",308345,50176,319,"SC Corinthians Paulista",48,INTERNAL_PERSON_ID,0x007CAFFF,UINT32,0x007CBA41,2626,False,False,D107260200FF000000000102016116003000000001611300680300000000000000D1070000670600
"Édson Araújo",308345,50176,319,"SC Corinthians Paulista",48,INTERNAL_PERSON_ID,0x007DC2D5,UINT16,0x007DB2F2,-4067,False,False,00670700004FB404000160096009B00430003000000000008A010000FBC30000630B0100FFFFFFFF
"Édson Araújo",308345,50176,319,"SC Corinthians Paulista",48,INTERNAL_PERSON_ID,0x007DC2D5,UINT16,0x007DB2F4,-4065,False,False,0700004FB404000160096009B00430003000000000008A010000FBC30000630B0100FFFFFFFF3300
"Édson Araújo",308345,50176,319,"SC Corinthians Paulista",48,INTERNAL_PERSON_ID,0x007DC2D5,UINT32,0x007DB2F4,-4065,False,False,0700004FB404000160096009B00430003000000000008A010000FBC30000630B0100FFFFFFFF3300
"Édson Araújo",308345,50176,319,"SC Corinthians Paulista",48,INTERNAL_PERSON_ID,0x007DC2D5,UINT16,0x007DBC95,-1600,False,False,0000FFFFFFFF010001000000F20000003000000018000000000000008F27000000010002030F0000
"Édson Araújo",308345,50176,319,"SC Corinthians Paulista",48,INTERNAL_PERSON_ID,0x007DC2D5,UINT32,0x007DBC95,-1600,False,False,0000FFFFFFFF010001000000F20000003000000018000000000000008F27000000010002030F0000
"Édson Araújo",308345,50176,319,"SC Corinthians Paulista",48,INTERNAL_PERSON_ID,0x007DC2D5,UINT16,0x007DC343,110,False,False,02030F00000000F78C8A00790700000030000000EE0200006D01D407040400000000000000000400
"Édson Araújo",308345,50176,319,"SC Corinthians Paulista",48,INTERNAL_PERSON_ID,0x007DC2D5,UINT32,0x007DC343,110,False,False,02030F00000000F78C8A00790700000030000000EE0200006D01D407040400000000000000000400
"Édson Araújo",308345,50176,319,"SC Corinthians Paulista",48,INTERNAL_PERSON_ID,0x007DC2D5,UINT16,0x007DC48F,442,False,False,FF0000000000FFFFFFFF01000100000030000000000000000000000000000000ED0000005C010002
"Édson Araújo",308345,50176,319,"SC Corinthians Paulista",48,INTERNAL_PERSON_ID,0x007DC2D5,UINT32,0x007DC48F,442,False,False,FF0000000000FFFFFFFF01000100000030000000000000000000000000000000ED0000005C010002
"Édson Araújo",308345,50176,319,"SC Corinthians Paulista",48,INTERNAL_PERSON_ID,0x007DC2D5,UINT16,0x007DC88B,1462,False,False,000003000000080000008401000100253000007D07000000770300004B0000001E00D60702040000
"Édson Araújo",308345,50176,319,"SC Corinthians Paulista",48,INTERNAL_PERSON_ID,0x007F4FD5,UINT16,0x007F590B,2358,False,False,000000000000FFFFFFFF010001000000300000000000000000000000060000005E00000080010002
"Édson Araújo",308345,50176,319,"SC Corinthians Paulista",48,INTERNAL_PERSON_ID,0x007F4FD5,UINT32,0x007F590B,2358,False,False,000000000000FFFFFFFF010001000000300000000000000000000000060000005E00000080010002
"Édson Araújo",308345,50176,319,"SC Corinthians Paulista",48,INTERNAL_PERSON_ID,0x007F5596,UINT16,0x007F590B,885,False,False,000000000000FFFFFFFF010001000000300000000000000000000000060000005E00000080010002
"Édson Araújo",308345,50176,319,"SC Corinthians Paulista",48,INTERNAL_PERSON_ID,0x007F5596,UINT32,0x007F590B,885,False,False,000000000000FFFFFFFF010001000000300000000000000000000000060000005E00000080010002
"Édson Araújo",308345,50176,319,"SC Corinthians Paulista",48,INTERNAL_PERSON_ID,0x0083A900,UINT16,0x00839CCE,-3122,False,False,04320047009E00A4090000FFFFFFFF8C3000000A009C1800001027000000000000000000450000B9
"Édson Araújo",308345,50176,319,"SC Corinthians Paulista",48,INTERNAL_PERSON_ID,0x0083A900,UINT16,0x0083A47A,-1158,False,False,13008503000001612A004200000001613000430000000000008B00D1070000E60C00005AD4040002
"Édson Araújo",308345,50176,319,"SC Corinthians Paulista",48,INTERNAL_PERSON_ID,0x00849FDA,UINT16,0x00849C20,-954,False,False,020305000000007A6C0000B50D000000300000004B0000001E00D607050600000000000000000000
"Édson Araújo",308345,50176,319,"SC Corinthians Paulista",48,INTERNAL_PERSON_ID,0x00849FDA,UINT32,0x00849C20,-954,False,False,020305000000007A6C0000B50D000000300000004B0000001E00D607050600000000000000000000
"Édson Araújo",308345,50176,319,"SC Corinthians Paulista",48,INTERNAL_PERSON_ID,0x00849FDA,UINT16,0x00849C48,-914,False,False,D107320200FF00000000010101613600300000000000000000D1070000B50D000086D50400020410
"Édson Araújo",308345,50176,319,"SC Corinthians Paulista",48,INTERNAL_PERSON_ID,0x00849FDA,UINT32,0x00849C48,-914,False,False,D107320200FF00000000010101613600300000000000000000D1070000B50D000086D50400020410
"Édson Araújo",308345,50176,319,"SC Corinthians Paulista",48,INTERNAL_PERSON_ID,0x00849FDA,UINT16,0x00849D55,-645,False,False,02030F0000000029051D00B60D00000030000000F90000001E00D607050400000000000000000000
"Édson Araújo",308345,50176,319,"SC Corinthians Paulista",48,INTERNAL_PERSON_ID,0x00849FDA,UINT32,0x00849D55,-645,False,False,02030F0000000029051D00B60D00000030000000F90000001E00D607050400000000000000000000
"Édson Araújo",308345,50176,319,"SC Corinthians Paulista",48,INTERNAL_PERSON_ID,0x00849FDA,UINT16,0x0084A9C1,2535,False,False,00000001FFFFFFFF030400C10D000000300000004B0000004E01D407040000000000000000000000
"Édson Araújo",308345,50176,319,"SC Corinthians Paulista",48,INTERNAL_PERSON_ID,0x00849FDA,UINT32,0x0084A9C1,2535,False,False,00000001FFFFFFFF030400C10D000000300000004B0000004E01D407040000000000000000000000
"Édson Araújo",308345,50176,319,"SC Corinthians Paulista",48,INTERNAL_PERSON_ID,0x00849FDA,UINT16,0x0084A9E9,2575,False,False,D40764FF00FF0000000001020161360030000000016131003E0200000000000000D1070000C10D00
"Édson Araújo",308345,50176,319,"SC Corinthians Paulista",48,INTERNAL_PERSON_ID,0x00849FDA,UINT32,0x0084A9E9,2575,False,False,D40764FF00FF0000000001020161360030000000016131003E0200000000000000D1070000C10D00
"Édson Araújo",308345,50176,319,"SC Corinthians Paulista",48,INTERNAL_PERSON_ID,0x0084A008,UINT16,0x00849C20,-1000,False,False,020305000000007A6C0000B50D000000300000004B0000001E00D607050600000000000000000000
"Édson Araújo",308345,50176,319,"SC Corinthians Paulista",48,INTERNAL_PERSON_ID,0x0084A008,UINT32,0x00849C20,-1000,False,False,020305000000007A6C0000B50D000000300000004B0000001E00D607050600000000000000000000
"Édson Araújo",308345,50176,319,"SC Corinthians Paulista",48,INTERNAL_PERSON_ID,0x0084A008,UINT16,0x00849C48,-960,False,False,D107320200FF00000000010101613600300000000000000000D1070000B50D000086D50400020410
"Édson Araújo",308345,50176,319,"SC Corinthians Paulista",48,INTERNAL_PERSON_ID,0x0084A008,UINT32,0x00849C48,-960,False,False,D107320200FF00000000010101613600300000000000000000D1070000B50D000086D50400020410
"Édson Araújo",308345,50176,319,"SC Corinthians Paulista",48,INTERNAL_PERSON_ID,0x0084A008,UINT16,0x00849D55,-691,False,False,02030F0000000029051D00B60D00000030000000F90000001E00D607050400000000000000000000
"Édson Araújo",308345,50176,319,"SC Corinthians Paulista",48,INTERNAL_PERSON_ID,0x0084A008,UINT32,0x00849D55,-691,False,False,02030F0000000029051D00B60D00000030000000F90000001E00D607050400000000000000000000
"Édson Araújo",308345,50176,319,"SC Corinthians Paulista",48,INTERNAL_PERSON_ID,0x0084A008,UINT16,0x0084A9C1,2489,False,False,00000001FFFFFFFF030400C10D000000300000004B0000004E01D407040000000000000000000000
"Édson Araújo",308345,50176,319,"SC Corinthians Paulista",48,INTERNAL_PERSON_ID,0x0084A008,UINT32,0x0084A9C1,2489,False,False,00000001FFFFFFFF030400C10D000000300000004B0000004E01D407040000000000000000000000
"Édson Araújo",308345,50176,319,"SC Corinthians Paulista",48,INTERNAL_PERSON_ID,0x0084A008,UINT16,0x0084A9E9,2529,False,False,D40764FF00FF0000000001020161360030000000016131003E0200000000000000D1070000C10D00
"Édson Araújo",308345,50176,319,"SC Corinthians Paulista",48,INTERNAL_PERSON_ID,0x0084A008,UINT32,0x0084A9E9,2529,False,False,D40764FF00FF0000000001020161360030000000016131003E0200000000000000D1070000C10D00
"Édson Araújo",308345,50176,319,"SC Corinthians Paulista",48,INTERNAL_PERSON_ID,0x0085F277,UINT16,0x0085F155,-290,False,False,000000000102016124003D020000016130003B0000000000000100D2070000F30E0000A6DA040002
"Édson Araújo",308345,50176,319,"SC Corinthians Paulista",48,INTERNAL_PERSON_ID,0x00860BA6,UINT16,0x00861095,1263,False,False,02030A00000000654D0200100F000000300000004B0000001E00D507050600000000000000000000
"Édson Araújo",308345,50176,319,"SC Corinthians Paulista",48,INTERNAL_PERSON_ID,0x00860BA6,UINT32,0x00861095,1263,False,False,02030A00000000654D0200100F000000300000004B0000001E00D507050600000000000000000000
"Édson Araújo",308345,50176,319,"SC Corinthians Paulista",48,INTERNAL_PERSON_ID,0x00860BA6,UINT16,0x008610BD,1303,False,False,D107330200FF00000000010101613600300000000000000000D1070000100F0000E4DA0400028C04
"Édson Araújo",308345,50176,319,"SC Corinthians Paulista",48,INTERNAL_PERSON_ID,0x00860BA6,UINT32,0x008610BD,1303,False,False,D107330200FF00000000010101613600300000000000000000D1070000100F0000E4DA0400028C04
"Édson Araújo",308345,50176,319,"SC Corinthians Paulista",48,INTERNAL_PERSON_ID,0x0087C848,UINT16,0x0087CC60,1048,False,False,0432004B007700AF0C0000FFFFFFFFB93000000A004416000010270000000000000000004C00005B
"Édson Araújo",308345,50176,319,"SC Corinthians Paulista",48,INTERNAL_PERSON_ID,0x008850DE,UINT16,0x0088490A,-2004,False,False,0203190000000003C10E00111100000030000000520000000701D507030400000000000000002501
"Édson Araújo",308345,50176,319,"SC Corinthians Paulista",48,INTERNAL_PERSON_ID,0x008850DE,UINT32,0x0088490A,-2004,False,False,0203190000000003C10E00111100000030000000520000000701D507030400000000000000002501
"Édson Araújo",308345,50176,319,"SC Corinthians Paulista",48,INTERNAL_PERSON_ID,0x008850DE,UINT16,0x0088493A,-1956,False,False,00000103010364003E020000010346003000000001611600300000000000002501D2070000111100
"Édson Araújo",308345,50176,319,"SC Corinthians Paulista",48,INTERNAL_PERSON_ID,0x008850DE,UINT32,0x0088493A,-1956,False,False,00000103010364003E020000010346003000000001611600300000000000002501D2070000111100
"Édson Araújo",308345,50176,319,"SC Corinthians Paulista",48,INTERNAL_PERSON_ID,0x008850DE,UINT16,0x00884942,-1948,False,False,3E020000010346003000000001611600300000000000002501D207000011110000FBE4040002B603
"Édson Araújo",308345,50176,319,"SC Corinthians Paulista",48,INTERNAL_PERSON_ID,0x008850DE,UINT32,0x00884942,-1948,False,False,3E020000010346003000000001611600300000000000002501D207000011110000FBE4040002B603
"Édson Araújo",308345,50176,319,"SC Corinthians Paulista",48,INTERNAL_PERSON_ID,0x008850DE,UINT16,0x00884F96,-328,False,False,0203190000000031880000171100000030000000390000001E00D507050600000000000000000000
"Édson Araújo",308345,50176,319,"SC Corinthians Paulista",48,INTERNAL_PERSON_ID,0x008850DE,UINT32,0x00884F96,-328,False,False,0203190000000031880000171100000030000000390000001E00D507050600000000000000000000
"Édson Araújo",308345,50176,319,"SC Corinthians Paulista",48,INTERNAL_PERSON_ID,0x008850DE,UINT16,0x00884FBE,-288,False,False,D1072D0200FF00000000010101613600300000000000000000D10700001711000005E5040002040E
"Édson Araújo",308345,50176,319,"SC Corinthians Paulista",48,INTERNAL_PERSON_ID,0x008850DE,UINT32,0x00884FBE,-288,False,False,D1072D0200FF00000000010101613600300000000000000000D10700001711000005E5040002040E
"Édson Araújo",308345,50176,319,"SC Corinthians Paulista",48,INTERNAL_PERSON_ID,0x008850DE,UINT16,0x008850DB,-3,False,False,02030F0000000063CF0900181100000030000000C40000000300D707040400000000000000000400
"Édson Araújo",308345,50176,319,"SC Corinthians Paulista",48,INTERNAL_PERSON_ID,0x008850DE,UINT32,0x008850DB,-3,False,False,02030F0000000063CF0900181100000030000000C40000000300D707040400000000000000000400
"Édson Araújo",308345,50176,319,"SC Corinthians Paulista",48,INTERNAL_PERSON_ID,0x008850DE,UINT16,0x00885218,314,False,False,02031900000000B0D10000191100000030000000390000001E00D507050600000000000000000000
"Édson Araújo",308345,50176,319,"SC Corinthians Paulista",48,INTERNAL_PERSON_ID,0x008850DE,UINT32,0x00885218,314,False,False,02031900000000B0D10000191100000030000000390000001E00D507050600000000000000000000
"Édson Araújo",308345,50176,319,"SC Corinthians Paulista",48,INTERNAL_PERSON_ID,0x008850DE,UINT16,0x00885240,354,False,False,D1072C0200FF00000000010101613600300000000000000000D10700001911000007E5040002B80B
"Édson Araújo",308345,50176,319,"SC Corinthians Paulista",48,INTERNAL_PERSON_ID,0x008850DE,UINT32,0x00885240,354,False,False,D1072C0200FF00000000010101613600300000000000000000D10700001911000007E5040002B80B
"Édson Araújo",308345,50176,319,"SC Corinthians Paulista",48,INTERNAL_PERSON_ID,0x008850DE,UINT16,0x00885A9E,2496,False,False,00102700000000000000000000000013300000000000000000000000000000000000000000000000
"Édson Araújo",308345,50176,319,"SC Corinthians Paulista",48,INTERNAL_PERSON_ID,0x008850DE,UINT32,0x00885A9E,2496,False,False,00102700000000000000000000000013300000000000000000000000000000000000000000000000
"Édson Araújo",308345,50176,319,"SC Corinthians Paulista",48,INTERNAL_PERSON_ID,0x0088F65E,UINT16,0x0088F0AF,-1455,False,False,0000000000000000000000000000005230000000010000A91100000052010000161800001E00D607
"Édson Araújo",308345,50176,319,"SC Corinthians Paulista",48,INTERNAL_PERSON_ID,0x0088F65E,UINT32,0x0088F0AF,-1455,False,False,0000000000000000000000000000005230000000010000A91100000052010000161800001E00D607
"Édson Araújo",308345,50176,319,"SC Corinthians Paulista",48,INTERNAL_PERSON_ID,0x0088F65E,UINT16,0x0088F3E7,-631,False,False,2F008F000000016127008B000000026230008B000000016109007C00000002615400A50000000000
"Édson Araújo",308345,50176,319,"SC Corinthians Paulista",48,INTERNAL_PERSON_ID,0x008A759B,UINT16,0x008A66A2,-3833,False,False,000000000000008C03000008101000003000000100000000000029002900AF000000AF0001000001
"Édson Araújo",308345,50176,319,"SC Corinthians Paulista",48,INTERNAL_PERSON_ID,0x008A759B,UINT16,0x008A6A23,-2936,False,False,01030F000000E912000000B6000000D4300000B400D707030400000000000000000400D4072C024B
"Édson Araújo",308345,50176,319,"SC Corinthians Paulista",48,INTERNAL_PERSON_ID,0x008A759B,UINT16,0x008A732D,-622,False,False,01030F000000F012000000B2000000D4300000B400D707010400000000000000000400D4072A0264
"Édson Araújo",308345,50176,319,"SC Corinthians Paulista",48,INTERNAL_PERSON_ID,0x008A759B,UINT16,0x008A7485,-278,False,False,01030F000000F112000000B9000000D4300000B400D70706040000000000000000B500D3072602EC
"Édson Araújo",308345,50176,319,"SC Corinthians Paulista",48,INTERNAL_PERSON_ID,0x008A759B,UINT16,0x008A74BE,-221,False,False,6400B900000000450006FFFFFFFF01613000C800000002625E009100000001612E00B90000000261
"Édson Araújo",308345,50176,319,"SC Corinthians Paulista",48,INTERNAL_PERSON_ID,0x008A759B,UINT16,0x008A7553,-72,False,False,03000000000000000000000102000200300007000700610030006100010000010400D407A200D407
"Édson Araújo",308345,50176,319,"SC Corinthians Paulista",48,INTERNAL_PERSON_ID,0x008A759B,UINT16,0x008A755B,-64,False,False,0000000102000200300007000700610030006100010000010400D407A200D407FFFFFFFF00FFFFFF
"Édson Araújo",308345,50176,319,"SC Corinthians Paulista",48,INTERNAL_PERSON_ID,0x008A759B,UINT16,0x008A75F5,90,False,False,01030F000000F212000000BB000000D4300000B400D60703040000000000000000B500D2072E024B
"Édson Araújo",308345,50176,319,"SC Corinthians Paulista",48,INTERNAL_PERSON_ID,0x008A759B,UINT16,0x008A7F5B,2496,False,False,01030F000000F912000000B9000000D4300000B400D707030400000000000000005001D30731020A
"Édson Araújo",308345,50176,319,"SC Corinthians Paulista",48,INTERNAL_PERSON_ID,0x008A761F,UINT16,0x008A66A2,-3965,False,False,000000000000008C03000008101000003000000100000000000029002900AF000000AF0001000001
"Édson Araújo",308345,50176,319,"SC Corinthians Paulista",48,INTERNAL_PERSON_ID,0x008A761F,UINT16,0x008A6A23,-3068,False,False,01030F000000E912000000B6000000D4300000B400D707030400000000000000000400D4072C024B
"Édson Araújo",308345,50176,319,"SC Corinthians Paulista",48,INTERNAL_PERSON_ID,0x008A761F,UINT16,0x008A732D,-754,False,False,01030F000000F012000000B2000000D4300000B400D707010400000000000000000400D4072A0264
"Édson Araújo",308345,50176,319,"SC Corinthians Paulista",48,INTERNAL_PERSON_ID,0x008A761F,UINT16,0x008A7485,-410,False,False,01030F000000F112000000B9000000D4300000B400D70706040000000000000000B500D3072602EC
"Édson Araújo",308345,50176,319,"SC Corinthians Paulista",48,INTERNAL_PERSON_ID,0x008A761F,UINT16,0x008A74BE,-353,False,False,6400B900000000450006FFFFFFFF01613000C800000002625E009100000001612E00B90000000261
"Édson Araújo",308345,50176,319,"SC Corinthians Paulista",48,INTERNAL_PERSON_ID,0x008A761F,UINT16,0x008A7553,-204,False,False,03000000000000000000000102000200300007000700610030006100010000010400D407A200D407
"Édson Araújo",308345,50176,319,"SC Corinthians Paulista",48,INTERNAL_PERSON_ID,0x008A761F,UINT16,0x008A755B,-196,False,False,0000000102000200300007000700610030006100010000010400D407A200D407FFFFFFFF00FFFFFF
"Édson Araújo",308345,50176,319,"SC Corinthians Paulista",48,INTERNAL_PERSON_ID,0x008A761F,UINT16,0x008A75F5,-42,False,False,01030F000000F212000000BB000000D4300000B400D60703040000000000000000B500D2072E024B
"Édson Araújo",308345,50176,319,"SC Corinthians Paulista",48,INTERNAL_PERSON_ID,0x008A761F,UINT16,0x008A7F5B,2364,False,False,01030F000000F912000000B9000000D4300000B400D707030400000000000000005001D30731020A
"Édson Araújo",308345,50176,319,"SC Corinthians Paulista",48,INTERNAL_PERSON_ID,0x008A9845,UINT16,0x008AA796,3921,False,False,D10737024BFF0000000001020209640030000000016102009F0000000000000000D1070000181300
"Édson Araújo",308345,50176,319,"SC Corinthians Paulista",48,INTERNAL_PERSON_ID,0x008A9845,UINT32,0x008AA796,3921,False,False,D10737024BFF0000000001020209640030000000016102009F0000000000000000D1070000181300
"Édson Araújo",308345,50176,319,"SC Corinthians Paulista",48,INTERNAL_PERSON_ID,0x008C5C19,UINT16,0x008C5022,-3063,False,False,00000000B500D30700005C14000066D830000270176419811082009100D60F0000FFFFFFFFACBA06
"Édson Araújo",308345,50176,319,"SC Corinthians Paulista",48,INTERNAL_PERSON_ID,0x008C5C19,UINT16,0x008C51A8,-2673,False,False,00000000B500D10700005D14000069D8300002781E841C44169B00A600D70F0000FFFFFFFFB39E18
"Édson Araújo",308345,50176,319,"SC Corinthians Paulista",48,INTERNAL_PERSON_ID,0x008C5C19,UINT16,0x008C532B,-2286,False,False,000000000400D40700005E14000080D8300002581B2C1A99128A009B00D80F0000FFFFFFFFD09B26
"Édson Araújo",308345,50176,319,"SC Corinthians Paulista",48,INTERNAL_PERSON_ID,0x008C5C19,UINT16,0x008C5493,-1926,False,False,00000000DE00D30700005F140000D8DB30000276167616320079008100D90F0000FFFFFFFF753B03
"Édson Araújo",308345,50176,319,"SC Corinthians Paulista",48,INTERNAL_PERSON_ID,0x008C5C19,UINT16,0x008C55EB,-1582,False,False,000000000000D207000060140000F7DB300002CE185E1AB20C7F008600DA0F0000FFFFFFFF6C1F10
"Édson Araújo",308345,50176,319,"SC Corinthians Paulista",48,INTERNAL_PERSON_ID,0x008C5C19,UINT16,0x008C5CD5,188,False,False,00000001FFFFFFFF030400651400000030000000140500006D01D407040000000000000000000000
"Édson Araújo",308345,50176,319,"SC Corinthians Paulista",48,INTERNAL_PERSON_ID,0x008C5C19,UINT32,0x008C5CD5,188,False,False,00000001FFFFFFFF030400651400000030000000140500006D01D407040000000000000000000000
"Édson Araújo",308345,50176,319,"SC Corinthians Paulista",48,INTERNAL_PERSON_ID,0x008C5C19,UINT16,0x008C5D1D,260,False,False,0D0200000161280038000000016109003000000001610400D501000002620400A2000000000000B5
"Édson Araújo",308345,50176,319,"SC Corinthians Paulista",48,INTERNAL_PERSON_ID,0x008C5C19,UINT32,0x008C5D1D,260,False,False,0D0200000161280038000000016109003000000001610400D501000002620400A2000000000000B5
"Édson Araújo",308345,50176,319,"SC Corinthians Paulista",48,INTERNAL_PERSON_ID,0x008C5C19,UINT16,0x008C6143,1322,False,False,2016000001044600D2010000016103003000000001611D00D201000002621D009100000001613600
"Édson Araújo",308345,50176,319,"SC Corinthians Paulista",48,INTERNAL_PERSON_ID,0x008C5C19,UINT32,0x008C6143,1322,False,False,2016000001044600D2010000016103003000000001611D00D201000002621D009100000001613600
"Édson Araújo",308345,50176,319,"SC Corinthians Paulista",48,INTERNAL_PERSON_ID,0x008C5C19,UINT16,0x008C678E,2933,False,False,020100D3200000AA00B50700BD000000300000000B000000FFFFFFFF0000006C079E000000010400
"Édson Araújo",308345,50176,319,"SC Corinthians Paulista",48,INTERNAL_PERSON_ID,0x008C5C19,UINT32,0x008C678E,2933,False,False,020100D3200000AA00B50700BD000000300000000B000000FFFFFFFF0000006C079E000000010400
"Édson Araújo",308345,50176,319,"SC Corinthians Paulista",48,INTERNAL_PERSON_ID,0x008D48A2,UINT16,0x008D38D1,-4049,False,False,0025150000265D32000160096009B00430003000000000004804000059BF00001C020100FFFFFFFF
"Édson Araújo",308345,50176,319,"SC Corinthians Paulista",48,INTERNAL_PERSON_ID,0x008D48A2,UINT16,0x008D38D3,-4047,False,False,150000265D32000160096009B00430003000000000004804000059BF00001C020100FFFFFFFF0800
"Édson Araújo",308345,50176,319,"SC Corinthians Paulista",48,INTERNAL_PERSON_ID,0x008D48A2,UINT32,0x008D38D3,-4047,False,False,150000265D32000160096009B00430003000000000004804000059BF00001C020100FFFFFFFF0800
"Édson Araújo",308345,50176,319,"SC Corinthians Paulista",48,INTERNAL_PERSON_ID,0x008DBA6E,UINT16,0x008DC10F,1697,False,False,040100402A00000701B80700BD0000003000000000000000FFFFFFFF0000006C079A000000014E01
"Édson Araújo",308345,50176,319,"SC Corinthians Paulista",48,INTERNAL_PERSON_ID,0x008DBA6E,UINT32,0x008DC10F,1697,False,False,040100402A00000701B80700BD0000003000000000000000FFFFFFFF0000006C079A000000014E01
"Édson Araújo",308345,50176,319,"SC Corinthians Paulista",48,INTERNAL_PERSON_ID,0x008F7197,UINT16,0x008F650D,-3210,False,False,10270000000000000000000000000D51300000000000000000000000000000000000000000000000
"Édson Araújo",308345,50176,319,"SC Corinthians Paulista",48,INTERNAL_PERSON_ID,0x008F7197,UINT32,0x008F650D,-3210,False,False,10270000000000000000000000000D51300000000000000000000000000000000000000000000000
"Édson Araújo",308345,50176,319,"SC Corinthians Paulista",48,INTERNAL_PERSON_ID,0x008F7197,UINT16,0x008F6764,-2611,False,False,0011FFFFFFFF01610600CF00000001613000DD0000000000000400D4070000101700004576380001
"Édson Araújo",308345,50176,319,"SC Corinthians Paulista",48,INTERNAL_PERSON_ID,0x008F7197,UINT16,0x008F6A99,-1790,False,False,0400B80100001317000000C3000000D4300000B500D80703040000000000000000AB00D4072C020A
"Édson Araújo",308345,50176,319,"SC Corinthians Paulista",48,INTERNAL_PERSON_ID,0x008F7197,UINT16,0x008F7EC6,3375,False,False,0000E0010000221700000002010000D4300000B400D607010400000000000000000100D407370264
"Édson Araújo",308345,50176,319,"SC Corinthians Paulista",48,INTERNAL_PERSON_ID,0x009002E4,UINT16,0x008FF41A,-3786,False,False,08009600000001611F0075010000016130009101000002610400AA000000000000B500D30700008B
"Édson Araújo",308345,50176,319,"SC Corinthians Paulista",48,INTERNAL_PERSON_ID,0x009002E4,UINT16,0x008FF7C7,-2845,False,False,FFFFFFFF71720000FA8A0000FFFFFFFF3000B507008F0000008401000022000801FFFFFFFF000000
"Édson Araújo",308345,50176,319,"SC Corinthians Paulista",48,INTERNAL_PERSON_ID,0x009002E4,UINT16,0x008FF847,-2717,False,False,D307240232040000000001090209640030000000000A6400FFFFFFFF010364009E00000000450004
"Édson Araújo",308345,50176,319,"SC Corinthians Paulista",48,INTERNAL_PERSON_ID,0x009002E4,UINT32,0x008FF847,-2717,False,False,D307240232040000000001090209640030000000000A6400FFFFFFFF010364009E00000000450004
"Édson Araújo",308345,50176,319,"SC Corinthians Paulista",48,INTERNAL_PERSON_ID,0x009002E4,UINT16,0x00900490,428,False,False,35007901000002623500AA00000001613000B60000000262300091000000026148009E0000000000
"Édson Araújo",308345,50176,319,"SC Corinthians Paulista",48,INTERNAL_PERSON_ID,0x009002E4,UINT16,0x00900498,436,False,False,3500AA00000001613000B60000000262300091000000026148009E000000000000DB00D307000098
"Édson Araújo",308345,50176,319,"SC Corinthians Paulista",48,INTERNAL_PERSON_ID,0x009012EF,UINT16,0x00900490,-3679,False,False,35007901000002623500AA00000001613000B60000000262300091000000026148009E0000000000
"Édson Araújo",308345,50176,319,"SC Corinthians Paulista",48,INTERNAL_PERSON_ID,0x009012EF,UINT16,0x00900498,-3671,False,False,3500AA00000001613000B60000000262300091000000026148009E000000000000DB00D307000098
"Édson Araújo",308345,50176,319,"SC Corinthians Paulista",48,INTERNAL_PERSON_ID,0x009012EF,UINT16,0x009014CD,478,False,False,7017C40964008C006F120000FFFFFFFF300000000A9C10270000102700FF1F000000000000000000
"Édson Araújo",308345,50176,319,"SC Corinthians Paulista",48,INTERNAL_PERSON_ID,0x009012EF,UINT32,0x009014CD,478,False,False,7017C40964008C006F120000FFFFFFFF300000000A9C10270000102700FF1F000000000000000000
"Édson Araújo",308345,50176,319,"SC Corinthians Paulista",48,INTERNAL_PERSON_ID,0x009012EF,UINT16,0x00901B13,2084,False,False,0E0100FD2A0000CA00B60700BD000000300000000E020000FFFFFFFF0000006C0735020000010000
"Édson Araújo",308345,50176,319,"SC Corinthians Paulista",48,INTERNAL_PERSON_ID,0x009012EF,UINT32,0x00901B13,2084,False,False,0E0100FD2A0000CA00B60700BD000000300000000E020000FFFFFFFF0000006C0735020000010000
"Édson Araújo",308345,50176,319,"SC Corinthians Paulista",48,INTERNAL_PERSON_ID,0x009012EF,UINT16,0x00901BAF,2240,False,False,8901000002620C00AA00000001611C003000000002610E00BD0000000000000000D4070000A91700
"Édson Araújo",308345,50176,319,"SC Corinthians Paulista",48,INTERNAL_PERSON_ID,0x009012EF,UINT32,0x00901BAF,2240,False,False,8901000002620C00AA00000001611C003000000002610E00BD0000000000000000D4070000A91700
"Édson Araújo",308345,50176,319,"SC Corinthians Paulista",48,INTERNAL_PERSON_ID,0x009012EF,UINT16,0x00902235,3910,False,False,2D009001000002625D00AA000000016130007501000002614A00C3000000000000B500D1070000AE
"Édson Araújo",308345,50176,319,"SC Corinthians Paulista",48,INTERNAL_PERSON_ID,0x0090F86C,UINT16,0x0091066B,3583,False,False,07FFFFFFFF100400D40700E6170000D43000000000000000FFFFFFFF000001020103460060060000
"Édson Araújo",308345,50176,319,"SC Corinthians Paulista",48,INTERNAL_PERSON_ID,0x0090F86C,UINT32,0x0091066B,3583,False,False,07FFFFFFFF100400D40700E6170000D43000000000000000FFFFFFFF000001020103460060060000
"Édson Araújo",308345,50176,319,"SC Corinthians Paulista",48,INTERNAL_PERSON_ID,0x0090F8FC,UINT16,0x0091066B,3439,False,False,07FFFFFFFF100400D40700E6170000D43000000000000000FFFFFFFF000001020103460060060000
"Édson Araújo",308345,50176,319,"SC Corinthians Paulista",48,INTERNAL_PERSON_ID,0x0090F8FC,UINT32,0x0091066B,3439,False,False,07FFFFFFFF100400D40700E6170000D43000000000000000FFFFFFFF000001020103460060060000
"Édson Araújo",308345,50176,319,"SC Corinthians Paulista",48,INTERNAL_PERSON_ID,0x0090F935,UINT16,0x0091066B,3382,False,False,07FFFFFFFF100400D40700E6170000D43000000000000000FFFFFFFF000001020103460060060000
"Édson Araújo",308345,50176,319,"SC Corinthians Paulista",48,INTERNAL_PERSON_ID,0x0090F935,UINT32,0x0091066B,3382,False,False,07FFFFFFFF100400D40700E6170000D43000000000000000FFFFFFFF000001020103460060060000
"Édson Araújo",308345,50176,319,"SC Corinthians Paulista",48,INTERNAL_PERSON_ID,0x00924213,UINT16,0x00923465,-3502,False,False,00010000000000000000C5060000201030000000000001000000000000190019007D0000007D0001
"Édson Araújo",308345,50176,319,"SC Corinthians Paulista",48,INTERNAL_PERSON_ID,0x00924213,UINT32,0x00923465,-3502,False,False,00010000000000000000C5060000201030000000000001000000000000190019007D0000007D0001
"Édson Araújo",308345,50176,319,"SC Corinthians Paulista",48,INTERNAL_PERSON_ID,0x0095370F,UINT16,0x009530C3,-1612,False,False,02030F000000003A581300391C00000030000000FA000000B600D607030400000000000000000000
"Édson Araújo",308345,50176,319,"SC Corinthians Paulista",48,INTERNAL_PERSON_ID,0x0095370F,UINT32,0x009530C3,-1612,False,False,02030F000000003A581300391C00000030000000FA000000B600D607030400000000000000000000
"Édson Araújo",308345,50176,319,"SC Corinthians Paulista",48,INTERNAL_PERSON_ID,0x0095370F,UINT16,0x0095329A,-1141,False,False,02030F000000005D3E00003B1C000000300000002100000001006C07060400000000000000000000
"Édson Araújo",308345,50176,319,"SC Corinthians Paulista",48,INTERNAL_PERSON_ID,0x0095370F,UINT32,0x0095329A,-1141,False,False,02030F000000005D3E00003B1C000000300000002100000001006C07060400000000000000000000
"Édson Araújo",308345,50176,319,"SC Corinthians Paulista",48,INTERNAL_PERSON_ID,0x009B867E,UINT16,0x009B7AC2,-3004,False,False,00A8290000E7F3F50504FFFFFFFF0E003000CA060212130213140700000000000000AABE0000DC02
"Édson Araújo",308345,50176,319,"SC Corinthians Paulista",48,INTERNAL_PERSON_ID,0x009B867E,UINT16,0x009B7B9E,-2784,False,False,00AA290000E9F3F50504FFFFFFFF010030000E0709100B1307030700000000000000F1BE00003402
"Édson Araújo",308345,50176,319,"SC Corinthians Paulista",48,INTERNAL_PERSON_ID,0x009B86EC,UINT16,0x009B7AC2,-3114,False,False,00A8290000E7F3F50504FFFFFFFF0E003000CA060212130213140700000000000000AABE0000DC02
"Édson Araújo",308345,50176,319,"SC Corinthians Paulista",48,INTERNAL_PERSON_ID,0x009B86EC,UINT16,0x009B7B9E,-2894,False,False,00AA290000E9F3F50504FFFFFFFF010030000E0709100B1307030700000000000000F1BE00003402
"Édson Araújo",308345,50176,319,"SC Corinthians Paulista",48,INTERNAL_PERSON_ID,0x009B875A,UINT16,0x009B7AC2,-3224,False,False,00A8290000E7F3F50504FFFFFFFF0E003000CA060212130213140700000000000000AABE0000DC02
"Édson Araújo",308345,50176,319,"SC Corinthians Paulista",48,INTERNAL_PERSON_ID,0x009B875A,UINT16,0x009B7B9E,-3004,False,False,00AA290000E9F3F50504FFFFFFFF010030000E0709100B1307030700000000000000F1BE00003402
"Édson Araújo",308345,50176,319,"SC Corinthians Paulista",48,INTERNAL_PERSON_ID,0x00A7D6E1,UINT16,0x00A7C890,-3665,False,False,FFFFFFFFFFFFFF2D000000716187000030000000D407AC020000FFFFFFFFFFFFFFFFFFFFFFFFFFFF
"Édson Araújo",308345,50176,319,"SC Corinthians Paulista",48,INTERNAL_PERSON_ID,0x00A7D6E1,UINT32,0x00A7C890,-3665,False,False,FFFFFFFFFFFFFF2D000000716187000030000000D407AC020000FFFFFFFFFFFFFFFFFFFFFFFFFFFF
"Édson Araújo",308345,50176,319,"SC Corinthians Paulista",48,INTERNAL_PERSON_ID,0x00A7D6E1,UINT16,0x00A7C8FC,-3557,False,False,42020000FFFFFFFFFFFFFFFFFFFFFFFF300000006FED16000033000000D407460200004502000040
"Édson Araújo",308345,50176,319,"SC Corinthians Paulista",48,INTERNAL_PERSON_ID,0x00A7D6E1,UINT32,0x00A7C8FC,-3557,False,False,42020000FFFFFFFFFFFFFFFFFFFFFFFF300000006FED16000033000000D407460200004502000040
"Édson Araújo",308345,50176,319,"SC Corinthians Paulista",48,INTERNAL_PERSON_ID,0x00A83DED,UINT16,0x00A831BB,-3122,False,False,00010A54000000FFFFFFFF00FFFFFFFF300000009800D407F200D40700000055000000FFFFFFFF00
"Édson Araújo",308345,50176,319,"SC Corinthians Paulista",48,INTERNAL_PERSON_ID,0x00A83DED,UINT32,0x00A831BB,-3122,False,False,00010A54000000FFFFFFFF00FFFFFFFF300000009800D407F200D40700000055000000FFFFFFFF00
"Édson Araújo",308345,50176,319,"SC Corinthians Paulista",48,INTERNAL_PERSON_ID,0x00A83DED,UINT16,0x00A83883,-1386,False,False,00000092000000FFFFFFFF00FFFFFFFF300000008100D3071B01D40700000D93000000FFFFFFFF00
"Édson Araújo",308345,50176,319,"SC Corinthians Paulista",48,INTERNAL_PERSON_ID,0x00A83DED,UINT32,0x00A83883,-1386,False,False,00000092000000FFFFFFFF00FFFFFFFF300000008100D3071B01D40700000D93000000FFFFFFFF00
"Édson Araújo",308345,50176,319,"SC Corinthians Paulista",48,INTERNAL_PERSON_ID,0x00A83DED,UINT16,0x00A83D07,-230,False,False,FFFFFF00FFFFFFFF1B000000C700D4073000D507000000BC000000FFFFFFFF00FFFFFFFF39000000
"Édson Araújo",308345,50176,319,"SC Corinthians Paulista",48,INTERNAL_PERSON_ID,0x00A83DED,UINT16,0x00A84183,918,False,False,FFFFFF00FFFFFFFF1A0000005F01D3073000D407000000E5000000FFFFFFFF00FFFFFFFF19000000
"Édson Araújo",308345,50176,319,"SC Corinthians Paulista",48,INTERNAL_PERSON_ID,0x00A8BEDA,UINT16,0x00A8B507,-2515,False,False,000000FFFFFFFF00FFFFFFFFA500A50030000000FFFFFFFF00FFFFFFFFB4008C0031000000FFFFFF
"Édson Araújo",308345,50176,319,"SC Corinthians Paulista",48,INTERNAL_PERSON_ID,0x00A8BEDA,UINT32,0x00A8B507,-2515,False,False,000000FFFFFFFF00FFFFFFFFA500A50030000000FFFFFFFF00FFFFFFFFB4008C0031000000FFFFFF
"Édson Araújo",308345,50176,319,"SC Corinthians Paulista",48,INTERNAL_PERSON_ID,0x00A8BEDA,UINT16,0x00A8C2CF,1013,False,False,0000170000000A2F000000070000000A30000000070000000A31000000170000000A320000000100
"Édson Araújo",308345,50176,319,"SC Corinthians Paulista",48,INTERNAL_PERSON_ID,0x00A8BEDA,UINT32,0x00A8C2CF,1013,False,False,0000170000000A2F000000070000000A30000000070000000A31000000170000000A320000000100
"Édson Araújo",308345,50176,319,"SC Corinthians Paulista",48,PERSON_DATABASE_ID,0x007DC3AA,UINT16,0x007DBC95,-1813,False,False,0000FFFFFFFF010001000000F20000003000000018000000000000008F27000000010002030F0000
"Édson Araújo",308345,50176,319,"SC Corinthians Paulista",48,PERSON_DATABASE_ID,0x007DC3AA,UINT32,0x007DBC95,-1813,False,False,0000FFFFFFFF010001000000F20000003000000018000000000000008F27000000010002030F0000
"Édson Araújo",308345,50176,319,"SC Corinthians Paulista",48,PERSON_DATABASE_ID,0x007DC3AA,UINT16,0x007DC343,-103,False,False,02030F00000000F78C8A00790700000030000000EE0200006D01D407040400000000000000000400
"Édson Araújo",308345,50176,319,"SC Corinthians Paulista",48,PERSON_DATABASE_ID,0x007DC3AA,UINT32,0x007DC343,-103,False,False,02030F00000000F78C8A00790700000030000000EE0200006D01D407040400000000000000000400
"Édson Araújo",308345,50176,319,"SC Corinthians Paulista",48,PERSON_DATABASE_ID,0x007DC3AA,UINT16,0x007DC48F,229,False,False,FF0000000000FFFFFFFF01000100000030000000000000000000000000000000ED0000005C010002
"Édson Araújo",308345,50176,319,"SC Corinthians Paulista",48,PERSON_DATABASE_ID,0x007DC3AA,UINT32,0x007DC48F,229,False,False,FF0000000000FFFFFFFF01000100000030000000000000000000000000000000ED0000005C010002
"Édson Araújo",308345,50176,319,"SC Corinthians Paulista",48,PERSON_DATABASE_ID,0x007DC3AA,UINT16,0x007DC88B,1249,False,False,000003000000080000008401000100253000007D07000000770300004B0000001E00D60702040000
"Fabiano Eller",3300219,68361,322,"CR Flamengo",51,INTERNAL_PERSON_ID,0x008CB59D,UINT16,0x008CB4E0,-189,False,False,0009FFFFFFFF0161090037000000016133003E01000002623300A20000000000000400D4070000AB
"Fabiano Eller",3300219,68361,322,"CR Flamengo",51,INTERNAL_PERSON_ID,0x008CB59D,UINT16,0x008CB4E8,-181,False,False,090037000000016133003E01000002623300A20000000000000400D4070000AB140000795B320002
"Fabiano Eller",3300219,68361,322,"CR Flamengo",51,INTERNAL_PERSON_ID,0x008CB59D,UINT16,0x008CB602,101,False,False,000090010001002B156000AC14000000330000001E0200001E00D607030400000000000000000000
"Fabiano Eller",3300219,68361,322,"CR Flamengo",51,INTERNAL_PERSON_ID,0x008CB59D,UINT32,0x008CB602,101,False,False,000090010001002B156000AC14000000330000001E0200001E00D607030400000000000000000000
"Fabiano Eller",3300219,68361,322,"CR Flamengo",51,INTERNAL_PERSON_ID,0x008CB59D,UINT16,0x008CB63A,157,False,False,44000000016109003A00000001612800330000000000000000D3070000AC1400007B5B320002201C
"Fabiano Eller",3300219,68361,322,"CR Flamengo",51,INTERNAL_PERSON_ID,0x008CB59D,UINT32,0x008CB63A,157,False,False,44000000016109003A00000001612800330000000000000000D3070000AC1400007B5B320002201C
"Fabiano Eller",3300219,68361,322,"CR Flamengo",51,INTERNAL_PERSON_ID,0x008CB59D,UINT16,0x008CB793,502,False,False,0001FFFFFFFF01610C0044000000016133004801000002623300A200000002610600BD0000000000
"Fabiano Eller",3300219,68361,322,"CR Flamengo",51,INTERNAL_PERSON_ID,0x008CB59D,UINT16,0x008CB79B,510,False,False,0C0044000000016133004801000002623300A200000002610600BD0000000000000000D3070000AD
"Fabiano Eller",3300219,68361,322,"CR Flamengo",51,INTERNAL_PERSON_ID,0x008CB59D,UINT16,0x008CC1E1,3140,False,False,079A080000010000D1070A4A140000613300000000000000FFFFFFFF010001000000690000000000
"Fabiano Eller",3300219,68361,322,"CR Flamengo",51,INTERNAL_PERSON_ID,0x008CB59D,UINT32,0x008CC1E1,3140,False,False,079A080000010000D1070A4A140000613300000000000000FFFFFFFF010001000000690000000000
"Fabiano Eller",3300219,68361,322,"CR Flamengo",51,PERSON_DATABASE_ID,0x008CB64B,UINT16,0x008CB4E0,-363,False,False,0009FFFFFFFF0161090037000000016133003E01000002623300A20000000000000400D4070000AB
"Fabiano Eller",3300219,68361,322,"CR Flamengo",51,PERSON_DATABASE_ID,0x008CB64B,UINT16,0x008CB4E8,-355,False,False,090037000000016133003E01000002623300A20000000000000400D4070000AB140000795B320002
"Fabiano Eller",3300219,68361,322,"CR Flamengo",51,PERSON_DATABASE_ID,0x008CB64B,UINT16,0x008CB602,-73,False,False,000090010001002B156000AC14000000330000001E0200001E00D607030400000000000000000000
"Fabiano Eller",3300219,68361,322,"CR Flamengo",51,PERSON_DATABASE_ID,0x008CB64B,UINT32,0x008CB602,-73,False,False,000090010001002B156000AC14000000330000001E0200001E00D607030400000000000000000000
"Fabiano Eller",3300219,68361,322,"CR Flamengo",51,PERSON_DATABASE_ID,0x008CB64B,UINT16,0x008CB63A,-17,False,True,44000000016109003A00000001612800330000000000000000D3070000AC1400007B5B320002201C
"Fabiano Eller",3300219,68361,322,"CR Flamengo",51,PERSON_DATABASE_ID,0x008CB64B,UINT32,0x008CB63A,-17,False,True,44000000016109003A00000001612800330000000000000000D3070000AC1400007B5B320002201C
"Fabiano Eller",3300219,68361,322,"CR Flamengo",51,PERSON_DATABASE_ID,0x008CB64B,UINT16,0x008CB793,328,False,False,0001FFFFFFFF01610C0044000000016133004801000002623300A200000002610600BD0000000000
"Fabiano Eller",3300219,68361,322,"CR Flamengo",51,PERSON_DATABASE_ID,0x008CB64B,UINT16,0x008CB79B,336,False,False,0C0044000000016133004801000002623300A200000002610600BD0000000000000000D3070000AD
"Fabiano Eller",3300219,68361,322,"CR Flamengo",51,PERSON_DATABASE_ID,0x008CB64B,UINT16,0x008CC1E1,2966,False,False,079A080000010000D1070A4A140000613300000000000000FFFFFFFF010001000000690000000000
"Fabiano Eller",3300219,68361,322,"CR Flamengo",51,PERSON_DATABASE_ID,0x008CB64B,UINT32,0x008CC1E1,2966,False,False,079A080000010000D1070A4A140000613300000000000000FFFFFFFF010001000000690000000000
"Fábio Baiano",3300471,9449,319,"SC Corinthians Paulista",48,INTERNAL_PERSON_ID,0x0069D781,UINT16,0x0069CFAB,-2006,False,False,0000FFFFFFFFBF240000A58D5B000070300000600900000000000000FFFFFFFF0500000000000000
"Fábio Baiano",3300471,9449,319,"SC Corinthians Paulista",48,INTERNAL_PERSON_ID,0x0069D781,UINT16,0x0069D33B,-1094,False,False,0000FFFFFFFFD2240000B98D5B0000793000001F070000204E000000FFFFFFFF0500000000000000
"Fábio Baiano",3300471,9449,319,"SC Corinthians Paulista",48,INTERNAL_PERSON_ID,0x0069D781,UINT16,0x0069D90B,394,False,False,0000FFFFFFFFF1240000CB965B0000AF300000CA0800000000000000FFFFFFFF0500000000000000
"Fábio Baiano",3300471,9449,319,"SC Corinthians Paulista",48,INTERNAL_PERSON_ID,0x008D10A9,UINT16,0x008D110A,97,False,False,00000001000100DEED5100FE1400000030000000620C00006D01D407030400000000000000000400
"Fábio Baiano",3300471,9449,319,"SC Corinthians Paulista",48,INTERNAL_PERSON_ID,0x008D10A9,UINT32,0x008D110A,97,False,False,00000001000100DEED5100FE1400000030000000620C00006D01D407030400000000000000000400
"Fábio Baiano",3300471,9449,319,"SC Corinthians Paulista",48,PERSON_DATABASE_ID,0x008D1153,UINT16,0x008D110A,-73,False,False,00000001000100DEED5100FE1400000030000000620C00006D01D407030400000000000000000400
"Fábio Baiano",3300471,9449,319,"SC Corinthians Paulista",48,PERSON_DATABASE_ID,0x008D1153,UINT32,0x008D110A,-73,False,False,00000001000100DEED5100FE1400000030000000620C00006D01D407030400000000000000000400
"Fábio Costa",6900151,8928,319,"SC Corinthians Paulista",48,INTERNAL_PERSON_ID,0x006975D1,UINT16,0x0069859B,4042,False,False,0000A01A000034230000A051570000D4300000E8030000A861000000FFFFFFFF05FA000000780052
"Fábio Costa",6900151,8928,319,"SC Corinthians Paulista",48,INTERNAL_PERSON_ID,0x006976E9,UINT16,0x0069859B,3762,False,False,0000A01A000034230000A051570000D4300000E8030000A861000000FFFFFFFF05FA000000780052
"Fábio Costa",6900151,8928,319,"SC Corinthians Paulista",48,INTERNAL_PERSON_ID,0x00922E7E,UINT16,0x00922C5F,-543,False,False,AF1600000103640040000000016129003000000001611B0032000000016122009F00000002622200
"Fábio Costa",6900151,8928,319,"SC Corinthians Paulista",48,INTERNAL_PERSON_ID,0x00922E7E,UINT32,0x00922C5F,-543,False,False,AF1600000103640040000000016129003000000001611B0032000000016122009F00000002622200
"Fábio Costa",6900151,8928,319,"SC Corinthians Paulista",48,INTERNAL_PERSON_ID,0x00922E7E,UINT16,0x00922EDF,97,False,False,00000001000100861A4600651900000030000000941100001E00D607020400000000000000000000
"Fábio Costa",6900151,8928,319,"SC Corinthians Paulista",48,INTERNAL_PERSON_ID,0x00922E7E,UINT32,0x00922EDF,97,False,False,00000001000100861A4600651900000030000000941100001E00D607020400000000000000000000
"Fábio Costa",6900151,8928,319,"SC Corinthians Paulista",48,INTERNAL_PERSON_ID,0x00922E7E,UINT16,0x00923465,1511,False,False,00010000000000000000C5060000201030000000000001000000000000190019007D0000007D0001
"Fábio Costa",6900151,8928,319,"SC Corinthians Paulista",48,INTERNAL_PERSON_ID,0x00922E7E,UINT32,0x00923465,1511,False,False,00010000000000000000C5060000201030000000000001000000000000190019007D0000007D0001
"Fábio Costa",6900151,8928,319,"SC Corinthians Paulista",48,PERSON_DATABASE_ID,0x00922F20,UINT16,0x00922C5F,-705,False,False,AF1600000103640040000000016129003000000001611B0032000000016122009F00000002622200
"Fábio Costa",6900151,8928,319,"SC Corinthians Paulista",48,PERSON_DATABASE_ID,0x00922F20,UINT32,0x00922C5F,-705,False,False,AF1600000103640040000000016129003000000001611B0032000000016122009F00000002622200
"Fábio Costa",6900151,8928,319,"SC Corinthians Paulista",48,PERSON_DATABASE_ID,0x00922F20,UINT16,0x00922EDF,-65,False,False,00000001000100861A4600651900000030000000941100001E00D607020400000000000000000000
"Fábio Costa",6900151,8928,319,"SC Corinthians Paulista",48,PERSON_DATABASE_ID,0x00922F20,UINT32,0x00922EDF,-65,False,False,00000001000100861A4600651900000030000000941100001E00D607020400000000000000000000
"Fábio Costa",6900151,8928,319,"SC Corinthians Paulista",48,PERSON_DATABASE_ID,0x00922F20,UINT16,0x00923465,1349,False,False,00010000000000000000C5060000201030000000000001000000000000190019007D0000007D0001
"Fábio Costa",6900151,8928,319,"SC Corinthians Paulista",48,PERSON_DATABASE_ID,0x00922F20,UINT32,0x00923465,1349,False,False,00010000000000000000C5060000201030000000000001000000000000190019007D0000007D0001
"Júlio César Moraes",8825041,69212,322,"CR Flamengo",51,INTERNAL_PERSON_ID,0x0093083E,UINT16,0x009308A8,106,False,False,02030F00000000F2CF06003E1A00000033000000530000001E00D607030400000000000000000000
"Júlio César Moraes",8825041,69212,322,"CR Flamengo",51,INTERNAL_PERSON_ID,0x0093083E,UINT32,0x009308A8,106,False,False,02030F00000000F2CF06003E1A00000033000000530000001E00D607030400000000000000000000
"Júlio César Moraes",8825041,69212,322,"CR Flamengo",51,INTERNAL_PERSON_ID,0x0093083E,UINT16,0x009308D8,154,False,False,00000102016112003602000001610200330000000000000000D10700003E1A0000D1A88600029D0E
"Júlio César Moraes",8825041,69212,322,"CR Flamengo",51,INTERNAL_PERSON_ID,0x0093083E,UINT32,0x009308D8,154,False,False,00000102016112003602000001610200330000000000000000D10700003E1A0000D1A88600029D0E
"Júlio César Moraes",8825041,69212,322,"CR Flamengo",51,INTERNAL_PERSON_ID,0x0093083E,UINT16,0x00930DBE,1408,False,False,000000000000FFFFFFFF010001000000330000000000000011000000000000003C02000000010002
"Júlio César Moraes",8825041,69212,322,"CR Flamengo",51,INTERNAL_PERSON_ID,0x0093083E,UINT32,0x00930DBE,1408,False,False,000000000000FFFFFFFF010001000000330000000000000011000000000000003C02000000010002
"Júlio César Moraes",8825041,69212,322,"CR Flamengo",51,PERSON_DATABASE_ID,0x009308E9,UINT16,0x009308A8,-65,False,False,02030F00000000F2CF06003E1A00000033000000530000001E00D607030400000000000000000000
"Júlio César Moraes",8825041,69212,322,"CR Flamengo",51,PERSON_DATABASE_ID,0x009308E9,UINT32,0x009308A8,-65,False,False,02030F00000000F2CF06003E1A00000033000000530000001E00D607030400000000000000000000
"Júlio César Moraes",8825041,69212,322,"CR Flamengo",51,PERSON_DATABASE_ID,0x009308E9,UINT16,0x009308D8,-17,False,True,00000102016112003602000001610200330000000000000000D10700003E1A0000D1A88600029D0E
"Júlio César Moraes",8825041,69212,322,"CR Flamengo",51,PERSON_DATABASE_ID,0x009308E9,UINT32,0x009308D8,-17,False,True,00000102016112003602000001610200330000000000000000D10700003E1A0000D1A88600029D0E
"Júlio César Moraes",8825041,69212,322,"CR Flamengo",51,PERSON_DATABASE_ID,0x009308E9,UINT16,0x00930DBE,1237,False,False,000000000000FFFFFFFF010001000000330000000000000011000000000000003C02000000010002
"Júlio César Moraes",8825041,69212,322,"CR Flamengo",51,PERSON_DATABASE_ID,0x009308E9,UINT32,0x00930DBE,1237,False,False,000000000000FFFFFFFF010001000000330000000000000011000000000000003C02000000010002
"Júnior Baiano",6900111,68979,322,"CR Flamengo",51,INTERNAL_PERSON_ID,0x00920D89,UINT16,0x009202A6,-2787,False,False,020100D62000004800BC0700BD0000003300000000000000FFFFFFFF0000006C0711070000010400
"Júnior Baiano",6900111,68979,322,"CR Flamengo",51,INTERNAL_PERSON_ID,0x00920D89,UINT32,0x009202A6,-2787,False,False,020100D62000004800BC0700BD0000003300000000000000FFFFFFFF0000006C0711070000010400
"Júnior Baiano",6900111,68979,322,"CR Flamengo",51,INTERNAL_PERSON_ID,0x00920D89,UINT16,0x0092033A,-2639,False,False,44000000016101006803000001612200330000000000000400D4070000421900008049690002B80B
"Júnior Baiano",6900111,68979,322,"CR Flamengo",51,INTERNAL_PERSON_ID,0x00920D89,UINT32,0x0092033A,-2639,False,False,44000000016101006803000001612200330000000000000400D4070000421900008049690002B80B
"Júnior Baiano",6900111,68979,322,"CR Flamengo",51,INTERNAL_PERSON_ID,0x00920D89,UINT16,0x00920DEE,101,False,False,00000001000100A40902004B1900000033000000D80900006D01D407030400000000000000000400
"Júnior Baiano",6900111,68979,322,"CR Flamengo",51,INTERNAL_PERSON_ID,0x00920D89,UINT32,0x00920DEE,101,False,False,00000001000100A40902004B1900000033000000D80900006D01D407030400000000000000000400
"Júnior Baiano",6900111,68979,322,"CR Flamengo",51,INTERNAL_PERSON_ID,0x00920D89,UINT16,0x00920F55,460,False,False,000000A60000005300000000000000633300000001000100D06119004C190000003E0000007D0600
"Júnior Baiano",6900111,68979,322,"CR Flamengo",51,INTERNAL_PERSON_ID,0x00920D89,UINT32,0x00920F55,460,False,False,000000A60000005300000000000000633300000001000100D06119004C190000003E0000007D0600
"Júnior Baiano",6900111,68979,322,"CR Flamengo",51,PERSON_DATABASE_ID,0x00920E5F,UINT16,0x009202A6,-3001,False,False,020100D62000004800BC0700BD0000003300000000000000FFFFFFFF0000006C0711070000010400
"Júnior Baiano",6900111,68979,322,"CR Flamengo",51,PERSON_DATABASE_ID,0x00920E5F,UINT32,0x009202A6,-3001,False,False,020100D62000004800BC0700BD0000003300000000000000FFFFFFFF0000006C0711070000010400
"Júnior Baiano",6900111,68979,322,"CR Flamengo",51,PERSON_DATABASE_ID,0x00920E5F,UINT16,0x0092033A,-2853,False,False,44000000016101006803000001612200330000000000000400D4070000421900008049690002B80B
"Júnior Baiano",6900111,68979,322,"CR Flamengo",51,PERSON_DATABASE_ID,0x00920E5F,UINT32,0x0092033A,-2853,False,False,44000000016101006803000001612200330000000000000400D4070000421900008049690002B80B
"Júnior Baiano",6900111,68979,322,"CR Flamengo",51,PERSON_DATABASE_ID,0x00920E5F,UINT16,0x00920DEE,-113,False,False,00000001000100A40902004B1900000033000000D80900006D01D407030400000000000000000400
"Júnior Baiano",6900111,68979,322,"CR Flamengo",51,PERSON_DATABASE_ID,0x00920E5F,UINT32,0x00920DEE,-113,False,False,00000001000100A40902004B1900000033000000D80900006D01D407030400000000000000000400
"Júnior Baiano",6900111,68979,322,"CR Flamengo",51,PERSON_DATABASE_ID,0x00920E5F,UINT16,0x00920F55,246,False,False,000000A60000005300000000000000633300000001000100D06119004C190000003E0000007D0600
"Júnior Baiano",6900111,68979,322,"CR Flamengo",51,PERSON_DATABASE_ID,0x00920E5F,UINT32,0x00920F55,246,False,False,000000A60000005300000000000000633300000001000100D06119004C190000003E0000007D0600
"Luciano Ratinho",6900008,68719,319,"SC Corinthians Paulista",48,INTERNAL_PERSON_ID,0x0091BF4F,UINT16,0x0091B62C,-2339,False,False,000000000000000000010A000A00150030003000750015007500010000010400D4076101D307FFFF
"Luciano Ratinho",6900008,68719,319,"SC Corinthians Paulista",48,INTERNAL_PERSON_ID,0x0091BF4F,UINT16,0x0091B62E,-2337,False,False,00000000000000010A000A00150030003000750015007500010000010400D4076101D307FFFFFFFF
"Luciano Ratinho",6900008,68719,319,"SC Corinthians Paulista",48,INTERNAL_PERSON_ID,0x0091BF4F,UINT16,0x0091BFB9,106,False,False,02030F00000000706949000A1900000030000000CB010000C900D50707050000000000000000C900
"Luciano Ratinho",6900008,68719,319,"SC Corinthians Paulista",48,INTERNAL_PERSON_ID,0x0091BF4F,UINT32,0x0091BFB9,106,False,False,02030F00000000706949000A1900000030000000CB010000C900D50707050000000000000000C900
"Luciano Ratinho",6900008,68719,319,"SC Corinthians Paulista",48,INTERNAL_PERSON_ID,0x0091BF4F,UINT16,0x0091C00F,192,False,False,D30764FF00FF0000000001030161270030000000016113003800000001612C0035000000000000C9
"Luciano Ratinho",6900008,68719,319,"SC Corinthians Paulista",48,INTERNAL_PERSON_ID,0x0091BF4F,UINT32,0x0091C00F,192,False,False,D30764FF00FF0000000001030161270030000000016113003800000001612C0035000000000000C9
"Luciano Ratinho",6900008,68719,319,"SC Corinthians Paulista",48,INTERNAL_PERSON_ID,0x0091BF4F,UINT16,0x0091C9AD,2654,False,False,000001040045004DFFFFFFFF016136003000000001610A005201000002620A00A500000000000004
"Luciano Ratinho",6900008,68719,319,"SC Corinthians Paulista",48,INTERNAL_PERSON_ID,0x0091BF4F,UINT32,0x0091C9AD,2654,False,False,000001040045004DFFFFFFFF016136003000000001610A005201000002620A00A500000000000004
"Luciano Ratinho",6900008,68719,319,"SC Corinthians Paulista",48,INTERNAL_PERSON_ID,0x0091BF4F,UINT16,0x0091CC93,3396,False,False,00F8260000000000000000004300005A300000000000000000000000000000000000000000000000
"Luciano Ratinho",6900008,68719,319,"SC Corinthians Paulista",48,INTERNAL_PERSON_ID,0x0091BF4F,UINT32,0x0091CC93,3396,False,False,00F8260000000000000000004300005A300000000000000000000000000000000000000000000000
"Luciano Ratinho",6900008,68719,319,"SC Corinthians Paulista",48,INTERNAL_PERSON_ID,0x0091BF4F,UINT16,0x0091CF38,4073,False,False,000000000000FFFFFFFF010001000000300000000000000000000000000000000803000000010002
"Luciano Ratinho",6900008,68719,319,"SC Corinthians Paulista",48,INTERNAL_PERSON_ID,0x0091BF4F,UINT32,0x0091CF38,4073,False,False,000000000000FFFFFFFF010001000000300000000000000000000000000000000803000000010002
"Luciano Ratinho",6900008,68719,319,"SC Corinthians Paulista",48,PERSON_DATABASE_ID,0x0091C030,UINT16,0x0091B62C,-2564,False,False,000000000000000000010A000A00150030003000750015007500010000010400D4076101D307FFFF
"Luciano Ratinho",6900008,68719,319,"SC Corinthians Paulista",48,PERSON_DATABASE_ID,0x0091C030,UINT16,0x0091B62E,-2562,False,False,00000000000000010A000A00150030003000750015007500010000010400D4076101D307FFFFFFFF
"Luciano Ratinho",6900008,68719,319,"SC Corinthians Paulista",48,PERSON_DATABASE_ID,0x0091C030,UINT16,0x0091BFB9,-119,False,False,02030F00000000706949000A1900000030000000CB010000C900D50707050000000000000000C900
"Luciano Ratinho",6900008,68719,319,"SC Corinthians Paulista",48,PERSON_DATABASE_ID,0x0091C030,UINT32,0x0091BFB9,-119,False,False,02030F00000000706949000A1900000030000000CB010000C900D50707050000000000000000C900
"Luciano Ratinho",6900008,68719,319,"SC Corinthians Paulista",48,PERSON_DATABASE_ID,0x0091C030,UINT16,0x0091C00F,-33,False,False,D30764FF00FF0000000001030161270030000000016113003800000001612C0035000000000000C9
"Luciano Ratinho",6900008,68719,319,"SC Corinthians Paulista",48,PERSON_DATABASE_ID,0x0091C030,UINT32,0x0091C00F,-33,False,False,D30764FF00FF0000000001030161270030000000016113003800000001612C0035000000000000C9
"Luciano Ratinho",6900008,68719,319,"SC Corinthians Paulista",48,PERSON_DATABASE_ID,0x0091C030,UINT16,0x0091C9AD,2429,False,False,000001040045004DFFFFFFFF016136003000000001610A005201000002620A00A500000000000004
"Luciano Ratinho",6900008,68719,319,"SC Corinthians Paulista",48,PERSON_DATABASE_ID,0x0091C030,UINT32,0x0091C9AD,2429,False,False,000001040045004DFFFFFFFF016136003000000001610A005201000002620A00A500000000000004
"Luciano Ratinho",6900008,68719,319,"SC Corinthians Paulista",48,PERSON_DATABASE_ID,0x0091C030,UINT16,0x0091CC93,3171,False,False,00F8260000000000000000004300005A300000000000000000000000000000000000000000000000
"Luciano Ratinho",6900008,68719,319,"SC Corinthians Paulista",48,PERSON_DATABASE_ID,0x0091C030,UINT32,0x0091CC93,3171,False,False,00F8260000000000000000004300005A300000000000000000000000000000000000000000000000
"Luciano Ratinho",6900008,68719,319,"SC Corinthians Paulista",48,PERSON_DATABASE_ID,0x0091C030,UINT16,0x0091CF38,3848,False,False,000000000000FFFFFFFF010001000000300000000000000000000000000000000803000000010002
"Luciano Ratinho",6900008,68719,319,"SC Corinthians Paulista",48,PERSON_DATABASE_ID,0x0091C030,UINT32,0x0091CF38,3848,False,False,000000000000FFFFFFFF010001000000300000000000000000000000000000000803000000010002
"Marcelo Magalhães",302580,69515,319,"SC Corinthians Paulista",48,INTERNAL_PERSON_ID,0x00797809,UINT16,0x00797139,-1744,False,False,00000000000000680C0000350300000030000000CB0100001E00D707040400000000000000000000
"Marcelo Magalhães",302580,69515,319,"SC Corinthians Paulista",48,INTERNAL_PERSON_ID,0x00797809,UINT32,0x00797139,-1744,False,False,00000000000000680C0000350300000030000000CB0100001E00D707040400000000000000000000
"Marcelo Magalhães",302580,69515,319,"SC Corinthians Paulista",48,INTERNAL_PERSON_ID,0x00797809,UINT16,0x007971E4,-1573,False,False,00000000000000000C0000360300000030000000CB0100001E00D907040400000000000000000000
"Marcelo Magalhães",302580,69515,319,"SC Corinthians Paulista",48,INTERNAL_PERSON_ID,0x00797809,UINT32,0x007971E4,-1573,False,False,00000000000000000C0000360300000030000000CB0100001E00D907040400000000000000000000
"Marcelo Magalhães",302580,69515,319,"SC Corinthians Paulista",48,INTERNAL_PERSON_ID,0x00797809,UINT16,0x007972C7,-1346,False,False,020100D2290000A000BD0700BD0000003000000003000000FFFFFFFF0000006C076401000001B500
"Marcelo Magalhães",302580,69515,319,"SC Corinthians Paulista",48,INTERNAL_PERSON_ID,0x00797809,UINT32,0x007972C7,-1346,False,False,020100D2290000A000BD0700BD0000003000000003000000FFFFFFFF0000006C076401000001B500
"Marcelo Magalhães",302580,69515,319,"SC Corinthians Paulista",48,INTERNAL_PERSON_ID,0x00797809,UINT16,0x0079759C,-621,False,False,0F0100CF2900004B00B00700BD0000003000000005000000FFFFFFFF0000006C0798000000100000
"Marcelo Magalhães",302580,69515,319,"SC Corinthians Paulista",48,INTERNAL_PERSON_ID,0x00797809,UINT32,0x0079759C,-621,False,False,0F0100CF2900004B00B00700BD0000003000000005000000FFFFFFFF0000006C0798000000100000
"Marcelo Magalhães",302580,69515,319,"SC Corinthians Paulista",48,INTERNAL_PERSON_ID,0x00797809,UINT16,0x0079786E,101,False,False,00000001000100986D27003C03000000300000000E0100006C01D50707050000000000000000B500
"Marcelo Magalhães",302580,69515,319,"SC Corinthians Paulista",48,INTERNAL_PERSON_ID,0x00797809,UINT32,0x0079786E,101,False,False,00000001000100986D27003C03000000300000000E0100006C01D50707050000000000000000B500
"Marcelo Magalhães",302580,69515,319,"SC Corinthians Paulista",48,INTERNAL_PERSON_ID,0x00797809,UINT16,0x007978C4,187,False,False,D30764FF00FF000000000104016116003000000001610F0044000000016101003800000001611B00
"Marcelo Magalhães",302580,69515,319,"SC Corinthians Paulista",48,INTERNAL_PERSON_ID,0x00797809,UINT32,0x007978C4,187,False,False,D30764FF00FF000000000104016116003000000001610F0044000000016101003800000001611B00
"Marcelo Magalhães",302580,69515,319,"SC Corinthians Paulista",48,INTERNAL_PERSON_ID,0x00797809,UINT16,0x007979F9,496,False,False,02030F0000000092A748003D03000000300000009A0100001E00D607020400000000000000000000
"Marcelo Magalhães",302580,69515,319,"SC Corinthians Paulista",48,INTERNAL_PERSON_ID,0x00797809,UINT32,0x007979F9,496,False,False,02030F0000000092A748003D03000000300000009A0100001E00D607020400000000000000000000
"Marcelo Magalhães",302580,69515,319,"SC Corinthians Paulista",48,INTERNAL_PERSON_ID,0x00797809,UINT16,0x00797A21,536,False,False,D107310232FF00000000010101615100300000000000000000D10700003D030000F59D0400029808
"Marcelo Magalhães",302580,69515,319,"SC Corinthians Paulista",48,INTERNAL_PERSON_ID,0x00797809,UINT32,0x00797A21,536,False,False,D107310232FF00000000010101615100300000000000000000D10700003D030000F59D0400029808
"Marcelo Magalhães",302580,69515,319,"SC Corinthians Paulista",48,INTERNAL_PERSON_ID,0x00797809,UINT16,0x00797B3E,821,False,False,02030F00000000B8B901003E03000000300000004B0000001E00D607050600000000000000000000
"Marcelo Magalhães",302580,69515,319,"SC Corinthians Paulista",48,INTERNAL_PERSON_ID,0x00797809,UINT32,0x00797B3E,821,False,False,02030F00000000B8B901003E03000000300000004B0000001E00D607050600000000000000000000
"Marcelo Magalhães",302580,69515,319,"SC Corinthians Paulista",48,INTERNAL_PERSON_ID,0x00797809,UINT16,0x00797B66,861,False,False,D1072A0200FF00000000010101613600300000000000000000D10700003E030000F69D0400020019
"Marcelo Magalhães",302580,69515,319,"SC Corinthians Paulista",48,INTERNAL_PERSON_ID,0x00797809,UINT32,0x00797B66,861,False,False,D1072A0200FF00000000010101613600300000000000000000D10700003E030000F69D0400020019
"Marcelo Magalhães",302580,69515,319,"SC Corinthians Paulista",48,INTERNAL_PERSON_ID,0x00797809,UINT16,0x00797C83,1146,False,False,02030F00000000DDC340003F0300000030000000C00100001E00D607030400000000000000000000
"Marcelo Magalhães",302580,69515,319,"SC Corinthians Paulista",48,INTERNAL_PERSON_ID,0x00797809,UINT32,0x00797C83,1146,False,False,02030F00000000DDC340003F0300000030000000C00100001E00D607030400000000000000000000
"Marcelo Magalhães",302580,69515,319,"SC Corinthians Paulista",48,INTERNAL_PERSON_ID,0x00797809,UINT16,0x00797CAB,1186,False,False,D107330219FF00000000010201035A003000000001613600300000000000000000D10700003F0300
"Marcelo Magalhães",302580,69515,319,"SC Corinthians Paulista",48,INTERNAL_PERSON_ID,0x00797809,UINT32,0x00797CAB,1186,False,False,D107330219FF00000000010201035A003000000001613600300000000000000000D10700003F0300
"Marcelo Magalhães",302580,69515,319,"SC Corinthians Paulista",48,INTERNAL_PERSON_ID,0x00797809,UINT16,0x00797CB3,1194,False,False,0000010201035A003000000001613600300000000000000000D10700003F030000F79D040002E204
"Marcelo Magalhães",302580,69515,319,"SC Corinthians Paulista",48,INTERNAL_PERSON_ID,0x00797809,UINT32,0x00797CB3,1194,False,False,0000010201035A003000000001613600300000000000000000D10700003F030000F79D040002E204
"Marcelo Magalhães",302580,69515,319,"SC Corinthians Paulista",48,INTERNAL_PERSON_ID,0x00797809,UINT16,0x00797DC0,1463,False,False,02030F000000006DA100004003000000300000004B0000001E00D607050600000000000000000000
"Marcelo Magalhães",302580,69515,319,"SC Corinthians Paulista",48,INTERNAL_PERSON_ID,0x00797809,UINT32,0x00797DC0,1463,False,False,02030F000000006DA100004003000000300000004B0000001E00D607050600000000000000000000
"Marcelo Magalhães",302580,69515,319,"SC Corinthians Paulista",48,INTERNAL_PERSON_ID,0x00797809,UINT16,0x00797DE8,1503,False,False,D107330200FF00000000010101613600300000000000000000D107000040030000F89D0400026400
"Marcelo Magalhães",302580,69515,319,"SC Corinthians Paulista",48,INTERNAL_PERSON_ID,0x00797809,UINT32,0x00797DE8,1503,False,False,D107330200FF00000000010101613600300000000000000000D107000040030000F89D0400026400
"Marcelo Magalhães",302580,69515,319,"SC Corinthians Paulista",48,INTERNAL_PERSON_ID,0x00797809,UINT16,0x00797EF5,1772,False,False,02030A00000000803E00004103000000300000004B0000001E00D607050600000000000000000000
"Marcelo Magalhães",302580,69515,319,"SC Corinthians Paulista",48,INTERNAL_PERSON_ID,0x00797809,UINT32,0x00797EF5,1772,False,False,02030A00000000803E00004103000000300000004B0000001E00D607050600000000000000000000
"Marcelo Magalhães",302580,69515,319,"SC Corinthians Paulista",48,INTERNAL_PERSON_ID,0x00797809,UINT16,0x00797F1D,1812,False,False,D107290200FF00000000010101613600300000000000000000D107000041030000F99D040002BE0A
"Marcelo Magalhães",302580,69515,319,"SC Corinthians Paulista",48,INTERNAL_PERSON_ID,0x00797809,UINT32,0x00797F1D,1812,False,False,D107290200FF00000000010101613600300000000000000000D107000041030000F99D040002BE0A
"Marcelo Magalhães",302580,69515,319,"SC Corinthians Paulista",48,INTERNAL_PERSON_ID,0x00797809,UINT16,0x0079817F,2422,False,False,02030F000000003AC80200430300000030000000520000001E00D607050500000000000000000000
"Marcelo Magalhães",302580,69515,319,"SC Corinthians Paulista",48,INTERNAL_PERSON_ID,0x00797809,UINT32,0x0079817F,2422,False,False,02030F000000003AC80200430300000030000000520000001E00D607050500000000000000000000
"Marcelo Magalhães",302580,69515,319,"SC Corinthians Paulista",48,INTERNAL_PERSON_ID,0x00797809,UINT16,0x007981D5,2508,False,False,D40764FF00FF000000000102016131003000000001613600380200000000000000D1070000430300
"Marcelo Magalhães",302580,69515,319,"SC Corinthians Paulista",48,INTERNAL_PERSON_ID,0x00797809,UINT32,0x007981D5,2508,False,False,D40764FF00FF000000000102016131003000000001613600380200000000000000D1070000430300
"Marcelo Magalhães",302580,69515,319,"SC Corinthians Paulista",48,INTERNAL_PERSON_ID,0x00797809,UINT16,0x007982A1,2712,False,False,060100CB2900007600B70700BD00000030000000000000002C0200000100006C077402000001B500
"Marcelo Magalhães",302580,69515,319,"SC Corinthians Paulista",48,INTERNAL_PERSON_ID,0x00797809,UINT32,0x007982A1,2712,False,False,060100CB2900007600B70700BD00000030000000000000002C0200000100006C077402000001B500
"Marcelo Magalhães",302580,69515,319,"SC Corinthians Paulista",48,INTERNAL_PERSON_ID,0x00797809,UINT16,0x00798318,2831,False,False,D40736023202000000000106010355003000000000450002FFFFFFFF016109003700000001613000
"Marcelo Magalhães",302580,69515,319,"SC Corinthians Paulista",48,INTERNAL_PERSON_ID,0x00797809,UINT32,0x00798318,2831,False,False,D40736023202000000000106010355003000000000450002FFFFFFFF016109003700000001613000
"Marcelo Magalhães",302580,69515,319,"SC Corinthians Paulista",48,INTERNAL_PERSON_ID,0x00797809,UINT16,0x0079832E,2853,False,False,0002FFFFFFFF0161090037000000016130003000000001613100A501000002623100AD0000000000
"Marcelo Magalhães",302580,69515,319,"SC Corinthians Paulista",48,INTERNAL_PERSON_ID,0x00797809,UINT16,0x00798330,2855,False,False,FFFFFFFF0161090037000000016130003000000001613100A501000002623100AD000000000000B5
"Marcelo Magalhães",302580,69515,319,"SC Corinthians Paulista",48,INTERNAL_PERSON_ID,0x00797809,UINT32,0x00798330,2855,False,False,FFFFFFFF0161090037000000016130003000000001613100A501000002623100AD000000000000B5
"Marcelo Magalhães",302580,69515,319,"SC Corinthians Paulista",48,PERSON_DATABASE_ID,0x007978ED,UINT16,0x00797139,-1972,False,False,00000000000000680C0000350300000030000000CB0100001E00D707040400000000000000000000
"Marcelo Magalhães",302580,69515,319,"SC Corinthians Paulista",48,PERSON_DATABASE_ID,0x007978ED,UINT32,0x00797139,-1972,False,False,00000000000000680C0000350300000030000000CB0100001E00D707040400000000000000000000
"Marcelo Magalhães",302580,69515,319,"SC Corinthians Paulista",48,PERSON_DATABASE_ID,0x007978ED,UINT16,0x007971E4,-1801,False,False,00000000000000000C0000360300000030000000CB0100001E00D907040400000000000000000000
"Marcelo Magalhães",302580,69515,319,"SC Corinthians Paulista",48,PERSON_DATABASE_ID,0x007978ED,UINT32,0x007971E4,-1801,False,False,00000000000000000C0000360300000030000000CB0100001E00D907040400000000000000000000
"Marcelo Magalhães",302580,69515,319,"SC Corinthians Paulista",48,PERSON_DATABASE_ID,0x007978ED,UINT16,0x007972C7,-1574,False,False,020100D2290000A000BD0700BD0000003000000003000000FFFFFFFF0000006C076401000001B500
"Marcelo Magalhães",302580,69515,319,"SC Corinthians Paulista",48,PERSON_DATABASE_ID,0x007978ED,UINT32,0x007972C7,-1574,False,False,020100D2290000A000BD0700BD0000003000000003000000FFFFFFFF0000006C076401000001B500
"Marcelo Magalhães",302580,69515,319,"SC Corinthians Paulista",48,PERSON_DATABASE_ID,0x007978ED,UINT16,0x0079759C,-849,False,False,0F0100CF2900004B00B00700BD0000003000000005000000FFFFFFFF0000006C0798000000100000
"Marcelo Magalhães",302580,69515,319,"SC Corinthians Paulista",48,PERSON_DATABASE_ID,0x007978ED,UINT32,0x0079759C,-849,False,False,0F0100CF2900004B00B00700BD0000003000000005000000FFFFFFFF0000006C0798000000100000
"Marcelo Magalhães",302580,69515,319,"SC Corinthians Paulista",48,PERSON_DATABASE_ID,0x007978ED,UINT16,0x0079786E,-127,False,False,00000001000100986D27003C03000000300000000E0100006C01D50707050000000000000000B500
"Marcelo Magalhães",302580,69515,319,"SC Corinthians Paulista",48,PERSON_DATABASE_ID,0x007978ED,UINT32,0x0079786E,-127,False,False,00000001000100986D27003C03000000300000000E0100006C01D50707050000000000000000B500
"Marcelo Magalhães",302580,69515,319,"SC Corinthians Paulista",48,PERSON_DATABASE_ID,0x007978ED,UINT16,0x007978C4,-41,False,False,D30764FF00FF000000000104016116003000000001610F0044000000016101003800000001611B00
"Marcelo Magalhães",302580,69515,319,"SC Corinthians Paulista",48,PERSON_DATABASE_ID,0x007978ED,UINT32,0x007978C4,-41,False,False,D30764FF00FF000000000104016116003000000001610F0044000000016101003800000001611B00
"Marcelo Magalhães",302580,69515,319,"SC Corinthians Paulista",48,PERSON_DATABASE_ID,0x007978ED,UINT16,0x007979F9,268,False,False,02030F0000000092A748003D03000000300000009A0100001E00D607020400000000000000000000
"Marcelo Magalhães",302580,69515,319,"SC Corinthians Paulista",48,PERSON_DATABASE_ID,0x007978ED,UINT32,0x007979F9,268,False,False,02030F0000000092A748003D03000000300000009A0100001E00D607020400000000000000000000
"Marcelo Magalhães",302580,69515,319,"SC Corinthians Paulista",48,PERSON_DATABASE_ID,0x007978ED,UINT16,0x00797A21,308,False,False,D107310232FF00000000010101615100300000000000000000D10700003D030000F59D0400029808
"Marcelo Magalhães",302580,69515,319,"SC Corinthians Paulista",48,PERSON_DATABASE_ID,0x007978ED,UINT32,0x00797A21,308,False,False,D107310232FF00000000010101615100300000000000000000D10700003D030000F59D0400029808
"Marcelo Magalhães",302580,69515,319,"SC Corinthians Paulista",48,PERSON_DATABASE_ID,0x007978ED,UINT16,0x00797B3E,593,False,False,02030F00000000B8B901003E03000000300000004B0000001E00D607050600000000000000000000
"Marcelo Magalhães",302580,69515,319,"SC Corinthians Paulista",48,PERSON_DATABASE_ID,0x007978ED,UINT32,0x00797B3E,593,False,False,02030F00000000B8B901003E03000000300000004B0000001E00D607050600000000000000000000
"Marcelo Magalhães",302580,69515,319,"SC Corinthians Paulista",48,PERSON_DATABASE_ID,0x007978ED,UINT16,0x00797B66,633,False,False,D1072A0200FF00000000010101613600300000000000000000D10700003E030000F69D0400020019
"Marcelo Magalhães",302580,69515,319,"SC Corinthians Paulista",48,PERSON_DATABASE_ID,0x007978ED,UINT32,0x00797B66,633,False,False,D1072A0200FF00000000010101613600300000000000000000D10700003E030000F69D0400020019
"Marcelo Magalhães",302580,69515,319,"SC Corinthians Paulista",48,PERSON_DATABASE_ID,0x007978ED,UINT16,0x00797C83,918,False,False,02030F00000000DDC340003F0300000030000000C00100001E00D607030400000000000000000000
"Marcelo Magalhães",302580,69515,319,"SC Corinthians Paulista",48,PERSON_DATABASE_ID,0x007978ED,UINT32,0x00797C83,918,False,False,02030F00000000DDC340003F0300000030000000C00100001E00D607030400000000000000000000
"Marcelo Magalhães",302580,69515,319,"SC Corinthians Paulista",48,PERSON_DATABASE_ID,0x007978ED,UINT16,0x00797CAB,958,False,False,D107330219FF00000000010201035A003000000001613600300000000000000000D10700003F0300
"Marcelo Magalhães",302580,69515,319,"SC Corinthians Paulista",48,PERSON_DATABASE_ID,0x007978ED,UINT32,0x00797CAB,958,False,False,D107330219FF00000000010201035A003000000001613600300000000000000000D10700003F0300
"Marcelo Magalhães",302580,69515,319,"SC Corinthians Paulista",48,PERSON_DATABASE_ID,0x007978ED,UINT16,0x00797CB3,966,False,False,0000010201035A003000000001613600300000000000000000D10700003F030000F79D040002E204
"Marcelo Magalhães",302580,69515,319,"SC Corinthians Paulista",48,PERSON_DATABASE_ID,0x007978ED,UINT32,0x00797CB3,966,False,False,0000010201035A003000000001613600300000000000000000D10700003F030000F79D040002E204
"Marcelo Magalhães",302580,69515,319,"SC Corinthians Paulista",48,PERSON_DATABASE_ID,0x007978ED,UINT16,0x00797DC0,1235,False,False,02030F000000006DA100004003000000300000004B0000001E00D607050600000000000000000000
"Marcelo Magalhães",302580,69515,319,"SC Corinthians Paulista",48,PERSON_DATABASE_ID,0x007978ED,UINT32,0x00797DC0,1235,False,False,02030F000000006DA100004003000000300000004B0000001E00D607050600000000000000000000
"Marcelo Magalhães",302580,69515,319,"SC Corinthians Paulista",48,PERSON_DATABASE_ID,0x007978ED,UINT16,0x00797DE8,1275,False,False,D107330200FF00000000010101613600300000000000000000D107000040030000F89D0400026400
"Marcelo Magalhães",302580,69515,319,"SC Corinthians Paulista",48,PERSON_DATABASE_ID,0x007978ED,UINT32,0x00797DE8,1275,False,False,D107330200FF00000000010101613600300000000000000000D107000040030000F89D0400026400
"Marcelo Magalhães",302580,69515,319,"SC Corinthians Paulista",48,PERSON_DATABASE_ID,0x007978ED,UINT16,0x00797EF5,1544,False,False,02030A00000000803E00004103000000300000004B0000001E00D607050600000000000000000000
"Marcelo Magalhães",302580,69515,319,"SC Corinthians Paulista",48,PERSON_DATABASE_ID,0x007978ED,UINT32,0x00797EF5,1544,False,False,02030A00000000803E00004103000000300000004B0000001E00D607050600000000000000000000
"Marcelo Magalhães",302580,69515,319,"SC Corinthians Paulista",48,PERSON_DATABASE_ID,0x007978ED,UINT16,0x00797F1D,1584,False,False,D107290200FF00000000010101613600300000000000000000D107000041030000F99D040002BE0A
"Marcelo Magalhães",302580,69515,319,"SC Corinthians Paulista",48,PERSON_DATABASE_ID,0x007978ED,UINT32,0x00797F1D,1584,False,False,D107290200FF00000000010101613600300000000000000000D107000041030000F99D040002BE0A
"Marcelo Magalhães",302580,69515,319,"SC Corinthians Paulista",48,PERSON_DATABASE_ID,0x007978ED,UINT16,0x0079817F,2194,False,False,02030F000000003AC80200430300000030000000520000001E00D607050500000000000000000000
"Marcelo Magalhães",302580,69515,319,"SC Corinthians Paulista",48,PERSON_DATABASE_ID,0x007978ED,UINT32,0x0079817F,2194,False,False,02030F000000003AC80200430300000030000000520000001E00D607050500000000000000000000
"Marcelo Magalhães",302580,69515,319,"SC Corinthians Paulista",48,PERSON_DATABASE_ID,0x007978ED,UINT16,0x007981D5,2280,False,False,D40764FF00FF000000000102016131003000000001613600380200000000000000D1070000430300
"Marcelo Magalhães",302580,69515,319,"SC Corinthians Paulista",48,PERSON_DATABASE_ID,0x007978ED,UINT32,0x007981D5,2280,False,False,D40764FF00FF000000000102016131003000000001613600380200000000000000D1070000430300
"Marcelo Magalhães",302580,69515,319,"SC Corinthians Paulista",48,PERSON_DATABASE_ID,0x007978ED,UINT16,0x007982A1,2484,False,False,060100CB2900007600B70700BD00000030000000000000002C0200000100006C077402000001B500
"Marcelo Magalhães",302580,69515,319,"SC Corinthians Paulista",48,PERSON_DATABASE_ID,0x007978ED,UINT32,0x007982A1,2484,False,False,060100CB2900007600B70700BD00000030000000000000002C0200000100006C077402000001B500
"Marcelo Magalhães",302580,69515,319,"SC Corinthians Paulista",48,PERSON_DATABASE_ID,0x007978ED,UINT16,0x00798318,2603,False,False,D40736023202000000000106010355003000000000450002FFFFFFFF016109003700000001613000
"Marcelo Magalhães",302580,69515,319,"SC Corinthians Paulista",48,PERSON_DATABASE_ID,0x007978ED,UINT32,0x00798318,2603,False,False,D40736023202000000000106010355003000000000450002FFFFFFFF016109003700000001613000
"Marcelo Magalhães",302580,69515,319,"SC Corinthians Paulista",48,PERSON_DATABASE_ID,0x007978ED,UINT16,0x0079832E,2625,False,False,0002FFFFFFFF0161090037000000016130003000000001613100A501000002623100AD0000000000
"Marcelo Magalhães",302580,69515,319,"SC Corinthians Paulista",48,PERSON_DATABASE_ID,0x007978ED,UINT16,0x00798330,2627,False,False,FFFFFFFF0161090037000000016130003000000001613100A501000002623100AD000000000000B5
"Marcelo Magalhães",302580,69515,319,"SC Corinthians Paulista",48,PERSON_DATABASE_ID,0x007978ED,UINT32,0x00798330,2627,False,False,FFFFFFFF0161090037000000016130003000000001613100A501000002623100AD000000000000B5
"Reginaldo Araújo",3300780,50358,322,"CR Flamengo",51,INTERNAL_PERSON_ID,0x008D79A0,UINT16,0x008D6CD0,-3280,False,False,FFFFFFFFF5BE000071120100D32000003300B80700BD000000FFFFFFFF00000000FFFFFFFF000000
"Reginaldo Araújo",3300780,50358,322,"CR Flamengo",51,INTERNAL_PERSON_ID,0x008D79A0,UINT16,0x008D746B,-1333,False,False,07F300000001CF00D2070AF41400009F3300000000000000FFFFFFFF010001000000000000000000
"Reginaldo Araújo",3300780,50358,322,"CR Flamengo",51,INTERNAL_PERSON_ID,0x008D79A0,UINT32,0x008D746B,-1333,False,False,07F300000001CF00D2070AF41400009F3300000000000000FFFFFFFF010001000000000000000000
"Reginaldo Araújo",3300780,50358,322,"CR Flamengo",51,INTERNAL_PERSON_ID,0x008D79A0,UINT16,0x008D7A37,151,False,False,00000001FFFFFFFF020400641500000033000000560C00006D01D407030400000000000000000B01
"Reginaldo Araújo",3300780,50358,322,"CR Flamengo",51,INTERNAL_PERSON_ID,0x008D79A0,UINT32,0x008D7A37,151,False,False,00000001FFFFFFFF020400641500000033000000560C00006D01D407030400000000000000000B01
"Reginaldo Araújo",3300780,50358,322,"CR Flamengo",51,INTERNAL_PERSON_ID,0x008D79A0,UINT16,0x008D7A77,215,False,False,42000000016139004000000001613600330000000000000000D107000064150000AC5D320002C819
"Reginaldo Araújo",3300780,50358,322,"CR Flamengo",51,INTERNAL_PERSON_ID,0x008D79A0,UINT32,0x008D7A77,215,False,False,42000000016139004000000001613600330000000000000000D107000064150000AC5D320002C819
"Reginaldo Araújo",3300780,50358,322,"CR Flamengo",51,INTERNAL_PERSON_ID,0x008D79A0,UINT16,0x008D7B3B,411,False,False,02010016210000FC00B70700BD0000003300000000000000FFFFFFFF0000006C07D9040000010000
"Reginaldo Araújo",3300780,50358,322,"CR Flamengo",51,INTERNAL_PERSON_ID,0x008D79A0,UINT32,0x008D7B3B,411,False,False,02010016210000FC00B70700BD0000003300000000000000FFFFFFFF0000006C07D9040000010000
"Reginaldo Araújo",3300780,50358,322,"CR Flamengo",51,INTERNAL_PERSON_ID,0x008D79A0,UINT16,0x008D7B75,469,False,False,FFFF01000100000099000000000000003300000000000000161500000001000100A1C22300651500
"Reginaldo Araújo",3300780,50358,322,"CR Flamengo",51,INTERNAL_PERSON_ID,0x008D79A0,UINT32,0x008D7B75,469,False,False,FFFF01000100000099000000000000003300000000000000161500000001000100A1C22300651500
"Reginaldo Araújo",3300780,50358,322,"CR Flamengo",51,INTERNAL_PERSON_ID,0x008D79A0,UINT16,0x008D7BB7,535,False,False,D407380200FF00000000010201035A003300000001611F00330000000000000000D4070000651500
"Reginaldo Araújo",3300780,50358,322,"CR Flamengo",51,INTERNAL_PERSON_ID,0x008D79A0,UINT32,0x008D7BB7,535,False,False,D407380200FF00000000010201035A003300000001611F00330000000000000000D4070000651500
"Reginaldo Araújo",3300780,50358,322,"CR Flamengo",51,INTERNAL_PERSON_ID,0x008D79A0,UINT16,0x008D7BBF,543,False,False,0000010201035A003300000001611F00330000000000000000D407000065150000AD5D320002F41A
"Reginaldo Araújo",3300780,50358,322,"CR Flamengo",51,INTERNAL_PERSON_ID,0x008D79A0,UINT32,0x008D7BBF,543,False,False,0000010201035A003300000001611F00330000000000000000D407000065150000AD5D320002F41A
"Reginaldo Araújo",3300780,50358,322,"CR Flamengo",51,PERSON_DATABASE_ID,0x008D7A88,UINT16,0x008D6CD0,-3512,False,False,FFFFFFFFF5BE000071120100D32000003300B80700BD000000FFFFFFFF00000000FFFFFFFF000000
"Reginaldo Araújo",3300780,50358,322,"CR Flamengo",51,PERSON_DATABASE_ID,0x008D7A88,UINT16,0x008D746B,-1565,False,False,07F300000001CF00D2070AF41400009F3300000000000000FFFFFFFF010001000000000000000000
"Reginaldo Araújo",3300780,50358,322,"CR Flamengo",51,PERSON_DATABASE_ID,0x008D7A88,UINT32,0x008D746B,-1565,False,False,07F300000001CF00D2070AF41400009F3300000000000000FFFFFFFF010001000000000000000000
"Reginaldo Araújo",3300780,50358,322,"CR Flamengo",51,PERSON_DATABASE_ID,0x008D7A88,UINT16,0x008D7A37,-81,False,False,00000001FFFFFFFF020400641500000033000000560C00006D01D407030400000000000000000B01
"Reginaldo Araújo",3300780,50358,322,"CR Flamengo",51,PERSON_DATABASE_ID,0x008D7A88,UINT32,0x008D7A37,-81,False,False,00000001FFFFFFFF020400641500000033000000560C00006D01D407030400000000000000000B01
"Reginaldo Araújo",3300780,50358,322,"CR Flamengo",51,PERSON_DATABASE_ID,0x008D7A88,UINT16,0x008D7A77,-17,False,True,42000000016139004000000001613600330000000000000000D107000064150000AC5D320002C819
"Reginaldo Araújo",3300780,50358,322,"CR Flamengo",51,PERSON_DATABASE_ID,0x008D7A88,UINT32,0x008D7A77,-17,False,True,42000000016139004000000001613600330000000000000000D107000064150000AC5D320002C819
"Reginaldo Araújo",3300780,50358,322,"CR Flamengo",51,PERSON_DATABASE_ID,0x008D7A88,UINT16,0x008D7B3B,179,False,False,02010016210000FC00B70700BD0000003300000000000000FFFFFFFF0000006C07D9040000010000
"Reginaldo Araújo",3300780,50358,322,"CR Flamengo",51,PERSON_DATABASE_ID,0x008D7A88,UINT32,0x008D7B3B,179,False,False,02010016210000FC00B70700BD0000003300000000000000FFFFFFFF0000006C07D9040000010000
"Reginaldo Araújo",3300780,50358,322,"CR Flamengo",51,PERSON_DATABASE_ID,0x008D7A88,UINT16,0x008D7B75,237,False,False,FFFF01000100000099000000000000003300000000000000161500000001000100A1C22300651500
"Reginaldo Araújo",3300780,50358,322,"CR Flamengo",51,PERSON_DATABASE_ID,0x008D7A88,UINT32,0x008D7B75,237,False,False,FFFF01000100000099000000000000003300000000000000161500000001000100A1C22300651500
"Reginaldo Araújo",3300780,50358,322,"CR Flamengo",51,PERSON_DATABASE_ID,0x008D7A88,UINT16,0x008D7BB7,303,False,False,D407380200FF00000000010201035A003300000001611F00330000000000000000D4070000651500
"Reginaldo Araújo",3300780,50358,322,"CR Flamengo",51,PERSON_DATABASE_ID,0x008D7A88,UINT32,0x008D7BB7,303,False,False,D407380200FF00000000010201035A003300000001611F00330000000000000000D4070000651500
"Reginaldo Araújo",3300780,50358,322,"CR Flamengo",51,PERSON_DATABASE_ID,0x008D7A88,UINT16,0x008D7BBF,311,False,False,0000010201035A003300000001611F00330000000000000000D407000065150000AD5D320002F41A
"Reginaldo Araújo",3300780,50358,322,"CR Flamengo",51,PERSON_DATABASE_ID,0x008D7A88,UINT32,0x008D7BBF,311,False,False,0000010201035A003300000001611F00330000000000000000D407000065150000AD5D320002F41A
"Rosinei",316596,50913,319,"SC Corinthians Paulista",48,INTERNAL_PERSON_ID,0x0083F3F6,UINT16,0x0083E7A1,-3157,False,False,02030F00000000FD9003001E0D000000300000004B0000001E00D607030400000000000000000000
"Rosinei",316596,50913,319,"SC Corinthians Paulista",48,INTERNAL_PERSON_ID,0x0083F3F6,UINT32,0x0083E7A1,-3157,False,False,02030F00000000FD9003001E0D000000300000004B0000001E00D607030400000000000000000000
"Rosinei",316596,50913,319,"SC Corinthians Paulista",48,INTERNAL_PERSON_ID,0x0083F3F6,UINT16,0x0083E7C9,-3117,False,False,D10737024BFF00000000010101613600300000000000000000D10700001E0D0000A6D40400027809
"Rosinei",316596,50913,319,"SC Corinthians Paulista",48,INTERNAL_PERSON_ID,0x0083F3F6,UINT32,0x0083E7C9,-3117,False,False,D10737024BFF00000000010101613600300000000000000000D10700001E0D0000A6D40400027809
"Rosinei",316596,50913,319,"SC Corinthians Paulista",48,INTERNAL_PERSON_ID,0x0083F3F6,UINT16,0x0083E8E6,-2832,False,False,02030F0000000019FF00001F0D000000300000004B0000006C01D707050600000000000000000000
"Rosinei",316596,50913,319,"SC Corinthians Paulista",48,INTERNAL_PERSON_ID,0x0083F3F6,UINT32,0x0083E8E6,-2832,False,False,02030F0000000019FF00001F0D000000300000004B0000006C01D707050600000000000000000000
"Rosinei",316596,50913,319,"SC Corinthians Paulista",48,INTERNAL_PERSON_ID,0x0083F3F6,UINT16,0x0083E90E,-2792,False,False,D3072D0200FF00000000010101611200300000000000000000D30700001F0D0000A7D40400027206
"Rosinei",316596,50913,319,"SC Corinthians Paulista",48,INTERNAL_PERSON_ID,0x0083F3F6,UINT32,0x0083E90E,-2792,False,False,D3072D0200FF00000000010101611200300000000000000000D30700001F0D0000A7D40400027206
"Rosinei",316596,50913,319,"SC Corinthians Paulista",48,INTERNAL_PERSON_ID,0x0083F3F6,UINT16,0x0083EA1B,-2523,False,False,02030A000000002F160100200D000000300000004B0000001E00D607070700000000000000000000
"Rosinei",316596,50913,319,"SC Corinthians Paulista",48,INTERNAL_PERSON_ID,0x0083F3F6,UINT32,0x0083EA1B,-2523,False,False,02030A000000002F160100200D000000300000004B0000001E00D607070700000000000000000000
"Rosinei",316596,50913,319,"SC Corinthians Paulista",48,INTERNAL_PERSON_ID,0x0083F3F6,UINT16,0x0083EA43,-2483,False,False,D1072B02E7FF00000000010101613600300000000000000000D1070000200D0000A8D40400029600
"Rosinei",316596,50913,319,"SC Corinthians Paulista",48,INTERNAL_PERSON_ID,0x0083F3F6,UINT32,0x0083EA43,-2483,False,False,D1072B02E7FF00000000010101613600300000000000000000D1070000200D0000A8D40400029600
"Rosinei",316596,50913,319,"SC Corinthians Paulista",48,INTERNAL_PERSON_ID,0x0083F3F6,UINT16,0x0083EB39,-2237,False,False,250000000000000003000000000000003000000020010002030F000000005D3E0000210D00000030
"Rosinei",316596,50913,319,"SC Corinthians Paulista",48,INTERNAL_PERSON_ID,0x0083F3F6,UINT32,0x0083EB39,-2237,False,False,250000000000000003000000000000003000000020010002030F000000005D3E0000210D00000030
"Rosinei",316596,50913,319,"SC Corinthians Paulista",48,INTERNAL_PERSON_ID,0x0083F3F6,UINT16,0x0083EB50,-2214,False,False,02030F000000005D3E0000210D000000300000004B0000001E00D607050400000000000000000000
"Rosinei",316596,50913,319,"SC Corinthians Paulista",48,INTERNAL_PERSON_ID,0x0083F3F6,UINT32,0x0083EB50,-2214,False,False,02030F000000005D3E0000210D000000300000004B0000001E00D607050400000000000000000000
"Rosinei",316596,50913,319,"SC Corinthians Paulista",48,INTERNAL_PERSON_ID,0x0083F3F6,UINT16,0x0083EBAE,-2120,False,False,00000102016136006603000001613100300000000000000000D1070000210D0000AAD4040002BC02
"Rosinei",316596,50913,319,"SC Corinthians Paulista",48,INTERNAL_PERSON_ID,0x0083F3F6,UINT32,0x0083EBAE,-2120,False,False,00000102016136006603000001613100300000000000000000D1070000210D0000AAD4040002BC02
"Rosinei",316596,50913,319,"SC Corinthians Paulista",48,INTERNAL_PERSON_ID,0x0083F3F6,UINT16,0x0083ECBB,-1851,False,False,02030A00000000803E0000220D000000300000004B0000001E00D607070400000000000000000000
"Rosinei",316596,50913,319,"SC Corinthians Paulista",48,INTERNAL_PERSON_ID,0x0083F3F6,UINT32,0x0083ECBB,-1851,False,False,02030A00000000803E0000220D000000300000004B0000001E00D607070400000000000000000000
"Rosinei",316596,50913,319,"SC Corinthians Paulista",48,INTERNAL_PERSON_ID,0x0083F3F6,UINT16,0x0083ED19,-1757,False,False,00000102016136006603000001613100300000000000000000D1070000220D0000ABD40400029600
"Rosinei",316596,50913,319,"SC Corinthians Paulista",48,INTERNAL_PERSON_ID,0x0083F3F6,UINT32,0x0083ED19,-1757,False,False,00000102016136006603000001613100300000000000000000D1070000220D0000ABD40400029600
"Rosinei",316596,50913,319,"SC Corinthians Paulista",48,INTERNAL_PERSON_ID,0x0083F3F6,UINT16,0x0083EE26,-1488,False,False,02030F000000001A900000230D000000300000004B0000001E00D507050600000000000000000000
"Rosinei",316596,50913,319,"SC Corinthians Paulista",48,INTERNAL_PERSON_ID,0x0083F3F6,UINT32,0x0083EE26,-1488,False,False,02030F000000001A900000230D000000300000004B0000001E00D507050600000000000000000000
"Rosinei",316596,50913,319,"SC Corinthians Paulista",48,INTERNAL_PERSON_ID,0x0083F3F6,UINT16,0x0083EE4E,-1448,False,False,D107270200FF00000000010101613600300000000000000000D1070000230D0000ACD4040002DE0D
"Rosinei",316596,50913,319,"SC Corinthians Paulista",48,INTERNAL_PERSON_ID,0x0083F3F6,UINT32,0x0083EE4E,-1448,False,False,D107270200FF00000000010101613600300000000000000000D1070000230D0000ACD4040002DE0D
"Rosinei",316596,50913,319,"SC Corinthians Paulista",48,INTERNAL_PERSON_ID,0x0083F3F6,UINT16,0x0083F087,-879,False,False,02030F000000004A240500250D000000300000004E0000001E00D607050600000000000000000000
"Rosinei",316596,50913,319,"SC Corinthians Paulista",48,INTERNAL_PERSON_ID,0x0083F3F6,UINT32,0x0083F087,-879,False,False,02030F000000004A240500250D000000300000004E0000001E00D607050600000000000000000000
"Rosinei",316596,50913,319,"SC Corinthians Paulista",48,INTERNAL_PERSON_ID,0x0083F3F6,UINT16,0x0083F0AF,-839,False,False,D107300200FF00000000010101613600300000000000000000D1070000250D0000B0D4040002480D
"Rosinei",316596,50913,319,"SC Corinthians Paulista",48,INTERNAL_PERSON_ID,0x0083F3F6,UINT32,0x0083F0AF,-839,False,False,D107300200FF00000000010101613600300000000000000000D1070000250D0000B0D4040002480D
"Rosinei",316596,50913,319,"SC Corinthians Paulista",48,INTERNAL_PERSON_ID,0x0083F3F6,UINT16,0x0083F1BC,-570,False,False,02030A000000006D910B00260D00000030000000520000001E00D607050400000000000000000000
"Rosinei",316596,50913,319,"SC Corinthians Paulista",48,INTERNAL_PERSON_ID,0x0083F3F6,UINT32,0x0083F1BC,-570,False,False,02030A000000006D910B00260D00000030000000520000001E00D607050400000000000000000000
"Rosinei",316596,50913,319,"SC Corinthians Paulista",48,INTERNAL_PERSON_ID,0x0083F3F6,UINT16,0x0083F222,-468,False,False,9A01000002623600AB00000001613100300000000000000000D1070000260D0000B1D4040002E004
"Rosinei",316596,50913,319,"SC Corinthians Paulista",48,INTERNAL_PERSON_ID,0x0083F3F6,UINT32,0x0083F222,-468,False,False,9A01000002623600AB00000001613100300000000000000000D1070000260D0000B1D4040002E004
"Rosinei",316596,50913,319,"SC Corinthians Paulista",48,INTERNAL_PERSON_ID,0x0083F3F6,UINT16,0x0083F32F,-199,False,False,02030F00000000081F0100270D000000300000004B0000001E00D607050600000000000000000000
"Rosinei",316596,50913,319,"SC Corinthians Paulista",48,INTERNAL_PERSON_ID,0x0083F3F6,UINT32,0x0083F32F,-199,False,False,02030F00000000081F0100270D000000300000004B0000001E00D607050600000000000000000000
"Rosinei",316596,50913,319,"SC Corinthians Paulista",48,INTERNAL_PERSON_ID,0x0083F3F6,UINT16,0x0083F357,-159,False,False,D107290200FF00000000010101613600300000000000000000D1070000270D0000B2D4040002B80B
"Rosinei",316596,50913,319,"SC Corinthians Paulista",48,INTERNAL_PERSON_ID,0x0083F3F6,UINT32,0x0083F357,-159,False,False,D107290200FF00000000010101613600300000000000000000D1070000270D0000B2D4040002B80B
"Rosinei",316596,50913,319,"SC Corinthians Paulista",48,INTERNAL_PERSON_ID,0x0083F3F6,UINT16,0x0083F464,110,False,False,02030F00000000FA4D0300280D000000300000004B0000006C00D607030400000000000000000000
"Rosinei",316596,50913,319,"SC Corinthians Paulista",48,INTERNAL_PERSON_ID,0x0083F3F6,UINT32,0x0083F464,110,False,False,02030F00000000FA4D0300280D000000300000004B0000006C00D607030400000000000000000000
"Rosinei",316596,50913,319,"SC Corinthians Paulista",48,INTERNAL_PERSON_ID,0x0083F3F6,UINT16,0x0083F590,410,False,False,02030A000000008DC20000290D000000300000004B0000001E00D607050600000000000000000000
"Rosinei",316596,50913,319,"SC Corinthians Paulista",48,INTERNAL_PERSON_ID,0x0083F3F6,UINT32,0x0083F590,410,False,False,02030A000000008DC20000290D000000300000004B0000001E00D607050600000000000000000000
"Rosinei",316596,50913,319,"SC Corinthians Paulista",48,INTERNAL_PERSON_ID,0x0083F3F6,UINT16,0x0083F5B8,450,False,False,D107280200FF00000000010101613600300000000000000000D1070000290D0000B5D40400026608
"Rosinei",316596,50913,319,"SC Corinthians Paulista",48,INTERNAL_PERSON_ID,0x0083F3F6,UINT32,0x0083F5B8,450,False,False,D107280200FF00000000010101613600300000000000000000D1070000290D0000B5D40400026608
"Rosinei",316596,50913,319,"SC Corinthians Paulista",48,INTERNAL_PERSON_ID,0x0083F3F6,UINT16,0x0083F6C5,719,False,False,02030A0000000071F101002A0D000000300000004B0000001E00D607050600000000000000000000
"Rosinei",316596,50913,319,"SC Corinthians Paulista",48,INTERNAL_PERSON_ID,0x0083F3F6,UINT32,0x0083F6C5,719,False,False,02030A0000000071F101002A0D000000300000004B0000001E00D607050600000000000000000000
"Rosinei",316596,50913,319,"SC Corinthians Paulista",48,INTERNAL_PERSON_ID,0x0083F3F6,UINT16,0x0083F6ED,759,False,False,D107330200FF00000000010101613600300000000000000000D10700002A0D0000B6D40400024605
"Rosinei",316596,50913,319,"SC Corinthians Paulista",48,INTERNAL_PERSON_ID,0x0083F3F6,UINT32,0x0083F6ED,759,False,False,D107330200FF00000000010101613600300000000000000000D10700002A0D0000B6D40400024605
"Rosinei",316596,50913,319,"SC Corinthians Paulista",48,INTERNAL_PERSON_ID,0x0083F3F6,UINT16,0x0083F80A,1044,False,False,02030F00000000A56301002B0D000000300000004B0000001E00D507050600000000000000000000
"Rosinei",316596,50913,319,"SC Corinthians Paulista",48,INTERNAL_PERSON_ID,0x0083F3F6,UINT32,0x0083F80A,1044,False,False,02030F00000000A56301002B0D000000300000004B0000001E00D507050600000000000000000000
"Rosinei",316596,50913,319,"SC Corinthians Paulista",48,INTERNAL_PERSON_ID,0x0083F3F6,UINT16,0x0083F832,1084,False,False,D1072C0200FF00000000010101612600300000000000000000D10700002B0D0000B8D4040002E803
"Rosinei",316596,50913,319,"SC Corinthians Paulista",48,INTERNAL_PERSON_ID,0x0083F3F6,UINT32,0x0083F832,1084,False,False,D1072C0200FF00000000010101612600300000000000000000D10700002B0D0000B8D4040002E803
"Rosinei",316596,50913,319,"SC Corinthians Paulista",48,INTERNAL_PERSON_ID,0x0083F3F6,UINT16,0x0083F93F,1353,False,False,02030F00000000295D01002C0D000000300000004B0000001E00D507050600000000000000000000
"Rosinei",316596,50913,319,"SC Corinthians Paulista",48,INTERNAL_PERSON_ID,0x0083F3F6,UINT32,0x0083F93F,1353,False,False,02030F00000000295D01002C0D000000300000004B0000001E00D507050600000000000000000000
"Rosinei",316596,50913,319,"SC Corinthians Paulista",48,INTERNAL_PERSON_ID,0x0083F3F6,UINT16,0x0083F967,1393,False,False,D1072F0200FF00000000010101613600300000000000000000D10700002C0D0000B9D4040001C819
"Rosinei",316596,50913,319,"SC Corinthians Paulista",48,INTERNAL_PERSON_ID,0x0083F3F6,UINT32,0x0083F967,1393,False,False,D1072F0200FF00000000010101613600300000000000000000D10700002C0D0000B9D4040001C819
"Rosinei",316596,50913,319,"SC Corinthians Paulista",48,PERSON_DATABASE_ID,0x0083F494,UINT16,0x0083E7A1,-3315,False,False,02030F00000000FD9003001E0D000000300000004B0000001E00D607030400000000000000000000
"Rosinei",316596,50913,319,"SC Corinthians Paulista",48,PERSON_DATABASE_ID,0x0083F494,UINT32,0x0083E7A1,-3315,False,False,02030F00000000FD9003001E0D000000300000004B0000001E00D607030400000000000000000000
"Rosinei",316596,50913,319,"SC Corinthians Paulista",48,PERSON_DATABASE_ID,0x0083F494,UINT16,0x0083E7C9,-3275,False,False,D10737024BFF00000000010101613600300000000000000000D10700001E0D0000A6D40400027809
"Rosinei",316596,50913,319,"SC Corinthians Paulista",48,PERSON_DATABASE_ID,0x0083F494,UINT32,0x0083E7C9,-3275,False,False,D10737024BFF00000000010101613600300000000000000000D10700001E0D0000A6D40400027809
"Rosinei",316596,50913,319,"SC Corinthians Paulista",48,PERSON_DATABASE_ID,0x0083F494,UINT16,0x0083E8E6,-2990,False,False,02030F0000000019FF00001F0D000000300000004B0000006C01D707050600000000000000000000
"Rosinei",316596,50913,319,"SC Corinthians Paulista",48,PERSON_DATABASE_ID,0x0083F494,UINT32,0x0083E8E6,-2990,False,False,02030F0000000019FF00001F0D000000300000004B0000006C01D707050600000000000000000000
"Rosinei",316596,50913,319,"SC Corinthians Paulista",48,PERSON_DATABASE_ID,0x0083F494,UINT16,0x0083E90E,-2950,False,False,D3072D0200FF00000000010101611200300000000000000000D30700001F0D0000A7D40400027206
"Rosinei",316596,50913,319,"SC Corinthians Paulista",48,PERSON_DATABASE_ID,0x0083F494,UINT32,0x0083E90E,-2950,False,False,D3072D0200FF00000000010101611200300000000000000000D30700001F0D0000A7D40400027206
"Rosinei",316596,50913,319,"SC Corinthians Paulista",48,PERSON_DATABASE_ID,0x0083F494,UINT16,0x0083EA1B,-2681,False,False,02030A000000002F160100200D000000300000004B0000001E00D607070700000000000000000000
"Rosinei",316596,50913,319,"SC Corinthians Paulista",48,PERSON_DATABASE_ID,0x0083F494,UINT32,0x0083EA1B,-2681,False,False,02030A000000002F160100200D000000300000004B0000001E00D607070700000000000000000000
"Rosinei",316596,50913,319,"SC Corinthians Paulista",48,PERSON_DATABASE_ID,0x0083F494,UINT16,0x0083EA43,-2641,False,False,D1072B02E7FF00000000010101613600300000000000000000D1070000200D0000A8D40400029600
"Rosinei",316596,50913,319,"SC Corinthians Paulista",48,PERSON_DATABASE_ID,0x0083F494,UINT32,0x0083EA43,-2641,False,False,D1072B02E7FF00000000010101613600300000000000000000D1070000200D0000A8D40400029600
"Rosinei",316596,50913,319,"SC Corinthians Paulista",48,PERSON_DATABASE_ID,0x0083F494,UINT16,0x0083EB39,-2395,False,False,250000000000000003000000000000003000000020010002030F000000005D3E0000210D00000030
"Rosinei",316596,50913,319,"SC Corinthians Paulista",48,PERSON_DATABASE_ID,0x0083F494,UINT32,0x0083EB39,-2395,False,False,250000000000000003000000000000003000000020010002030F000000005D3E0000210D00000030
"Rosinei",316596,50913,319,"SC Corinthians Paulista",48,PERSON_DATABASE_ID,0x0083F494,UINT16,0x0083EB50,-2372,False,False,02030F000000005D3E0000210D000000300000004B0000001E00D607050400000000000000000000
"Rosinei",316596,50913,319,"SC Corinthians Paulista",48,PERSON_DATABASE_ID,0x0083F494,UINT32,0x0083EB50,-2372,False,False,02030F000000005D3E0000210D000000300000004B0000001E00D607050400000000000000000000
"Rosinei",316596,50913,319,"SC Corinthians Paulista",48,PERSON_DATABASE_ID,0x0083F494,UINT16,0x0083EBAE,-2278,False,False,00000102016136006603000001613100300000000000000000D1070000210D0000AAD4040002BC02
"Rosinei",316596,50913,319,"SC Corinthians Paulista",48,PERSON_DATABASE_ID,0x0083F494,UINT32,0x0083EBAE,-2278,False,False,00000102016136006603000001613100300000000000000000D1070000210D0000AAD4040002BC02
"Rosinei",316596,50913,319,"SC Corinthians Paulista",48,PERSON_DATABASE_ID,0x0083F494,UINT16,0x0083ECBB,-2009,False,False,02030A00000000803E0000220D000000300000004B0000001E00D607070400000000000000000000
"Rosinei",316596,50913,319,"SC Corinthians Paulista",48,PERSON_DATABASE_ID,0x0083F494,UINT32,0x0083ECBB,-2009,False,False,02030A00000000803E0000220D000000300000004B0000001E00D607070400000000000000000000
"Rosinei",316596,50913,319,"SC Corinthians Paulista",48,PERSON_DATABASE_ID,0x0083F494,UINT16,0x0083ED19,-1915,False,False,00000102016136006603000001613100300000000000000000D1070000220D0000ABD40400029600
"Rosinei",316596,50913,319,"SC Corinthians Paulista",48,PERSON_DATABASE_ID,0x0083F494,UINT32,0x0083ED19,-1915,False,False,00000102016136006603000001613100300000000000000000D1070000220D0000ABD40400029600
"Rosinei",316596,50913,319,"SC Corinthians Paulista",48,PERSON_DATABASE_ID,0x0083F494,UINT16,0x0083EE26,-1646,False,False,02030F000000001A900000230D000000300000004B0000001E00D507050600000000000000000000
"Rosinei",316596,50913,319,"SC Corinthians Paulista",48,PERSON_DATABASE_ID,0x0083F494,UINT32,0x0083EE26,-1646,False,False,02030F000000001A900000230D000000300000004B0000001E00D507050600000000000000000000
"Rosinei",316596,50913,319,"SC Corinthians Paulista",48,PERSON_DATABASE_ID,0x0083F494,UINT16,0x0083EE4E,-1606,False,False,D107270200FF00000000010101613600300000000000000000D1070000230D0000ACD4040002DE0D
"Rosinei",316596,50913,319,"SC Corinthians Paulista",48,PERSON_DATABASE_ID,0x0083F494,UINT32,0x0083EE4E,-1606,False,False,D107270200FF00000000010101613600300000000000000000D1070000230D0000ACD4040002DE0D
"Rosinei",316596,50913,319,"SC Corinthians Paulista",48,PERSON_DATABASE_ID,0x0083F494,UINT16,0x0083F087,-1037,False,False,02030F000000004A240500250D000000300000004E0000001E00D607050600000000000000000000
"Rosinei",316596,50913,319,"SC Corinthians Paulista",48,PERSON_DATABASE_ID,0x0083F494,UINT32,0x0083F087,-1037,False,False,02030F000000004A240500250D000000300000004E0000001E00D607050600000000000000000000
"Rosinei",316596,50913,319,"SC Corinthians Paulista",48,PERSON_DATABASE_ID,0x0083F494,UINT16,0x0083F0AF,-997,False,False,D107300200FF00000000010101613600300000000000000000D1070000250D0000B0D4040002480D
"Rosinei",316596,50913,319,"SC Corinthians Paulista",48,PERSON_DATABASE_ID,0x0083F494,UINT32,0x0083F0AF,-997,False,False,D107300200FF00000000010101613600300000000000000000D1070000250D0000B0D4040002480D
"Rosinei",316596,50913,319,"SC Corinthians Paulista",48,PERSON_DATABASE_ID,0x0083F494,UINT16,0x0083F1BC,-728,False,False,02030A000000006D910B00260D00000030000000520000001E00D607050400000000000000000000
"Rosinei",316596,50913,319,"SC Corinthians Paulista",48,PERSON_DATABASE_ID,0x0083F494,UINT32,0x0083F1BC,-728,False,False,02030A000000006D910B00260D00000030000000520000001E00D607050400000000000000000000
"Rosinei",316596,50913,319,"SC Corinthians Paulista",48,PERSON_DATABASE_ID,0x0083F494,UINT16,0x0083F222,-626,False,False,9A01000002623600AB00000001613100300000000000000000D1070000260D0000B1D4040002E004
"Rosinei",316596,50913,319,"SC Corinthians Paulista",48,PERSON_DATABASE_ID,0x0083F494,UINT32,0x0083F222,-626,False,False,9A01000002623600AB00000001613100300000000000000000D1070000260D0000B1D4040002E004
"Rosinei",316596,50913,319,"SC Corinthians Paulista",48,PERSON_DATABASE_ID,0x0083F494,UINT16,0x0083F32F,-357,False,False,02030F00000000081F0100270D000000300000004B0000001E00D607050600000000000000000000
"Rosinei",316596,50913,319,"SC Corinthians Paulista",48,PERSON_DATABASE_ID,0x0083F494,UINT32,0x0083F32F,-357,False,False,02030F00000000081F0100270D000000300000004B0000001E00D607050600000000000000000000
"Rosinei",316596,50913,319,"SC Corinthians Paulista",48,PERSON_DATABASE_ID,0x0083F494,UINT16,0x0083F357,-317,False,False,D107290200FF00000000010101613600300000000000000000D1070000270D0000B2D4040002B80B
"Rosinei",316596,50913,319,"SC Corinthians Paulista",48,PERSON_DATABASE_ID,0x0083F494,UINT32,0x0083F357,-317,False,False,D107290200FF00000000010101613600300000000000000000D1070000270D0000B2D4040002B80B
"Rosinei",316596,50913,319,"SC Corinthians Paulista",48,PERSON_DATABASE_ID,0x0083F494,UINT16,0x0083F464,-48,False,False,02030F00000000FA4D0300280D000000300000004B0000006C00D607030400000000000000000000
"Rosinei",316596,50913,319,"SC Corinthians Paulista",48,PERSON_DATABASE_ID,0x0083F494,UINT32,0x0083F464,-48,False,False,02030F00000000FA4D0300280D000000300000004B0000006C00D607030400000000000000000000
"Rosinei",316596,50913,319,"SC Corinthians Paulista",48,PERSON_DATABASE_ID,0x0083F494,UINT16,0x0083F590,252,False,False,02030A000000008DC20000290D000000300000004B0000001E00D607050600000000000000000000
"Rosinei",316596,50913,319,"SC Corinthians Paulista",48,PERSON_DATABASE_ID,0x0083F494,UINT32,0x0083F590,252,False,False,02030A000000008DC20000290D000000300000004B0000001E00D607050600000000000000000000
"Rosinei",316596,50913,319,"SC Corinthians Paulista",48,PERSON_DATABASE_ID,0x0083F494,UINT16,0x0083F5B8,292,False,False,D107280200FF00000000010101613600300000000000000000D1070000290D0000B5D40400026608
"Rosinei",316596,50913,319,"SC Corinthians Paulista",48,PERSON_DATABASE_ID,0x0083F494,UINT32,0x0083F5B8,292,False,False,D107280200FF00000000010101613600300000000000000000D1070000290D0000B5D40400026608
"Rosinei",316596,50913,319,"SC Corinthians Paulista",48,PERSON_DATABASE_ID,0x0083F494,UINT16,0x0083F6C5,561,False,False,02030A0000000071F101002A0D000000300000004B0000001E00D607050600000000000000000000
"Rosinei",316596,50913,319,"SC Corinthians Paulista",48,PERSON_DATABASE_ID,0x0083F494,UINT32,0x0083F6C5,561,False,False,02030A0000000071F101002A0D000000300000004B0000001E00D607050600000000000000000000
"Rosinei",316596,50913,319,"SC Corinthians Paulista",48,PERSON_DATABASE_ID,0x0083F494,UINT16,0x0083F6ED,601,False,False,D107330200FF00000000010101613600300000000000000000D10700002A0D0000B6D40400024605
"Rosinei",316596,50913,319,"SC Corinthians Paulista",48,PERSON_DATABASE_ID,0x0083F494,UINT32,0x0083F6ED,601,False,False,D107330200FF00000000010101613600300000000000000000D10700002A0D0000B6D40400024605
"Rosinei",316596,50913,319,"SC Corinthians Paulista",48,PERSON_DATABASE_ID,0x0083F494,UINT16,0x0083F80A,886,False,False,02030F00000000A56301002B0D000000300000004B0000001E00D507050600000000000000000000
"Rosinei",316596,50913,319,"SC Corinthians Paulista",48,PERSON_DATABASE_ID,0x0083F494,UINT32,0x0083F80A,886,False,False,02030F00000000A56301002B0D000000300000004B0000001E00D507050600000000000000000000
"Rosinei",316596,50913,319,"SC Corinthians Paulista",48,PERSON_DATABASE_ID,0x0083F494,UINT16,0x0083F832,926,False,False,D1072C0200FF00000000010101612600300000000000000000D10700002B0D0000B8D4040002E803
"Rosinei",316596,50913,319,"SC Corinthians Paulista",48,PERSON_DATABASE_ID,0x0083F494,UINT32,0x0083F832,926,False,False,D1072C0200FF00000000010101612600300000000000000000D10700002B0D0000B8D4040002E803
"Rosinei",316596,50913,319,"SC Corinthians Paulista",48,PERSON_DATABASE_ID,0x0083F494,UINT16,0x0083F93F,1195,False,False,02030F00000000295D01002C0D000000300000004B0000001E00D507050600000000000000000000
"Rosinei",316596,50913,319,"SC Corinthians Paulista",48,PERSON_DATABASE_ID,0x0083F494,UINT32,0x0083F93F,1195,False,False,02030F00000000295D01002C0D000000300000004B0000001E00D507050600000000000000000000
"Rosinei",316596,50913,319,"SC Corinthians Paulista",48,PERSON_DATABASE_ID,0x0083F494,UINT16,0x0083F967,1235,False,False,D1072F0200FF00000000010101613600300000000000000000D10700002C0D0000B9D4040001C819
"Rosinei",316596,50913,319,"SC Corinthians Paulista",48,PERSON_DATABASE_ID,0x0083F494,UINT32,0x0083F967,1235,False,False,D1072F0200FF00000000010101613600300000000000000000D10700002C0D0000B9D4040001C819
