display_name,person_database_id,internal_person_id,expected_club_database_id,expected_club_save_index,reference_kind,reference_offset,is_identity_occurrence,context_hex
"Alessandro",3902245,69183,319,48,INTERNAL_PERSON_ID,0x00584706,True,E10400001000000041006E006400720061006400650020004F006C0069007600650069007200610000000100BD0000003F0E0100258B3B00001000000043006100720064006F0073006F0020006400650020004A0065007300FA00730000000100BD000000400E0100F1863B000012000000460065007200720065006900720061002000
"Alessandro",3902245,69183,319,48,INTERNAL_PERSON_ID,0x008FB90E,False,00006400010000010400D4070400D407FFFFFFFF00FFFFFFFF00FFFFFFFF0007004D000000006C07FFFFFFFFCFBE00003F0E01000E2100009200B50700BD0000003A00000001000000FFFFFFFF0000006C078C000000010000D3070AD7160000000A00000000000000FFFFFFFF020001000000D1020000B2010000E5000000000000008C
"Alessandro",3902245,69183,319,48,PERSON_DATABASE_ID,0x0058470A,True,1000000041006E006400720061006400650020004F006C0069007600650069007200610000000100BD0000003F0E0100258B3B00001000000043006100720064006F0073006F0020006400650020004A0065007300FA00730000000100BD000000400E0100F1863B00001200000046006500720072006500690072006100200064006500
"Alessandro",3902245,69183,319,48,PERSON_DATABASE_ID,0x008FB9FA,False,00000001610D003A00000001610D002C000000016112003000000002610100BD0000000000000000D307000057170000258B3B000130113011B60361006D0003000000AE040000B2C2000041020100062800009B009B0700BD000000FFFFFFFF00000000FFFFFFFF0000006C07FFFFFFFF100400D40700D8160000FFFFFFFF0000000000
"André Bahia",311169,68196,322,51,INTERNAL_PERSON_ID,0x00578E29,True,12000000420061006800690061002000530061006E0074006F00730020005600690061006E00610000000100BD000000640A010081BF040000050000004B0061006C0069006C0000000100BD000000650A010080BF0400000F00000053006F00610072006500730020004F006C0069007600650069007200610000000100BD000000660A
"André Bahia",311169,68196,322,51,INTERNAL_PERSON_ID,0x007F3CBF,False,3B003B00010000010400D4071000D407FFFFFFFF00FFFFFFFF00FFFFFFFF0002005A000000006C07FFFFFFFFF1BE0000640A0100072500004701BF0700BD000000FFFFFFFF00000100E30F00000100006C078F000000010000D1070A9A080000370400000000000000FFFFFFFF010001000000BB000000000000000000000000000000C7
"André Bahia",311169,68196,322,51,PERSON_DATABASE_ID,0x00578E2D,True,420061006800690061002000530061006E0074006F00730020005600690061006E00610000000100BD000000640A010081BF040000050000004B0061006C0069006C0000000100BD000000650A010080BF0400000F00000053006F00610072006500730020004F006C0069007600650069007200610000000100BD000000660A01007FBF
"André Bahia",311169,68196,322,51,PERSON_DATABASE_ID,0x0061A834,False,0006250000EFDC0400000B00000041006E0064007200E90020004200610068006900610000000200BD0000000725000081BF0400000B0000004A006F00E3006F002000530061006E0074006F00730000000200BD00000008250000E0DC040000060000004E0069006C006D006100720000000200BD00000009250000F6A9040000080000
"André Bahia",311169,68196,322,51,PERSON_DATABASE_ID,0x007F3D62,False,00D507030400000000000000000000D1072D024BFF00000000010101614400330000000000000000D1070000E408000081BF040001901A901A480D88008800000000000E020000ABBE0000630A0100FFFFFFFF8F00B00700BD000000FFFFFFFF00000000FFFFFFFF0000006C078F000000020000D1070A9B080000FFFFFFFF0000000000
"Andrezinho",302728,50407,322,51,INTERNAL_PERSON_ID,0x002F5A1D,True,000100BD000000E6C40000E55E3200000A00000041006E0064007200650020004C00750069007A0000000100BD000000E7C40000889E04000006000000560061006C006E006500690000000100BD000000E8C40000F15E32000010000000440065006E00ED006C0073006F006E00200041006E007400F4006E0069006F0000000100BD00
"Andrezinho",302728,50407,322,51,INTERNAL_PERSON_ID,0x004DAE38,False,0061006200750000000100A4000000E6C400004A1D7300000600000047006800650061007200E30000000100A4000000E7C40000E61C730000080000004E00690063006F006C0069007400E30000000100A4000000E8C40000E01373000007000000430075006C00650061006600E30000000100A4000000E9C40000DC13730000050000
"Andrezinho",302728,50407,322,51,INTERNAL_PERSON_ID,0x007993C1,False,0700410029004100010000010400D4070800D407FFFFFFFF00FFFFFFFF00FFFFFFFF0002003C000000006C07FFFFFFFFE7C400003F0201000F220000D200BF0700BD000000FFFFFFFF00000100E30F00000100006C078F000000010400D4070A380300003E0400000000000000FFFFFFFF010001000000CC020000000000005100000000
"Andrezinho",302728,50407,322,51,PERSON_DATABASE_ID,0x002F5A21,True,000000E6C40000E55E3200000A00000041006E0064007200650020004C00750069007A0000000100BD000000E7C40000889E04000006000000560061006C006E006500690000000100BD000000E8C40000F15E32000010000000440065006E00ED006C0073006F006E00200041006E007400F4006E0069006F0000000100BD000000E9C4
"Andrezinho",302728,50407,322,51,PERSON_DATABASE_ID,0x00799468,False,01D507030400000000000000000400D4072D020AFF00000000010101613200330000000000000400D407000054030000889E040002D606D606320054007600D0020000FFFFFFFF811000000A00A8160000102700000000000000000000000088430000000000000000000000000000000000000000000000000000000000000003000000
"Bruno Octávio",8832887,51299,319,48,INTERNAL_PERSON_ID,0x002FF567,True,0062C8000075C78600000D0000004200720075006E006F0020004F0063007400E100760069006F0000000100BD00000063C8000077C78600000B00000047006500720073006F006E0020004A006F007300E90000000100BD00000064C800007BC786000010000000570069006C006C00690061006D0020004600650072006E0061006E00
"Bruno Octávio",8832887,51299,319,48,INTERNAL_PERSON_ID,0x004E2C4E,False,006D006F00760000000200A500000062C800009B2D7B000006000000540072006F00790061006E0000000200A500000063C80000972D7B00000700000044006F00670075007A006F00760000000200A500000064C80000702D7B00000900000044006F006C0067006100630068006500760000000200A500000065C80000232D7B00000C
"Bruno Octávio",8832887,51299,319,48,INTERNAL_PERSON_ID,0x00953055,False,0000000000000000010000010400D4070300D407FFFFFFFF00FFFFFFFF00FFFFFFFF00060036000000006C07FFFFFFFF63C80000BA110100DF2B0000D500C10700BD000000FFFFFFFF00000000FFFFFFFF0000006C078C000000010000D4070A961B0000F30800000000000000FFFFFFFF0100010000007D000000000000000C00000000
"Bruno Octávio",8832887,51299,319,48,INTERNAL_PERSON_ID,0x00A98FAE,False,2000005EC80000018C2300005FC8000001AC2B000060C80000011D21000061C8000001EA20000062C8000001DE2B000063C8000001DF2B000065C8000001FB20000066C8000001E32B000068C8000001E52B000069C8000001E62B00006AC8000001172300006CC8000001E52100006DC8000001BE24000071C8000001EB2B000072C800
"Bruno Octávio",8832887,51299,319,48,PERSON_DATABASE_ID,0x002FF56B,True,0075C78600000D0000004200720075006E006F0020004F0063007400E100760069006F0000000100BD00000063C8000077C78600000B00000047006500720073006F006E0020004A006F007300E90000000100BD00000064C800007BC786000010000000570069006C006C00690061006D0020004600650072006E0061006E0064006F00
"Bruno Octávio",8832887,51299,319,48,PERSON_DATABASE_ID,0x0058F06D,False,00BD000000B91101002BBC860000090000004A006F00760061006E0065006C006C00690000000100BD000000BA11010077C78600000A000000430061007200700069006E0065006C006C00650000000100BD000000BB11010072C78600000C0000004F007300F300720069006F00200052006F006D00E3006F0000000100BD000000BC11
"Bruno Octávio",8832887,51299,319,48,PERSON_DATABASE_ID,0x0062C2B8,False,0075C78600000D0000004200720075006E006F0020004F0063007400E100760069006F0000000100BD000000DF2B000077C78600000C00000047006500720073006F006E00200053006F0064007200E90000000100BD000000E02B00007BC7860000040000004B0061006800EA0000000100BD000000E12B00007CC78600000800000056
"Bruno Octávio",8832887,51299,319,48,PERSON_DATABASE_ID,0x009530F3,False,30000000FA000000B600D607030400000000000000000000D4072E020AFF00000000000000000000D4070000391C000077C786000124132413920978009A0000000000A20500000DBF0000B3110100FFFFFFFF09009D0700BD000000FFFFFFFF00000000FFFFFFFF0000006C07C60200000C0000D1070A971B0000FFFFFFFF0000000000
"Bruno Santos",8832815,11210,322,51,INTERNAL_PERSON_ID,0x00079B22,False,000900000000000000FF000000C92B0000F8E379000004000000000000000000960000000900000000000000FF000000CA2B0000F9E379000004000000000000000000960000000900000000000000FF000000CB2B0000FAE379000004000000000000000000960000000900000000000000FF000000CC2B0000FBE37900000400000000
"Bruno Santos",8832815,11210,322,51,INTERNAL_PERSON_ID,0x001A39BA,False,004D0061007300610074006F00000014003D000000C92B000087883B000003000000520079006F00000014003D000000CA2B0000F5E90B0000070000005400650074007300750079006100000014003D000000CB2B0000D1D30B0000060000004D006100730061006B006900000013003D000000CC2B00001EF30B0000060000004B006F
"Bruno Santos",8832815,11210,322,51,INTERNAL_PERSON_ID,0x00388E9B,False,00610064006100000007003D000000C92B0000E9EA0B0000060000004F0068006D006F0072006900000007003D000000CA2B000096566C0000060000004D0075007200610074006100000007003D000000CB2B000026D50B00000600000054006F006D00690074006100000007003D000000CC2B0000C3D30B0000050000004E00610067
"Bruno Santos",8832815,11210,322,51,INTERNAL_PERSON_ID,0x0062BF6F,True,000000C92B000029C78600000C0000004200720075006E006F002000530061006E0074006F00730000000100BD000000CA2B00002FC786000009000000430061006D0061007A007A006F006C00610000000100BD000000CB2B000045D50400000C000000460072006500640020004D0061006E006800E3006500730000000100BD000000
"Bruno Santos",8832815,11210,322,51,INTERNAL_PERSON_ID,0x006B21B1,False,C92B000063A77E0000E8030000000000000000000000FFFFFFFF0500000000000000000200000000FE180000FFFFFFFFCA2B000064A77E0000E8030000000000000000000000FFFFFFFF0500000000000000000100000000F62D0000FFFFFFFFCB2B00008B087F0000E8030000000000000000000000FFFFFFFF05000000000000000001
"Bruno Santos",8832815,11210,322,51,INTERNAL_PERSON_ID,0x00750DDC,False,BE2B0000BF2B0000C02B0000C12B0000C22B0000C32B0000C42B0000C52B0000C62B0000C72B0000C82B0000C92B0000CA2B00000000000000006C07FFFFFFFF0000FFFFFFFFFFFF00006C07FFFFFFFF0000FFFFFFFFFFFF120101C30000000000000020000000007AEF0F0000F7EAF5050B0000D4070F00D4071A160100000000002706
"Bruno Santos",8832815,11210,322,51,INTERNAL_PERSON_ID,0x008A2221,False,A0A10000FFFFFFFF5A009A070096000000FFFFFFFF00000000FFFFFFFF0000006C07B2010000180000D1070A49120000CA2B00000000000000FFFFFFFF0000010603016400311200000301640004000000030264001C170000030264004812000001036400EF00000001036400010100000000000000D1070000B21200005EAE0C000288
"Bruno Santos",8832815,11210,322,51,INTERNAL_PERSON_ID,0x0094E3AC,False,010000010400D4070400D307FFFFFFFF00FFFFFFFF00FFFFFFFF0066005A000000006C07FFFFFFFFCABE00006A020100CA2B00005900BF0700BD000000FFFFFFFF00000000FFFFFFFF0000006C078F00000001F300D2070A541B0000370400000000000000FFFFFFFF010001000000A40000002F00000017000000000000003C32000000
"Bruno Santos",8832815,11210,322,51,INTERNAL_PERSON_ID,0x009BC77B,False,30000000EF0F00000000C82B000011F6F5050730000000EF0F00000000C92B000012F6F5050730000000EF0F00000000CA2B000013F6F5050724000000EB0F00000000CB2B000014F6F5050724000000EB0F00000000CC2B000015F6F5050724000000EB0F00000000CD2B000016F6F5050729000000EB0F00000000CE2B000017F6F505
"Bruno Santos",8832815,11210,322,51,PERSON_DATABASE_ID,0x0062BF73,True,2B000029C78600000C0000004200720075006E006F002000530061006E0074006F00730000000100BD000000CA2B00002FC786000009000000430061006D0061007A007A006F006C00610000000100BD000000CB2B000045D50400000C000000460072006500640020004D0061006E006800E3006500730000000100BD000000CC2B0000
"Bruno Santos",8832815,11210,322,51,PERSON_DATABASE_ID,0x0094E44B,False,00D50705060000000000000000F300D2072B0200FF0000000001010161180033000000000000F300D2070000F71B00002FC78600021A041A0434002A009C00C5150000FFFFFFFF290C00000A00501990011027000000000000000000410000F10A0000000000000000000000000000000000000000000000000000000000000001000000
"Dimba",303048,50294,322,51,INTERNAL_PERSON_ID,0x002F467E,True,006F0000000100BD00000075C4000008A0040000080000004500640069007400E100630069006F0000000100BD00000076C40000C89F0400000E0000004D0061007200630065006C006F002000540069006E00F40063006F0000000100BD00000077C40000275B3200000F0000004600720061006E0063006900730063006F0020004300
"Dimba",303048,50294,322,51,INTERNAL_PERSON_ID,0x004D9F1D,False,0065007200620000000100A400000075C40000E8247300000600000053007400EE006E006700750000000100A400000076C40000E9247300000800000041006200720075006400650061006E0000000100A400000077C40000EA247300000600000050006C00690073006300610000000100A400000078C40000EB247300000600000049
"Dimba",303048,50294,322,51,INTERNAL_PERSON_ID,0x0079B7ED,False,5C00B1000000B100010000010400D4070700D407FFFFFFFF00FFFFFFFF00FFFFFFFF0006005A000000006C07FFFFFFFF76C4000045050100BE2900006B01B50700BD0000002702000000000000FFFFFFFF0000006C078F000000010400D4070A5B030000680600000000000000FFFFFFFF010001000000D7010000C60000006F00000000
"Dimba",303048,50294,322,51,PERSON_DATABASE_ID,0x002F4682,True,000100BD00000075C4000008A0040000080000004500640069007400E100630069006F0000000100BD00000076C40000C89F0400000E0000004D0061007200630065006C006F002000540069006E00F40063006F0000000100BD00000077C40000275B3200000F0000004600720061006E0063006900730063006F0020004300E9007300
"Dimba",303048,50294,322,51,PERSON_DATABASE_ID,0x00569592,False,0000560069006500690072006100200064006500200041006E006400720061006400650000000200BD00000045050100C89F04000006000000470072006500630063006F0000000200BD000000460501008EA986000010000000640061002000530069006C0076006100200046006F006E00730065006300610000000200BD0000004705
"Dimba",303048,50294,322,51,PERSON_DATABASE_ID,0x00626A0B,False,0072006F0000000100BD000000BD29000054A004000005000000440069006D006200610000000100BD000000BE290000C89F0400000D0000004D006100720063006F00730020004A00610074006F006200E10000000100BD000000BF2900006C9F04000012000000420065006200650074006F0020006400650020004F006C0069007600
"Dimba",303048,50294,322,51,PERSON_DATABASE_ID,0x0079B8A7,False,000104016118007502000001613D00F201000001611B002702000002621B004E0000000000000400D407000077030000C89F0400028813881352036C007C00E9020000FFFFFFFF2C0B00000A00701700001027000000000000000000000000EE020000000000000000000000000000000000000000000000000000000000000001000000
"Dinélson",320774,51237,319,48,INTERNAL_PERSON_ID,0x002FEA8F,True,006F0000000100BD00000024C8000001E504000008000000440069006E00E9006C0073006F006E0000000100BD00000025C8000006E504000009000000450072006D006F006700E9006E006500730000000100BD00000026C8000007E50400000D0000004A006F00E3006F0020004C0069006E0064006F006D006100720000000100BD00
"Dinélson",320774,51237,319,48,INTERNAL_PERSON_ID,0x004E2382,False,0000000200A500000024C80000872F510000090000004E0069007A006F007600740073006500760000000200A500000025C800003B56070000060000004B006100640069006500760000000200A500000026C80000C947070000060000004B006100690074006F00760000000200A500000027C80000CB470700000A0000004B00650072
"Dinélson",320774,51237,319,48,INTERNAL_PERSON_ID,0x0088506D,False,0400180000001800010000010400D4070300D407FFFFFFFF00FFFFFFFF00FFFFFFFF00060036000000006C07FFFFFFFF25C80000880301009C2700005B00C20700BD0000003600000000000000FFFFFFFF0000006C078C000000010400D4070ACE1000006A3300000000000000FFFFFFFF01000100000062000000000000000900000000
"Dinélson",320774,51237,319,48,INTERNAL_PERSON_ID,0x00A98E6A,False,2100001AC8000001902700001BC8000001912700001DC80000019627000020C8000001EE20000023C80000011B21000025C80000019C27000029C8000001732100002AC8000001A22700002FC8000001A927000030C8000001B323000032C8000001FE21000035C8000001B227000036C8000001B427000037C8000001B727000038C800
"Dinélson",320774,51237,319,48,PERSON_DATABASE_ID,0x002FEA93,True,000100BD00000024C8000001E504000008000000440069006E00E9006C0073006F006E0000000100BD00000025C8000006E504000009000000450072006D006F006700E9006E006500730000000100BD00000026C8000007E50400000D0000004A006F00E3006F0020004C0069006E0064006F006D006100720000000100BD00000027C8
"Dinélson",320774,51237,319,48,PERSON_DATABASE_ID,0x0062110F,False,000100BD0000009B270000FBE404000008000000440069006E00E9006C0073006F006E0000000100BD0000009C27000006E5040000040000004D006F006700690000000100BD0000009D27000007E50400000A0000004C00E9006F00200047007500650072007200610000000100BD0000009E27000080C1040000080000005A00690071
"Dinélson",320774,51237,319,48,PERSON_DATABASE_ID,0x0088511C,False,00000000000400D407320200FF000000000102010355003600000001612400360000000000000400D40700001811000006E5040002F401F401320037009900160D0000FFFFFFFF283200000A007C15C800102700000000000000000000000047250000000000000000000000000000000000000000000000000000000000000001000000
"Douglas Silva",3300410,10349,322,51,INTERNAL_PERSON_ID,0x0007256B,False,000900000000000000FF0000006C28000092CF79000004000000000000000006960000000900000000000000FF0000006D28000093CF79000004000000000000000006960000000900000000000000FF0000006E28000094CF79000004DEDD21428988104106960000000900000000000000FF0000006F28000095CF7900000400000000
"Douglas Silva",3300410,10349,322,51,INTERNAL_PERSON_ID,0x0019C1CD,False,007200000001003A0000006C2800005A2176000008000000470061006D0061006C00690075007300000001003A0000006D28000042257600000E00000049006400610020004200610067007500730020004700610067006100000001003A0000006E28000053217600000600000041006B006800790061007200000001003A0000006F28
"Douglas Silva",3300410,10349,322,51,INTERNAL_PERSON_ID,0x00381510,False,0061006D006100000001003A0000006C2800007922760000060000004B0061006900660061007200000001003A0000006D280000B61B760000070000005700610068006900640069006E00000001003A0000006E2800007C22760000050000005A0061006D0069006E00000001003A0000006F2800008222760000060000004D00610072
"Douglas Silva",3300410,10349,322,51,INTERNAL_PERSON_ID,0x0062331E,True,006C280000395C3200000D00000044006F00750067006C00610073002000530069006C007600610000000100BD0000006D2800003A5C3200000C0000004A006F00E3006F00200052006F0064007200690067006F0000000100BD0000006E2800003D5C3200000E00000052006F0064006F006C0066006F00200053006F00610072006500
"Douglas Silva",3300410,10349,322,51,INTERNAL_PERSON_ID,0x006A8041,False,6C28000061A1770000EE020000000000000000000000FFFFFFFF05000000000000000000000000005F190000FFFFFFFF6D28000062A1770000EE020000000000000000000000FFFFFFFF050000000000000000000000000063270000FFFFFFFF6E28000063A1770000EE020000000000000000000000FFFFFFFF05000000000000000000
"Douglas Silva",3300410,10349,322,51,INTERNAL_PERSON_ID,0x008CFEDD,False,010000010400D4070700D407FFFFFFFF00FFFFFFFF00FFFFFFFF0006005A000000006C07FFFFFFFFEFBE00001A0201006D2800004A00BC0700BD0000000C02000000000000FFFFFFFF0000006C078F000000013901D3070A83140000370400000000000000FFFFFFFF020001000000CB0000000000000014000000000000000E1E000000
"Douglas Silva",3300410,10349,322,51,INTERNAL_PERSON_ID,0x009AF359,False,FFFFFFFF2000006C07FFFFFFFF2000006C0700FFFFFFFFFFFFFFFF0000000000FFFFFFFF00000000000000006C0700006D280000ACF2F50504FFFFFFFF09004A00A408141404090C0411000000000000002F380000AE390000FFFFFFFF0A01AC07004C000000FFFFFFFF00000000FFFFFFFF2000006C07FFFFFFFF2000006C0700FFFFFF
"Douglas Silva",3300410,10349,322,51,INTERNAL_PERSON_ID,0x00A9AF0A,False,0C00005928000000340C00005D28000000360C00006028000000380C000068280000003A0C000069280000003B0C00006D280000007F0B00006E280000003D0C00006F280000003F0C000071280000007E0B000073280000007D0B00007C28000000420C000080280000007C0B00008A28000000430C00009128000000440C0000942800
"Douglas Silva",3300410,10349,322,51,PERSON_DATABASE_ID,0x00623322,True,00395C3200000D00000044006F00750067006C00610073002000530069006C007600610000000100BD0000006D2800003A5C3200000C0000004A006F00E3006F00200052006F0064007200690067006F0000000100BD0000006E2800003D5C3200000E00000052006F0064006F006C0066006F00200053006F0061007200650073000000
"Douglas Silva",3300410,10349,322,51,PERSON_DATABASE_ID,0x008CFFC2,False,00010401034B0030000000010350000C020000016124003802000001610200330000000000003901D3070000EF1400003A5C320001B90BB90BDC057A007A00030000003A04000032BF0000DD110100FFFFFFFFAE00A30700BD000000FFFFFFFF00000000FFFFFFFF0000006C07E8020000020000D1070A84140000FFFFFFFF0000000000
"Édson Araújo",308345,50176,319,48,INTERNAL_PERSON_ID,0x0001B769,False,000000000000FF000000B5000000C300000000044CB73642A24536BE088F0000000300000000000000FF000000B6000000C40000000004E5504042643BEB40068F0000000100000000000000FF000000B7000000C500000000040A574242C1CA8D40068F0000000100000000000000FF000000B8000000C60000000004A69B494291ED34
"Édson Araújo",308345,50176,319,48,INTERNAL_PERSON_ID,0x0001B94F,False,00000900000000000000FF000000C3000000D100000000049A194442AAF1923F068F0000000100000000000000FF000000C4000000D2000000000460E54A426891CD3F068F0000000100000000000000FF000000C5000000D30000000004DF4F3C4273681940088F0000000300000000000000FF000000C6000000D400000000041F0543
"Édson Araújo",308345,50176,319,48,INTERNAL_PERSON_ID,0x00023B21,False,920100000487960BC227B160C20DC30000000B00000000000000FF5F000079040000569201000004E7FB274193D885C200C40000001900000000000000FF0603007A0400005892010000047B141342E5D0424000000000000A00000000000000FF0000007B0400005A920100000425060DC177BE534100010000001900000000000000FF
"Édson Araújo",308345,50176,319,48,INTERNAL_PERSON_ID,0x00027145,False,AA01000004000000000000000000C00000001100000000000000FF0000000506000082AA01000004000000000000000000C40000001900000000000000FF000000060600008AAA010000043333EB409C4477C200C40000001900000000000000FFEF0100070600008CAA01000004E3A50541A69B7AC200C40000001900000000000000FF
"Édson Araújo",308345,50176,319,48,INTERNAL_PERSON_ID,0x00027168,False,AA01000004000000000000000000C40000001900000000000000FF000000060600008AAA010000043333EB409C4477C200C40000001900000000000000FFEF0100070600008CAA01000004E3A50541A69B7AC200C40000001900000000000000FF160000080600008EAA01000004A8C64E42F0A70E40048B0000000100000000000000FF
"Édson Araújo",308345,50176,319,48,INTERNAL_PERSON_ID,0x0002718B,False,AA010000043333EB409C4477C200C40000001900000000000000FFEF0100070600008CAA01000004E3A50541A69B7AC200C40000001900000000000000FF160000080600008EAA01000004A8C64E42F0A70E40048B0000000100000000000000FF0000000906000098AA010000040000000000000000038B0000000100000000000000FF
"Édson Araújo",308345,50176,319,48,INTERNAL_PERSON_ID,0x0002E9DB,False,B3040000046DE70AC248E160C205C30000000B00000000000000FF09010077090000C8B304000004000000000000000000C40000001900000000000000FF00000078090000CAB304000004000000000000000000C40000001900000000000000FF00000079090000CCB304000004A8C6E9C1355E4DC204BD0000002500000000000000FF
"Édson Araújo",308345,50176,319,48,INTERNAL_PERSON_ID,0x0002E9FE,False,B304000004000000000000000000C40000001900000000000000FF00000078090000CAB304000004000000000000000000C40000001900000000000000FF00000079090000CCB304000004A8C6E9C1355E4DC204BD0000002500000000000000FF080A007A0900000DB404000004000000000000000000680000001900000000000000FF
"Édson Araújo",308345,50176,319,48,INTERNAL_PERSON_ID,0x0005D79F,False,BA50000004C97692C0448BA2C204C20000001500000000000000FF2A0000E31E000079BA50000004000000000000000000C40000001900000000000000FF000000E41E000076DF50000004000000000000000000660000001900000000000000FF000000E51E0000E1DF50000004000000000000000000C40000001900000000000000FF
"Édson Araújo",308345,50176,319,48,INTERNAL_PERSON_ID,0x0005D7E5,False,DF50000004000000000000000000660000001900000000000000FF000000E51E0000E1DF50000004000000000000000000C40000001900000000000000FF000000E61E000001E050000004000000000000000000C40000001900000000000000FF000000E71E000004E0500000043D0A2141FCA98AC200C40000001900000000000000FF
"Édson Araújo",308345,50176,319,48,INTERNAL_PERSON_ID,0x0005D808,False,DF50000004000000000000000000C40000001900000000000000FF000000E61E000001E050000004000000000000000000C40000001900000000000000FF000000E71E000004E0500000043D0A2141FCA98AC200C40000001900000000000000FF7B0700E81E00000AE050000004000000000000000000C40000001900000000000000FF
"Édson Araújo",308345,50176,319,48,INTERNAL_PERSON_ID,0x0005D82B,False,E050000004000000000000000000C40000001900000000000000FF000000E71E000004E0500000043D0A2141FCA98AC200C40000001900000000000000FF7B0700E81E00000AE050000004000000000000000000C40000001900000000000000FF000000E91E00008BE0500000049C443E429A99094205AE000000FFFFFFFF00000000FF
"Édson Araújo",308345,50176,319,48,INTERNAL_PERSON_ID,0x0005D84E,False,E0500000043D0A2141FCA98AC200C40000001900000000000000FF7B0700E81E00000AE050000004000000000000000000C40000001900000000000000FF000000E91E00008BE0500000049C443E429A99094205AE000000FFFFFFFF00000000FF4B0000EA1E0000F90651000004CF7742426666B24106AE000000FFFFFFFF00000000FF
"Édson Araújo",308345,50176,319,48,INTERNAL_PERSON_ID,0x00088FCB,False,AB8600000446B631C152389BC203C20000001500000000000000FFDB0000C73200003DAB86000004000000000000000000C40000001900000000000000FF000000C832000059AB86000004000000000000000000C40000001900000000000000FF000000C93200005AAB86000004C3F518416D678AC200C40000001900000000000000FF
"Édson Araújo",308345,50176,319,48,INTERNAL_PERSON_ID,0x00088FEE,False,AB86000004000000000000000000C40000001900000000000000FF000000C832000059AB86000004000000000000000000C40000001900000000000000FF000000C93200005AAB86000004C3F518416D678AC200C40000001900000000000000FF8C0200CA3200005BAB86000004000000000000000000C40000001900000000000000FF
"Édson Araújo",308345,50176,319,48,INTERNAL_PERSON_ID,0x00089011,False,AB86000004000000000000000000C40000001900000000000000FF000000C93200005AAB86000004C3F518416D678AC200C40000001900000000000000FF8C0200CA3200005BAB86000004000000000000000000C40000001900000000000000FF000000CB3200005CAB86000004B6F3014133337EC200C40000001900000000000000FF
"Édson Araújo",308345,50176,319,48,INTERNAL_PERSON_ID,0x00089034,False,AB86000004C3F518416D678AC200C40000001900000000000000FF8C0200CA3200005BAB86000004000000000000000000C40000001900000000000000FF000000CB3200005CAB86000004B6F3014133337EC200C40000001900000000000000FFEF0000CC3200005DAB86000004000000000000000000C40000001900000000000000FF
"Édson Araújo",308345,50176,319,48,INTERNAL_PERSON_ID,0x00089057,False,AB86000004000000000000000000C40000001900000000000000FF000000CB3200005CAB86000004B6F3014133337EC200C40000001900000000000000FFEF0000CC3200005DAB86000004000000000000000000C40000001900000000000000FF000000CD3200005EAB86000004000000000000000000C40000001900000000000000FF
"Édson Araújo",308345,50176,319,48,INTERNAL_PERSON_ID,0x0008907A,False,AB86000004B6F3014133337EC200C40000001900000000000000FFEF0000CC3200005DAB86000004000000000000000000C40000001900000000000000FF000000CD3200005EAB86000004000000000000000000C40000001900000000000000FF000000CE3200005FAB86000004000000000000000000BC0000001500000000000000FF
"Édson Araújo",308345,50176,319,48,INTERNAL_PERSON_ID,0x0008909D,False,AB86000004000000000000000000C40000001900000000000000FF000000CD3200005EAB86000004000000000000000000C40000001900000000000000FF000000CE3200005FAB86000004000000000000000000BC0000001500000000000000FF000000CF32000063AB86000004000000000000000000BB0000000B00000000000000FF
"Édson Araújo",308345,50176,319,48,INTERNAL_PERSON_ID,0x00089822,False,AE860000046F12C3C1448B55C201BD0000002500000000000000FF43060004330000C4AE86000004000000000000000000C40000001900000000000000FF00000005330000C5AE86000004000000000000000000C40000001900000000000000FF00000006330000C6AE86000004000000000000000000C40000001900000000000000FF
"Édson Araújo",308345,50176,319,48,INTERNAL_PERSON_ID,0x00089845,False,AE86000004000000000000000000C40000001900000000000000FF00000005330000C5AE86000004000000000000000000C40000001900000000000000FF00000006330000C6AE86000004000000000000000000C40000001900000000000000FF00000007330000C7AE86000004713DB640625099C204BF0000005D00000000000000FF
"Édson Araújo",308345,50176,319,48,INTERNAL_PERSON_ID,0x00089868,False,AE86000004000000000000000000C40000001900000000000000FF00000006330000C6AE86000004000000000000000000C40000001900000000000000FF00000007330000C7AE86000004713DB640625099C204BF0000005D00000000000000FFE8000008330000C8AE86000004000000000000000000C40000001900000000000000FF
"Édson Araújo",308345,50176,319,48,INTERNAL_PERSON_ID,0x000898AE,False,AE86000004713DB640625099C204BF0000005D00000000000000FFE8000008330000C8AE86000004000000000000000000C40000001900000000000000FF00000009330000EEAE86000004000000000000000000C40000001900000000000000FF0000000A330000EFAE86000004000000000000000000C40000001900000000000000FF
"Édson Araújo",308345,50176,319,48,INTERNAL_PERSON_ID,0x000898D1,False,AE86000004000000000000000000C40000001900000000000000FF00000009330000EEAE86000004000000000000000000C40000001900000000000000FF0000000A330000EFAE86000004000000000000000000C40000001900000000000000FF0000000B330000F0AE86000004000000000000000000C40000001900000000000000FF
"Édson Araújo",308345,50176,319,48,INTERNAL_PERSON_ID,0x000898F4,False,AE86000004000000000000000000C40000001900000000000000FF0000000A330000EFAE86000004000000000000000000C40000001900000000000000FF0000000B330000F0AE86000004000000000000000000C40000001900000000000000FF0000000C330000F1AE86000004D5782741815580C200C40000001900000000000000FF
"Édson Araújo",308345,50176,319,48,INTERNAL_PERSON_ID,0x00089917,False,AE86000004000000000000000000C40000001900000000000000FF0000000B330000F0AE86000004000000000000000000C40000001900000000000000FF0000000C330000F1AE86000004D5782741815580C200C40000001900000000000000FFC800000D330000FFAE86000004000000000000000000C40000001900000000000000FF
"Édson Araújo",308345,50176,319,48,INTERNAL_PERSON_ID,0x0008993A,False,AE86000004000000000000000000C40000001900000000000000FF0000000C330000F1AE86000004D5782741815580C200C40000001900000000000000FFC800000D330000FFAE86000004000000000000000000C40000001900000000000000FF0000000E33000000AF8600000491EDB1C1CDCC2EC204BD0000000C00000000000000FF
"Édson Araújo",308345,50176,319,48,INTERNAL_PERSON_ID,0x0008995D,False,AE86000004D5782741815580C200C40000001900000000000000FFC800000D330000FFAE86000004000000000000000000C40000001900000000000000FF0000000E33000000AF8600000491EDB1C1CDCC2EC204BD0000000C00000000000000FF2C07000F33000004AF8600000479E9ADC1F8D329C201BD0000002600000000000000FF
"Édson Araújo",308345,50176,319,48,INTERNAL_PERSON_ID,0x0008B21C,False,B98600000031880AC2DB7962C201C30000000B00000000000000FF860000C23300008CB986000000000000000000000000C40000001900000000000000FF000000C3330000C9BA860000003789A1409C0497C203BF0000005F00000000000000FF9D1700C4330000DBBA86000000000000000000000000C40000001900000000000000FF
"Édson Araújo",308345,50176,319,48,INTERNAL_PERSON_ID,0x0008B262,False,BA860000003789A1409C0497C203BF0000005F00000000000000FF9D1700C4330000DBBA86000000000000000000000000C40000001900000000000000FF000000C5330000DDBA86000000000000000000000000C40000001900000000000000FF000000C6330000E3BA86000000000000000000000000C40000001900000000000000FF
"Édson Araújo",308345,50176,319,48,INTERNAL_PERSON_ID,0x0008B285,False,BA86000000000000000000000000C40000001900000000000000FF000000C5330000DDBA86000000000000000000000000C40000001900000000000000FF000000C6330000E3BA86000000000000000000000000C40000001900000000000000FF000000C7330000EABA86000000000000000000000000C10000000B00000000000000FF
"Édson Araújo",308345,50176,319,48,INTERNAL_PERSON_ID,0x0008B2A8,False,BA86000000000000000000000000C40000001900000000000000FF000000C6330000E3BA86000000000000000000000000C40000001900000000000000FF000000C7330000EABA86000000000000000000000000C10000000B00000000000000FF000000C8330000EDBA86000000000000000000000000C40000001900000000000000FF
"Édson Araújo",308345,50176,319,48,INTERNAL_PERSON_ID,0x0008B2EE,False,BA86000000000000000000000000C10000000B00000000000000FF000000C8330000EDBA86000000000000000000000000C40000001900000000000000FF000000C9330000F2BA86000000000000000000000000BC0000001500000000000000FF000000CA33000045BB86000000000000000000000000BC0000001500000000000000FF
"Édson Araújo",308345,50176,319,48,INTERNAL_PERSON_ID,0x0009CB3C,False,00C07F00000102750100002307000002051700000E15000001056400C00000000000000000000000000000000000000000C4000000B50300000091000000FF00000000FF000000000D0D017C640000983A0000589800000E00FFFFFFFF00F316000000000040625D00000000000000000000000100000002000000030000000000000203
"Édson Araújo",308345,50176,319,48,INTERNAL_PERSON_ID,0x000A0216,False,00DF7C00000D00FFFFFFFF00BD120000000000407031000000000000000001000B04000100000002000000030000000200C40000009F020000030300D407010600D407010D00D407010000000000050000004C0065006300630065000000050000004C0065006300630065000000030070C07F00700B0070FF7FC07F02C07F0602007002
"Édson Araújo",308345,50176,319,48,INTERNAL_PERSON_ID,0x000B489E,False,0000020000C07F000000407FFF7F0000000135030000000000000000000000000000000000000000550200007CAA010000C4000000FF00000000FF000000000B0C01FA00000096000000B03600000900FFFFFFFF00FFFFFFFF000000C05C15000000000000000000000001000000020000000300000000000000000000000A0000004300
"Édson Araújo",308345,50176,319,48,INTERNAL_PERSON_ID,0x000B4950,False,7F004048FF7F404800013603000001010541007102000000000000000000000000000000000000005602000084AA010000C4000000FF00000000FF00000000090901FA00000096000000803E00000800FFFFFFFF00FFFFFFFF000000801A0600000000000000000000000100000002000000030000000000000000000202180000004500
"Édson Araújo",308345,50176,319,48,INTERNAL_PERSON_ID,0x000B4A3A,False,7F00FF7FD40000700001370300000101053C005802000000000000000000000000000000000000005702000085AA010000C4000000FF00000000FF00000000080801FA00000096000000803E00000800FFFFFFFF00FFFFFFFF00000090D003000000000000000000000001000000020000000300000000000000000000001B0000005500
"Édson Araújo",308345,50176,319,48,INTERNAL_PERSON_ID,0x000B4B30,False,0100FF7F5A01FF7F0001380300000101053C005702000000000000000000000000000000000000005802000087AA010000C4000000FF00000000FF00000000070701FA00000096000000983A00000400FFFFFFFF00FFFFFFFF000000F0490200000000000000000000000100000002000000030000000000000000000202150000004100
"Édson Araújo",308345,50176,319,48,INTERNAL_PERSON_ID,0x000B5CDB,False,7F008601FF7F860100014F03000001010550003706000000000000000000000000000000000000006E0200009FD8010000C4000000FF00000000FF00000000020201FA00000096000000B88800000400FFFFFFFF00FFFFFFFF000000F04902000000000000000000000001000000020000000300000000000000000000000B0000005A00
"Édson Araújo",308345,50176,319,48,INTERNAL_PERSON_ID,0x000B5D91,False,7F000C30C07F0C3000015003000001010537005F06000000000000000000000000000000000000006F020000A2D8010000C4000000FF00000000FF000000000B0B01FA000000960000006C6B00000900FFFFFFFF00FFFFFFFF00000020A10700000000000000000000000100000002000000030000000000000000000000140000004400
"Édson Araújo",308345,50176,319,48,INTERNAL_PERSON_ID,0x000B5E63,False,0000020000407F000000407F0000407F00015103000000000000000000000000000000000000000070020000A6D8010000C4000000FF00000000FF00000000090C01FA00000096000000B03600000A00FFFFFFFF00FFFFFFFF000000801A0600000000000000000000000100000002000000030000000000000000000000160000004300
"Édson Araújo",308345,50176,319,48,INTERNAL_PERSON_ID,0x000E7807,False,000002FF7F8C00FF7F010070FF7F007002019D0700000000000000000000000000000000000000005D060000CDB8500000C4000000FF00000000FF00000000060601FA00000096000000102700000500FFFFFFFF00FFFFFFFF000000400D03000000000000000000000001000000020000000300000000000000000000000E0000004300
"Édson Araújo",308345,50176,319,48,INTERNAL_PERSON_ID,0x000E78C1,False,000002C07F0041C07F000041C07F004100019F0700000000000000000000000000000000000000005E0600008CE0500000C4000000FF00000000FF00000000060601FA00000096000000B88800000600FFFFFFFF00FFFFFFFF000000C02709000000000000000000000001000000020000000300000000000000000000000C0000005500
"Édson Araújo",308345,50176,319,48,INTERNAL_PERSON_ID,0x000F43F6,False,000000C3000000004F010000CBB9040000000000FF7F8C000000000D000000006405000000BD000000FFFFFFFFC6000000C40000000050010000CEB9040000010100FF7F8C0000000009000000006405000000BD000000FFFFFFFFC7000000C5000000005101000040C2040000000000C07F06025A010004000000000005000000BD0000
"Édson Araújo",308345,50176,319,48,INTERNAL_PERSON_ID,0x00101B61,False,0002080000000000000000000000000000000000000000000000000000000000000000000000000504FC0200008A000000C40000000000000000FF0A000000540069007000730062006C00610064006500740000000002080000000000000000000000000000000000000000000000000000000000000000000000000504FC0200008B00
"Édson Araújo",308345,50176,319,48,INTERNAL_PERSON_ID,0x001211BF,False,C7000006A2450A415C8F2441000018410000E440DF4FFD40000058410000641905E8000000450100008111000017170000C40000007C150FE61600005E000000331700003701000085110000E5160000E1160000DB1600005701000024130000CF0000002F0000007911000011010000920000005E1A0FD1130000D5000000E1000000D9
"Édson Araújo",308345,50176,319,48,INTERNAL_PERSON_ID,0x0013FDF2,False,6F006C00F4006D00620069006100000002D400407FD40002FF7FD400FF7F02032E020000E60F0000E70F00000302066400C400000002066400BD00000002066400C00000000A0F050F0A0A0A05050A050A0A00000000BF00000075060000000A00000000000500000044000000360200005F00000031008402BD040000FF0000803E0100
"Édson Araújo",308345,50176,319,48,INTERNAL_PERSON_ID,0x001407CF,False,FF7F020000FF7F0000020333020000F00F0000F10F00000102066400BF0000000A0F050F0A0A0A05050A050A0A00000000C40000007A06000000000000000000000000000C000000000000006400000080008C01B6200000FF0000803E000097D70000B8230100B22C00002D000000350000000200000000000000085A005A005A005A00
"Édson Araújo",308345,50176,319,48,INTERNAL_PERSON_ID,0x001448BB,False,680069006D000000020000000000C300000038CA5100000700000044006A0069006C0061006C0069000000020000000000C4000000629F83000005000000590061007A00690064000000020000000000C500000040CA5100000E0000004D006F00680061006D006500640020005300650067006800690072000000020000000000C60000
"Édson Araújo",308345,50176,319,48,INTERNAL_PERSON_ID,0x002F317A,True,000000FFC300006FB40400000C000000C900640073006F006E002000410072006100FA006A006F0000000100BD00000000C4000079B404000007000000560061006C006B006D006100720000000100BD00000001C40000ADB40400000B000000440061006E00690065006C0020004C00750069007A0000000100BD00000002C40000B4B4
"Édson Araújo",308345,50176,319,48,INTERNAL_PERSON_ID,0x00322FBE,False,72006E006500730074006F0000000100C30000003AD60000120B850000060000004300610072006C006F00730000000A00C40000003BD60000EBAE860000090000004A006F007300E90020004C0075006900730000000800C40000003CD600006CE05000000500000050006500640072006F0000000700C40000003DD60000ABE0500000
"Édson Araújo",308345,50176,319,48,INTERNAL_PERSON_ID,0x00322FE5,False,6C006F00730000000A00C40000003BD60000EBAE860000090000004A006F007300E90020004C0075006900730000000800C40000003CD600006CE05000000500000050006500640072006F0000000700C40000003DD60000ABE050000006000000520061006600610065006C0000000700C40000003ED60000D6DF5000000B0000004A00
"Édson Araújo",308345,50176,319,48,INTERNAL_PERSON_ID,0x00323004,False,7300E90020004C0075006900730000000800C40000003CD600006CE05000000500000050006500640072006F0000000700C40000003DD60000ABE050000006000000520061006600610065006C0000000700C40000003ED60000D6DF5000000B0000004A00750061006E0020004300610072006C006F00730000000600C40000003FD600
"Édson Araújo",308345,50176,319,48,INTERNAL_PERSON_ID,0x00323025,False,000050006500640072006F0000000700C40000003DD60000ABE050000006000000520061006600610065006C0000000700C40000003ED60000D6DF5000000B0000004A00750061006E0020004300610072006C006F00730000000600C40000003FD60000872F400000090000004600720061006E0063006900730063006F0000000600C4
"Édson Araújo",308345,50176,319,48,INTERNAL_PERSON_ID,0x00323050,False,6C0000000700C40000003ED60000D6DF5000000B0000004A00750061006E0020004300610072006C006F00730000000600C40000003FD60000872F400000090000004600720061006E0063006900730063006F0000000600C400000040D600000CBB860000040000004A006F007300E90000000500C400000041D6000002E15000000600
"Édson Araújo",308345,50176,319,48,INTERNAL_PERSON_ID,0x00323077,False,6C006F00730000000600C40000003FD60000872F400000090000004600720061006E0063006900730063006F0000000600C400000040D600000CBB860000040000004A006F007300E90000000500C400000041D6000002E1500000060000004A006100760069006500720000000500C400000042D6000042DF500000060000005600ED00
"Édson Araújo",308345,50176,319,48,INTERNAL_PERSON_ID,0x00323094,False,720061006E0063006900730063006F0000000600C400000040D600000CBB860000040000004A006F007300E90000000500C400000041D6000002E1500000060000004A006100760069006500720000000500C400000042D6000042DF500000060000005600ED00630074006F00720000000500C400000043D60000BFE050000005000000
"Édson Araújo",308345,50176,319,48,INTERNAL_PERSON_ID,0x003230B5,False,040000004A006F007300E90000000500C400000041D6000002E1500000060000004A006100760069006500720000000500C400000042D6000042DF500000060000005600ED00630074006F00720000000500C400000043D60000BFE0500000050000004A006F0072006700650000000500C400000044D60000FABA860000060000004400
"Édson Araújo",308345,50176,319,48,INTERNAL_PERSON_ID,0x003230D6,False,4A006100760069006500720000000500C400000042D6000042DF500000060000005600ED00630074006F00720000000500C400000043D60000BFE0500000050000004A006F0072006700650000000500C400000044D60000FABA86000006000000440061006E00690065006C0000000500C400000045D6000066DF500000050000004100
"Édson Araújo",308345,50176,319,48,INTERNAL_PERSON_ID,0x003230F5,False,00005600ED00630074006F00720000000500C400000043D60000BFE0500000050000004A006F0072006700650000000500C400000044D60000FABA86000006000000440061006E00690065006C0000000500C400000045D6000066DF5000000500000041006E00670065006C0000000500C400000046D60000F8BA860000040000004C00
"Édson Araújo",308345,50176,319,48,INTERNAL_PERSON_ID,0x00323116,False,00004A006F0072006700650000000500C400000044D60000FABA86000006000000440061006E00690065006C0000000500C400000045D6000066DF5000000500000041006E00670065006C0000000500C400000046D60000F8BA860000040000004C0075006900730000000500C400000047D600009CE05000000700000041006C006600
"Édson Araújo",308345,50176,319,48,INTERNAL_PERSON_ID,0x00323135,False,0000440061006E00690065006C0000000500C400000045D6000066DF5000000500000041006E00670065006C0000000500C400000046D60000F8BA860000040000004C0075006900730000000500C400000047D600009CE05000000700000041006C0066007200650064006F0000000400C400000048D60000ADE0500000070000005700
"Édson Araújo",308345,50176,319,48,INTERNAL_PERSON_ID,0x00323152,False,00000500000041006E00670065006C0000000500C400000046D60000F8BA860000040000004C0075006900730000000500C400000047D600009CE05000000700000041006C0066007200650064006F0000000400C400000048D60000ADE050000007000000570069006C006C00690061006D0000000400C400000049D6000095DF500000
"Édson Araújo",308345,50176,319,48,INTERNAL_PERSON_ID,0x00323175,False,00004C0075006900730000000500C400000047D600009CE05000000700000041006C0066007200650064006F0000000400C400000048D60000ADE050000007000000570069006C006C00690061006D0000000400C400000049D6000095DF500000070000004F0072006C0061006E0064006F0000000400C40000004AD6000014BB860000
"Édson Araújo",308345,50176,319,48,INTERNAL_PERSON_ID,0x00323198,False,66007200650064006F0000000400C400000048D60000ADE050000007000000570069006C006C00690061006D0000000400C400000049D6000095DF500000070000004F0072006C0061006E0064006F0000000400C40000004AD6000014BB860000070000004700650072006100720064006F0000000400C40000004BD600000BE0500000
"Édson Araújo",308345,50176,319,48,INTERNAL_PERSON_ID,0x003231BB,False,6C006C00690061006D0000000400C400000049D6000095DF500000070000004F0072006C0061006E0064006F0000000400C40000004AD6000014BB860000070000004700650072006100720064006F0000000400C40000004BD600000BE0500000080000004600720061006E006B006C0069006E0000000400C40000004CD60000CBE050
"Édson Araújo",308345,50176,319,48,INTERNAL_PERSON_ID,0x003231DE,False,6C0061006E0064006F0000000400C40000004AD6000014BB860000070000004700650072006100720064006F0000000400C40000004BD600000BE0500000080000004600720061006E006B006C0069006E0000000400C40000004CD60000CBE05000000700000041006E0074006F006E0069006F0000000400C40000004DD600006ADF50
"Édson Araújo",308345,50176,319,48,INTERNAL_PERSON_ID,0x00323203,False,6100720064006F0000000400C40000004BD600000BE0500000080000004600720061006E006B006C0069006E0000000400C40000004CD60000CBE05000000700000041006E0074006F006E0069006F0000000400C40000004DD600006ADF500000090000004700750069006C006C00650072006D006F0000000400C40000004ED6000068
"Édson Araújo",308345,50176,319,48,INTERNAL_PERSON_ID,0x00323226,False,6E006B006C0069006E0000000400C40000004CD60000CBE05000000700000041006E0074006F006E0069006F0000000400C40000004DD600006ADF500000090000004700750069006C006C00650072006D006F0000000400C40000004ED6000068DF5000000900000041006C0065006A0061006E00640072006F0000000400C40000004F
"Édson Araújo",308345,50176,319,48,INTERNAL_PERSON_ID,0x0032324D,False,6E0069006F0000000400C40000004DD600006ADF500000090000004700750069006C006C00650072006D006F0000000400C40000004ED6000068DF5000000900000041006C0065006A0061006E00640072006F0000000400C40000004FD60000DDE0500000070000005200690063006100720064006F0000000400C400000050D600004B
"Édson Araújo",308345,50176,319,48,INTERNAL_PERSON_ID,0x00323274,False,72006D006F0000000400C40000004ED6000068DF5000000900000041006C0065006A0061006E00640072006F0000000400C40000004FD60000DDE0500000070000005200690063006100720064006F0000000400C400000050D600004BDF5000000B0000004C0075006900730020004D0061006E00750065006C0000000300C400000051
"Édson Araújo",308345,50176,319,48,INTERNAL_PERSON_ID,0x00323297,False,61006E00640072006F0000000400C40000004FD60000DDE0500000070000005200690063006100720064006F0000000400C400000050D600004BDF5000000B0000004C0075006900730020004D0061006E00750065006C0000000300C400000051D6000022DF5000000700000041006C0062006500720074006F0000000300C400000052
"Édson Araújo",308345,50176,319,48,INTERNAL_PERSON_ID,0x003232C2,False,6F0000000400C400000050D600004BDF5000000B0000004C0075006900730020004D0061006E00750065006C0000000300C400000051D6000022DF5000000700000041006C0062006500720074006F0000000300C400000052D6000020E0500000070000004700610062007200690065006C0000000300C400000053D60000D1940D0000
"Édson Araújo",308345,50176,319,48,INTERNAL_PERSON_ID,0x003232E5,False,61006E00750065006C0000000300C400000051D6000022DF5000000700000041006C0062006500720074006F0000000300C400000052D6000020E0500000070000004700610062007200690065006C0000000300C400000053D60000D1940D00000C0000004D0069006700750065006C00200041006E00670065006C0000000300C40000
"Édson Araújo",308345,50176,319,48,INTERNAL_PERSON_ID,0x00323308,False,62006500720074006F0000000300C400000052D6000020E0500000070000004700610062007200690065006C0000000300C400000053D60000D1940D00000C0000004D0069006700750065006C00200041006E00670065006C0000000300C400000054D600009A980E00000700000047007200650067006F007200790000000300C40000
"Édson Araújo",308345,50176,319,48,INTERNAL_PERSON_ID,0x00323335,False,00000300C400000053D60000D1940D00000C0000004D0069006700750065006C00200041006E00670065006C0000000300C400000054D600009A980E00000700000047007200650067006F007200790000000300C400000055D600005EDF500000050000004400610076006900640000000300C400000056D60000A7D801000005000000
"Édson Araújo",308345,50176,319,48,INTERNAL_PERSON_ID,0x00323358,False,41006E00670065006C0000000300C400000054D600009A980E00000700000047007200650067006F007200790000000300C400000055D600005EDF500000050000004400610076006900640000000300C400000056D60000A7D801000005000000520075006200E9006E0000000300C400000057D600003CDF500000060000004A006F00
"Édson Araújo",308345,50176,319,48,INTERNAL_PERSON_ID,0x00323377,False,47007200650067006F007200790000000300C400000055D600005EDF500000050000004400610076006900640000000300C400000056D60000A7D801000005000000520075006200E9006E0000000300C400000057D600003CDF500000060000004A006F0068006E006E00790000000300C400000058D600002CDF500000070000004500
"Édson Araújo",308345,50176,319,48,INTERNAL_PERSON_ID,0x00323396,False,050000004400610076006900640000000300C400000056D60000A7D801000005000000520075006200E9006E0000000300C400000057D600003CDF500000060000004A006F0068006E006E00790000000300C400000058D600002CDF500000070000004500640075006100720064006F0000000300C400000059D600002ADF5000000600
"Édson Araújo",308345,50176,319,48,INTERNAL_PERSON_ID,0x003233B7,False,0000520075006200E9006E0000000300C400000057D600003CDF500000060000004A006F0068006E006E00790000000300C400000058D600002CDF500000070000004500640075006100720064006F0000000300C400000059D600002ADF500000060000004D0061006E00750065006C0000000300C40000005AD60000CCBA8600000D00
"Édson Araújo",308345,50176,319,48,INTERNAL_PERSON_ID,0x003233DA,False,6F0068006E006E00790000000300C400000058D600002CDF500000070000004500640075006100720064006F0000000300C400000059D600002ADF500000060000004D0061006E00750065006C0000000300C40000005AD60000CCBA8600000D0000004A006F007300E900200047007200650067006F00720069006F0000000300C40000
"Édson Araújo",308345,50176,319,48,INTERNAL_PERSON_ID,0x003233FB,False,640075006100720064006F0000000300C400000059D600002ADF500000060000004D0061006E00750065006C0000000300C40000005AD60000CCBA8600000D0000004A006F007300E900200047007200650067006F00720069006F0000000300C40000005BD600009FDF5000000B00000041006C00650078006900730020004A006F0073
"Édson Araújo",308345,50176,319,48,INTERNAL_PERSON_ID,0x0032342A,False,0300C40000005AD60000CCBA8600000D0000004A006F007300E900200047007200650067006F00720069006F0000000300C40000005BD600009FDF5000000B00000041006C00650078006900730020004A006F007300E90000000300C40000005CD600005EE050000008000000470069006F00760061006E006E00790000000300C40000
"Édson Araújo",308345,50176,319,48,INTERNAL_PERSON_ID,0x00323455,False,6F0000000300C40000005BD600009FDF5000000B00000041006C00650078006900730020004A006F007300E90000000300C40000005CD600005EE050000008000000470069006F00760061006E006E00790000000300C40000005DD6000082E0500000050000004A0065007300FA00730000000300C40000005ED60000FFBA8600000800
"Édson Araújo",308345,50176,319,48,INTERNAL_PERSON_ID,0x0032347A,False,4A006F007300E90000000300C40000005CD600005EE050000008000000470069006F00760061006E006E00790000000300C40000005DD6000082E0500000050000004A0065007300FA00730000000300C40000005ED60000FFBA860000080000004A006F006E0061007400680061006E0000000300C40000005FD60000F8DF5000000700
"Édson Araújo",308345,50176,319,48,INTERNAL_PERSON_ID,0x00323499,False,69006F00760061006E006E00790000000300C40000005DD6000082E0500000050000004A0065007300FA00730000000300C40000005ED60000FFBA860000080000004A006F006E0061007400680061006E0000000300C40000005FD60000F8DF5000000700000052006F006C0061006E0064006F0000000200C400000060D600002DDF50
"Édson Araújo",308345,50176,319,48,INTERNAL_PERSON_ID,0x003234BE,False,65007300FA00730000000300C40000005ED60000FFBA860000080000004A006F006E0061007400680061006E0000000300C40000005FD60000F8DF5000000700000052006F006C0061006E0064006F0000000200C400000060D600002DDF5000000C0000004C00750069007300200045006E007200690071007500650000000200C40000
"Édson Araújo",308345,50176,319,48,INTERNAL_PERSON_ID,0x003234E1,False,61007400680061006E0000000300C40000005FD60000F8DF5000000700000052006F006C0061006E0064006F0000000200C400000060D600002DDF5000000C0000004C00750069007300200045006E007200690071007500650000000200C400000061D6000090DF5000000B0000004A00750061006E0020004D0061006E00750065006C
"Édson Araújo",308345,50176,319,48,INTERNAL_PERSON_ID,0x0032350E,False,00000200C400000060D600002DDF5000000C0000004C00750069007300200045006E007200690071007500650000000200C400000061D6000090DF5000000B0000004A00750061006E0020004D0061006E00750065006C0000000200C400000062D6000089DF500000090000004A00750061006E0020004A006F007300E90000000200C4
"Édson Araújo",308345,50176,319,48,INTERNAL_PERSON_ID,0x00323539,False,650000000200C400000061D6000090DF5000000B0000004A00750061006E0020004D0061006E00750065006C0000000200C400000062D6000089DF500000090000004A00750061006E0020004A006F007300E90000000200C400000063D600007BDF5000000A00000050006500640072006F0020004A006F007300E90000000200C40000
"Édson Araújo",308345,50176,319,48,INTERNAL_PERSON_ID,0x00323560,False,750065006C0000000200C400000062D6000089DF500000090000004A00750061006E0020004A006F007300E90000000200C400000063D600007BDF5000000A00000050006500640072006F0020004A006F007300E90000000200C400000064D6000077DF500000070000004F007300770061006C0064006F0000000200C400000065D600
"Édson Araújo",308345,50176,319,48,INTERNAL_PERSON_ID,0x00323589,False,7300E90000000200C400000063D600007BDF5000000A00000050006500640072006F0020004A006F007300E90000000200C400000064D6000077DF500000070000004F007300770061006C0064006F0000000200C400000065D6000063DF50000007000000410072006D0061006E0064006F0000000200C400000066D6000064F30E0000
"Édson Araújo",308345,50176,319,48,INTERNAL_PERSON_ID,0x003235AC,False,20004A006F007300E90000000200C400000064D6000077DF500000070000004F007300770061006C0064006F0000000200C400000065D6000063DF50000007000000410072006D0061006E0064006F0000000200C400000066D6000064F30E0000060000004A0075006E0069006F00720000000200C400000067D600005FDF5000000B00
"Édson Araújo",308345,50176,319,48,INTERNAL_PERSON_ID,0x003235CF,False,770061006C0064006F0000000200C400000065D6000063DF50000007000000410072006D0061006E0064006F0000000200C400000066D6000064F30E0000060000004A0075006E0069006F00720000000200C400000067D600005FDF5000000B0000005600ED00630074006F00720020004A006F007300E90000000200C400000068D600
"Édson Araújo",308345,50176,319,48,INTERNAL_PERSON_ID,0x003235F0,False,72006D0061006E0064006F0000000200C400000066D6000064F30E0000060000004A0075006E0069006F00720000000200C400000067D600005FDF5000000B0000005600ED00630074006F00720020004A006F007300E90000000200C400000068D600005CDF5000000900000041006C006500780061006E0064006500720000000200C4
"Édson Araújo",308345,50176,319,48,INTERNAL_PERSON_ID,0x0032361B,False,720000000200C400000067D600005FDF5000000B0000005600ED00630074006F00720020004A006F007300E90000000200C400000068D600005CDF5000000900000041006C006500780061006E0064006500720000000200C400000069D600003DDF500000040000004A00750061006E0000000200C40000006AD6000036DF5000000400
"Édson Araújo",308345,50176,319,48,INTERNAL_PERSON_ID,0x00323642,False,6F007300E90000000200C400000068D600005CDF5000000900000041006C006500780061006E0064006500720000000200C400000069D600003DDF500000040000004A00750061006E0000000200C40000006AD6000036DF5000000400000052006100FA006C0000000200C40000006BD60000CEE0500000070000005200690063006800
"Édson Araújo",308345,50176,319,48,INTERNAL_PERSON_ID,0x0032365F,False,6C006500780061006E0064006500720000000200C400000069D600003DDF500000040000004A00750061006E0000000200C40000006AD6000036DF5000000400000052006100FA006C0000000200C40000006BD60000CEE050000007000000520069006300680061007200640000000200C40000006CD600003EDF5000000C0000004C00
"Édson Araújo",308345,50176,319,48,INTERNAL_PERSON_ID,0x0032367C,False,DF500000040000004A00750061006E0000000200C40000006AD6000036DF5000000400000052006100FA006C0000000200C40000006BD60000CEE050000007000000520069006300680061007200640000000200C40000006CD600003EDF5000000C0000004C00750069007300200041006C0062006500720074006F0000000200C40000
"Édson Araújo",308345,50176,319,48,INTERNAL_PERSON_ID,0x0032369F,False,000052006100FA006C0000000200C40000006BD60000CEE050000007000000520069006300680061007200640000000200C40000006CD600003EDF5000000C0000004C00750069007300200041006C0062006500720074006F0000000200C40000006DD6000023DF500000050000004300E90073006100720000000200C40000006ED600
"Édson Araújo",308345,50176,319,48,INTERNAL_PERSON_ID,0x003236CC,False,00000200C40000006CD600003EDF5000000C0000004C00750069007300200041006C0062006500720074006F0000000200C40000006DD6000023DF500000050000004300E90073006100720000000200C40000006ED60000D8BA8600000600000041006C00650078006900730000000200C40000006FD6000016BB860000080000004700
"Édson Araújo",308345,50176,319,48,INTERNAL_PERSON_ID,0x003236EB,False,41006C0062006500720074006F0000000200C40000006DD6000023DF500000050000004300E90073006100720000000200C40000006ED60000D8BA8600000600000041006C00650078006900730000000200C40000006FD6000016BB86000008000000470069006F00760061006E006E00690000000200C400000070D600006052120000
"Édson Araújo",308345,50176,319,48,INTERNAL_PERSON_ID,0x0032370C,False,00004300E90073006100720000000200C40000006ED60000D8BA8600000600000041006C00650078006900730000000200C40000006FD6000016BB86000008000000470069006F00760061006E006E00690000000200C400000070D600006052120000060000004C0065006F006E0065006C0000000200C400000071D60000E9DF500000
"Édson Araújo",308345,50176,319,48,INTERNAL_PERSON_ID,0x00323731,False,650078006900730000000200C40000006FD6000016BB86000008000000470069006F00760061006E006E00690000000200C400000070D600006052120000060000004C0065006F006E0065006C0000000200C400000071D60000E9DF500000100000004D0061006E00750065006C00200041006C0065006A0061006E00640072006F0000
"Édson Araújo",308345,50176,319,48,INTERNAL_PERSON_ID,0x00323752,False,6F00760061006E006E00690000000200C400000070D600006052120000060000004C0065006F006E0065006C0000000200C400000071D60000E9DF500000100000004D0061006E00750065006C00200041006C0065006A0061006E00640072006F0000000200C400000072D6000057E0500000050000004600E9006C0069007800000002
"Édson Araújo",308345,50176,319,48,INTERNAL_PERSON_ID,0x00323787,False,71D60000E9DF500000100000004D0061006E00750065006C00200041006C0065006A0061006E00640072006F0000000200C400000072D6000057E0500000050000004600E9006C006900780000000200C400000073D6000000E15000000B0000004E00E900730074006F00720020004A006F007300E90000000200C400000074D6000011
"Édson Araújo",308345,50176,319,48,INTERNAL_PERSON_ID,0x003237A6,False,65006A0061006E00640072006F0000000200C400000072D6000057E0500000050000004600E9006C006900780000000200C400000073D6000000E15000000B0000004E00E900730074006F00720020004A006F007300E90000000200C400000074D6000011BB8600000600000045006D0069006C0069006F0000000200C400000075D600
"Édson Araújo",308345,50176,319,48,INTERNAL_PERSON_ID,0x003237D1,False,780000000200C400000073D6000000E15000000B0000004E00E900730074006F00720020004A006F007300E90000000200C400000074D6000011BB8600000600000045006D0069006C0069006F0000000200C400000075D6000052C10100000B0000004A00650061006E0020004300610072006C006F00730000000200C400000076D600
"Édson Araújo",308345,50176,319,48,INTERNAL_PERSON_ID,0x003237F2,False,720020004A006F007300E90000000200C400000074D6000011BB8600000600000045006D0069006C0069006F0000000200C400000075D6000052C10100000B0000004A00650061006E0020004300610072006C006F00730000000200C400000076D6000061E050000007000000410072006E0061006C0064006F0000000200C400000077
"Édson Araújo",308345,50176,319,48,INTERNAL_PERSON_ID,0x0032381D,False,6F0000000200C400000075D6000052C10100000B0000004A00650061006E0020004300610072006C006F00730000000200C400000076D6000061E050000007000000410072006E0061006C0064006F0000000200C400000077D60000EBDF5000000B0000004A006F007300E90020004D0061006E00750065006C0000000200C400000078
"Édson Araújo",308345,50176,319,48,INTERNAL_PERSON_ID,0x00323840,False,610072006C006F00730000000200C400000076D6000061E050000007000000410072006E0061006C0064006F0000000200C400000077D60000EBDF5000000B0000004A006F007300E90020004D0061006E00750065006C0000000200C400000078D6000075E0500000080000004600650072006E0061006E0064006F0000000200C40000
"Édson Araújo",308345,50176,319,48,INTERNAL_PERSON_ID,0x0032386B,False,6F0000000200C400000077D60000EBDF5000000B0000004A006F007300E90020004D0061006E00750065006C0000000200C400000078D6000075E0500000080000004600650072006E0061006E0064006F0000000200C400000079D60000FEE0500000060000004E0065006C0073006F006E0000000200C40000007AD6000006BB860000
"Édson Araújo",308345,50176,319,48,INTERNAL_PERSON_ID,0x00323890,False,6E00750065006C0000000200C400000078D6000075E0500000080000004600650072006E0061006E0064006F0000000200C400000079D60000FEE0500000060000004E0065006C0073006F006E0000000200C40000007AD6000006BB86000008000000480075006D0062006500720074006F0000000200C40000007BD6000098E0500000
"Édson Araújo",308345,50176,319,48,INTERNAL_PERSON_ID,0x003238B1,False,72006E0061006E0064006F0000000200C400000079D60000FEE0500000060000004E0065006C0073006F006E0000000200C40000007AD6000006BB86000008000000480075006D0062006500720074006F0000000200C40000007BD6000098E05000000E000000520061006600610065006C00200045006E007200690071007500650000
"Édson Araújo",308345,50176,319,48,INTERNAL_PERSON_ID,0x003238D6,False,6C0073006F006E0000000200C40000007AD6000006BB86000008000000480075006D0062006500720074006F0000000200C40000007BD6000098E05000000E000000520061006600610065006C00200045006E007200690071007500650000000200C40000007CD600001BAA8600000B0000004A006F007300E900200052006100660061
"Édson Araújo",308345,50176,319,48,INTERNAL_PERSON_ID,0x00323907,False,C40000007BD6000098E05000000E000000520061006600610065006C00200045006E007200690071007500650000000200C40000007CD600001BAA8600000B0000004A006F007300E9002000520061006600610065006C0000000200C40000007DD60000D2073A00000700000045006E007200690071007500650000000200C40000007E
"Édson Araújo",308345,50176,319,48,INTERNAL_PERSON_ID,0x00323932,False,650000000200C40000007CD600001BAA8600000B0000004A006F007300E9002000520061006600610065006C0000000200C40000007DD60000D2073A00000700000045006E007200690071007500650000000200C40000007ED600009FE0500000040000004800750067006F0000000200C40000007FD60000A2E0500000050000004A00
"Édson Araújo",308345,50176,319,48,INTERNAL_PERSON_ID,0x00323955,False,61006600610065006C0000000200C40000007DD60000D2073A00000700000045006E007200690071007500650000000200C40000007ED600009FE0500000040000004800750067006F0000000200C40000007FD60000A2E0500000050000004A0075006C0069006F0000000200C400000080D60000F8E050000006000000460072006100
"Édson Araújo",308345,50176,319,48,INTERNAL_PERSON_ID,0x00323972,False,000045006E007200690071007500650000000200C40000007ED600009FE0500000040000004800750067006F0000000200C40000007FD60000A2E0500000050000004A0075006C0069006F0000000200C400000080D60000F8E0500000060000004600720061006E0063006F0000000200C400000081D6000058F24D0000060000004400
"Édson Araújo",308345,50176,319,48,INTERNAL_PERSON_ID,0x00323991,False,0000040000004800750067006F0000000200C40000007FD60000A2E0500000050000004A0075006C0069006F0000000200C400000080D60000F8E0500000060000004600720061006E0063006F0000000200C400000081D6000058F24D000006000000440069006C006D006100720000000100C400000082D60000C9E050000010000000
"Édson Araújo",308345,50176,319,48,INTERNAL_PERSON_ID,0x003239B2,False,00004A0075006C0069006F0000000200C400000080D60000F8E0500000060000004600720061006E0063006F0000000200C400000081D6000058F24D000006000000440069006C006D006100720000000100C400000082D60000C9E0500000100000005200650069006E0061006C0064006F00200041006C0066006F006E0073006F0000
"Édson Araújo",308345,50176,319,48,INTERNAL_PERSON_ID,0x003239D3,False,4600720061006E0063006F0000000200C400000081D6000058F24D000006000000440069006C006D006100720000000100C400000082D60000C9E0500000100000005200650069006E0061006C0064006F00200041006C0066006F006E0073006F0000000100C400000083D60000F7DF500000050000005900650072006C006900000001
"Édson Araújo",308345,50176,319,48,INTERNAL_PERSON_ID,0x00323A08,False,82D60000C9E0500000100000005200650069006E0061006C0064006F00200041006C0066006F006E0073006F0000000100C400000083D60000F7DF500000050000005900650072006C00690000000100C400000084D60000C8E05000000E0000004A006F007300E900200041006C006500780061006E0064006500720000000100C40000
"Édson Araújo",308345,50176,319,48,INTERNAL_PERSON_ID,0x00323A27,False,41006C0066006F006E0073006F0000000100C400000083D60000F7DF500000050000005900650072006C00690000000100C400000084D60000C8E05000000E0000004A006F007300E900200041006C006500780061006E0064006500720000000100C400000085D60000F6DF50000006000000440075007300740069006E0000000100C4
"Édson Araújo",308345,50176,319,48,INTERNAL_PERSON_ID,0x00323A58,False,C400000084D60000C8E05000000E0000004A006F007300E900200041006C006500780061006E0064006500720000000100C400000085D60000F6DF50000006000000440075007300740069006E0000000100C400000086D60000C5E05000000500000052006F006E006E00790000000100C400000087D60000C1E05000000F0000005200
"Édson Araújo",308345,50176,319,48,INTERNAL_PERSON_ID,0x00323A79,False,780061006E0064006500720000000100C400000085D60000F6DF50000006000000440075007300740069006E0000000100C400000086D60000C5E05000000500000052006F006E006E00790000000100C400000087D60000C1E05000000F00000052006F00620069006E0073006F006E002000440061006E00690065006C0000000100C4
"Édson Araújo",308345,50176,319,48,INTERNAL_PERSON_ID,0x00323A98,False,0000440075007300740069006E0000000100C400000086D60000C5E05000000500000052006F006E006E00790000000100C400000087D60000C1E05000000F00000052006F00620069006E0073006F006E002000440061006E00690065006C0000000100C400000088D6000017AA86000005000000450073006D006900670000000100C4
"Édson Araújo",308345,50176,319,48,INTERNAL_PERSON_ID,0x00323ACB,False,000087D60000C1E05000000F00000052006F00620069006E0073006F006E002000440061006E00690065006C0000000100C400000088D6000017AA86000005000000450073006D006900670000000100C400000089D60000BBE05000000700000041006C0066006F006E0073006F0000000100C40000008AD60000B8E05000000A000000
"Édson Araújo",308345,50176,319,48,INTERNAL_PERSON_ID,0x00323AEA,False,2000440061006E00690065006C0000000100C400000088D6000017AA86000005000000450073006D006900670000000100C400000089D60000BBE05000000700000041006C0066006F006E0073006F0000000100C40000008AD60000B8E05000000A0000004100720075006E00610020004A006F007300E90000000100C40000008BD600
"Édson Araújo",308345,50176,319,48,INTERNAL_PERSON_ID,0x00323B0D,False,450073006D006900670000000100C400000089D60000BBE05000000700000041006C0066006F006E0073006F0000000100C40000008AD60000B8E05000000A0000004100720075006E00610020004A006F007300E90000000100C40000008BD6000020465000000800000045007600610072006900730074006F0000000100C40000008C
"Édson Araújo",308345,50176,319,48,INTERNAL_PERSON_ID,0x00323B36,False,73006F0000000100C40000008AD60000B8E05000000A0000004100720075006E00610020004A006F007300E90000000100C40000008BD6000020465000000800000045007600610072006900730074006F0000000100C40000008CD60000B4E0500000080000004C00610075007200650061006E006F0000000100C40000008DD60000B3
"Édson Araújo",308345,50176,319,48,INTERNAL_PERSON_ID,0x00323B5B,False,4A006F007300E90000000100C40000008BD6000020465000000800000045007600610072006900730074006F0000000100C40000008CD60000B4E0500000080000004C00610075007200650061006E006F0000000100C40000008DD60000B3E0500000090000004A0065007300FA007300200041006C00ED0000000100C40000008ED600
"Édson Araújo",308345,50176,319,48,INTERNAL_PERSON_ID,0x00323B80,False,6900730074006F0000000100C40000008CD60000B4E0500000080000004C00610075007200650061006E006F0000000100C40000008DD60000B3E0500000090000004A0065007300FA007300200041006C00ED0000000100C40000008ED60000FBBA860000050000004A006F006E006100790000000100C40000008FD600001C6A4F0000
"Édson Araújo",308345,50176,319,48,INTERNAL_PERSON_ID,0x00323BA7,False,61006E006F0000000100C40000008DD60000B3E0500000090000004A0065007300FA007300200041006C00ED0000000100C40000008ED60000FBBA860000050000004A006F006E006100790000000100C40000008FD600001C6A4F0000060000004A00610072007200ED006E0000000100C400000090D60000FCBA8600000D0000004A00
"Édson Araújo",308345,50176,319,48,INTERNAL_PERSON_ID,0x00323BC6,False,7300FA007300200041006C00ED0000000100C40000008ED60000FBBA860000050000004A006F006E006100790000000100C40000008FD600001C6A4F0000060000004A00610072007200ED006E0000000100C400000090D60000FCBA8600000D0000004A006F0072006700650020004F0072006C0061006E0064006F0000000100C40000
"Édson Araújo",308345,50176,319,48,INTERNAL_PERSON_ID,0x00323BE7,False,00004A006F006E006100790000000100C40000008FD600001C6A4F0000060000004A00610072007200ED006E0000000100C400000090D60000FCBA8600000D0000004A006F0072006700650020004F0072006C0061006E0064006F0000000100C400000091D6000016AA8600000D0000004D00610072007400ED006E0020004A00610076
"Édson Araújo",308345,50176,319,48,INTERNAL_PERSON_ID,0x00323C16,False,0100C400000090D60000FCBA8600000D0000004A006F0072006700650020004F0072006C0061006E0064006F0000000100C400000091D6000016AA8600000D0000004D00610072007400ED006E0020004A006100760069006500720000000100C400000092D60000CCE05000000600000047006100620069006E006F0000000100C40000
"Édson Araújo",308345,50176,319,48,INTERNAL_PERSON_ID,0x00323C45,False,0100C400000091D6000016AA8600000D0000004D00610072007400ED006E0020004A006100760069006500720000000100C400000092D60000CCE05000000600000047006100620069006E006F0000000100C400000093D60000B1E0500000050000004600720061006E006B0000000100C400000094D6000001BB8600000A0000004300
"Édson Araújo",308345,50176,319,48,INTERNAL_PERSON_ID,0x00323C66,False,4A006100760069006500720000000100C400000092D60000CCE05000000600000047006100620069006E006F0000000100C400000093D60000B1E0500000050000004600720061006E006B0000000100C400000094D6000001BB8600000A0000004300680072006900730074006F0066006500720000000100C400000095D6000003BB86
"Édson Araújo",308345,50176,319,48,INTERNAL_PERSON_ID,0x00323C85,False,000047006100620069006E006F0000000100C400000093D60000B1E0500000050000004600720061006E006B0000000100C400000094D6000001BB8600000A0000004300680072006900730074006F0066006500720000000100C400000095D6000003BB8600000300000041006C00ED0000000100C400000096D60000B0E05000001100
"Édson Araújo",308345,50176,319,48,INTERNAL_PERSON_ID,0x00323CAE,False,6E006B0000000100C400000094D6000001BB8600000A0000004300680072006900730074006F0066006500720000000100C400000095D6000003BB8600000300000041006C00ED0000000100C400000096D60000B0E05000001100000041006C0065006A0061006E00640072006F00200041006D00E9007200690063006F0000000100C4
"Édson Araújo",308345,50176,319,48,INTERNAL_PERSON_ID,0x00323CC9,False,680072006900730074006F0066006500720000000100C400000095D6000003BB8600000300000041006C00ED0000000100C400000096D60000B0E05000001100000041006C0065006A0061006E00640072006F00200041006D00E9007200690063006F0000000100C400000097D60000224240000006000000490073006D00610065006C
"Édson Araújo",308345,50176,319,48,INTERNAL_PERSON_ID,0x00323D00,False,0000B0E05000001100000041006C0065006A0061006E00640072006F00200041006D00E9007200690063006F0000000100C400000097D60000224240000006000000490073006D00610065006C0000000100C400000098D60000AFE05000000600000052006F00690073006300790000000100C400000099D60000AEE05000000F000000
"Édson Araújo",308345,50176,319,48,INTERNAL_PERSON_ID,0x00323D21,False,6D00E9007200690063006F0000000100C400000097D60000224240000006000000490073006D00610065006C0000000100C400000098D60000AFE05000000600000052006F00690073006300790000000100C400000099D60000AEE05000000F00000050006C00E1006300690064006F002000460072006F0069006C00E1006E00000001
"Édson Araújo",308345,50176,319,48,INTERNAL_PERSON_ID,0x00323D42,False,490073006D00610065006C0000000100C400000098D60000AFE05000000600000052006F00690073006300790000000100C400000099D60000AEE05000000F00000050006C00E1006300690064006F002000460072006F0069006C00E1006E0000000100C40000009AD6000018AA86000006000000450064007700610072006400000001
"Édson Araújo",308345,50176,319,48,INTERNAL_PERSON_ID,0x00323D75,False,000099D60000AEE05000000F00000050006C00E1006300690064006F002000460072006F0069006C00E1006E0000000100C40000009AD6000018AA8600000600000045006400770061007200640000000100C40000009BD60000EEDF5000000F0000004A006F007300E900200043006F006E0063006500700063006900F3006E00000001
"Édson Araújo",308345,50176,319,48,INTERNAL_PERSON_ID,0x00323D96,False,72006F0069006C00E1006E0000000100C40000009AD6000018AA8600000600000045006400770061007200640000000100C40000009BD60000EEDF5000000F0000004A006F007300E900200043006F006E0063006500700063006900F3006E0000000100C40000009CD600001AAA860000050000005000610062006C006F0000000100C4
"Édson Araújo",308345,50176,319,48,INTERNAL_PERSON_ID,0x00323DC9,False,00009BD60000EEDF5000000F0000004A006F007300E900200043006F006E0063006500700063006900F3006E0000000100C40000009CD600001AAA860000050000005000610062006C006F0000000100C40000009DD60000A3E050000006000000440065007200770069006E0000000100C40000009ED60000CDE0500000050000004400
"Édson Araújo",308345,50176,319,48,INTERNAL_PERSON_ID,0x00323DE8,False,63006500700063006900F3006E0000000100C40000009CD600001AAA860000050000005000610062006C006F0000000100C40000009DD60000A3E050000006000000440065007200770069006E0000000100C40000009ED60000CDE050000005000000440061007200ED006F0000000100C40000009FD6000004BB860000080000004100
"Édson Araújo",308345,50176,319,48,INTERNAL_PERSON_ID,0x00323E09,False,00005000610062006C006F0000000100C40000009DD60000A3E050000006000000440065007200770069006E0000000100C40000009ED60000CDE050000005000000440061007200ED006F0000000100C40000009FD6000004BB860000080000004100730064007200FA00620061006C0000000100C4000000A0D60000A0E05000000D00
"Édson Araújo",308345,50176,319,48,INTERNAL_PERSON_ID,0x00323E28,False,0000440065007200770069006E0000000100C40000009ED60000CDE050000005000000440061007200ED006F0000000100C40000009FD6000004BB860000080000004100730064007200FA00620061006C0000000100C4000000A0D60000A0E05000000D00000045006400690078006F006E0020005600690073006D0061007200000001
"Édson Araújo",308345,50176,319,48,INTERNAL_PERSON_ID,0x00323E4D,False,61007200ED006F0000000100C40000009FD6000004BB860000080000004100730064007200FA00620061006C0000000100C4000000A0D60000A0E05000000D00000045006400690078006F006E0020005600690073006D006100720000000100C4000000A1D6000015AA8600000700000041006C006300ED0064006500730000000100C4
"Édson Araújo",308345,50176,319,48,INTERNAL_PERSON_ID,0x00323E7C,False,0100C4000000A0D60000A0E05000000D00000045006400690078006F006E0020005600690073006D006100720000000100C4000000A1D6000015AA8600000700000041006C006300ED0064006500730000000100C4000000A2D600009EE0500000040000004E006F0065006C0000000100C4000000A3D600009DE0500000080000005600
"Édson Araújo",308345,50176,319,48,INTERNAL_PERSON_ID,0x00323E9F,False,690073006D006100720000000100C4000000A1D6000015AA8600000700000041006C006300ED0064006500730000000100C4000000A2D600009EE0500000040000004E006F0065006C0000000100C4000000A3D600009DE05000000800000056006C006100640069006D006900720000000100C4000000A4D60000F7E050000004000000
"Édson Araújo",308345,50176,319,48,INTERNAL_PERSON_ID,0x00323EBC,False,000041006C006300ED0064006500730000000100C4000000A2D600009EE0500000040000004E006F0065006C0000000100C4000000A3D600009DE05000000800000056006C006100640069006D006900720000000100C4000000A4D60000F7E05000000400000054006F006E00790000000100C4000000A5D60000F5BA86000005000000
"Édson Araújo",308345,50176,319,48,INTERNAL_PERSON_ID,0x00323EE1,False,4E006F0065006C0000000100C4000000A3D600009DE05000000800000056006C006100640069006D006900720000000100C4000000A4D60000F7E05000000400000054006F006E00790000000100C4000000A5D60000F5BA860000050000004B006100720069006D0000000100C4000000A6D600009BE0500000090000004A006F007300
"Édson Araújo",308345,50176,319,48,INTERNAL_PERSON_ID,0x00323EFE,False,56006C006100640069006D006900720000000100C4000000A4D60000F7E05000000400000054006F006E00790000000100C4000000A5D60000F5BA860000050000004B006100720069006D0000000100C4000000A6D600009BE0500000090000004A006F007300E90020004100620065006C0000000100C4000000A7D600000D37000000
"Édson Araújo",308345,50176,319,48,INTERNAL_PERSON_ID,0x00323F1D,False,00000400000054006F006E00790000000100C4000000A5D60000F5BA860000050000004B006100720069006D0000000100C4000000A6D600009BE0500000090000004A006F007300E90020004100620065006C0000000100C4000000A7D600000D370000000F0000004300E900730061007200200041006C0065006A0061006E00640072
"Édson Araújo",308345,50176,319,48,INTERNAL_PERSON_ID,0x00323F44,False,720069006D0000000100C4000000A6D600009BE0500000090000004A006F007300E90020004100620065006C0000000100C4000000A7D600000D370000000F0000004300E900730061007200200041006C0065006A0061006E00640072006F0000000100C4000000A8D6000092E0500000070000004D0061007300730069006D006F0000
"Édson Araújo",308345,50176,319,48,INTERNAL_PERSON_ID,0x00323F77,False,0000A7D600000D370000000F0000004300E900730061007200200041006C0065006A0061006E00640072006F0000000100C4000000A8D6000092E0500000070000004D0061007300730069006D006F0000000100C4000000A9D600000A2C00000006000000570061006C0074006500720000000100C4000000AAD6000090E05000000600
"Édson Araújo",308345,50176,319,48,INTERNAL_PERSON_ID,0x00323F9A,False,61006E00640072006F0000000100C4000000A8D6000092E0500000070000004D0061007300730069006D006F0000000100C4000000A9D600000A2C00000006000000570061006C0074006500720000000100C4000000AAD6000090E050000006000000420065006E00690074006F0000000100C4000000ABD6000086E050000006000000
"Édson Araújo",308345,50176,319,48,INTERNAL_PERSON_ID,0x00323FBB,False,61007300730069006D006F0000000100C4000000A9D600000A2C00000006000000570061006C0074006500720000000100C4000000AAD6000090E050000006000000420065006E00690074006F0000000100C4000000ABD6000086E0500000060000004D006500690064006500720000000100C4000000ACD6000085E050000006000000
"Édson Araújo",308345,50176,319,48,INTERNAL_PERSON_ID,0x00323FDC,False,570061006C0074006500720000000100C4000000AAD6000090E050000006000000420065006E00690074006F0000000100C4000000ABD6000086E0500000060000004D006500690064006500720000000100C4000000ACD6000085E05000000600000041006E0064007200E900730000000100C4000000ADD6000084E050000007000000
"Édson Araújo",308345,50176,319,48,INTERNAL_PERSON_ID,0x00323FFD,False,420065006E00690074006F0000000100C4000000ABD6000086E0500000060000004D006500690064006500720000000100C4000000ACD6000085E05000000600000041006E0064007200E900730000000100C4000000ADD6000084E0500000070000004700720065006E0064006400790000000100C4000000AED60000F4BA8600000D00
"Édson Araújo",308345,50176,319,48,INTERNAL_PERSON_ID,0x0032401E,False,4D006500690064006500720000000100C4000000ACD6000085E05000000600000041006E0064007200E900730000000100C4000000ADD6000084E0500000070000004700720065006E0064006400790000000100C4000000AED60000F4BA8600000D000000520065006E006E007900200056006900630065006E007400650000000100C4
"Édson Araújo",308345,50176,319,48,INTERNAL_PERSON_ID,0x00324041,False,6E0064007200E900730000000100C4000000ADD6000084E0500000070000004700720065006E0064006400790000000100C4000000AED60000F4BA8600000D000000520065006E006E007900200056006900630065006E007400650000000100C4000000AFD600007DE05000000D0000004300E900730061007200200045006400750061
"Édson Araújo",308345,50176,319,48,INTERNAL_PERSON_ID,0x00324070,False,0100C4000000AED60000F4BA8600000D000000520065006E006E007900200056006900630065006E007400650000000100C4000000AFD600007DE05000000D0000004300E90073006100720020004500640075006100720064006F0000000100C4000000B0D60000EDDF50000008000000470069006C0062006500720074006F00000001
"Édson Araújo",308345,50176,319,48,INTERNAL_PERSON_ID,0x0032409F,False,0100C4000000AFD600007DE05000000D0000004300E90073006100720020004500640075006100720064006F0000000100C4000000B0D60000EDDF50000008000000470069006C0062006500720074006F0000000100C4000000B1D6000003502F00000E00000045006400770069006E002000480075006D0062006500720074006F0000
"Édson Araújo",308345,50176,319,48,INTERNAL_PERSON_ID,0x003240C4,False,6100720064006F0000000100C4000000B0D60000EDDF50000008000000470069006C0062006500720074006F0000000100C4000000B1D6000003502F00000E00000045006400770069006E002000480075006D0062006500720074006F0000000100C4000000B2D600007AE05000000800000057006C006100640069006D006900720000
"Édson Araújo",308345,50176,319,48,INTERNAL_PERSON_ID,0x003240F5,False,C4000000B1D6000003502F00000E00000045006400770069006E002000480075006D0062006500720074006F0000000100C4000000B2D600007AE05000000800000057006C006100640069006D006900720000000100C4000000B3D60000ECDF5000000D0000004A0065007300FA007300200041006C0062006100720069006F00000001
"Édson Araújo",308345,50176,319,48,INTERNAL_PERSON_ID,0x0032411A,False,6500720074006F0000000100C4000000B2D600007AE05000000800000057006C006100640069006D006900720000000100C4000000B3D60000ECDF5000000D0000004A0065007300FA007300200041006C0062006100720069006F0000000100C4000000B4D6000077E05000000900000045006E00670065006C00620065007200740000
"Édson Araújo",308345,50176,319,48,INTERNAL_PERSON_ID,0x00324149,False,0100C4000000B3D60000ECDF5000000D0000004A0065007300FA007300200041006C0062006100720069006F0000000100C4000000B4D6000077E05000000900000045006E00670065006C00620065007200740000000100C4000000B5D6000008BB8600000500000045006400770069006E0000000100C4000000B6D6000080CE1E0000
"Édson Araújo",308345,50176,319,48,INTERNAL_PERSON_ID,0x00324170,False,720069006F0000000100C4000000B4D6000077E05000000900000045006E00670065006C00620065007200740000000100C4000000B5D6000008BB8600000500000045006400770069006E0000000100C4000000B6D6000080CE1E0000070000004400690063006B0073006F006E0000000100C4000000B7D60000F1BA8600000E000000
"Édson Araújo",308345,50176,319,48,INTERNAL_PERSON_ID,0x0032418F,False,670065006C00620065007200740000000100C4000000B5D6000008BB8600000500000045006400770069006E0000000100C4000000B6D6000080CE1E0000070000004400690063006B0073006F006E0000000100C4000000B7D60000F1BA8600000E000000570061006C007400650072002000410072006E006F006C0064006F00000001
"Édson Araújo",308345,50176,319,48,INTERNAL_PERSON_ID,0x003241B2,False,45006400770069006E0000000100C4000000B6D6000080CE1E0000070000004400690063006B0073006F006E0000000100C4000000B7D60000F1BA8600000E000000570061006C007400650072002000410072006E006F006C0064006F0000000100C4000000B8D6000074E05000000D0000004A007500760065006E00630069006F0020
"Édson Araújo",308345,50176,319,48,INTERNAL_PERSON_ID,0x003241E3,False,C4000000B7D60000F1BA8600000E000000570061006C007400650072002000410072006E006F006C0064006F0000000100C4000000B8D6000074E05000000D0000004A007500760065006E00630069006F0020004A006F007300E90000000100C4000000B9D6000073E05000000A0000004A006F0068006E002000460072006500640079
"Édson Araújo",308345,50176,319,48,INTERNAL_PERSON_ID,0x00324212,False,0100C4000000B8D6000074E05000000D0000004A007500760065006E00630069006F0020004A006F007300E90000000100C4000000B9D6000073E05000000A0000004A006F0068006E0020004600720065006400790000000100C4000000BAD6000072E05000000E0000004E00E900730074006F007200200045006C00690073006D0069
"Édson Araújo",308345,50176,319,48,INTERNAL_PERSON_ID,0x0032423B,False,7300E90000000100C4000000B9D6000073E05000000A0000004A006F0068006E0020004600720065006400790000000100C4000000BAD6000072E05000000E0000004E00E900730074006F007200200045006C00690073006D006900720000000100C4000000BBD6000071E05000001100000041006E0074006F006E0069006F00200041
"Édson Araújo",308345,50176,319,48,INTERNAL_PERSON_ID,0x0032426C,False,C4000000BAD6000072E05000000E0000004E00E900730074006F007200200045006C00690073006D006900720000000100C4000000BBD6000071E05000001100000041006E0074006F006E0069006F00200041006C006500780061006E0064006500720000000100C4000000BCD6000070E05000000D0000004F00730063006100720020
"Édson Araújo",308345,50176,319,48,INTERNAL_PERSON_ID,0x003242A3,False,000071E05000001100000041006E0074006F006E0069006F00200041006C006500780061006E0064006500720000000100C4000000BCD6000070E05000000D0000004F00730063006100720020004700650072006100720064006F0000000100C4000000BDD600006FE05000000D0000004300610072006C006F00730020004A00610076
"Édson Araújo",308345,50176,319,48,INTERNAL_PERSON_ID,0x003242D2,False,0100C4000000BCD6000070E05000000D0000004F00730063006100720020004700650072006100720064006F0000000100C4000000BDD600006FE05000000D0000004300610072006C006F00730020004A006100760069006500720000000100C4000000BED600006EE05000000F000000570069006C006C00690061006D0020004F0072
"Édson Araújo",308345,50176,319,48,INTERNAL_PERSON_ID,0x00324301,False,0100C4000000BDD600006FE05000000D0000004300610072006C006F00730020004A006100760069006500720000000100C4000000BED600006EE05000000F000000570069006C006C00690061006D0020004F0072006C0061006E0064006F0000000100C4000000BFD600006DE050000007000000450072006E006500730074006F0000
"Édson Araújo",308345,50176,319,48,INTERNAL_PERSON_ID,0x00324334,False,0000BED600006EE05000000F000000570069006C006C00690061006D0020004F0072006C0061006E0064006F0000000100C4000000BFD600006DE050000007000000450072006E006500730074006F0000000100C4000000C0D60000EFBA8600000B000000410072007400750072006F0020004A006F007300E90000000100C4000000C1
"Édson Araújo",308345,50176,319,48,INTERNAL_PERSON_ID,0x00324357,False,6C0061006E0064006F0000000100C4000000BFD600006DE050000007000000450072006E006500730074006F0000000100C4000000C0D60000EFBA8600000B000000410072007400750072006F0020004A006F007300E90000000100C4000000C1D600006BE05000000E000000440061006E00690065006C0020004E00690063006F006C
"Édson Araújo",308345,50176,319,48,INTERNAL_PERSON_ID,0x00324382,False,6F0000000100C4000000C0D60000EFBA8600000B000000410072007400750072006F0020004A006F007300E90000000100C4000000C1D600006BE05000000E000000440061006E00690065006C0020004E00690063006F006C00E100730000000100C4000000C2D600006AE05000000C0000004A006F007300E900200045007500670065
"Édson Araújo",308345,50176,319,48,INTERNAL_PERSON_ID,0x003243B3,False,C4000000C1D600006BE05000000E000000440061006E00690065006C0020004E00690063006F006C00E100730000000100C4000000C2D600006AE05000000C0000004A006F007300E900200045007500670065006E0069006F0000000100C4000000C3D6000066E05000000C0000004700650072006100720064006F0020004A006F0073
"Édson Araújo",308345,50176,319,48,INTERNAL_PERSON_ID,0x003243E0,False,00000100C4000000C2D600006AE05000000C0000004A006F007300E900200045007500670065006E0069006F0000000100C4000000C3D6000066E05000000C0000004700650072006100720064006F0020004A006F007300E90000000100C4000000C4D6000064E05000000F0000004F0072006C0061006E0064006F00200041006C0076
"Édson Araújo",308345,50176,319,48,INTERNAL_PERSON_ID,0x0032440D,False,00000100C4000000C3D6000066E05000000C0000004700650072006100720064006F0020004A006F007300E90000000100C4000000C4D6000064E05000000F0000004F0072006C0061006E0064006F00200041006C0076006500690072006F0000000100C4000000C5D6000063E05000000D00000047007200650067006F00720069006F
"Édson Araújo",308345,50176,319,48,INTERNAL_PERSON_ID,0x00324440,False,0000C4D6000064E05000000F0000004F0072006C0061006E0064006F00200041006C0076006500690072006F0000000100C4000000C5D6000063E05000000D00000047007200650067006F00720069006F0020004A006F007300E90000000100C4000000C6D6000062E050000005000000530061006D006900720000000100C4000000C7
"Édson Araújo",308345,50176,319,48,INTERNAL_PERSON_ID,0x0032446F,False,0100C4000000C5D6000063E05000000D00000047007200650067006F00720069006F0020004A006F007300E90000000100C4000000C6D6000062E050000005000000530061006D006900720000000100C4000000C7D60000EEBA8600000C0000004A006F007300E900200041006C0062006500720074006F0000000100C4000000C8D600
"Édson Araújo",308345,50176,319,48,INTERNAL_PERSON_ID,0x0032448E,False,69006F0020004A006F007300E90000000100C4000000C6D6000062E050000005000000530061006D006900720000000100C4000000C7D60000EEBA8600000C0000004A006F007300E900200041006C0062006500720074006F0000000100C4000000C8D6000009BB860000050000004A006F00680061006E0000000100C4000000C9D600
"Édson Araújo",308345,50176,319,48,INTERNAL_PERSON_ID,0x003244BB,False,00000100C4000000C7D60000EEBA8600000C0000004A006F007300E900200041006C0062006500720074006F0000000100C4000000C8D6000009BB860000050000004A006F00680061006E0000000100C4000000C9D600000ABB860000070000004700750073007400610076006F0000000100C4000000CAD60000EADF50000006000000
"Édson Araújo",308345,50176,319,48,INTERNAL_PERSON_ID,0x003244DA,False,41006C0062006500720074006F0000000100C4000000C8D6000009BB860000050000004A006F00680061006E0000000100C4000000C9D600000ABB860000070000004700750073007400610076006F0000000100C4000000CAD60000EADF5000000600000041006E0064007200E900650000000100C4000000CBD600003CC10100000B00
"Édson Araújo",308345,50176,319,48,INTERNAL_PERSON_ID,0x003244FD,False,4A006F00680061006E0000000100C4000000C9D600000ABB860000070000004700750073007400610076006F0000000100C4000000CAD60000EADF5000000600000041006E0064007200E900650000000100C4000000CBD600003CC10100000B0000005000610075006C0020004A006100760069006500720000000100C4000000CCD600
"Édson Araújo",308345,50176,319,48,INTERNAL_PERSON_ID,0x0032451E,False,750073007400610076006F0000000100C4000000CAD60000EADF5000000600000041006E0064007200E900650000000100C4000000CBD600003CC10100000B0000005000610075006C0020004A006100760069006500720000000100C4000000CCD600000DBB86000004000000440069006E006F0000000100C4000000CDD60000ECBA86
"Édson Araújo",308345,50176,319,48,INTERNAL_PERSON_ID,0x00324549,False,650000000100C4000000CBD600003CC10100000B0000005000610075006C0020004A006100760069006500720000000100C4000000CCD600000DBB86000004000000440069006E006F0000000100C4000000CDD60000ECBA8600000500000046006900640065006C0000000100C4000000CED6000010BB86000006000000410072007400
"Édson Araújo",308345,50176,319,48,INTERNAL_PERSON_ID,0x00324566,False,6C0020004A006100760069006500720000000100C4000000CCD600000DBB86000004000000440069006E006F0000000100C4000000CDD60000ECBA8600000500000046006900640065006C0000000100C4000000CED6000010BB86000006000000410072007400750072006F0000000100C4000000CFD60000E9BA8600000D0000004400
"Édson Araújo",308345,50176,319,48,INTERNAL_PERSON_ID,0x00324585,False,000004000000440069006E006F0000000100C4000000CDD60000ECBA8600000500000046006900640065006C0000000100C4000000CED6000010BB86000006000000410072007400750072006F0000000100C4000000CFD60000E9BA8600000D000000440069006F006E006E007900200041006E00670065006C00790000000100C40000
"Édson Araújo",308345,50176,319,48,INTERNAL_PERSON_ID,0x003245A6,False,000046006900640065006C0000000100C4000000CED6000010BB86000006000000410072007400750072006F0000000100C4000000CFD60000E9BA8600000D000000440069006F006E006E007900200041006E00670065006C00790000000100C4000000D0D6000012BB8600000B00000050006500640072006F0020004300E900730061
"Édson Araújo",308345,50176,319,48,INTERNAL_PERSON_ID,0x003245D5,False,0100C4000000CFD60000E9BA8600000D000000440069006F006E006E007900200041006E00670065006C00790000000100C4000000D0D6000012BB8600000B00000050006500640072006F0020004300E90073006100720000000100C4000000D1D6000060E05000000D00000045006C00750069006400200041006C0062006500720074
"Édson Araújo",308345,50176,319,48,INTERNAL_PERSON_ID,0x00324600,False,790000000100C4000000D0D6000012BB8600000B00000050006500640072006F0020004300E90073006100720000000100C4000000D1D6000060E05000000D00000045006C00750069006400200041006C0062006500720074006F0000000100C4000000D2D600005FE0500000070000004E00690063006F006C00E100730000000100C4
"Édson Araújo",308345,50176,319,48,INTERNAL_PERSON_ID,0x0032462F,False,0100C4000000D1D6000060E05000000D00000045006C00750069006400200041006C0062006500720074006F0000000100C4000000D2D600005FE0500000070000004E00690063006F006C00E100730000000100C4000000D3D60000BEEE1600000B0000004C0075006900730020004D0069006700750065006C0000000100C4000000D4
"Édson Araújo",308345,50176,319,48,INTERNAL_PERSON_ID,0x00324652,False,62006500720074006F0000000100C4000000D2D600005FE0500000070000004E00690063006F006C00E100730000000100C4000000D3D60000BEEE1600000B0000004C0075006900730020004D0069006700750065006C0000000100C4000000D4D600005BED1600000E0000004700750073007400610076006F00200052006100660061
"Édson Araújo",308345,50176,319,48,INTERNAL_PERSON_ID,0x0032467D,False,730000000100C4000000D3D60000BEEE1600000B0000004C0075006900730020004D0069006700750065006C0000000100C4000000D4D600005BED1600000E0000004700750073007400610076006F002000520061006600610065006C0000000100C4000000D5D60000E2BA8600000E0000005200690063006800610072006400200052
"Édson Araújo",308345,50176,319,48,INTERNAL_PERSON_ID,0x003246AE,False,C4000000D4D600005BED1600000E0000004700750073007400610076006F002000520061006600610065006C0000000100C4000000D5D60000E2BA8600000E00000052006900630068006100720064002000520061006600610065006C0000000100C4000000D6D600005DE0500000050000004D006100740065006F0000000100C40000
"Édson Araújo",308345,50176,319,48,INTERNAL_PERSON_ID,0x003246DF,False,C4000000D5D60000E2BA8600000E00000052006900630068006100720064002000520061006600610065006C0000000100C4000000D6D600005DE0500000050000004D006100740065006F0000000100C4000000D7D60000E0BA8600000A00000050006500640072006F0020004C0075006900730000000100C4000000D8D6000056E050
"Édson Araújo",308345,50176,319,48,INTERNAL_PERSON_ID,0x003246FE,False,2000520061006600610065006C0000000100C4000000D6D600005DE0500000050000004D006100740065006F0000000100C4000000D7D60000E0BA8600000A00000050006500640072006F0020004C0075006900730000000100C4000000D8D6000056E05000000C00000041006E0064007200E900730020004A0065007300FA00730000
"Édson Araújo",308345,50176,319,48,INTERNAL_PERSON_ID,0x00324727,False,65006F0000000100C4000000D7D60000E0BA8600000A00000050006500640072006F0020004C0075006900730000000100C4000000D8D6000056E05000000C00000041006E0064007200E900730020004A0065007300FA00730000000100C4000000D9D60000DFBA8600000A0000004A006F007300E90020004D0061007200ED00610000
"Édson Araújo",308345,50176,319,48,INTERNAL_PERSON_ID,0x00324754,False,00000100C4000000D8D6000056E05000000C00000041006E0064007200E900730020004A0065007300FA00730000000100C4000000D9D60000DFBA8600000A0000004A006F007300E90020004D0061007200ED00610000000100C4000000DAD60000E8DF5000000600000041006E00670065006C006F0000000100C4000000DBD60000E7
"Édson Araújo",308345,50176,319,48,INTERNAL_PERSON_ID,0x0032477D,False,FA00730000000100C4000000D9D60000DFBA8600000A0000004A006F007300E90020004D0061007200ED00610000000100C4000000DAD60000E8DF5000000600000041006E00670065006C006F0000000100C4000000DBD60000E7DF500000090000004700690061006E006300610072006C006F0000000100C4000000DCD60000E6DF50
"Édson Araújo",308345,50176,319,48,INTERNAL_PERSON_ID,0x0032479E,False,20004D0061007200ED00610000000100C4000000DAD60000E8DF5000000600000041006E00670065006C006F0000000100C4000000DBD60000E7DF500000090000004700690061006E006300610072006C006F0000000100C4000000DCD60000E6DF5000000B0000004A00750061006E0020004D00610072007400ED006E0000000100C4
"Édson Araújo",308345,50176,319,48,INTERNAL_PERSON_ID,0x003247C5,False,65006C006F0000000100C4000000DBD60000E7DF500000090000004700690061006E006300610072006C006F0000000100C4000000DCD60000E6DF5000000B0000004A00750061006E0020004D00610072007400ED006E0000000100C4000000DDD6000055E0500000090000004500750072006F00200049007600E1006E0000000100C4
"Édson Araújo",308345,50176,319,48,INTERNAL_PERSON_ID,0x003247F0,False,6F0000000100C4000000DCD60000E6DF5000000B0000004A00750061006E0020004D00610072007400ED006E0000000100C4000000DDD6000055E0500000090000004500750072006F00200049007600E1006E0000000100C4000000DED6000054E05000000D0000004A006F007300E9002000560061006C0065006E007400ED006E0000
"Édson Araújo",308345,50176,319,48,INTERNAL_PERSON_ID,0x00324817,False,7400ED006E0000000100C4000000DDD6000055E0500000090000004500750072006F00200049007600E1006E0000000100C4000000DED6000054E05000000D0000004A006F007300E9002000560061006C0065006E007400ED006E0000000100C4000000DFD6000053E05000000E0000004A006F006C006600720065006400790020004A
"Édson Araújo",308345,50176,319,48,INTERNAL_PERSON_ID,0x00324846,False,0100C4000000DED6000054E05000000D0000004A006F007300E9002000560061006C0065006E007400ED006E0000000100C4000000DFD6000053E05000000E0000004A006F006C006600720065006400790020004A0065007300FA00730000000100C4000000E0D6000052E05000000600000046007200650064006400790000000100C4
"Édson Araújo",308345,50176,319,48,INTERNAL_PERSON_ID,0x00324877,False,C4000000DFD6000053E05000000E0000004A006F006C006600720065006400790020004A0065007300FA00730000000100C4000000E0D6000052E05000000600000046007200650064006400790000000100C4000000E1D60000DEBA8600000500000045006C006B0069006E0000000100C4000000E2D6000013BB8600000E0000004500
"Édson Araújo",308345,50176,319,48,INTERNAL_PERSON_ID,0x00324898,False,20004A0065007300FA00730000000100C4000000E0D6000052E05000000600000046007200650064006400790000000100C4000000E1D60000DEBA8600000500000045006C006B0069006E0000000100C4000000E2D6000013BB8600000E00000045006E0072006900710075006500200041006E0064007200E900730000000100C40000
"Édson Araújo",308345,50176,319,48,INTERNAL_PERSON_ID,0x003248B7,False,000046007200650064006400790000000100C4000000E1D60000DEBA8600000500000045006C006B0069006E0000000100C4000000E2D6000013BB8600000E00000045006E0072006900710075006500200041006E0064007200E900730000000100C4000000E3D60000E5DF5000000A0000004A006F0068006E0020004A006100690072
"Édson Araújo",308345,50176,319,48,INTERNAL_PERSON_ID,0x003248E8,False,C4000000E2D6000013BB8600000E00000045006E0072006900710075006500200041006E0064007200E900730000000100C4000000E3D60000E5DF5000000A0000004A006F0068006E0020004A006100690072006F0000000100C4000000E4D6000015BB860000050000004C0065006E00ED006E0000000100C4000000E5D60000DABA86
"Édson Araújo",308345,50176,319,48,INTERNAL_PERSON_ID,0x00324911,False,E900730000000100C4000000E3D60000E5DF5000000A0000004A006F0068006E0020004A006100690072006F0000000100C4000000E4D6000015BB860000050000004C0065006E00ED006E0000000100C4000000E5D60000DABA8600000A00000045006C00ED006100730020004A006F007300E90000000100C4000000E6D6000017BB86
"Édson Araújo",308345,50176,319,48,INTERNAL_PERSON_ID,0x00324930,False,6E0020004A006100690072006F0000000100C4000000E4D6000015BB860000050000004C0065006E00ED006E0000000100C4000000E5D60000DABA8600000A00000045006C00ED006100730020004A006F007300E90000000100C4000000E6D6000017BB86000007000000520065006E006E0069006500720000000100C4000000E7D600
"Édson Araújo",308345,50176,319,48,INTERNAL_PERSON_ID,0x00324959,False,ED006E0000000100C4000000E5D60000DABA8600000A00000045006C00ED006100730020004A006F007300E90000000100C4000000E6D6000017BB86000007000000520065006E006E0069006500720000000100C4000000E7D60000D2BB8600000A0000004600720061006E006B0020004A006F007300E90000000100C4000000E8D600
"Édson Araújo",308345,50176,319,48,INTERNAL_PERSON_ID,0x0032497C,False,20004A006F007300E90000000100C4000000E6D6000017BB86000007000000520065006E006E0069006500720000000100C4000000E7D60000D2BB8600000A0000004600720061006E006B0020004A006F007300E90000000100C4000000E8D6000020DF500000090000004700750061006C0062006500720074006F0000000100C40000
"Édson Araújo",308345,50176,319,48,INTERNAL_PERSON_ID,0x003249A5,False,6500720000000100C4000000E7D60000D2BB8600000A0000004600720061006E006B0020004A006F007300E90000000100C4000000E8D6000020DF500000090000004700750061006C0062006500720074006F0000000100C4000000E9D6000001E15000000700000052006F0064006F006C0066006F0000000100C4000000EAD60000D0
"Édson Araújo",308345,50176,319,48,INTERNAL_PERSON_ID,0x003249CC,False,6F007300E90000000100C4000000E8D6000020DF500000090000004700750061006C0062006500720074006F0000000100C4000000E9D6000001E15000000700000052006F0064006F006C0066006F0000000100C4000000EAD60000D0BA8600000C0000004300E9007300610072002000520065006E00610074006F0000000100C40000
"Édson Araújo",308345,50176,319,48,INTERNAL_PERSON_ID,0x003249EF,False,62006500720074006F0000000100C4000000E9D6000001E15000000700000052006F0064006F006C0066006F0000000100C4000000EAD60000D0BA8600000C0000004300E9007300610072002000520065006E00610074006F0000000100C4000000EBD6000026DF5000000D0000004A006F007300E90020004C0065006F006E00610072
"Édson Araújo",308345,50176,319,48,INTERNAL_PERSON_ID,0x00324A1C,False,00000100C4000000EAD60000D0BA8600000C0000004300E9007300610072002000520065006E00610074006F0000000100C4000000EBD6000026DF5000000D0000004A006F007300E90020004C0065006F006E006100720064006F0000000100C4000000ECD6000028DF500000060000004800650072006E00E1006E0000000100C40000
"Édson Araújo",308345,50176,319,48,INTERNAL_PERSON_ID,0x00324A4B,False,0100C4000000EBD6000026DF5000000D0000004A006F007300E90020004C0065006F006E006100720064006F0000000100C4000000ECD6000028DF500000060000004800650072006E00E1006E0000000100C4000000EDD6000003E1500000080000004300650066006500720069006E006F0000000100C4000000EED600002BDF500000
"Édson Araújo",308345,50176,319,48,INTERNAL_PERSON_ID,0x00324A6C,False,6F006E006100720064006F0000000100C4000000ECD6000028DF500000060000004800650072006E00E1006E0000000100C4000000EDD6000003E1500000080000004300650066006500720069006E006F0000000100C4000000EED600002BDF50000006000000470065006F0072006700650000000100C4000000EFD6000004E1500000
"Édson Araújo",308345,50176,319,48,INTERNAL_PERSON_ID,0x00324A91,False,72006E00E1006E0000000100C4000000EDD6000003E1500000080000004300650066006500720069006E006F0000000100C4000000EED600002BDF50000006000000470065006F0072006700650000000100C4000000EFD6000004E1500000050000004800650064006500720000000100C4000000F0D60000CFBA860000050000004300
"Édson Araújo",308345,50176,319,48,INTERNAL_PERSON_ID,0x00324AB2,False,66006500720069006E006F0000000100C4000000EED600002BDF50000006000000470065006F0072006700650000000100C4000000EFD6000004E1500000050000004800650064006500720000000100C4000000F0D60000CFBA8600000500000043006800610065006C0000000100C4000000F1D60000ADBE8600000700000047006900
"Édson Araújo",308345,50176,319,48,INTERNAL_PERSON_ID,0x00324AD1,False,0000470065006F0072006700650000000100C4000000EFD6000004E1500000050000004800650064006500720000000100C4000000F0D60000CFBA8600000500000043006800610065006C0000000100C4000000F1D60000ADBE8600000700000047006900610063006F006D006F0000000100C4000000F2D60000E3DF50000007000000
"Édson Araújo",308345,50176,319,48,INTERNAL_PERSON_ID,0x00324AF0,False,050000004800650064006500720000000100C4000000F0D60000CFBA8600000500000043006800610065006C0000000100C4000000F1D60000ADBE8600000700000047006900610063006F006D006F0000000100C4000000F2D60000E3DF500000070000004A006F00620061006E006E00790000000100C4000000F3D600002FDF500000
"Édson Araújo",308345,50176,319,48,INTERNAL_PERSON_ID,0x00324B13,False,43006800610065006C0000000100C4000000F1D60000ADBE8600000700000047006900610063006F006D006F0000000100C4000000F2D60000E3DF500000070000004A006F00620061006E006E00790000000100C4000000F3D600002FDF500000060000004800E900630074006F00720000000100C4000000F4D6000030DF5000000C00
"Édson Araújo",308345,50176,319,48,INTERNAL_PERSON_ID,0x00324B36,False,610063006F006D006F0000000100C4000000F2D60000E3DF500000070000004A006F00620061006E006E00790000000100C4000000F3D600002FDF500000060000004800E900630074006F00720000000100C4000000F4D6000030DF5000000C00000044006F006D0069006E0067006F0020004A006F007300E90000000100C4000000F5
"Édson Araújo",308345,50176,319,48,INTERNAL_PERSON_ID,0x00324B57,False,6F00620061006E006E00790000000100C4000000F3D600002FDF500000060000004800E900630074006F00720000000100C4000000F4D6000030DF5000000C00000044006F006D0069006E0067006F0020004A006F007300E90000000100C4000000F5D6000031DF5000000B0000004D006100720063006F00730020004A006F007300E9
"Édson Araújo",308345,50176,319,48,INTERNAL_PERSON_ID,0x00324B84,False,00000100C4000000F4D6000030DF5000000C00000044006F006D0069006E0067006F0020004A006F007300E90000000100C4000000F5D6000031DF5000000B0000004D006100720063006F00730020004A006F007300E90000000100C4000000F6D6000034DF5000000D0000004A006F00720067006500200045006E0072006900710075
"Édson Araújo",308345,50176,319,48,INTERNAL_PERSON_ID,0x00324BAF,False,E90000000100C4000000F5D6000031DF5000000B0000004D006100720063006F00730020004A006F007300E90000000100C4000000F6D6000034DF5000000D0000004A006F00720067006500200045006E007200690071007500650000000100C4000000F7D6000035DF5000000500000054006900720073006F0000000100C4000000F8
"Édson Araújo",308345,50176,319,48,INTERNAL_PERSON_ID,0x00324BDE,False,0100C4000000F6D6000034DF5000000D0000004A006F00720067006500200045006E007200690071007500650000000100C4000000F7D6000035DF5000000500000054006900720073006F0000000100C4000000F8D60000D0E0500000050000004900730061006100630000000100C4000000F9D6000037DF5000000700000057006900
"Édson Araújo",308345,50176,319,48,INTERNAL_PERSON_ID,0x00324BFD,False,45006E007200690071007500650000000100C4000000F7D6000035DF5000000500000054006900720073006F0000000100C4000000F8D60000D0E0500000050000004900730061006100630000000100C4000000F9D6000037DF50000007000000570069007300620065006C006C0000000100C4000000FAD6000038DF5000000C000000
"Édson Araújo",308345,50176,319,48,INTERNAL_PERSON_ID,0x00324C1C,False,0500000054006900720073006F0000000100C4000000F8D60000D0E0500000050000004900730061006100630000000100C4000000F9D6000037DF50000007000000570069007300620065006C006C0000000100C4000000FAD6000038DF5000000C0000004A00750061006E00200045006E007200690071007500650000000100C40000
"Édson Araújo",308345,50176,319,48,INTERNAL_PERSON_ID,0x00324C3F,False,4900730061006100630000000100C4000000F9D6000037DF50000007000000570069007300620065006C006C0000000100C4000000FAD6000038DF5000000C0000004A00750061006E00200045006E007200690071007500650000000100C4000000FBD600003ADF500000040000004F006D006100720000000100C4000000FCD6000007
"Édson Araújo",308345,50176,319,48,INTERNAL_PERSON_ID,0x00324C6C,False,00000100C4000000FAD6000038DF5000000C0000004A00750061006E00200045006E007200690071007500650000000100C4000000FBD600003ADF500000040000004F006D006100720000000100C4000000FCD6000007E15000000400000041006400E1006E0000000100C4000000FDD60000D4E05000000E0000004C00750069006700
"Édson Araújo",308345,50176,319,48,INTERNAL_PERSON_ID,0x00324C89,False,200045006E007200690071007500650000000100C4000000FBD600003ADF500000040000004F006D006100720000000100C4000000FCD6000007E15000000400000041006400E1006E0000000100C4000000FDD60000D4E05000000E0000004C0075006900670067006900200041006C0066007200650064006F0000000100C4000000FE
"Édson Araújo",308345,50176,319,48,INTERNAL_PERSON_ID,0x00324CA6,False,DF500000040000004F006D006100720000000100C4000000FCD6000007E15000000400000041006400E1006E0000000100C4000000FDD60000D4E05000000E0000004C0075006900670067006900200041006C0066007200650064006F0000000100C4000000FED60000E2DF50000006000000410072006E006F006C00640000000100C4
"Édson Araújo",308345,50176,319,48,INTERNAL_PERSON_ID,0x00324CD7,False,C4000000FDD60000D4E05000000E0000004C0075006900670067006900200041006C0066007200650064006F0000000100C4000000FED60000E2DF50000006000000410072006E006F006C00640000000100C4000000FFD600003FDF500000050000004F0073006E0065006C0000000100C400000000D7000040DF500000070000005200
"Édson Araújo",308345,50176,319,48,INTERNAL_PERSON_ID,0x00324CF8,False,6C0066007200650064006F0000000100C4000000FED60000E2DF50000006000000410072006E006F006C00640000000100C4000000FFD600003FDF500000050000004F0073006E0065006C0000000100C400000000D7000040DF5000000700000052006F006200650072007400680000000100C400000001D7000041DF5000000C000000
"Édson Araújo",308345,50176,319,48,INTERNAL_PERSON_ID,0x00324D17,False,0000410072006E006F006C00640000000100C4000000FFD600003FDF500000050000004F0073006E0065006C0000000100C400000000D7000040DF5000000700000052006F006200650072007400680000000100C400000001D7000041DF5000000C0000004D006100720063006F007300200045006C00ED006100730000000100C40000
"Édson Araújo",308345,50176,319,48,INTERNAL_PERSON_ID,0x00324D3A,False,4F0073006E0065006C0000000100C400000000D7000040DF5000000700000052006F006200650072007400680000000100C400000001D7000041DF5000000C0000004D006100720063006F007300200045006C00ED006100730000000100C400000002D70000D2DF5000000A0000004A006F007300E90020004E00610062006F00720000
"Édson Araújo",308345,50176,319,48,INTERNAL_PERSON_ID,0x00324D67,False,00000100C400000001D7000041DF5000000C0000004D006100720063006F007300200045006C00ED006100730000000100C400000002D70000D2DF5000000A0000004A006F007300E90020004E00610062006F00720000000100C400000003D7000044DF5000000C0000004A0075006E0069006F00720020004C0065006E00ED006E0000
"Édson Araújo",308345,50176,319,48,INTERNAL_PERSON_ID,0x00324D90,False,6100730000000100C400000002D70000D2DF5000000A0000004A006F007300E90020004E00610062006F00720000000100C400000003D7000044DF5000000C0000004A0075006E0069006F00720020004C0065006E00ED006E0000000100C400000004D7000045DF5000000F0000004D0061006E00750065006C0020004200650072006E
"Édson Araújo",308345,50176,319,48,INTERNAL_PERSON_ID,0x00324DBD,False,00000100C400000003D7000044DF5000000C0000004A0075006E0069006F00720020004C0065006E00ED006E0000000100C400000004D7000045DF5000000F0000004D0061006E00750065006C0020004200650072006E006100720064006F0000000100C400000005D7000048DF500000050000004500640073006F006E0000000100C4
"Édson Araújo",308345,50176,319,48,INTERNAL_PERSON_ID,0x00324DF0,False,000004D7000045DF5000000F0000004D0061006E00750065006C0020004200650072006E006100720064006F0000000100C400000005D7000048DF500000050000004500640073006F006E0000000100C400000006D70000A3D80100000600000047006500720073006F006E0000000100C400000007D70000A5D8010000070000004500
"Édson Araújo",308345,50176,319,48,INTERNAL_PERSON_ID,0x00324E0F,False,650072006E006100720064006F0000000100C400000005D7000048DF500000050000004500640073006F006E0000000100C400000006D70000A3D80100000600000047006500720073006F006E0000000100C400000007D70000A5D80100000700000045006E00650072006D006900730000000100C400000008D7000008E15000000D00
"Édson Araújo",308345,50176,319,48,INTERNAL_PERSON_ID,0x00324E30,False,00004500640073006F006E0000000100C400000006D70000A3D80100000600000047006500720073006F006E0000000100C400000007D70000A5D80100000700000045006E00650072006D006900730000000100C400000008D7000008E15000000D0000004A006F00720067006500200041006C0062006500720074006F0000000100C4
"Édson Araújo",308345,50176,319,48,INTERNAL_PERSON_ID,0x00324E53,False,6500720073006F006E0000000100C400000007D70000A5D80100000700000045006E00650072006D006900730000000100C400000008D7000008E15000000D0000004A006F00720067006500200041006C0062006500720074006F0000000100C400000009D70000A8D8010000080000004C0065006F0070006F006C0064006F00000001
"Édson Araújo",308345,50176,319,48,INTERNAL_PERSON_ID,0x00324E82,False,0100C400000008D7000008E15000000D0000004A006F00720067006500200041006C0062006500720074006F0000000100C400000009D70000A8D8010000080000004C0065006F0070006F006C0064006F0000000100C40000000AD70000A9D80100000C0000004800E900630074006F00720020005000610062006C006F0000000100C4
"Édson Araújo",308345,50176,319,48,INTERNAL_PERSON_ID,0x00324EA7,False,6500720074006F0000000100C400000009D70000A8D8010000080000004C0065006F0070006F006C0064006F0000000100C40000000AD70000A9D80100000C0000004800E900630074006F00720020005000610062006C006F0000000100C40000000BD70000ABD80100000C0000004A006F007300E90020005200690063006100720064
"Édson Araújo",308345,50176,319,48,INTERNAL_PERSON_ID,0x00324ED4,False,00000100C40000000AD70000A9D80100000C0000004800E900630074006F00720020005000610062006C006F0000000100C40000000BD70000ABD80100000C0000004A006F007300E90020005200690063006100720064006F0000000100C40000000CD70000ACD80100000D0000004A006F007300E90020006400650020004A00650073
"Édson Araújo",308345,50176,319,48,INTERNAL_PERSON_ID,0x00324F01,False,00000100C40000000BD70000ABD80100000C0000004A006F007300E90020005200690063006100720064006F0000000100C40000000CD70000ACD80100000D0000004A006F007300E90020006400650020004A0065007300FA00730000000100C40000000DD70000AFD801000007000000520075006200650072007400680000000100C4
"Édson Araújo",308345,50176,319,48,INTERNAL_PERSON_ID,0x00324F30,False,0100C40000000CD70000ACD80100000D0000004A006F007300E90020006400650020004A0065007300FA00730000000100C40000000DD70000AFD801000007000000520075006200650072007400680000000100C40000000ED70000B1D801000009000000430068007200690073007400690061006E0000000100C40000000FD70000B2
"Édson Araújo",308345,50176,319,48,INTERNAL_PERSON_ID,0x00324F53,False,4A0065007300FA00730000000100C40000000DD70000AFD801000007000000520075006200650072007400680000000100C40000000ED70000B1D801000009000000430068007200690073007400690061006E0000000100C40000000FD70000B2D80100000E0000004C0065006F006E0065006C0020004700650072006100720064006F
"Édson Araújo",308345,50176,319,48,INTERNAL_PERSON_ID,0x00324F7A,False,72007400680000000100C40000000ED70000B1D801000009000000430068007200690073007400690061006E0000000100C40000000FD70000B2D80100000E0000004C0065006F006E0065006C0020004700650072006100720064006F0000000100C400000010D700004ADF50000006000000460065006C0069007000650000000100C4
"Édson Araújo",308345,50176,319,48,INTERNAL_PERSON_ID,0x00324FAB,False,C40000000FD70000B2D80100000E0000004C0065006F006E0065006C0020004700650072006100720064006F0000000100C400000010D700004ADF50000006000000460065006C0069007000650000000100C400000011D7000076575700000E0000004C0075006900730020004700750069006C006C00650072006D006F0000000100C4
"Édson Araújo",308345,50176,319,48,INTERNAL_PERSON_ID,0x00324FCC,False,650072006100720064006F0000000100C400000010D700004ADF50000006000000460065006C0069007000650000000100C400000011D7000076575700000E0000004C0075006900730020004700750069006C006C00650072006D006F0000000100C400000012D700004CDF5000000D0000005200690063006100720064006F00200044
"Édson Araújo",308345,50176,319,48,INTERNAL_PERSON_ID,0x00324FFD,False,C400000011D7000076575700000E0000004C0075006900730020004700750069006C006C00650072006D006F0000000100C400000012D700004CDF5000000D0000005200690063006100720064006F0020004400610076006900640000000100C400000013D700004EDF5000000D00000050006500640072006F00200041006C0066006F
"Édson Araújo",308345,50176,319,48,INTERNAL_PERSON_ID,0x0032502C,False,0100C400000012D700004CDF5000000D0000005200690063006100720064006F0020004400610076006900640000000100C400000013D700004EDF5000000D00000050006500640072006F00200041006C0066006F006E0073006F0000000100C400000014D700004FDF5000000E000000570069006C006D00650072002000410072006E
"Édson Araújo",308345,50176,319,48,INTERNAL_PERSON_ID,0x0032505B,False,0100C400000013D700004EDF5000000D00000050006500640072006F00200041006C0066006F006E0073006F0000000100C400000014D700004FDF5000000E000000570069006C006D00650072002000410072006E006F006C0064006F0000000100C400000015D7000050DF5000000E0000004300610072006C006F007300200041006C
"Édson Araújo",308345,50176,319,48,INTERNAL_PERSON_ID,0x0032508C,False,C400000014D700004FDF5000000E000000570069006C006D00650072002000410072006E006F006C0064006F0000000100C400000015D7000050DF5000000E0000004300610072006C006F007300200041006C0066007200650064006F0000000100C400000016D7000051DF5000000D0000004300E900730061007200200045006E0072
"Édson Araújo",308345,50176,319,48,INTERNAL_PERSON_ID,0x003250BD,False,C400000015D7000050DF5000000E0000004300610072006C006F007300200041006C0066007200650064006F0000000100C400000016D7000051DF5000000D0000004300E900730061007200200045006E007200690071007500650000000100C400000017D7000052DF5000000A000000520065006E00E90020004A0065007300FA0073
"Édson Araújo",308345,50176,319,48,INTERNAL_PERSON_ID,0x003250EC,False,0100C400000016D7000051DF5000000D0000004300E900730061007200200045006E007200690071007500650000000100C400000017D7000052DF5000000A000000520065006E00E90020004A0065007300FA00730000000100C400000018D7000053DF5000000F0000004F007300770061006C0064006F00200045006E007200690071
"Édson Araújo",308345,50176,319,48,INTERNAL_PERSON_ID,0x00325115,False,7500650000000100C400000017D7000052DF5000000A000000520065006E00E90020004A0065007300FA00730000000100C400000018D7000053DF5000000F0000004F007300770061006C0064006F00200045006E007200690071007500650000000100C400000019D7000057DF50000006000000450072006100730074006F00000001
"Édson Araújo",308345,50176,319,48,INTERNAL_PERSON_ID,0x00325148,False,000018D7000053DF5000000F0000004F007300770061006C0064006F00200045006E007200690071007500650000000100C400000019D7000057DF50000006000000450072006100730074006F0000000100C40000001AD70000CBBA860000050000004D006100720063006F0000000100C40000001BD700000BE1500000060000004200
"Édson Araújo",308345,50176,319,48,INTERNAL_PERSON_ID,0x00325169,False,6E007200690071007500650000000100C400000019D7000057DF50000006000000450072006100730074006F0000000100C40000001AD70000CBBA860000050000004D006100720063006F0000000100C40000001BD700000BE1500000060000004200720065006D006500720000000100C40000001CD70000E1E05000000A0000004500
"Édson Araújo",308345,50176,319,48,INTERNAL_PERSON_ID,0x00325188,False,0000450072006100730074006F0000000100C40000001AD70000CBBA860000050000004D006100720063006F0000000100C40000001BD700000BE1500000060000004200720065006D006500720000000100C40000001CD70000E1E05000000A00000045006E00670065006C006200650072007400680000000100C40000001DD7000061
"Édson Araújo",308345,50176,319,48,INTERNAL_PERSON_ID,0x003251A9,False,00004D006100720063006F0000000100C40000001BD700000BE1500000060000004200720065006D006500720000000100C40000001CD70000E1E05000000A00000045006E00670065006C006200650072007400680000000100C40000001DD7000061DF500000050000004A006F0073007500E90000000100C40000001ED70000E3E050
"Édson Araújo",308345,50176,319,48,INTERNAL_PERSON_ID,0x003251D2,False,6500720000000100C40000001CD70000E1E05000000A00000045006E00670065006C006200650072007400680000000100C40000001DD7000061DF500000050000004A006F0073007500E90000000100C40000001ED70000E3E05000000D0000004C0075006900730020005200650069006E0061006C0064006F0000000100C40000001F
"Édson Araújo",308345,50176,319,48,INTERNAL_PERSON_ID,0x003251F1,False,65006C006200650072007400680000000100C40000001DD7000061DF500000050000004A006F0073007500E90000000100C40000001ED70000E3E05000000D0000004C0075006900730020005200650069006E0061006C0064006F0000000100C40000001FD7000051E0500000090000004100740061006800750061006C007000610000
"Édson Araújo",308345,50176,319,48,INTERNAL_PERSON_ID,0x00325220,False,0100C40000001ED70000E3E05000000D0000004C0075006900730020005200650069006E0061006C0064006F0000000100C40000001FD7000051E0500000090000004100740061006800750061006C007000610000000100C400000020D7000062DF50000005000000410072006E006F006C0000000100C400000021D70000E7E0500000
"Édson Araújo",308345,50176,319,48,INTERNAL_PERSON_ID,0x00325247,False,6C0064006F0000000100C40000001FD7000051E0500000090000004100740061006800750061006C007000610000000100C400000020D7000062DF50000005000000410072006E006F006C0000000100C400000021D70000E7E05000000C0000004700650072006D00E1006E00200045006D00690072006F0000000100C400000022D700
"Édson Araújo",308345,50176,319,48,INTERNAL_PERSON_ID,0x00325266,False,61006800750061006C007000610000000100C400000020D7000062DF50000005000000410072006E006F006C0000000100C400000021D70000E7E05000000C0000004700650072006D00E1006E00200045006D00690072006F0000000100C400000022D7000050E05000000C0000004A0065007300FA0073002000520061006600610065
"Édson Araújo",308345,50176,319,48,INTERNAL_PERSON_ID,0x00325293,False,00000100C400000021D70000E7E05000000C0000004700650072006D00E1006E00200045006D00690072006F0000000100C400000022D7000050E05000000C0000004A0065007300FA0073002000520061006600610065006C0000000100C400000023D7000065DF5000001000000047007200650067006F00720069006F00200041006E
"Édson Araújo",308345,50176,319,48,INTERNAL_PERSON_ID,0x003252C0,False,00000100C400000022D7000050E05000000C0000004A0065007300FA0073002000520061006600610065006C0000000100C400000023D7000065DF5000001000000047007200650067006F00720069006F00200041006E0074006F006E0069006F0000000100C400000024D700004FE0500000060000004A0061006E0073007300650000
"Édson Araújo",308345,50176,319,48,INTERNAL_PERSON_ID,0x003252F5,False,23D7000065DF5000001000000047007200650067006F00720069006F00200041006E0074006F006E0069006F0000000100C400000024D700004FE0500000060000004A0061006E0073007300650000000100C400000025D7000077575700000700000041007200730065006E0069006F0000000100C400000026D70000D0DF5000000600
"Édson Araújo",308345,50176,319,48,INTERNAL_PERSON_ID,0x00325316,False,6E0074006F006E0069006F0000000100C400000024D700004FE0500000060000004A0061006E0073007300650000000100C400000025D7000077575700000700000041007200730065006E0069006F0000000100C400000026D70000D0DF500000060000004D006100720063006F00730000000100C400000027D70000CADF5000000D00
"Édson Araújo",308345,50176,319,48,INTERNAL_PERSON_ID,0x00325339,False,61006E0073007300650000000100C400000025D7000077575700000700000041007200730065006E0069006F0000000100C400000026D70000D0DF500000060000004D006100720063006F00730000000100C400000027D70000CADF5000000D0000005600ED00630074006F00720020004D0061006E00750065006C0000000100C40000
"Édson Araújo",308345,50176,319,48,INTERNAL_PERSON_ID,0x0032535A,False,7200730065006E0069006F0000000100C400000026D70000D0DF500000060000004D006100720063006F00730000000100C400000027D70000CADF5000000D0000005600ED00630074006F00720020004D0061006E00750065006C0000000100C400000028D70000B9DF5000000E0000004700650072006D00E1006E00200045006E0072
"Édson Araújo",308345,50176,319,48,INTERNAL_PERSON_ID,0x00325389,False,0100C400000027D70000CADF5000000D0000005600ED00630074006F00720020004D0061006E00750065006C0000000100C400000028D70000B9DF5000000E0000004700650072006D00E1006E00200045006E007200690071007500650000000100C400000029D700004DE050000006000000440069006F006E006E00790000000100C4
"Édson Araújo",308345,50176,319,48,INTERNAL_PERSON_ID,0x003253BA,False,C400000028D70000B9DF5000000E0000004700650072006D00E1006E00200045006E007200690071007500650000000100C400000029D700004DE050000006000000440069006F006E006E00790000000100C40000002AD7000047E05000000C0000004A006F00680061006E0020004D0061006E00750065006C0000000100C40000002B
"Édson Araújo",308345,50176,319,48,INTERNAL_PERSON_ID,0x003253DB,False,6E007200690071007500650000000100C400000029D700004DE050000006000000440069006F006E006E00790000000100C40000002AD7000047E05000000C0000004A006F00680061006E0020004D0061006E00750065006C0000000100C40000002BD7000046E05000000900000045006C0069006F0020004A006F007300E900000001
"Édson Araújo",308345,50176,319,48,INTERNAL_PERSON_ID,0x00325408,False,00000100C40000002AD7000047E05000000C0000004A006F00680061006E0020004D0061006E00750065006C0000000100C40000002BD7000046E05000000900000045006C0069006F0020004A006F007300E90000000100C40000002CD700006BDF5000000B0000004C007500690073002000520061006600610065006C0000000100C4
"Édson Araújo",308345,50176,319,48,INTERNAL_PERSON_ID,0x0032542F,False,750065006C0000000100C40000002BD7000046E05000000900000045006C0069006F0020004A006F007300E90000000100C40000002CD700006BDF5000000B0000004C007500690073002000520061006600610065006C0000000100C40000002DD7000045E05000000E000000570069006C006600720065006400200041006E00640072
"Édson Araújo",308345,50176,319,48,INTERNAL_PERSON_ID,0x0032545A,False,E90000000100C40000002CD700006BDF5000000B0000004C007500690073002000520061006600610065006C0000000100C40000002DD7000045E05000000E000000570069006C006600720065006400200041006E0064007200E900730000000100C40000002ED700003EE05000000C00000048006100730069006C0020004100720073
"Édson Araújo",308345,50176,319,48,INTERNAL_PERSON_ID,0x0032548B,False,C40000002DD7000045E05000000E000000570069006C006600720065006400200041006E0064007200E900730000000100C40000002ED700003EE05000000C00000048006100730069006C00200041007200730061007200690000000100C40000002FD700003DE050000008000000570069006C0066007200650064006F0000000100C4
"Édson Araújo",308345,50176,319,48,INTERNAL_PERSON_ID,0x003254B8,False,00000100C40000002ED700003EE05000000C00000048006100730069006C00200041007200730061007200690000000100C40000002FD700003DE050000008000000570069006C0066007200650064006F0000000100C400000030D700003BE05000000500000045007200690063006B0000000100C400000031D700000FE15000000B00
"Édson Araújo",308345,50176,319,48,INTERNAL_PERSON_ID,0x003254DD,False,730061007200690000000100C40000002FD700003DE050000008000000570069006C0066007200650064006F0000000100C400000030D700003BE05000000500000045007200690063006B0000000100C400000031D700000FE15000000B0000004A006F0068006E006E00790020004A006F007300E90000000100C400000032D700003A
"Édson Araújo",308345,50176,319,48,INTERNAL_PERSON_ID,0x003254FC,False,69006C0066007200650064006F0000000100C400000030D700003BE05000000500000045007200690063006B0000000100C400000031D700000FE15000000B0000004A006F0068006E006E00790020004A006F007300E90000000100C400000032D700003AE05000000C0000004C0069006E006F00200041006C0066006F006E0073006F
"Édson Araújo",308345,50176,319,48,INTERNAL_PERSON_ID,0x00325527,False,6B0000000100C400000031D700000FE15000000B0000004A006F0068006E006E00790020004A006F007300E90000000100C400000032D700003AE05000000C0000004C0069006E006F00200041006C0066006F006E0073006F0000000100C400000033D70000E8AE8600000D0000004A0065007300FA007300200041006C006200650072
"Édson Araújo",308345,50176,319,48,INTERNAL_PERSON_ID,0x00325554,False,00000100C400000032D700003AE05000000C0000004C0069006E006F00200041006C0066006F006E0073006F0000000100C400000033D70000E8AE8600000D0000004A0065007300FA007300200041006C0062006500720074006F0000000100C400000034D70000B8DF500000060000004D0069006700750065006C0000000100C40000
"Édson Araújo",308345,50176,319,48,INTERNAL_PERSON_ID,0x00325583,False,0100C400000033D70000E8AE8600000D0000004A0065007300FA007300200041006C0062006500720074006F0000000100C400000034D70000B8DF500000060000004D0069006700750065006C0000000100C400000035D70000ECAE8600000700000041007200670065006E006900730000000100C400000036D70000F2AE8600000E00
"Édson Araújo",308345,50176,319,48,INTERNAL_PERSON_ID,0x003255A4,False,6C0062006500720074006F0000000100C400000034D70000B8DF500000060000004D0069006700750065006C0000000100C400000035D70000ECAE8600000700000041007200670065006E006900730000000100C400000036D70000F2AE8600000E00000045006D0069006C0069006F00200045006E0072006900710075006500000001
"Édson Araújo",308345,50176,319,48,INTERNAL_PERSON_ID,0x003255C7,False,69006700750065006C0000000100C400000035D70000ECAE8600000700000041007200670065006E006900730000000100C400000036D70000F2AE8600000E00000045006D0069006C0069006F00200045006E007200690071007500650000000100C400000037D70000F3AE860000060000004A0061006E006E006500720000000100C4
"Édson Araújo",308345,50176,319,48,INTERNAL_PERSON_ID,0x003255F8,False,C400000036D70000F2AE8600000E00000045006D0069006C0069006F00200045006E007200690071007500650000000100C400000037D70000F3AE860000060000004A0061006E006E006500720000000100C400000038D70000F4AE8600000E0000004300E9007300610072002000430072006900730074006900E1006E0000000100C4
"Édson Araújo",308345,50176,319,48,INTERNAL_PERSON_ID,0x00325619,False,6E007200690071007500650000000100C400000037D70000F3AE860000060000004A0061006E006E006500720000000100C400000038D70000F4AE8600000E0000004300E9007300610072002000430072006900730074006900E1006E0000000100C400000039D70000F5AE8600000400000041006C0061006E0000000100C40000003A
"Édson Araújo",308345,50176,319,48,INTERNAL_PERSON_ID,0x0032564A,False,C400000038D70000F4AE8600000E0000004300E9007300610072002000430072006900730074006900E1006E0000000100C400000039D70000F5AE8600000400000041006C0061006E0000000100C40000003AD700006EDF5000000500000059006F006D006500720000000100C40000003BD70000F6AE8600000600000041006C007600
"Édson Araújo",308345,50176,319,48,INTERNAL_PERSON_ID,0x00325667,False,430072006900730074006900E1006E0000000100C400000039D70000F5AE8600000400000041006C0061006E0000000100C40000003AD700006EDF5000000500000059006F006D006500720000000100C40000003BD70000F6AE8600000600000041006C007600610072006F0000000100C40000003CD700006FDF5000000D0000005800
"Édson Araújo",308345,50176,319,48,INTERNAL_PERSON_ID,0x00325686,False,00000400000041006C0061006E0000000100C40000003AD700006EDF5000000500000059006F006D006500720000000100C40000003BD70000F6AE8600000600000041006C007600610072006F0000000100C40000003CD700006FDF5000000D000000580061007600690065007200200045006D0069006C0069006F0000000100C40000
"Édson Araújo",308345,50176,319,48,INTERNAL_PERSON_ID,0x003256A7,False,000059006F006D006500720000000100C40000003BD70000F6AE8600000600000041006C007600610072006F0000000100C40000003CD700006FDF5000000D000000580061007600690065007200200045006D0069006C0069006F0000000100C40000003DD70000F7AE860000060000005200650069006E006500720000000100C40000
"Édson Araújo",308345,50176,319,48,INTERNAL_PERSON_ID,0x003256D6,False,0100C40000003CD700006FDF5000000D000000580061007600690065007200200045006D0069006C0069006F0000000100C40000003DD70000F7AE860000060000005200650069006E006500720000000100C40000003ED7000070DF500000060000004500760065006C0069006F0000000100C40000003FD7000071DF50000008000000
"Édson Araújo",308345,50176,319,48,INTERNAL_PERSON_ID,0x003256F7,False,45006D0069006C0069006F0000000100C40000003DD70000F7AE860000060000005200650069006E006500720000000100C40000003ED7000070DF500000060000004500760065006C0069006F0000000100C40000003FD7000071DF5000000800000041006E0064006500720073006F006E0000000100C400000040D70000F8AE860000
"Édson Araújo",308345,50176,319,48,INTERNAL_PERSON_ID,0x00325718,False,5200650069006E006500720000000100C40000003ED7000070DF500000060000004500760065006C0069006F0000000100C40000003FD7000071DF5000000800000041006E0064006500720073006F006E0000000100C400000040D70000F8AE860000060000005700610073006D006900730000000100C400000041D7000072DF500000
"Édson Araújo",308345,50176,319,48,INTERNAL_PERSON_ID,0x0032573D,False,65006C0069006F0000000100C40000003FD7000071DF5000000800000041006E0064006500720073006F006E0000000100C400000040D70000F8AE860000060000005700610073006D006900730000000100C400000041D7000072DF500000070000004F007300760061006C0064006F0000000100C400000042D7000073DF5000000C00
"Édson Araújo",308345,50176,319,48,INTERNAL_PERSON_ID,0x0032575E,False,64006500720073006F006E0000000100C400000040D70000F8AE860000060000005700610073006D006900730000000100C400000041D7000072DF500000070000004F007300760061006C0064006F0000000100C400000042D7000073DF5000000C0000004C0075006900730020004500640075006100720064006F0000000100C40000
"Édson Araújo",308345,50176,319,48,INTERNAL_PERSON_ID,0x00325781,False,610073006D006900730000000100C400000041D7000072DF500000070000004F007300760061006C0064006F0000000100C400000042D7000073DF5000000C0000004C0075006900730020004500640075006100720064006F0000000100C400000043D70000F9AE8600000600000052006F00620065007200740000000100C400000044
"Édson Araújo",308345,50176,319,48,INTERNAL_PERSON_ID,0x003257AE,False,00000100C400000042D7000073DF5000000C0000004C0075006900730020004500640075006100720064006F0000000100C400000043D70000F9AE8600000600000052006F00620065007200740000000100C400000044D70000FAAE860000080000005000680069006C006C0069007000650000000100C400000045D7000015E1500000
"Édson Araújo",308345,50176,319,48,INTERNAL_PERSON_ID,0x003257CF,False,640075006100720064006F0000000100C400000043D70000F9AE8600000600000052006F00620065007200740000000100C400000044D70000FAAE860000080000005000680069006C006C0069007000650000000100C400000045D7000015E1500000100000004300610072006C006F007300200041006C006500780061006E00640065
"Édson Araújo",308345,50176,319,48,INTERNAL_PERSON_ID,0x003257F4,False,620065007200740000000100C400000044D70000FAAE860000080000005000680069006C006C0069007000650000000100C400000045D7000015E1500000100000004300610072006C006F007300200041006C006500780061006E0064006500720000000100C400000046D70000FBAE8600000B0000004300610072006C006F00730020
"Édson Araújo",308345,50176,319,48,INTERNAL_PERSON_ID,0x00325829,False,45D7000015E1500000100000004300610072006C006F007300200041006C006500780061006E0064006500720000000100C400000046D70000FBAE8600000B0000004300610072006C006F00730020004C0075006900730000000100C400000047D7000074DF5000000C0000004800E900630074006F00720020004A006100690072006F
"Édson Araújo",308345,50176,319,48,INTERNAL_PERSON_ID,0x00325854,False,720000000100C400000046D70000FBAE8600000B0000004300610072006C006F00730020004C0075006900730000000100C400000047D7000074DF5000000C0000004800E900630074006F00720020004A006100690072006F0000000100C400000048D70000FCAE8600001000000041006C00750073006900720069006F00200041006E
"Édson Araújo",308345,50176,319,48,INTERNAL_PERSON_ID,0x00325881,False,00000100C400000047D7000074DF5000000C0000004800E900630074006F00720020004A006100690072006F0000000100C400000048D70000FCAE8600001000000041006C00750073006900720069006F00200041006E0074006F006E0069006F0000000100C400000049D70000FDAE86000008000000470065006F00760061006E006E
"Édson Araújo",308345,50176,319,48,INTERNAL_PERSON_ID,0x003258B6,False,48D70000FCAE8600001000000041006C00750073006900720069006F00200041006E0074006F006E0069006F0000000100C400000049D70000FDAE86000008000000470065006F00760061006E006E00690000000100C40000004AD7000036E05000000B0000004300610072006C006F00730020004A006F007300E90000000100C40000
"Édson Araújo",308345,50176,319,48,INTERNAL_PERSON_ID,0x003258DB,False,6F006E0069006F0000000100C400000049D70000FDAE86000008000000470065006F00760061006E006E00690000000100C40000004AD7000036E05000000B0000004300610072006C006F00730020004A006F007300E90000000100C40000004BD7000035E05000000A0000004A006F007300E90020004A0065007300FA007300000001
"Édson Araújo",308345,50176,319,48,INTERNAL_PERSON_ID,0x00325906,False,690000000100C40000004AD7000036E05000000B0000004300610072006C006F00730020004A006F007300E90000000100C40000004BD7000035E05000000A0000004A006F007300E90020004A0065007300FA00730000000100C40000004CD7000034E05000000C0000004A00750061006E00200041006700750073007400ED006E0000
"Édson Araújo",308345,50176,319,48,INTERNAL_PERSON_ID,0x0032592F,False,7300E90000000100C40000004BD7000035E05000000A0000004A006F007300E90020004A0065007300FA00730000000100C40000004CD7000034E05000000C0000004A00750061006E00200041006700750073007400ED006E0000000100C40000004DD7000033E05000000B000000520075006200E9006E002000520061006D00F3006E
"Édson Araújo",308345,50176,319,48,INTERNAL_PERSON_ID,0x0032595C,False,00000100C40000004CD7000034E05000000C0000004A00750061006E00200041006700750073007400ED006E0000000100C40000004DD7000033E05000000B000000520075006200E9006E002000520061006D00F3006E0000000100C40000004ED7000031E050000009000000480065006100740063006C0069006600660000000100C4
"Édson Araújo",308345,50176,319,48,INTERNAL_PERSON_ID,0x00325987,False,6E0000000100C40000004DD7000033E05000000B000000520075006200E9006E002000520061006D00F3006E0000000100C40000004ED7000031E050000009000000480065006100740063006C0069006600660000000100C40000004FD70000E9E05000000E000000570069006C006C00690061006D002000520061006600610065006C
"Édson Araújo",308345,50176,319,48,INTERNAL_PERSON_ID,0x003259AE,False,6D00F3006E0000000100C40000004ED7000031E050000009000000480065006100740063006C0069006600660000000100C40000004FD70000E9E05000000E000000570069006C006C00690061006D002000520061006600610065006C0000000100C400000050D7000030E05000000C0000004A006F007300E900200041006700750073
"Édson Araújo",308345,50176,319,48,INTERNAL_PERSON_ID,0x003259DF,False,C40000004FD70000E9E05000000E000000570069006C006C00690061006D002000520061006600610065006C0000000100C400000050D7000030E05000000C0000004A006F007300E900200041006700750073007400ED006E0000000100C400000051D7000079DF5000000D000000540075006C0069006F00200045006E007200690071
"Édson Araújo",308345,50176,319,48,INTERNAL_PERSON_ID,0x00325A0C,False,00000100C400000050D7000030E05000000C0000004A006F007300E900200041006700750073007400ED006E0000000100C400000051D7000079DF5000000D000000540075006C0069006F00200045006E007200690071007500650000000100C400000052D700002FE05000000E000000530065007200670069006F00200041006E0074
"Édson Araújo",308345,50176,319,48,INTERNAL_PERSON_ID,0x00325A3B,False,0100C400000051D7000079DF5000000D000000540075006C0069006F00200045006E007200690071007500650000000100C400000052D700002FE05000000E000000530065007200670069006F00200041006E0074006F006E0069006F0000000100C400000053D700002EE05000000E0000004300610072006C006F007300200041006C
"Édson Araújo",308345,50176,319,48,INTERNAL_PERSON_ID,0x00325A6C,False,C400000052D700002FE05000000E000000530065007200670069006F00200041006E0074006F006E0069006F0000000100C400000053D700002EE05000000E0000004300610072006C006F007300200041006C0062006500720074006F0000000100C400000054D700002AE0500000060000004E00E900730074006F00720000000100C4
"Édson Araújo",308345,50176,319,48,INTERNAL_PERSON_ID,0x00325A9D,False,C400000053D700002EE05000000E0000004300610072006C006F007300200041006C0062006500720074006F0000000100C400000054D700002AE0500000060000004E00E900730074006F00720000000100C400000055D7000027E0500000090000004A00650061006E0020005000610075006C0000000100C400000056D7000024E050
"Édson Araújo",308345,50176,319,48,INTERNAL_PERSON_ID,0x00325ABE,False,6C0062006500720074006F0000000100C400000054D700002AE0500000060000004E00E900730074006F00720000000100C400000055D7000027E0500000090000004A00650061006E0020005000610075006C0000000100C400000056D7000024E05000000600000059006F006A0061006E00790000000100C400000057D700007ADF50
"Édson Araújo",308345,50176,319,48,INTERNAL_PERSON_ID,0x00325AE5,False,74006F00720000000100C400000055D7000027E0500000090000004A00650061006E0020005000610075006C0000000100C400000056D7000024E05000000600000059006F006A0061006E00790000000100C400000057D700007ADF500000050000005000ED0074006500720000000100C400000058D7000023E0500000060000004E00
"Édson Araújo",308345,50176,319,48,INTERNAL_PERSON_ID,0x00325B06,False,6E0020005000610075006C0000000100C400000056D7000024E05000000600000059006F006A0061006E00790000000100C400000057D700007ADF500000050000005000ED0074006500720000000100C400000058D7000023E0500000060000004E00E9006C0073006F006E0000000100C400000059D70000895E0B00000C0000004A00
"Édson Araújo",308345,50176,319,48,INTERNAL_PERSON_ID,0x00325B25,False,000059006F006A0061006E00790000000100C400000057D700007ADF500000050000005000ED0074006500720000000100C400000058D7000023E0500000060000004E00E9006C0073006F006E0000000100C400000059D70000895E0B00000C0000004A006F007300E900200041006C0066006F006E0073006F0000000100C40000005A
"Édson Araújo",308345,50176,319,48,INTERNAL_PERSON_ID,0x00325B46,False,00005000ED0074006500720000000100C400000058D7000023E0500000060000004E00E9006C0073006F006E0000000100C400000059D70000895E0B00000C0000004A006F007300E900200041006C0066006F006E0073006F0000000100C40000005AD7000021E05000000C000000520061006600610065006C00200045006400670061
"Édson Araújo",308345,50176,319,48,INTERNAL_PERSON_ID,0x00325B73,False,00000100C400000059D70000895E0B00000C0000004A006F007300E900200041006C0066006F006E0073006F0000000100C40000005AD7000021E05000000C000000520061006600610065006C0020004500640067006100720000000100C40000005BD7000017E150000005000000440061006E006E00790000000100C40000005CD700
"Édson Araújo",308345,50176,319,48,INTERNAL_PERSON_ID,0x00325BA0,False,00000100C40000005AD7000021E05000000C000000520061006600610065006C0020004500640067006100720000000100C40000005BD7000017E150000005000000440061006E006E00790000000100C40000005CD70000BC1C0B00000C0000004C00650061006E00640072006F0020004A006F007300E90000000100C40000005DD700
"Édson Araújo",308345,50176,319,48,INTERNAL_PERSON_ID,0x00325BBF,False,6C0020004500640067006100720000000100C40000005BD7000017E150000005000000440061006E006E00790000000100C40000005CD70000BC1C0B00000C0000004C00650061006E00640072006F0020004A006F007300E90000000100C40000005DD700001FE05000000F0000004500640069006E0073006F006E00200041006C0062
"Édson Araújo",308345,50176,319,48,INTERNAL_PERSON_ID,0x00325BEC,False,00000100C40000005CD70000BC1C0B00000C0000004C00650061006E00640072006F0020004A006F007300E90000000100C40000005DD700001FE05000000F0000004500640069006E0073006F006E00200041006C0062006500720074006F0000000100C40000005ED700001CE050000010000000570061006C00740065007200200046
"Édson Araújo",308345,50176,319,48,INTERNAL_PERSON_ID,0x00325C1F,False,00005DD700001FE05000000F0000004500640069006E0073006F006E00200041006C0062006500720074006F0000000100C40000005ED700001CE050000010000000570061006C0074006500720020004600720061006E0063006900730063006F0000000100C40000005FD700001AE05000000600000059006F0069006D006500720000
"Édson Araújo",308345,50176,319,48,INTERNAL_PERSON_ID,0x00325C54,False,5ED700001CE050000010000000570061006C0074006500720020004600720061006E0063006900730063006F0000000100C40000005FD700001AE05000000600000059006F0069006D006500720000000100C400000060D7000019E05000000A0000004A006F007300E900200041006E00670065006C0000000100C400000061D7000018
"Édson Araújo",308345,50176,319,48,INTERNAL_PERSON_ID,0x00325C75,False,6E0063006900730063006F0000000100C40000005FD700001AE05000000600000059006F0069006D006500720000000100C400000060D7000019E05000000A0000004A006F007300E900200041006E00670065006C0000000100C400000061D7000018E05000000D0000004300E90073006100720020004D006F0064006500730074006F
"Édson Araújo",308345,50176,319,48,INTERNAL_PERSON_ID,0x00325C9E,False,6500720000000100C400000060D7000019E05000000A0000004A006F007300E900200041006E00670065006C0000000100C400000061D7000018E05000000D0000004300E90073006100720020004D006F0064006500730074006F0000000100C400000062D7000017E0500000100000004600720061006E0063006900730063006F0020
"Édson Araújo",308345,50176,319,48,INTERNAL_PERSON_ID,0x00325CCD,False,0100C400000061D7000018E05000000D0000004300E90073006100720020004D006F0064006500730074006F0000000100C400000062D7000017E0500000100000004600720061006E0063006900730063006F0020004A006100760069006500720000000100C400000063D70000F1E05000000F00000052006900630068006100720064
"Édson Araújo",308345,50176,319,48,INTERNAL_PERSON_ID,0x00325D02,False,62D7000017E0500000100000004600720061006E0063006900730063006F0020004A006100760069006500720000000100C400000063D70000F1E05000000F0000005200690063006800610072006400200041006D00E9007200690063006F0000000100C400000064D7000013E05000000F000000470069007500730065007000700065
"Édson Araújo",308345,50176,319,48,INTERNAL_PERSON_ID,0x00325D35,False,000063D70000F1E05000000F0000005200690063006800610072006400200041006D00E9007200690063006F0000000100C400000064D7000013E05000000F000000470069007500730065007000700065002000520061006600610065006C0000000100C400000065D7000012E05000000F00000056006900630065006E007400650020
"Édson Araújo",308345,50176,319,48,INTERNAL_PERSON_ID,0x00325D68,False,000064D7000013E05000000F000000470069007500730065007000700065002000520061006600610065006C0000000100C400000065D7000012E05000000F00000056006900630065006E0074006500200041006E0074006F006E0069006F0000000100C400000066D7000011E05000000B0000005300740061006C0069006E0020004A
"Édson Araújo",308345,50176,319,48,INTERNAL_PERSON_ID,0x00325D9B,False,000065D7000012E05000000F00000056006900630065006E0074006500200041006E0074006F006E0069006F0000000100C400000066D7000011E05000000B0000005300740061006C0069006E0020004A006F007300E90000000100C400000067D7000010E05000000D0000004A006F00680061006E00200041006C0062006500720074
"Édson Araújo",308345,50176,319,48,INTERNAL_PERSON_ID,0x00325DC6,False,6F0000000100C400000066D7000011E05000000B0000005300740061006C0069006E0020004A006F007300E90000000100C400000067D7000010E05000000D0000004A006F00680061006E00200041006C0062006500720074006F0000000100C400000068D700007CDF5000000E0000004300610072006C006F007300200048006F0072
"Édson Araújo",308345,50176,319,48,INTERNAL_PERSON_ID,0x00325DF5,False,0100C400000067D7000010E05000000D0000004A006F00680061006E00200041006C0062006500720074006F0000000100C400000068D700007CDF5000000E0000004300610072006C006F007300200048006F007200E100630069006F0000000100C400000069D700000CE05000000D000000570069006C0066007200650064006F0020
"Édson Araújo",308345,50176,319,48,INTERNAL_PERSON_ID,0x00325E26,False,C400000068D700007CDF5000000E0000004300610072006C006F007300200048006F007200E100630069006F0000000100C400000069D700000CE05000000D000000570069006C0066007200650064006F0020004A006F007300E90000000100C40000006AD700007DDF5000000A0000004A006F0068006E0020004600E9006C00690078
"Édson Araújo",308345,50176,319,48,INTERNAL_PERSON_ID,0x00325E55,False,0100C400000069D700000CE05000000D000000570069006C0066007200650064006F0020004A006F007300E90000000100C40000006AD700007DDF5000000A0000004A006F0068006E0020004600E9006C006900780000000100C40000006BD700007FDF5000000E0000004A006F007300E90020004600720061006E0063006900730063
"Édson Araújo",308345,50176,319,48,INTERNAL_PERSON_ID,0x00325E7E,False,7300E90000000100C40000006AD700007DDF5000000A0000004A006F0068006E0020004600E9006C006900780000000100C40000006BD700007FDF5000000E0000004A006F007300E90020004600720061006E0063006900730063006F0000000100C40000006CD7000081DF5000000D00000045006C00760069007300200041006C0066
"Édson Araújo",308345,50176,319,48,INTERNAL_PERSON_ID,0x00325EAF,False,C40000006BD700007FDF5000000E0000004A006F007300E90020004600720061006E0063006900730063006F0000000100C40000006CD7000081DF5000000D00000045006C00760069007300200041006C0066006F006E0073006F0000000100C40000006DD7000082DF500000040000004A006F0065006C0000000100C40000006ED700
"Édson Araújo",308345,50176,319,48,INTERNAL_PERSON_ID,0x00325EDE,False,0100C40000006CD7000081DF5000000D00000045006C00760069007300200041006C0066006F006E0073006F0000000100C40000006DD7000082DF500000040000004A006F0065006C0000000100C40000006ED7000084DF500000050000005900650072006300690000000100C40000006FD7000085DF5000000A0000004A0065006100
"Édson Araújo",308345,50176,319,48,INTERNAL_PERSON_ID,0x00325EFB,False,200041006C0066006F006E0073006F0000000100C40000006DD7000082DF500000040000004A006F0065006C0000000100C40000006ED7000084DF500000050000005900650072006300690000000100C40000006FD7000085DF5000000A0000004A00650061006E00200041006E0064007200E90000000100C400000070D7000087DF50
"Édson Araújo",308345,50176,319,48,INTERNAL_PERSON_ID,0x00325F1A,False,0000040000004A006F0065006C0000000100C40000006ED7000084DF500000050000005900650072006300690000000100C40000006FD7000085DF5000000A0000004A00650061006E00200041006E0064007200E90000000100C400000070D7000087DF5000000700000056006900630065006E007400650000000100C400000071D700
"Édson Araújo",308345,50176,319,48,INTERNAL_PERSON_ID,0x00325F43,False,6300690000000100C40000006FD7000085DF5000000A0000004A00650061006E00200041006E0064007200E90000000100C400000070D7000087DF5000000700000056006900630065006E007400650000000100C400000071D70000F2E05000000600000044006900640069006500720000000100C400000072D700008DDF5000000700
"Édson Araújo",308345,50176,319,48,INTERNAL_PERSON_ID,0x00325F66,False,41006E0064007200E90000000100C400000070D7000087DF5000000700000056006900630065006E007400650000000100C400000071D70000F2E05000000600000044006900640069006500720000000100C400000072D700008DDF500000070000004C0075006300690061006E006F0000000100C400000073D700008EDF5000000A00
"Édson Araújo",308345,50176,319,48,INTERNAL_PERSON_ID,0x00325F87,False,6900630065006E007400650000000100C400000071D70000F2E05000000600000044006900640069006500720000000100C400000072D700008DDF500000070000004C0075006300690061006E006F0000000100C400000073D700008EDF5000000A0000004C00610069006E0064006500720073006F006E0000000100C400000074D700
"Édson Araújo",308345,50176,319,48,INTERNAL_PERSON_ID,0x00325FAA,False,6900640069006500720000000100C400000072D700008DDF500000070000004C0075006300690061006E006F0000000100C400000073D700008EDF5000000A0000004C00610069006E0064006500720073006F006E0000000100C400000074D70000F4E05000000A0000004A006F007300E90020004600E9006C006900780000000100C4
"Édson Araújo",308345,50176,319,48,INTERNAL_PERSON_ID,0x00325FD3,False,6E006F0000000100C400000073D700008EDF5000000A0000004C00610069006E0064006500720073006F006E0000000100C400000074D70000F4E05000000A0000004A006F007300E90020004600E9006C006900780000000100C400000075D7000092DF5000000D00000052006900640065006E0073006F006E0020004A006F007300E9
"Édson Araújo",308345,50176,319,48,INTERNAL_PERSON_ID,0x00325FFC,False,6F006E0000000100C400000074D70000F4E05000000A0000004A006F007300E90020004600E9006C006900780000000100C400000075D7000092DF5000000D00000052006900640065006E0073006F006E0020004A006F007300E90000000100C400000076D70000B7DF5000000D0000004600650072006E0061006E0064006F0020004A
"Édson Araújo",308345,50176,319,48,INTERNAL_PERSON_ID,0x0032602B,False,0100C400000075D7000092DF5000000D00000052006900640065006E0073006F006E0020004A006F007300E90000000100C400000076D70000B7DF5000000D0000004600650072006E0061006E0064006F0020004A006F007300E90000000100C400000077D70000B6DF5000000E0000004A006100760069006500720020004500640075
"Édson Araújo",308345,50176,319,48,INTERNAL_PERSON_ID,0x0032605A,False,0100C400000076D70000B7DF5000000D0000004600650072006E0061006E0064006F0020004A006F007300E90000000100C400000077D70000B6DF5000000E0000004A006100760069006500720020004500640075007200610064006F0000000100C400000078D7000097DF5000000B0000004A0075006C0069006F0020004300E90073
"Édson Araújo",308345,50176,319,48,INTERNAL_PERSON_ID,0x0032608B,False,C400000077D70000B6DF5000000E0000004A006100760069006500720020004500640075007200610064006F0000000100C400000078D7000097DF5000000B0000004A0075006C0069006F0020004300E90073006100720000000100C400000079D70000B5DF500000100000004C0065006F006E006100720064006F00200045006E0072
"Édson Araújo",308345,50176,319,48,INTERNAL_PERSON_ID,0x003260B6,False,6F0000000100C400000078D7000097DF5000000B0000004A0075006C0069006F0020004300E90073006100720000000100C400000079D70000B5DF500000100000004C0065006F006E006100720064006F00200045006E007200690071007500650000000100C40000007AD70000B4DF500000100000004C0065006F006E006100720064
"Édson Araújo",308345,50176,319,48,INTERNAL_PERSON_ID,0x003260EB,False,79D70000B5DF500000100000004C0065006F006E006100720064006F00200045006E007200690071007500650000000100C40000007AD70000B4DF500000100000004C0065006F006E006100720064006F00200041006C0062006500720074006F0000000100C40000007BD70000B3DF5000000A0000004A006F007300E9002000440061
"Édson Araújo",308345,50176,319,48,INTERNAL_PERSON_ID,0x00326120,False,7AD70000B4DF500000100000004C0065006F006E006100720064006F00200041006C0062006500720074006F0000000100C40000007BD70000B3DF5000000A0000004A006F007300E90020004400610076006900640000000100C40000007CD7000099DF5000000C0000004C00750069007300200047006500720061006C0064006F0000
"Édson Araújo",308345,50176,319,48,INTERNAL_PERSON_ID,0x00326149,False,74006F0000000100C40000007BD70000B3DF5000000A0000004A006F007300E90020004400610076006900640000000100C40000007CD7000099DF5000000C0000004C00750069007300200047006500720061006C0064006F0000000100C40000007DD700009ADF500000060000004A006F00730065007000680000000100C40000007E
"Édson Araújo",308345,50176,319,48,INTERNAL_PERSON_ID,0x00326176,False,00000100C40000007CD7000099DF5000000C0000004C00750069007300200047006500720061006C0064006F0000000100C40000007DD700009ADF500000060000004A006F00730065007000680000000100C40000007ED700009BDF5000000A00000045006C0064006500720020004A006F007300E90000000100C40000007FD700009E
"Édson Araújo",308345,50176,319,48,INTERNAL_PERSON_ID,0x00326197,False,6500720061006C0064006F0000000100C40000007DD700009ADF500000060000004A006F00730065007000680000000100C40000007ED700009BDF5000000A00000045006C0064006500720020004A006F007300E90000000100C40000007FD700009EDF500000050000004F00730063006100720000000100C400000080D70000F6E050
"Édson Araújo",308345,50176,319,48,INTERNAL_PERSON_ID,0x003261C0,False,7000680000000100C40000007ED700009BDF5000000A00000045006C0064006500720020004A006F007300E90000000100C40000007FD700009EDF500000050000004F00730063006100720000000100C400000080D70000F6E050000005000000500061006F006C006F0000000100C400000081D70000EFDF5000000E00000047007500
"Édson Araújo",308345,50176,319,48,INTERNAL_PERSON_ID,0x003261DF,False,6500720020004A006F007300E90000000100C40000007FD700009EDF500000050000004F00730063006100720000000100C400000080D70000F6E050000005000000500061006F006C006F0000000100C400000081D70000EFDF5000000E0000004700750073007400610076006F00200041006C006F006E0073006F0000000100C40000
"Édson Araújo",308345,50176,319,48,INTERNAL_PERSON_ID,0x003261FE,False,050000004F00730063006100720000000100C400000080D70000F6E050000005000000500061006F006C006F0000000100C400000081D70000EFDF5000000E0000004700750073007400610076006F00200041006C006F006E0073006F0000000100C400000082D70000F0DF5000000B0000004A006F0072006700650020005200750062
"Édson Araújo",308345,50176,319,48,INTERNAL_PERSON_ID,0x0032622F,False,C400000081D70000EFDF5000000E0000004700750073007400610076006F00200041006C006F006E0073006F0000000100C400000082D70000F0DF5000000B0000004A006F007200670065002000520075006200E9006E0000000100C400000083D70000F1DF5000000C00000052006100FA006C00200041006E0074006F006E0069006F
"Édson Araújo",308345,50176,319,48,INTERNAL_PERSON_ID,0x0032625A,False,6F0000000100C400000082D70000F0DF5000000B0000004A006F007200670065002000520075006200E9006E0000000100C400000083D70000F1DF5000000C00000052006100FA006C00200041006E0074006F006E0069006F0000000100C400000084D70000F2DF5000000D0000004700690061006E006600720061006E006300650073
"Édson Araújo",308345,50176,319,48,INTERNAL_PERSON_ID,0x00326287,False,00000100C400000083D70000F1DF5000000C00000052006100FA006C00200041006E0074006F006E0069006F0000000100C400000084D70000F2DF5000000D0000004700690061006E006600720061006E0063006500730063006F0000000100C400000085D70000F3D57900000D0000004C00750069007300200056006C006100640069
"Édson Araújo",308345,50176,319,48,INTERNAL_PERSON_ID,0x003262B6,False,0100C400000084D70000F2DF5000000D0000004700690061006E006600720061006E0063006500730063006F0000000100C400000085D70000F3D57900000D0000004C00750069007300200056006C006100640069006D006900720000000100C400000086D70000F4DF5000000D0000004D006100720063006F00730020004A00610076
"Édson Araújo",308345,50176,319,48,INTERNAL_PERSON_ID,0x003262E5,False,0100C400000085D70000F3D57900000D0000004C00750069007300200056006C006100640069006D006900720000000100C400000086D70000F4DF5000000D0000004D006100720063006F00730020004A006100760069006500720000000100C400000087D70000A0DF50000011000000570069006C006D00650072002000640065006C
"Édson Araújo",308345,50176,319,48,INTERNAL_PERSON_ID,0x00326314,False,0100C400000086D70000F4DF5000000D0000004D006100720063006F00730020004A006100760069006500720000000100C400000087D70000A0DF50000011000000570069006C006D00650072002000640065006C0020004300610072006D0065006E0000000100C400000088D70000A1DF500000090000004C0075006900730020004A
"Édson Araújo",308345,50176,319,48,INTERNAL_PERSON_ID,0x0032634B,False,0000A0DF50000011000000570069006C006D00650072002000640065006C0020004300610072006D0065006E0000000100C400000088D70000A1DF500000090000004C0075006900730020004A006F007300E90000000100C400000089D70000A2DF5000000D000000520061006D00F3006E0020004700650072006100720064006F0000
"Édson Araújo",308345,50176,319,48,INTERNAL_PERSON_ID,0x00326372,False,6D0065006E0000000100C400000088D70000A1DF500000090000004C0075006900730020004A006F007300E90000000100C400000089D70000A2DF5000000D000000520061006D00F3006E0020004700650072006100720064006F0000000100C40000008AD70000A4DF5000000C0000004A006F007300E900200041006E0074006F006E
"Édson Araújo",308345,50176,319,48,INTERNAL_PERSON_ID,0x003263A1,False,0100C400000089D70000A2DF5000000D000000520061006D00F3006E0020004700650072006100720064006F0000000100C40000008AD70000A4DF5000000C0000004A006F007300E900200041006E0074006F006E0069006F0000000100C40000008BD70000A6DF5000000600000047006500720061006C00640000000100C40000008C
"Édson Araújo",308345,50176,319,48,INTERNAL_PERSON_ID,0x003263CE,False,00000100C40000008AD70000A4DF5000000C0000004A006F007300E900200041006E0074006F006E0069006F0000000100C40000008BD70000A6DF5000000600000047006500720061006C00640000000100C40000008CD70000A8DF5000000E0000004D00690063006800610065006C0020004A00610069006D0065007A0000000100C4
"Édson Araújo",308345,50176,319,48,INTERNAL_PERSON_ID,0x003263EF,False,6E0074006F006E0069006F0000000100C40000008BD70000A6DF5000000600000047006500720061006C00640000000100C40000008CD70000A8DF5000000E0000004D00690063006800610065006C0020004A00610069006D0065007A0000000100C40000008DD7000087247300000600000045006400690078006F006E0000000100C4
"Édson Araújo",308345,50176,319,48,INTERNAL_PERSON_ID,0x00326420,False,C40000008CD70000A8DF5000000E0000004D00690063006800610065006C0020004A00610069006D0065007A0000000100C40000008DD7000087247300000600000045006400690078006F006E0000000100C40000008ED70000AADF5000000600000041006C00760072006900730000000100C40000008FD70000ABDF50000004000000
"Édson Araújo",308345,50176,319,48,INTERNAL_PERSON_ID,0x00326441,False,4A00610069006D0065007A0000000100C40000008DD7000087247300000600000045006400690078006F006E0000000100C40000008ED70000AADF5000000600000041006C00760072006900730000000100C40000008FD70000ABDF500000040000004A00650061006E0000000100C400000090D70000CFD56A00000E00000049007300
"Édson Araújo",308345,50176,319,48,INTERNAL_PERSON_ID,0x00326462,False,45006400690078006F006E0000000100C40000008ED70000AADF5000000600000041006C00760072006900730000000100C40000008FD70000ABDF500000040000004A00650061006E0000000100C400000090D70000CFD56A00000E000000490073006100690061007300200041006C0062006500720074006F0000000100C400000091
"Édson Araújo",308345,50176,319,48,INTERNAL_PERSON_ID,0x0032647F,False,0600000041006C00760072006900730000000100C40000008FD70000ABDF500000040000004A00650061006E0000000100C400000090D70000CFD56A00000E000000490073006100690061007300200041006C0062006500720074006F0000000100C400000091D70000ACDF50000006000000530065007200670069006F0000000100C4
"Édson Araújo",308345,50176,319,48,INTERNAL_PERSON_ID,0x003264B0,False,C400000090D70000CFD56A00000E000000490073006100690061007300200041006C0062006500720074006F0000000100C400000091D70000ACDF50000006000000530065007200670069006F0000000100C400000092D700008B4E6600000E000000520061006600610065006C00200041006E0074006F006E0069006F0000000100C4
"Édson Araújo",308345,50176,319,48,INTERNAL_PERSON_ID,0x003264D1,False,6C0062006500720074006F0000000100C400000091D70000ACDF50000006000000530065007200670069006F0000000100C400000092D700008B4E6600000E000000520061006600610065006C00200041006E0074006F006E0069006F0000000100C400000093D70000284C6600000F0000004A006F00680061006E0020004600720061
"Édson Araújo",308345,50176,319,48,INTERNAL_PERSON_ID,0x00326502,False,C400000092D700008B4E6600000E000000520061006600610065006C00200041006E0074006F006E0069006F0000000100C400000093D70000284C6600000F0000004A006F00680061006E0020004600720061006E0063006900730063006F0000000100C400000094D70000AFDF500000090000004A00750061006E0020004C00750069
"Édson Araújo",308345,50176,319,48,INTERNAL_PERSON_ID,0x00326535,False,000093D70000284C6600000F0000004A006F00680061006E0020004600720061006E0063006900730063006F0000000100C400000094D70000AFDF500000090000004A00750061006E0020004C0075006900730000000100C400000095D70000B2DF500000050000004500640067006100720000000100C400000096D70000CEBA860000
"Édson Araújo",308345,50176,319,48,INTERNAL_PERSON_ID,0x0032655C,False,730063006F0000000100C400000094D70000AFDF500000090000004A00750061006E0020004C0075006900730000000100C400000095D70000B2DF500000050000004500640067006100720000000100C400000096D70000CEBA860000070000004900620072006100680069006D0000000300C500000097D70000800656000005000000
"Édson Araújo",308345,50176,319,48,INTERNAL_PERSON_ID,0x0032657B,False,61006E0020004C0075006900730000000100C400000095D70000B2DF500000050000004500640067006100720000000100C400000096D70000CEBA860000070000004900620072006100680069006D0000000300C500000097D700008006560000050000004A0061006D0061006C0000000200C500000098D70000130256000008000000
"Édson Araújo",308345,50176,319,48,INTERNAL_PERSON_ID,0x0032BA84,False,620061000000010000000000C3000000C5805100000800000042006F0075006100EF006300680061000000010000000000C4000000C38051000005000000540061006C00610068000000010000000000C5000000A9815100000C0000004F0075006C006400200053006C0069006D0061006E0065000000010000000000C6000000128251
"Édson Araújo",308345,50176,319,48,INTERNAL_PERSON_ID,0x004D8F55,False,0048006500780061006E0000000100A4000000FFC30000B61E73000004000000500065006E00750000000100A400000000C40000CC227300000A0000004500700061006E0069006D006F006E006400610000000100A400000001C40000CD22730000080000004F0064006F0072006F0061006200E30000000100A400000002C40000CE22
"Édson Araújo",308345,50176,319,48,INTERNAL_PERSON_ID,0x005B3DAF,False,660069006C00610000000100C30000006822010096226000000800000047006F006E007A00E1006C0065007A0000000D00C40000006922010081DF5000000900000052006F0064007200ED006700750065007A0000000900C40000006A22010098DF500000060000004700610072006300ED00610000000900C40000006B22010023E050
"Édson Araújo",308345,50176,319,48,INTERNAL_PERSON_ID,0x005B3DD6,False,6C0065007A0000000D00C40000006922010081DF5000000900000052006F0064007200ED006700750065007A0000000900C40000006A22010098DF500000060000004700610072006300ED00610000000900C40000006B22010023E0500000050000005000E900720065007A0000000800C40000006C220100AEE0500000080000004D00
"Édson Araújo",308345,50176,319,48,INTERNAL_PERSON_ID,0x005B3DF7,False,7200ED006700750065007A0000000900C40000006A22010098DF500000060000004700610072006300ED00610000000900C40000006B22010023E0500000050000005000E900720065007A0000000800C40000006C220100AEE0500000080000004D00610072007400ED006E0065007A0000000800C40000006D220100E9DF5000000900
"Édson Araújo",308345,50176,319,48,INTERNAL_PERSON_ID,0x005B3E16,False,00004700610072006300ED00610000000900C40000006B22010023E0500000050000005000E900720065007A0000000800C40000006C220100AEE0500000080000004D00610072007400ED006E0065007A0000000800C40000006D220100E9DF500000090000004800650072006E00E1006E00640065007A0000000700C40000006E2201
"Édson Araújo",308345,50176,319,48,INTERNAL_PERSON_ID,0x005B3E3B,False,E900720065007A0000000800C40000006C220100AEE0500000080000004D00610072007400ED006E0065007A0000000800C40000006D220100E9DF500000090000004800650072006E00E1006E00640065007A0000000700C40000006E2201006DE050000007000000520061006D00ED00720065007A0000000700C40000006F22010033
"Édson Araújo",308345,50176,319,48,INTERNAL_PERSON_ID,0x005B3E62,False,6E0065007A0000000800C40000006D220100E9DF500000090000004800650072006E00E1006E00640065007A0000000700C40000006E2201006DE050000007000000520061006D00ED00720065007A0000000700C40000006F22010033E0500000060000004D006F00720065006E006F0000000600C400000070220100E9BA8600000400
"Édson Araújo",308345,50176,319,48,INTERNAL_PERSON_ID,0x005B3E85,False,E1006E00640065007A0000000700C40000006E2201006DE050000007000000520061006D00ED00720065007A0000000700C40000006F22010033E0500000060000004D006F00720065006E006F0000000600C400000070220100E9BA860000040000004400ED0061007A0000000600C400000071220100F1BA8600000800000051007500
"Édson Araújo",308345,50176,319,48,INTERNAL_PERSON_ID,0x005B3EA6,False,61006D00ED00720065007A0000000700C40000006F22010033E0500000060000004D006F00720065006E006F0000000600C400000070220100E9BA860000040000004400ED0061007A0000000600C400000071220100F1BA860000080000005100750069006E007400650072006F0000000500C40000007222010019AA86000009000000
"Édson Araújo",308345,50176,319,48,INTERNAL_PERSON_ID,0x005B3EC3,False,060000004D006F00720065006E006F0000000600C400000070220100E9BA860000040000004400ED0061007A0000000600C400000071220100F1BA860000080000005100750069006E007400650072006F0000000500C40000007222010019AA8600000900000043006F006E0074007200650072006100730000000500C4000000732201
"Édson Araújo",308345,50176,319,48,INTERNAL_PERSON_ID,0x005B3EE8,False,4400ED0061007A0000000600C400000071220100F1BA860000080000005100750069006E007400650072006F0000000500C40000007222010019AA8600000900000043006F006E0074007200650072006100730000000500C40000007322010078E05000000600000052006F006D00650072006F0000000400C4000000742201006EE050
"Édson Araújo",308345,50176,319,48,INTERNAL_PERSON_ID,0x005B3F0F,False,650072006F0000000500C40000007222010019AA8600000900000043006F006E0074007200650072006100730000000500C40000007322010078E05000000600000052006F006D00650072006F0000000400C4000000742201006EE05000000600000053007500E100720065007A0000000400C4000000752201000DE150000009000000
"Édson Araújo",308345,50176,319,48,INTERNAL_PERSON_ID,0x005B3F30,False,74007200650072006100730000000500C40000007322010078E05000000600000052006F006D00650072006F0000000400C4000000742201006EE05000000600000053007500E100720065007A0000000400C4000000752201000DE1500000090000004700750074006900E9007200720065007A0000000400C400000076220100DEBA86
"Édson Araújo",308345,50176,319,48,INTERNAL_PERSON_ID,0x005B3F51,False,52006F006D00650072006F0000000400C4000000742201006EE05000000600000053007500E100720065007A0000000400C4000000752201000DE1500000090000004700750074006900E9007200720065007A0000000400C400000076220100DEBA8600000800000047007500650072007200650072006F0000000400C4000000772201
"Édson Araújo",308345,50176,319,48,INTERNAL_PERSON_ID,0x005B3F78,False,720065007A0000000400C4000000752201000DE1500000090000004700750074006900E9007200720065007A0000000400C400000076220100DEBA8600000800000047007500650072007200650072006F0000000400C400000077220100F3AE86000004000000560065007200610000000400C400000078220100A4DF50000007000000
"Édson Araújo",308345,50176,319,48,INTERNAL_PERSON_ID,0x005B3F9D,False,7200720065007A0000000400C400000076220100DEBA8600000800000047007500650072007200650072006F0000000400C400000077220100F3AE86000004000000560065007200610000000400C400000078220100A4DF5000000700000041006C0076006100720065007A0000000400C400000079220100FEBA860000070000005300
"Édson Araújo",308345,50176,319,48,INTERNAL_PERSON_ID,0x005B3FBA,False,47007500650072007200650072006F0000000400C400000077220100F3AE86000004000000560065007200610000000400C400000078220100A4DF5000000700000041006C0076006100720065007A0000000400C400000079220100FEBA860000070000005300E1006E006300680065007A0000000400C40000007A220100A0E0500000
"Édson Araújo",308345,50176,319,48,INTERNAL_PERSON_ID,0x005B3FDD,False,0000560065007200610000000400C400000078220100A4DF5000000700000041006C0076006100720065007A0000000400C400000079220100FEBA860000070000005300E1006E006300680065007A0000000400C40000007A220100A0E0500000070000004D00E10072007100750065007A0000000400C40000007B220100FFBA860000
"Édson Araújo",308345,50176,319,48,INTERNAL_PERSON_ID,0x005B4000,False,76006100720065007A0000000400C400000079220100FEBA860000070000005300E1006E006300680065007A0000000400C40000007A220100A0E0500000070000004D00E10072007100750065007A0000000400C40000007B220100FFBA86000006000000520069007600650072006F0000000400C40000007C2201002FDF5000000700
"Édson Araújo",308345,50176,319,48,INTERNAL_PERSON_ID,0x005B4023,False,6E006300680065007A0000000400C40000007A220100A0E0500000070000004D00E10072007100750065007A0000000400C40000007B220100FFBA86000006000000520069007600650072006F0000000400C40000007C2201002FDF50000007000000530061006C0061007A006100720000000400C40000007D220100D7BA8600000900
"Édson Araújo",308345,50176,319,48,INTERNAL_PERSON_ID,0x005B4044,False,E10072007100750065007A0000000400C40000007B220100FFBA86000006000000520069007600650072006F0000000400C40000007C2201002FDF50000007000000530061006C0061007A006100720000000400C40000007D220100D7BA8600000900000055007A006300E1007400650067007500690000000300C40000007E22010003
"Édson Araújo",308345,50176,319,48,INTERNAL_PERSON_ID,0x005B4067,False,69007600650072006F0000000400C40000007C2201002FDF50000007000000530061006C0061007A006100720000000400C40000007D220100D7BA8600000900000055007A006300E1007400650067007500690000000300C40000007E22010003BB860000050000005000610072007200610000000300C40000007F22010096E0500000
"Édson Araújo",308345,50176,319,48,INTERNAL_PERSON_ID,0x005B408E,False,7A006100720000000400C40000007D220100D7BA8600000900000055007A006300E1007400650067007500690000000300C40000007E22010003BB860000050000005000610072007200610000000300C40000007F22010096E05000000900000054006F0072007200650061006C006200610000000300C400000080220100F5DF500000
"Édson Araújo",308345,50176,319,48,INTERNAL_PERSON_ID,0x005B40AD,False,6300E1007400650067007500690000000300C40000007E22010003BB860000050000005000610072007200610000000300C40000007F22010096E05000000900000054006F0072007200650061006C006200610000000300C400000080220100F5DF500000050000005200690076006100730000000300C40000008122010034E0500000
"Édson Araújo",308345,50176,319,48,INTERNAL_PERSON_ID,0x005B40D4,False,72007200610000000300C40000007F22010096E05000000900000054006F0072007200650061006C006200610000000300C400000080220100F5DF500000050000005200690076006100730000000300C40000008122010034E0500000050000004D006F007200E1006E0000000300C400000082220100B1D80100000600000054006F00
"Édson Araújo",308345,50176,319,48,INTERNAL_PERSON_ID,0x005B40F3,False,72007200650061006C006200610000000300C400000080220100F5DF500000050000005200690076006100730000000300C40000008122010034E0500000050000004D006F007200E1006E0000000300C400000082220100B1D80100000600000054006F00720072006500730000000300C400000083220100FAAE860000090000005400
"Édson Araújo",308345,50176,319,48,INTERNAL_PERSON_ID,0x005B4112,False,050000005200690076006100730000000300C40000008122010034E0500000050000004D006F007200E1006E0000000300C400000082220100B1D80100000600000054006F00720072006500730000000300C400000083220100FAAE8600000900000054006F00720074006F006C00650072006F0000000300C40000008422010095DF50
"Édson Araújo",308345,50176,319,48,INTERNAL_PERSON_ID,0x005B4133,False,00004D006F007200E1006E0000000300C400000082220100B1D80100000600000054006F00720072006500730000000300C400000083220100FAAE8600000900000054006F00720074006F006C00650072006F0000000300C40000008422010095DF5000000700000042007200690063006500F1006F0000000300C40000008522010051
"Édson Araújo",308345,50176,319,48,INTERNAL_PERSON_ID,0x005B415A,False,72006500730000000300C400000083220100FAAE8600000900000054006F00720074006F006C00650072006F0000000300C40000008422010095DF5000000700000042007200690063006500F1006F0000000300C40000008522010051E0500000060000004C0065007A0061006D00610000000300C4000000862201005EE05000000600
"Édson Araújo",308345,50176,319,48,INTERNAL_PERSON_ID,0x005B417D,False,6F006C00650072006F0000000300C40000008422010095DF5000000700000042007200690063006500F1006F0000000300C40000008522010051E0500000060000004C0065007A0061006D00610000000300C4000000862201005EE0500000060000004C007500630065006E00610000000300C4000000872201002CDF50000007000000
"Édson Araújo",308345,50176,319,48,INTERNAL_PERSON_ID,0x005B419E,False,7200690063006500F1006F0000000300C40000008522010051E0500000060000004C0065007A0061006D00610000000300C4000000862201005EE0500000060000004C007500630065006E00610000000300C4000000872201002CDF50000007000000440065006C006700610064006F0000000200C40000008822010056E05000000700
"Édson Araújo",308345,50176,319,48,INTERNAL_PERSON_ID,0x005B41BF,False,4C0065007A0061006D00610000000300C4000000862201005EE0500000060000004C007500630065006E00610000000300C4000000872201002CDF50000007000000440065006C006700610064006F0000000200C40000008822010056E050000007000000460069006700750065007200610000000200C40000008922010064E0500000
"Édson Araújo",308345,50176,319,48,INTERNAL_PERSON_ID,0x005B41E2,False,7500630065006E00610000000300C4000000872201002CDF50000007000000440065006C006700610064006F0000000200C40000008822010056E050000007000000460069006700750065007200610000000200C40000008922010064E050000006000000540069007A0061006D006F0000000200C40000008A22010035E05000000700
"Édson Araújo",308345,50176,319,48,INTERNAL_PERSON_ID,0x005B4205,False,6C006700610064006F0000000200C40000008822010056E050000007000000460069006700750065007200610000000200C40000008922010064E050000006000000540069007A0061006D006F0000000200C40000008A22010035E050000007000000530061006E00740061006E00610000000200C40000008B2201008FE05000000600
"Édson Araújo",308345,50176,319,48,INTERNAL_PERSON_ID,0x005B4226,False,69006700750065007200610000000200C40000008922010064E050000006000000540069007A0061006D006F0000000200C40000008A22010035E050000007000000530061006E00740061006E00610000000200C40000008B2201008FE050000006000000460061007200ED006100730000000200C40000008C22010092E05000000600
"Édson Araújo",308345,50176,319,48,INTERNAL_PERSON_ID,0x005B4249,False,69007A0061006D006F0000000200C40000008A22010035E050000007000000530061006E00740061006E00610000000200C40000008B2201008FE050000006000000460061007200ED006100730000000200C40000008C22010092E050000006000000410063006F0073007400610000000200C40000008D22010005BB86000006000000
"Édson Araújo",308345,50176,319,48,INTERNAL_PERSON_ID,0x005B426A,False,61006E00740061006E00610000000200C40000008B2201008FE050000006000000460061007200ED006100730000000200C40000008C22010092E050000006000000410063006F0073007400610000000200C40000008D22010005BB8600000600000046006C006F0072006500730000000200C40000008E22010032E050000009000000
"Édson Araújo",308345,50176,319,48,INTERNAL_PERSON_ID,0x005B428B,False,460061007200ED006100730000000200C40000008C22010092E050000006000000410063006F0073007400610000000200C40000008D22010005BB8600000600000046006C006F0072006500730000000200C40000008E22010032E0500000090000004600650072006E00E1006E00640065007A0000000200C40000008F220100A3E050
"Édson Araújo",308345,50176,319,48,INTERNAL_PERSON_ID,0x005B42AC,False,410063006F0073007400610000000200C40000008D22010005BB8600000600000046006C006F0072006500730000000200C40000008E22010032E0500000090000004600650072006E00E1006E00640065007A0000000200C40000008F220100A3E0500000040000004C00750067006F0000000200C400000090220100ACE05000000500
"Édson Araújo",308345,50176,319,48,INTERNAL_PERSON_ID,0x005B42D3,False,72006500730000000200C40000008E22010032E0500000090000004600650072006E00E1006E00640065007A0000000200C40000008F220100A3E0500000040000004C00750067006F0000000200C400000090220100ACE0500000050000005600690076006100730000000200C400000091220100E1BA860000080000004D0061007200
"Édson Araújo",308345,50176,319,48,INTERNAL_PERSON_ID,0x005B42F0,False,650072006E00E1006E00640065007A0000000200C40000008F220100A3E0500000040000004C00750067006F0000000200C400000090220100ACE0500000050000005600690076006100730000000200C400000091220100E1BA860000080000004D00610072007100750069006E00610000000200C400000092220100DFBA8600000500
"Édson Araújo",308345,50176,319,48,INTERNAL_PERSON_ID,0x005B430F,False,0000040000004C00750067006F0000000200C400000090220100ACE0500000050000005600690076006100730000000200C400000091220100E1BA860000080000004D00610072007100750069006E00610000000200C400000092220100DFBA8600000500000043006100F1006100730000000200C400000093220100B0E05000000700
"Édson Araújo",308345,50176,319,48,INTERNAL_PERSON_ID,0x005B4334,False,690076006100730000000200C400000091220100E1BA860000080000004D00610072007100750069006E00610000000200C400000092220100DFBA8600000500000043006100F1006100730000000200C400000093220100B0E0500000070000005300650067006F0076006900610000000200C4000000942201001CE050000006000000
"Édson Araújo",308345,50176,319,48,INTERNAL_PERSON_ID,0x005B4353,False,610072007100750069006E00610000000200C400000092220100DFBA8600000500000043006100F1006100730000000200C400000093220100B0E0500000070000005300650067006F0076006900610000000200C4000000942201001CE0500000060000004A00610069006D006500730000000200C400000095220100B4E05000000B00
"Édson Araújo",308345,50176,319,48,INTERNAL_PERSON_ID,0x005B4376,False,43006100F1006100730000000200C400000093220100B0E0500000070000005300650067006F0076006900610000000200C4000000942201001CE0500000060000004A00610069006D006500730000000200C400000095220100B4E05000000B000000430061007300740065006C006C0061006E006F00730000000200C4000000962201
"Édson Araújo",308345,50176,319,48,INTERNAL_PERSON_ID,0x005B4397,False,650067006F0076006900610000000200C4000000942201001CE0500000060000004A00610069006D006500730000000200C400000095220100B4E05000000B000000430061007300740065006C006C0061006E006F00730000000200C4000000962201001BE0500000050000005200650079006500730000000200C40000009722010014
"Édson Araújo",308345,50176,319,48,INTERNAL_PERSON_ID,0x005B43C2,False,730000000200C400000095220100B4E05000000B000000430061007300740065006C006C0061006E006F00730000000200C4000000962201001BE0500000050000005200650079006500730000000200C40000009722010014E050000007000000420065006300650072007200610000000200C400000098220100F6DF50000006000000
"Édson Araújo",308345,50176,319,48,INTERNAL_PERSON_ID,0x005B43E1,False,65006C006C0061006E006F00730000000200C4000000962201001BE0500000050000005200650079006500730000000200C40000009722010014E050000007000000420065006300650072007200610000000200C400000098220100F6DF50000006000000520061006E00670065006C0000000200C400000099220100C3E05000000900
"Édson Araújo",308345,50176,319,48,INTERNAL_PERSON_ID,0x005B4404,False,5200650079006500730000000200C40000009722010014E050000007000000420065006300650072007200610000000200C400000098220100F6DF50000006000000520061006E00670065006C0000000200C400000099220100C3E0500000090000004D0061006C0064006F006E00610064006F0000000200C40000009A220100E6DF50
"Édson Araújo",308345,50176,319,48,INTERNAL_PERSON_ID,0x005B4425,False,65006300650072007200610000000200C400000098220100F6DF50000006000000520061006E00670065006C0000000200C400000099220100C3E0500000090000004D0061006C0064006F006E00610064006F0000000200C40000009A220100E6DF5000000400000050006500F100610000000200C40000009B220100A5DF5000000800
"Édson Araújo",308345,50176,319,48,INTERNAL_PERSON_ID,0x005B444C,False,670065006C0000000200C400000099220100C3E0500000090000004D0061006C0064006F006E00610064006F0000000200C40000009A220100E6DF5000000400000050006500F100610000000200C40000009B220100A5DF500000080000005300610076006100720065007300650000000200C40000009C220100605212000004000000
"Édson Araújo",308345,50176,319,48,INTERNAL_PERSON_ID,0x005B4469,False,61006C0064006F006E00610064006F0000000200C40000009A220100E6DF5000000400000050006500F100610000000200C40000009B220100A5DF500000080000005300610076006100720065007300650000000200C40000009C2201006052120000040000004D0065006C006F0000000200C40000009D220100A1DF50000006000000
"Édson Araújo",308345,50176,319,48,INTERNAL_PERSON_ID,0x005B448E,False,50006500F100610000000200C40000009B220100A5DF500000080000005300610076006100720065007300650000000200C40000009C2201006052120000040000004D0065006C006F0000000200C40000009D220100A1DF500000060000004D00E9006E00640065007A0000000200C40000009E220100C7BA8600000600000041007200
"Édson Araújo",308345,50176,319,48,INTERNAL_PERSON_ID,0x005B44AB,False,5300610076006100720065007300650000000200C40000009C2201006052120000040000004D0065006C006F0000000200C40000009D220100A1DF500000060000004D00E9006E00640065007A0000000200C40000009E220100C7BA8600000600000041007200610071007500650000000200C40000009F2201009DDF50000006000000
"Édson Araújo",308345,50176,319,48,INTERNAL_PERSON_ID,0x005B44CC,False,040000004D0065006C006F0000000200C40000009D220100A1DF500000060000004D00E9006E00640065007A0000000200C40000009E220100C7BA8600000600000041007200610071007500650000000200C40000009F2201009DDF5000000600000047007500650072007200610000000200C4000000A0220100DDE050000004000000
"Édson Araújo",308345,50176,319,48,INTERNAL_PERSON_ID,0x005B44ED,False,4D00E9006E00640065007A0000000200C40000009E220100C7BA8600000600000041007200610071007500650000000200C40000009F2201009DDF5000000600000047007500650072007200610000000200C4000000A0220100DDE0500000040000004C006F0062006F0000000200C4000000A1220100DEE05000000600000043006100
"Édson Araújo",308345,50176,319,48,INTERNAL_PERSON_ID,0x005B450E,False,41007200610071007500650000000200C40000009F2201009DDF5000000600000047007500650072007200610000000200C4000000A0220100DDE0500000040000004C006F0062006F0000000200C4000000A1220100DEE050000006000000430061006D0070006F00730000000200C4000000A2220100F1E05000000800000051007500
"Édson Araújo",308345,50176,319,48,INTERNAL_PERSON_ID,0x005B452B,False,0600000047007500650072007200610000000200C4000000A0220100DDE0500000040000004C006F0062006F0000000200C4000000A1220100DEE050000006000000430061006D0070006F00730000000200C4000000A2220100F1E050000008000000510075006900F100F3006E0065007A0000000200C4000000A322010083DF500000
"Édson Araújo",308345,50176,319,48,INTERNAL_PERSON_ID,0x005B454C,False,040000004C006F0062006F0000000200C4000000A1220100DEE050000006000000430061006D0070006F00730000000200C4000000A2220100F1E050000008000000510075006900F100F3006E0065007A0000000200C4000000A322010083DF500000070000004D006F00720061006C006500730000000200C4000000A4220100F7E050
"Édson Araújo",308345,50176,319,48,INTERNAL_PERSON_ID,0x005B4571,False,6D0070006F00730000000200C4000000A2220100F1E050000008000000510075006900F100F3006E0065007A0000000200C4000000A322010083DF500000070000004D006F00720061006C006500730000000200C4000000A4220100F7E0500000050000005900E100F10065007A0000000200C4000000A52201006BDF50000006000000
"Édson Araújo",308345,50176,319,48,INTERNAL_PERSON_ID,0x005B4594,False,F100F3006E0065007A0000000200C4000000A322010083DF500000070000004D006F00720061006C006500730000000200C4000000A4220100F7E0500000050000005900E100F10065007A0000000200C4000000A52201006BDF5000000600000049006200610072007200610000000200C4000000A622010015AA860000090000004100
"Édson Araújo",308345,50176,319,48,INTERNAL_PERSON_ID,0x005B45B3,False,4D006F00720061006C006500730000000200C4000000A4220100F7E0500000050000005900E100F10065007A0000000200C4000000A52201006BDF5000000600000049006200610072007200610000000200C4000000A622010015AA8600000900000041007200690073006D0065006E006400690000000200C4000000A722010066DF50
"Édson Araújo",308345,50176,319,48,INTERNAL_PERSON_ID,0x005B45D4,False,00005900E100F10065007A0000000200C4000000A52201006BDF5000000600000049006200610072007200610000000200C4000000A622010015AA8600000900000041007200690073006D0065006E006400690000000200C4000000A722010066DF500000060000005600E1006C00640065007A0000000200C4000000A822010065DF50
"Édson Araújo",308345,50176,319,48,INTERNAL_PERSON_ID,0x005B45FB,False,72007200610000000200C4000000A622010015AA8600000900000041007200690073006D0065006E006400690000000200C4000000A722010066DF500000060000005600E1006C00640065007A0000000200C4000000A822010065DF500000050000004700F3006D0065007A0000000200C4000000A92201005BDF500000070000004E00
"Édson Araújo",308345,50176,319,48,INTERNAL_PERSON_ID,0x005B461C,False,73006D0065006E006400690000000200C4000000A722010066DF500000060000005600E1006C00640065007A0000000200C4000000A822010065DF500000050000004700F3006D0065007A0000000200C4000000A92201005BDF500000070000004E006F007200690065006700610000000200C4000000AA22010059502F000008000000
"Édson Araújo",308345,50176,319,48,INTERNAL_PERSON_ID,0x005B463B,False,00005600E1006C00640065007A0000000200C4000000A822010065DF500000050000004700F3006D0065007A0000000200C4000000A92201005BDF500000070000004E006F007200690065006700610000000200C4000000AA22010059502F00000800000042007500690074007200610067006F0000000200C4000000AB22010043DF50
"Édson Araújo",308345,50176,319,48,INTERNAL_PERSON_ID,0x005B465E,False,4700F3006D0065007A0000000200C4000000A92201005BDF500000070000004E006F007200690065006700610000000200C4000000AA22010059502F00000800000042007500690074007200610067006F0000000200C4000000AB22010043DF500000060000004100720061006E0067006F0000000200C4000000AC22010036DF500000
"Édson Araújo",308345,50176,319,48,INTERNAL_PERSON_ID,0x005B4683,False,690065006700610000000200C4000000AA22010059502F00000800000042007500690074007200610067006F0000000200C4000000AB22010043DF500000060000004100720061006E0067006F0000000200C4000000AC22010036DF500000050000004C00F300700065007A0000000200C4000000AD22010031DF500000070000004300
"Édson Araújo",308345,50176,319,48,INTERNAL_PERSON_ID,0x005B46A4,False,690074007200610067006F0000000200C4000000AB22010043DF500000060000004100720061006E0067006F0000000200C4000000AC22010036DF500000050000004C00F300700065007A0000000200C4000000AD22010031DF500000070000004300690063006800650072006F0000000200C4000000AE220100295A0B000006000000
"Édson Araújo",308345,50176,319,48,INTERNAL_PERSON_ID,0x005B46C3,False,00004100720061006E0067006F0000000200C4000000AC22010036DF500000050000004C00F300700065007A0000000200C4000000AD22010031DF500000070000004300690063006800650072006F0000000200C4000000AE220100295A0B00000600000052006900760065007200610000000200C4000000AF22010016AA8600000900
"Édson Araújo",308345,50176,319,48,INTERNAL_PERSON_ID,0x005B46E6,False,4C00F300700065007A0000000200C4000000AD22010031DF500000070000004300690063006800650072006F0000000200C4000000AE220100295A0B00000600000052006900760065007200610000000200C4000000AF22010016AA860000090000004300610072006100620061006C006C006F0000000200C4000000B022010002E150
"Édson Araújo",308345,50176,319,48,INTERNAL_PERSON_ID,0x005B4707,False,690063006800650072006F0000000200C4000000AE220100295A0B00000600000052006900760065007200610000000200C4000000AF22010016AA860000090000004300610072006100620061006C006C006F0000000200C4000000B022010002E1500000060000004D006500640069006E00610000000200C4000000B12201002ADF50
"Édson Araújo",308345,50176,319,48,INTERNAL_PERSON_ID,0x005B472E,False,65007200610000000200C4000000AF22010016AA860000090000004300610072006100620061006C006C006F0000000200C4000000B022010002E1500000060000004D006500640069006E00610000000200C4000000B12201002ADF500000060000004300680061006300F3006E0000000200C4000000B2220100A5D801000008000000
"Édson Araújo",308345,50176,319,48,INTERNAL_PERSON_ID,0x005B474F,False,6100620061006C006C006F0000000200C4000000B022010002E1500000060000004D006500640069006E00610000000200C4000000B12201002ADF500000060000004300680061006300F3006E0000000200C4000000B2220100A5D80100000800000055007200640061006E0065007400610000000200C4000000B3220100D1940D0000
"Édson Araújo",308345,50176,319,48,INTERNAL_PERSON_ID,0x005B4770,False,4D006500640069006E00610000000200C4000000B12201002ADF500000060000004300680061006300F3006E0000000200C4000000B2220100A5D80100000800000055007200640061006E0065007400610000000200C4000000B3220100D1940D0000070000004A0069006D00E9006E0065007A0000000200C4000000B4220100A9D801
"Édson Araújo",308345,50176,319,48,INTERNAL_PERSON_ID,0x005B4795,False,61006300F3006E0000000200C4000000B2220100A5D80100000800000055007200640061006E0065007400610000000200C4000000B3220100D1940D0000070000004A0069006D00E9006E0065007A0000000200C4000000B4220100A9D801000007000000450073007400E900760065007A0000000200C4000000B522010015E1500000
"Édson Araújo",308345,50176,319,48,INTERNAL_PERSON_ID,0x005B47B8,False,61006E0065007400610000000200C4000000B3220100D1940D0000070000004A0069006D00E9006E0065007A0000000200C4000000B4220100A9D801000007000000450073007400E900760065007A0000000200C4000000B522010015E15000000400000059006F007200690000000200C4000000B622010031E05000000A0000004D00
"Édson Araújo",308345,50176,319,48,INTERNAL_PERSON_ID,0x005B47DB,False,6D00E9006E0065007A0000000200C4000000B4220100A9D801000007000000450073007400E900760065007A0000000200C4000000B522010015E15000000400000059006F007200690000000200C4000000B622010031E05000000A0000004D0065006100200056006900740061006C00690000000200C4000000B72201009A980E0000
"Édson Araújo",308345,50176,319,48,INTERNAL_PERSON_ID,0x005B47F8,False,0000450073007400E900760065007A0000000200C4000000B522010015E15000000400000059006F007200690000000200C4000000B622010031E05000000A0000004D0065006100200056006900740061006C00690000000200C4000000B72201009A980E00000A0000006400650020004F0072006E0065006C006100730000000100C4
"Édson Araújo",308345,50176,319,48,INTERNAL_PERSON_ID,0x005B4821,False,7200690000000200C4000000B622010031E05000000A0000004D0065006100200056006900740061006C00690000000200C4000000B72201009A980E00000A0000006400650020004F0072006E0065006C006100730000000100C4000000B8220100B3D801000006000000530061006E0074006F00730000000100C4000000B92201002F
"Édson Araújo",308345,50176,319,48,INTERNAL_PERSON_ID,0x005B484A,False,6C00690000000200C4000000B72201009A980E00000A0000006400650020004F0072006E0065006C006100730000000100C4000000B8220100B3D801000006000000530061006E0074006F00730000000100C4000000B92201002FC40D0000080000004300E10073007300650072006500730000000100C4000000BA220100B2D8010000
"Édson Araújo",308345,50176,319,48,INTERNAL_PERSON_ID,0x005B486B,False,72006E0065006C006100730000000100C4000000B8220100B3D801000006000000530061006E0074006F00730000000100C4000000B92201002FC40D0000080000004300E10073007300650072006500730000000100C4000000BA220100B2D8010000090000004D0061007200670069006F0074007400610000000100C4000000BB2201
"Édson Araújo",308345,50176,319,48,INTERNAL_PERSON_ID,0x005B4890,False,6E0074006F00730000000100C4000000B92201002FC40D0000080000004300E10073007300650072006500730000000100C4000000BA220100B2D8010000090000004D0061007200670069006F0074007400610000000100C4000000BB2201000A2C0000000300000052006F00610000000100C4000000BC220100F3DF50000004000000
"Édson Araújo",308345,50176,319,48,INTERNAL_PERSON_ID,0x005B48B7,False,72006500730000000100C4000000BA220100B2D8010000090000004D0061007200670069006F0074007400610000000100C4000000BB2201000A2C0000000300000052006F00610000000100C4000000BC220100F3DF50000004000000440075006E006F0000000100C4000000BD220100ACD8010000080000004200690064006F006700
"Édson Araújo",308345,50176,319,48,INTERNAL_PERSON_ID,0x005B48D2,False,4D0061007200670069006F0074007400610000000100C4000000BB2201000A2C0000000300000052006F00610000000100C4000000BC220100F3DF50000004000000440075006E006F0000000100C4000000BD220100ACD8010000080000004200690064006F0067006C0069006F0000000100C4000000BE220100ABD801000006000000
"Édson Araújo",308345,50176,319,48,INTERNAL_PERSON_ID,0x005B48EF,False,000A2C0000000300000052006F00610000000100C4000000BC220100F3DF50000004000000440075006E006F0000000100C4000000BD220100ACD8010000080000004200690064006F0067006C0069006F0000000100C4000000BE220100ABD8010000060000004D0061006E007A007500720000000100C4000000BF220100F1DF500000
"Édson Araújo",308345,50176,319,48,INTERNAL_PERSON_ID,0x005B4914,False,440075006E006F0000000100C4000000BD220100ACD8010000080000004200690064006F0067006C0069006F0000000100C4000000BE220100ABD8010000060000004D0061006E007A007500720000000100C4000000BF220100F1DF5000000500000052006F006A006100730000000100C4000000C0220100A8D8010000080000004D00
"Édson Araújo",308345,50176,319,48,INTERNAL_PERSON_ID,0x005B4935,False,64006F0067006C0069006F0000000100C4000000BE220100ABD8010000060000004D0061006E007A007500720000000100C4000000BF220100F1DF5000000500000052006F006A006100730000000100C4000000C0220100A8D8010000080000004D00630049006E0074006F007300680000000100C4000000C1220100A7D80100000500
"Édson Araújo",308345,50176,319,48,INTERNAL_PERSON_ID,0x005B4954,False,00004D0061006E007A007500720000000100C4000000BF220100F1DF5000000500000052006F006A006100730000000100C4000000C0220100A8D8010000080000004D00630049006E0074006F007300680000000100C4000000C1220100A7D8010000050000004200720061006E00640000000100C4000000C2220100F0DF5000000700
"Édson Araújo",308345,50176,319,48,INTERNAL_PERSON_ID,0x005B4979,False,6F006A006100730000000100C4000000C0220100A8D8010000080000004D00630049006E0074006F007300680000000100C4000000C1220100A7D8010000050000004200720061006E00640000000100C4000000C2220100F0DF50000007000000500065007200650069007200610000000100C4000000C3220100224240000007000000
"Édson Araújo",308345,50176,319,48,INTERNAL_PERSON_ID,0x005B4998,False,630049006E0074006F007300680000000100C4000000C1220100A7D8010000050000004200720061006E00640000000100C4000000C2220100F0DF50000007000000500065007200650069007200610000000100C4000000C322010022424000000700000053006F0063006F00720072006F0000000100C4000000C4220100872F400000
"Édson Araújo",308345,50176,319,48,INTERNAL_PERSON_ID,0x005B49BB,False,4200720061006E00640000000100C4000000C2220100F0DF50000007000000500065007200650069007200610000000100C4000000C322010022424000000700000053006F0063006F00720072006F0000000100C4000000C4220100872F40000008000000500072006500730069006C006C00610000000100C4000000C522010020DF50
"Édson Araújo",308345,50176,319,48,INTERNAL_PERSON_ID,0x005B49DE,False,7200650069007200610000000100C4000000C322010022424000000700000053006F0063006F00720072006F0000000100C4000000C4220100872F40000008000000500072006500730069006C006C00610000000100C4000000C522010020DF5000000700000054006F007300630061006E006F0000000100C4000000C622010021DF50
"Édson Araújo",308345,50176,319,48,INTERNAL_PERSON_ID,0x005B4A03,False,6F00720072006F0000000100C4000000C4220100872F40000008000000500072006500730069006C006C00610000000100C4000000C522010020DF5000000700000054006F007300630061006E006F0000000100C4000000C622010021DF50000006000000460069006C006F007300610000000100C4000000C722010022DF5000000900
"Édson Araújo",308345,50176,319,48,INTERNAL_PERSON_ID,0x005B4A26,False,730069006C006C00610000000100C4000000C522010020DF5000000700000054006F007300630061006E006F0000000100C4000000C622010021DF50000006000000460069006C006F007300610000000100C4000000C722010022DF5000000900000050006C006100730065006E0063006900610000000100C4000000C822010024DF50
"Édson Araújo",308345,50176,319,48,INTERNAL_PERSON_ID,0x005B4A47,False,6F007300630061006E006F0000000100C4000000C622010021DF50000006000000460069006C006F007300610000000100C4000000C722010022DF5000000900000050006C006100730065006E0063006900610000000100C4000000C822010024DF500000050000004200610065006E00610000000100C4000000C922010026DF500000
"Édson Araújo",308345,50176,319,48,INTERNAL_PERSON_ID,0x005B4A6E,False,6F007300610000000100C4000000C722010022DF5000000900000050006C006100730065006E0063006900610000000100C4000000C822010024DF500000050000004200610065006E00610000000100C4000000C922010026DF5000000400000054006F0079006F0000000100C4000000CA22010027DF5000000900000042006F007200
"Édson Araújo",308345,50176,319,48,INTERNAL_PERSON_ID,0x005B4A8D,False,6100730065006E0063006900610000000100C4000000C822010024DF500000050000004200610065006E00610000000100C4000000C922010026DF5000000400000054006F0079006F0000000100C4000000CA22010027DF5000000900000042006F00720067006F00730061006E006F0000000100C4000000CB220100EFDF5000000700
"Édson Araújo",308345,50176,319,48,INTERNAL_PERSON_ID,0x005B4AAA,False,0000050000004200610065006E00610000000100C4000000C922010026DF5000000400000054006F0079006F0000000100C4000000CA22010027DF5000000900000042006F00720067006F00730061006E006F0000000100C4000000CB220100EFDF50000007000000420065006E0063006F006D006F0000000100C4000000CC2201002B
"Édson Araújo",308345,50176,319,48,INTERNAL_PERSON_ID,0x005B4AD1,False,6F0079006F0000000100C4000000CA22010027DF5000000900000042006F00720067006F00730061006E006F0000000100C4000000CB220100EFDF50000007000000420065006E0063006F006D006F0000000100C4000000CC2201002BDF5000000800000050006100630069006F00630063006F0000000100C4000000CD22010057C10C
"Édson Araújo",308345,50176,319,48,INTERNAL_PERSON_ID,0x005B4AF4,False,6F00730061006E006F0000000100C4000000CB220100EFDF50000007000000420065006E0063006F006D006F0000000100C4000000CC2201002BDF5000000800000050006100630069006F00630063006F0000000100C4000000CD22010057C10C000009000000430061006D006100720069006E006800610000000100C4000000CE2201
"Édson Araújo",308345,50176,319,48,INTERNAL_PERSON_ID,0x005B4B19,False,63006F006D006F0000000100C4000000CC2201002BDF5000000800000050006100630069006F00630063006F0000000100C4000000CD22010057C10C000009000000430061006D006100720069006E006800610000000100C4000000CE220100895E0B00000500000053006F0075007300610000000100C4000000CF220100F1590B0000
"Édson Araújo",308345,50176,319,48,INTERNAL_PERSON_ID,0x005B4B40,False,630063006F0000000100C4000000CD22010057C10C000009000000430061006D006100720069006E006800610000000100C4000000CE220100895E0B00000500000053006F0075007300610000000100C4000000CF220100F1590B000007000000530074006900660061006E006F0000000100C4000000D022010033DF50000008000000
"Édson Araújo",308345,50176,319,48,INTERNAL_PERSON_ID,0x005B4B5F,False,6D006100720069006E006800610000000100C4000000CE220100895E0B00000500000053006F0075007300610000000100C4000000CF220100F1590B000007000000530074006900660061006E006F0000000100C4000000D022010033DF500000080000004600650072007200650069007200610000000100C4000000D122010034DF50
"Édson Araújo",308345,50176,319,48,INTERNAL_PERSON_ID,0x005B4B82,False,53006F0075007300610000000100C4000000CF220100F1590B000007000000530074006900660061006E006F0000000100C4000000D022010033DF500000080000004600650072007200650069007200610000000100C4000000D122010034DF5000000700000047006900720061006C0064006F0000000100C4000000D222010035DF50
"Édson Araújo",308345,50176,319,48,INTERNAL_PERSON_ID,0x005B4BA7,False,660061006E006F0000000100C4000000D022010033DF500000080000004600650072007200650069007200610000000100C4000000D122010034DF5000000700000047006900720061006C0064006F0000000100C4000000D222010035DF5000000500000047006F006D006500730000000100C4000000D3220100BC1C0B000005000000
"Édson Araújo",308345,50176,319,48,INTERNAL_PERSON_ID,0x005B4BCA,False,7200650069007200610000000100C4000000D122010034DF5000000700000047006900720061006C0064006F0000000100C4000000D222010035DF5000000500000047006F006D006500730000000100C4000000D3220100BC1C0B000005000000520061006D006F00730000000100C4000000D422010037DF5000000400000049007300
"Édson Araújo",308345,50176,319,48,INTERNAL_PERSON_ID,0x005B4BE9,False,47006900720061006C0064006F0000000100C4000000D222010035DF5000000500000047006F006D006500730000000100C4000000D3220100BC1C0B000005000000520061006D006F00730000000100C4000000D422010037DF50000004000000490073006500610000000100C4000000D522010038DF50000009000000480065006E00
"Édson Araújo",308345,50176,319,48,INTERNAL_PERSON_ID,0x005B4C08,False,0500000047006F006D006500730000000100C4000000D3220100BC1C0B000005000000520061006D006F00730000000100C4000000D422010037DF50000004000000490073006500610000000100C4000000D522010038DF50000009000000480065006E007200ED007100750065007A0000000100C4000000D62201003CDF5000000600
"Édson Araújo",308345,50176,319,48,INTERNAL_PERSON_ID,0x005B4C25,False,000005000000520061006D006F00730000000100C4000000D422010037DF50000004000000490073006500610000000100C4000000D522010038DF50000009000000480065006E007200ED007100750065007A0000000100C4000000D62201003CDF5000000600000052006F006E006400F3006E0000000100C4000000D72201003DDF50
"Édson Araújo",308345,50176,319,48,INTERNAL_PERSON_ID,0x005B4C4C,False,73006500610000000100C4000000D522010038DF50000009000000480065006E007200ED007100750065007A0000000100C4000000D62201003CDF5000000600000052006F006E006400F3006E0000000100C4000000D72201003DDF5000000B0000005000E10065007A0020004D006F006E007A00F3006E0000000100C4000000D82201
"Édson Araújo",308345,50176,319,48,INTERNAL_PERSON_ID,0x005B4C6D,False,7200ED007100750065007A0000000100C4000000D62201003CDF5000000600000052006F006E006400F3006E0000000100C4000000D72201003DDF5000000B0000005000E10065007A0020004D006F006E007A00F3006E0000000100C4000000D82201003EDF5000000900000041006E00670065006C00750063006300690000000100C4
"Édson Araújo",308345,50176,319,48,INTERNAL_PERSON_ID,0x005B4C98,False,6E0000000100C4000000D72201003DDF5000000B0000005000E10065007A0020004D006F006E007A00F3006E0000000100C4000000D82201003EDF5000000900000041006E00670065006C00750063006300690000000100C4000000D922010003502F000007000000470061007600690064006900610000000100C4000000DA22010044
"Édson Araújo",308345,50176,319,48,INTERNAL_PERSON_ID,0x005B4CBF,False,7A00F3006E0000000100C4000000D82201003EDF5000000900000041006E00670065006C00750063006300690000000100C4000000D922010003502F000007000000470061007600690064006900610000000100C4000000DA22010044DF50000009000000560069006C006C00610066007200E1007A0000000100C4000000DB22010047
"Édson Araújo",308345,50176,319,48,INTERNAL_PERSON_ID,0x005B4CE2,False,6C00750063006300690000000100C4000000D922010003502F000007000000470061007600690064006900610000000100C4000000DA22010044DF50000009000000560069006C006C00610066007200E1007A0000000100C4000000DB22010047DF5000000900000045006300680065006E00610075007300690000000100C4000000DC
"Édson Araújo",308345,50176,319,48,INTERNAL_PERSON_ID,0x005B4D09,False,64006900610000000100C4000000DA22010044DF50000009000000560069006C006C00610066007200E1007A0000000100C4000000DB22010047DF5000000900000045006300680065006E00610075007300690000000100C4000000DC22010049DF500000060000005600690065006C006D00610000000100C4000000DD2201004ADF50
"Édson Araújo",308345,50176,319,48,INTERNAL_PERSON_ID,0x005B4D30,False,7200E1007A0000000100C4000000DB22010047DF5000000900000045006300680065006E00610075007300690000000100C4000000DC22010049DF500000060000005600690065006C006D00610000000100C4000000DD2201004ADF500000070000004D0069006C0069006C006C006F0000000100C4000000DE2201004BDF5000000600
"Édson Araújo",308345,50176,319,48,INTERNAL_PERSON_ID,0x005B4D51,False,65006E00610075007300690000000100C4000000DC22010049DF500000060000005600690065006C006D00610000000100C4000000DD2201004ADF500000070000004D0069006C0069006C006C006F0000000100C4000000DE2201004BDF500000060000004D00610064007200ED007A0000000100C4000000DF2201004CDF5000000400
"Édson Araújo",308345,50176,319,48,INTERNAL_PERSON_ID,0x005B4D74,False,690065006C006D00610000000100C4000000DD2201004ADF500000070000004D0069006C0069006C006C006F0000000100C4000000DE2201004BDF500000060000004D00610064007200ED007A0000000100C4000000DF2201004CDF500000040000005000E10065007A0000000100C4000000E02201004EDF5000000600000043006100
"Édson Araújo",308345,50176,319,48,INTERNAL_PERSON_ID,0x005B4D95,False,69006C0069006C006C006F0000000100C4000000DE2201004BDF500000060000004D00610064007200ED007A0000000100C4000000DF2201004CDF500000040000005000E10065007A0000000100C4000000E02201004EDF50000006000000430061007300740072006F0000000100C4000000E122010051DF5000000600000054006100
"Édson Araújo",308345,50176,319,48,INTERNAL_PERSON_ID,0x005B4DB2,False,060000004D00610064007200ED007A0000000100C4000000DF2201004CDF500000040000005000E10065007A0000000100C4000000E02201004EDF50000006000000430061007300740072006F0000000100C4000000E122010051DF50000006000000540061007500680069006C0000000100C4000000E222010052DF50000007000000
"Édson Araújo",308345,50176,319,48,INTERNAL_PERSON_ID,0x005B4DD3,False,040000005000E10065007A0000000100C4000000E02201004EDF50000006000000430061007300740072006F0000000100C4000000E122010051DF50000006000000540061007500680069006C0000000100C4000000E222010052DF500000070000004D006F00730063006F007400650000000100C4000000E322010054DF5000000800
"Édson Araújo",308345,50176,319,48,INTERNAL_PERSON_ID,0x005B4DF4,False,430061007300740072006F0000000100C4000000E122010051DF50000006000000540061007500680069006C0000000100C4000000E222010052DF500000070000004D006F00730063006F007400650000000100C4000000E322010054DF5000000800000044006F006C006700650074007400610000000100C4000000E422010055DF50
"Édson Araújo",308345,50176,319,48,INTERNAL_PERSON_ID,0x005B4E17,False,61007500680069006C0000000100C4000000E222010052DF500000070000004D006F00730063006F007400650000000100C4000000E322010054DF5000000800000044006F006C006700650074007400610000000100C4000000E422010055DF50000008000000500061006C0065006E0063006900610000000100C4000000E522010057
"Édson Araújo",308345,50176,319,48,INTERNAL_PERSON_ID,0x005B4E3C,False,63006F007400650000000100C4000000E322010054DF5000000800000044006F006C006700650074007400610000000100C4000000E422010055DF50000008000000500061006C0065006E0063006900610000000100C4000000E522010057DF5000000B0000004300610073007400690067006C0069006F006E00650000000100C40000
"Édson Araújo",308345,50176,319,48,INTERNAL_PERSON_ID,0x005B4E61,False,650074007400610000000100C4000000E422010055DF50000008000000500061006C0065006E0063006900610000000100C4000000E522010057DF5000000B0000004300610073007400690067006C0069006F006E00650000000100C4000000E6220100F3D57900000300000052006500790000000100C4000000E7220100A4D8010000
"Édson Araújo",308345,50176,319,48,INTERNAL_PERSON_ID,0x005B4E8C,False,610000000100C4000000E522010057DF5000000B0000004300610073007400690067006C0069006F006E00650000000100C4000000E6220100F3D57900000300000052006500790000000100C4000000E7220100A4D8010000070000004E00610076006100720072006F0000000100C4000000E82201005CDF500000070000004C006100
"Édson Araújo",308345,50176,319,48,INTERNAL_PERSON_ID,0x005B4EA7,False,73007400690067006C0069006F006E00650000000100C4000000E6220100F3D57900000300000052006500790000000100C4000000E7220100A4D8010000070000004E00610076006100720072006F0000000100C4000000E82201005CDF500000070000004C0061006E0063006B0065006E0000000100C4000000E92201005EDF500000
"Édson Araújo",308345,50176,319,48,INTERNAL_PERSON_ID,0x005B4ECA,False,0300000052006500790000000100C4000000E7220100A4D8010000070000004E00610076006100720072006F0000000100C4000000E82201005CDF500000070000004C0061006E0063006B0065006E0000000100C4000000E92201005EDF5000000700000042007200690073006500F1006F0000000100C4000000EA22010061DF500000
"Édson Araújo",308345,50176,319,48,INTERNAL_PERSON_ID,0x005B4EED,False,76006100720072006F0000000100C4000000E82201005CDF500000070000004C0061006E0063006B0065006E0000000100C4000000E92201005EDF5000000700000042007200690073006500F1006F0000000100C4000000EA22010061DF500000080000004300680061007500720061006E00740000000100C4000000EB22010063DF50
"Édson Araújo",308345,50176,319,48,INTERNAL_PERSON_ID,0x005B4F10,False,6E0063006B0065006E0000000100C4000000E92201005EDF5000000700000042007200690073006500F1006F0000000100C4000000EA22010061DF500000080000004300680061007500720061006E00740000000100C4000000EB22010063DF50000009000000460069006700750065007200650064006F0000000100C4000000EC2201
"Édson Araújo",308345,50176,319,48,INTERNAL_PERSON_ID,0x005B4F35,False,73006500F1006F0000000100C4000000EA22010061DF500000080000004300680061007500720061006E00740000000100C4000000EB22010063DF50000009000000460069006700750065007200650064006F0000000100C4000000EC2201003BDD520000070000004200610072007200650074006F0000000100C4000000ED220100F2
"Édson Araújo",308345,50176,319,48,INTERNAL_PERSON_ID,0x005B4F5C,False,61006E00740000000100C4000000EB22010063DF50000009000000460069006700750065007200650064006F0000000100C4000000EC2201003BDD520000070000004200610072007200650074006F0000000100C4000000ED220100F2AE860000060000004D00610072007400ED006E0000000100C4000000EE22010067DF5000000600
"Édson Araújo",308345,50176,319,48,INTERNAL_PERSON_ID,0x005B4F7F,False,65007200650064006F0000000100C4000000EC2201003BDD520000070000004200610072007200650074006F0000000100C4000000ED220100F2AE860000060000004D00610072007400ED006E0000000100C4000000EE22010067DF5000000600000041007200610075006A006F0000000100C4000000EF22010068DF50000007000000
"Édson Araújo",308345,50176,319,48,INTERNAL_PERSON_ID,0x005B4FA0,False,610072007200650074006F0000000100C4000000ED220100F2AE860000060000004D00610072007400ED006E0000000100C4000000EE22010067DF5000000600000041007200610075006A006F0000000100C4000000EF22010068DF5000000700000043006F0072006400650072006F0000000100C4000000F022010069DF5000000700
"Édson Araújo",308345,50176,319,48,INTERNAL_PERSON_ID,0x005B4FC1,False,4D00610072007400ED006E0000000100C4000000EE22010067DF5000000600000041007200610075006A006F0000000100C4000000EF22010068DF5000000700000043006F0072006400650072006F0000000100C4000000F022010069DF500000070000004100690073006C0061006E00740000000100C4000000F1220100F4AE860000
"Édson Araújo",308345,50176,319,48,INTERNAL_PERSON_ID,0x005B4FE4,False,7200610075006A006F0000000100C4000000EF22010068DF5000000700000043006F0072006400650072006F0000000100C4000000F022010069DF500000070000004100690073006C0061006E00740000000100C4000000F1220100F4AE86000008000000520065006E00740065007200ED00610000000100C4000000F22201006CDF50
"Édson Araújo",308345,50176,319,48,INTERNAL_PERSON_ID,0x005B5007,False,72006400650072006F0000000100C4000000F022010069DF500000070000004100690073006C0061006E00740000000100C4000000F1220100F4AE86000008000000520065006E00740065007200ED00610000000100C4000000F22201006CDF5000000A0000004C00690065006200650073006B0069006E00640000000100C4000000F3
"Édson Araújo",308345,50176,319,48,INTERNAL_PERSON_ID,0x005B502C,False,6C0061006E00740000000100C4000000F1220100F4AE86000008000000520065006E00740065007200ED00610000000100C4000000F22201006CDF5000000A0000004C00690065006200650073006B0069006E00640000000100C4000000F32201006EDF500000060000004F0073006F00720069006F0000000100C4000000F42201006F
"Édson Araújo",308345,50176,319,48,INTERNAL_PERSON_ID,0x005B5055,False,ED00610000000100C4000000F22201006CDF5000000A0000004C00690065006200650073006B0069006E00640000000100C4000000F32201006EDF500000060000004F0073006F00720069006F0000000100C4000000F42201006FDF5000000B000000560069007A0063006100720072006F006E0064006F0000000100C4000000F52201
"Édson Araújo",308345,50176,319,48,INTERNAL_PERSON_ID,0x005B5076,False,650073006B0069006E00640000000100C4000000F32201006EDF500000060000004F0073006F00720069006F0000000100C4000000F42201006FDF5000000B000000560069007A0063006100720072006F006E0064006F0000000100C4000000F522010073DF5000000500000042007200610076006F0000000100C4000000F622010074
"Édson Araújo",308345,50176,319,48,INTERNAL_PERSON_ID,0x005B50A1,False,6F0000000100C4000000F42201006FDF5000000B000000560069007A0063006100720072006F006E0064006F0000000100C4000000F522010073DF5000000500000042007200610076006F0000000100C4000000F622010074DF500000080000004600610073006300690061006E00610000000100C4000000F722010079DF5000000500
"Édson Araújo",308345,50176,319,48,INTERNAL_PERSON_ID,0x005B50C0,False,6100720072006F006E0064006F0000000100C4000000F522010073DF5000000500000042007200610076006F0000000100C4000000F622010074DF500000080000004600610073006300690061006E00610000000100C4000000F722010079DF500000050000005900610063007500610000000100C4000000F82201007CDF5000000800
"Édson Araújo",308345,50176,319,48,INTERNAL_PERSON_ID,0x005B50E5,False,7200610076006F0000000100C4000000F622010074DF500000080000004600610073006300690061006E00610000000100C4000000F722010079DF500000050000005900610063007500610000000100C4000000F82201007CDF5000000800000041006C00760061007200610064006F0000000100C4000000F92201007DDF5000000500
"Édson Araújo",308345,50176,319,48,INTERNAL_PERSON_ID,0x005B5104,False,610073006300690061006E00610000000100C4000000F722010079DF500000050000005900610063007500610000000100C4000000F82201007CDF5000000800000041006C00760061007200610064006F0000000100C4000000F92201007DDF500000050000005A00610066007200610000000100C4000000FA22010080DF5000000800
"Édson Araújo",308345,50176,319,48,INTERNAL_PERSON_ID,0x005B5129,False,610063007500610000000100C4000000F82201007CDF5000000800000041006C00760061007200610064006F0000000100C4000000F92201007DDF500000050000005A00610066007200610000000100C4000000FA22010080DF5000000800000045007300700069006E006F007A00610000000100C4000000FB220100F5AE8600000600
"Édson Araújo",308345,50176,319,48,INTERNAL_PERSON_ID,0x005B5148,False,6C00760061007200610064006F0000000100C4000000F92201007DDF500000050000005A00610066007200610000000100C4000000FA22010080DF5000000800000045007300700069006E006F007A00610000000100C4000000FB220100F5AE8600000600000041006C006D0061007A00610000000100C4000000FC220100F6AE860000
"Édson Araújo",308345,50176,319,48,INTERNAL_PERSON_ID,0x005B516D,False,610066007200610000000100C4000000FA22010080DF5000000800000045007300700069006E006F007A00610000000100C4000000FB220100F5AE8600000600000041006C006D0061007A00610000000100C4000000FC220100F6AE86000005000000470061006C00E1006E0000000100C4000000FD22010084DF500000070000004D00
"Édson Araújo",308345,50176,319,48,INTERNAL_PERSON_ID,0x005B518E,False,700069006E006F007A00610000000100C4000000FB220100F5AE8600000600000041006C006D0061007A00610000000100C4000000FC220100F6AE86000005000000470061006C00E1006E0000000100C4000000FD22010084DF500000070000004D007500720069006C006C006F0000000100C4000000FE22010085DF50000004000000
"Édson Araújo",308345,50176,319,48,INTERNAL_PERSON_ID,0x005B51AD,False,000041006C006D0061007A00610000000100C4000000FC220100F6AE86000005000000470061006C00E1006E0000000100C4000000FD22010084DF500000070000004D007500720069006C006C006F0000000100C4000000FE22010085DF500000040000004C0075006E00610000000100C4000000FF22010087DF500000050000004300
"Édson Araújo",308345,50176,319,48,INTERNAL_PERSON_ID,0x005B51D0,False,470061006C00E1006E0000000100C4000000FD22010084DF500000070000004D007500720069006C006C006F0000000100C4000000FE22010085DF500000040000004C0075006E00610000000100C4000000FF22010087DF500000050000004300610063007500610000000100C40000000023010089DF5000000800000054006F006C00
"Édson Araújo",308345,50176,319,48,INTERNAL_PERSON_ID,0x005B51ED,False,00004D007500720069006C006C006F0000000100C4000000FE22010085DF500000040000004C0075006E00610000000100C4000000FF22010087DF500000050000004300610063007500610000000100C40000000023010089DF5000000800000054006F006C006900730061006E006F0000000100C4000000012301008CDF5000000800
"Édson Araújo",308345,50176,319,48,INTERNAL_PERSON_ID,0x005B520C,False,0000040000004C0075006E00610000000100C4000000FF22010087DF500000050000004300610063007500610000000100C40000000023010089DF5000000800000054006F006C006900730061006E006F0000000100C4000000012301008CDF50000008000000530061006E006100620072006900610000000100C4000000022301008D
"Édson Araújo",308345,50176,319,48,INTERNAL_PERSON_ID,0x005B5231,False,610063007500610000000100C40000000023010089DF5000000800000054006F006C006900730061006E006F0000000100C4000000012301008CDF50000008000000530061006E006100620072006900610000000100C4000000022301008DDF5000000500000052006F0071007500650000000100C4000000032301008EDF5000000600
"Édson Araújo",308345,50176,319,48,INTERNAL_PERSON_ID,0x005B5256,False,730061006E006F0000000100C4000000012301008CDF50000008000000530061006E006100620072006900610000000100C4000000022301008DDF5000000500000052006F0071007500650000000100C4000000032301008EDF500000060000004D006F006C0069006E00610000000100C4000000042301008FDF500000090000005600
"Édson Araújo",308345,50176,319,48,INTERNAL_PERSON_ID,0x005B5275,False,61006E006100620072006900610000000100C4000000022301008DDF5000000500000052006F0071007500650000000100C4000000032301008EDF500000060000004D006F006C0069006E00610000000100C4000000042301008FDF50000009000000560061006E006F0073006F0073007400650000000100C40000000523010093DF50
"Édson Araújo",308345,50176,319,48,INTERNAL_PERSON_ID,0x005B5296,False,000052006F0071007500650000000100C4000000032301008EDF500000060000004D006F006C0069006E00610000000100C4000000042301008FDF50000009000000560061006E006F0073006F0073007400650000000100C40000000523010093DF5000000700000042006F0072007200650072006F0000000100C40000000623010094
"Édson Araújo",308345,50176,319,48,INTERNAL_PERSON_ID,0x005B52BD,False,69006E00610000000100C4000000042301008FDF50000009000000560061006E006F0073006F0073007400650000000100C40000000523010093DF5000000700000042006F0072007200650072006F0000000100C40000000623010094DF5000000600000053006500670075007200610000000100C400000007230100F9AE8600000500
"Édson Araújo",308345,50176,319,48,INTERNAL_PERSON_ID,0x005B52E0,False,73006F0073007400650000000100C40000000523010093DF5000000700000042006F0072007200650072006F0000000100C40000000623010094DF5000000600000053006500670075007200610000000100C400000007230100F9AE86000005000000500061006200F3006E0000000100C40000000823010097DF500000080000004200
"Édson Araújo",308345,50176,319,48,INTERNAL_PERSON_ID,0x005B5301,False,6F0072007200650072006F0000000100C40000000623010094DF5000000600000053006500670075007200610000000100C400000007230100F9AE86000005000000500061006200F3006E0000000100C40000000823010097DF500000080000004200650072006D00FA00640065007A0000000100C400000009230100FCAE8600000600
"Édson Araújo",308345,50176,319,48,INTERNAL_PERSON_ID,0x005B5320,False,000053006500670075007200610000000100C400000007230100F9AE86000005000000500061006200F3006E0000000100C40000000823010097DF500000080000004200650072006D00FA00640065007A0000000100C400000009230100FCAE860000060000005000750065006E007400650000000100C40000000A23010099DF500000
"Édson Araújo",308345,50176,319,48,INTERNAL_PERSON_ID,0x005B5345,False,61006200F3006E0000000100C40000000823010097DF500000080000004200650072006D00FA00640065007A0000000100C400000009230100FCAE860000060000005000750065006E007400650000000100C40000000A23010099DF50000008000000530061006E0068006F0075007300650000000100C40000000B230100A1D8010000
"Édson Araújo",308345,50176,319,48,INTERNAL_PERSON_ID,0x005B5366,False,72006D00FA00640065007A0000000100C400000009230100FCAE860000060000005000750065006E007400650000000100C40000000A23010099DF50000008000000530061006E0068006F0075007300650000000100C40000000B230100A1D80100000600000041006E00670075006C006F0000000100C40000000C2301009ADF500000
"Édson Araújo",308345,50176,319,48,INTERNAL_PERSON_ID,0x005B538B,False,65006E007400650000000100C40000000A23010099DF50000008000000530061006E0068006F0075007300650000000100C40000000B230100A1D80100000600000041006E00670075006C006F0000000100C40000000C2301009ADF500000070000004E006F006700750065007200610000000100C40000000D230100FDAE8600000500
"Édson Araújo",308345,50176,319,48,INTERNAL_PERSON_ID,0x005B53AC,False,6E0068006F0075007300650000000100C40000000B230100A1D80100000600000041006E00670075006C006F0000000100C40000000C2301009ADF500000070000004E006F006700750065007200610000000100C40000000D230100FDAE860000050000004E00610076006100730000000100C40000000E230100A0DF50000005000000
"Édson Araújo",308345,50176,319,48,INTERNAL_PERSON_ID,0x005B53CF,False,6E00670075006C006F0000000100C40000000C2301009ADF500000070000004E006F006700750065007200610000000100C40000000D230100FDAE860000050000004E00610076006100730000000100C40000000E230100A0DF5000000500000052006100760065006C0000000100C40000000F230100CABA8600000A00000056006100
"Édson Araújo",308345,50176,319,48,INTERNAL_PERSON_ID,0x005B53EE,False,4E006F006700750065007200610000000100C40000000D230100FDAE860000050000004E00610076006100730000000100C40000000E230100A0DF5000000500000052006100760065006C0000000100C40000000F230100CABA8600000A000000560061006C006C0065006E0069006C006C00610000000100C400000010230100A2DF50
"Édson Araújo",308345,50176,319,48,INTERNAL_PERSON_ID,0x005B540D,False,050000004E00610076006100730000000100C40000000E230100A0DF5000000500000052006100760065006C0000000100C40000000F230100CABA8600000A000000560061006C006C0065006E0069006C006C00610000000100C400000010230100A2DF500000060000004C006100740075006600660000000100C400000011230100CB
"Édson Araújo",308345,50176,319,48,INTERNAL_PERSON_ID,0x005B5436,False,65006C0000000100C40000000F230100CABA8600000A000000560061006C006C0065006E0069006C006C00610000000100C400000010230100A2DF500000060000004C006100740075006600660000000100C400000011230100CBBA860000070000006400690020004D00610069006F0000000100C400000012230100CCBA8600000700
"Édson Araújo",308345,50176,319,48,INTERNAL_PERSON_ID,0x005B5457,False,65006E0069006C006C00610000000100C400000010230100A2DF500000060000004C006100740075006600660000000100C400000011230100CBBA860000070000006400690020004D00610069006F0000000100C400000012230100CCBA8600000700000042006F007400740069006E00690000000100C400000013230100A9DF500000
"Édson Araújo",308345,50176,319,48,INTERNAL_PERSON_ID,0x005B547A,False,6100740075006600660000000100C400000011230100CBBA860000070000006400690020004D00610069006F0000000100C400000012230100CCBA8600000700000042006F007400740069006E00690000000100C400000013230100A9DF5000000600000043007500650076006100730000000100C400000014230100AADF5000000500
"Édson Araújo",308345,50176,319,48,INTERNAL_PERSON_ID,0x005B549D,False,20004D00610069006F0000000100C400000012230100CCBA8600000700000042006F007400740069006E00690000000100C400000013230100A9DF5000000600000043007500650076006100730000000100C400000014230100AADF500000050000004600610075007200E90000000100C400000015230100ABDF500000060000005600
"Édson Araújo",308345,50176,319,48,INTERNAL_PERSON_ID,0x005B54BE,False,6F007400740069006E00690000000100C400000013230100A9DF5000000600000043007500650076006100730000000100C400000014230100AADF500000050000004600610075007200E90000000100C400000015230100ABDF50000006000000560061006C00650072006F0000000100C400000016230100ACDF500000050000005400
"Édson Araújo",308345,50176,319,48,INTERNAL_PERSON_ID,0x005B54DD,False,000043007500650076006100730000000100C400000014230100AADF500000050000004600610075007200E90000000100C400000015230100ABDF50000006000000560061006C00650072006F0000000100C400000016230100ACDF5000000500000054006500720061006E0000000100C400000017230100AFDF500000080000004D00
"Édson Araújo",308345,50176,319,48,INTERNAL_PERSON_ID,0x005B54FE,False,00004600610075007200E90000000100C400000015230100ABDF50000006000000560061006C00650072006F0000000100C400000016230100ACDF5000000500000054006500720061006E0000000100C400000017230100AFDF500000080000004D006F006E00740069006C006C00610000000100C400000018230100B2DF5000000400
"Édson Araújo",308345,50176,319,48,INTERNAL_PERSON_ID,0x005B551D,False,0000560061006C00650072006F0000000100C400000016230100ACDF5000000500000054006500720061006E0000000100C400000017230100AFDF500000080000004D006F006E00740069006C006C00610000000100C400000018230100B2DF500000040000004C0075007000690000000100C400000019230100B4DF50000005000000
"Édson Araújo",308345,50176,319,48,INTERNAL_PERSON_ID,0x005B5542,False,6500720061006E0000000100C400000017230100AFDF500000080000004D006F006E00740069006C006C00610000000100C400000018230100B2DF500000040000004C0075007000690000000100C400000019230100B4DF500000050000005000720061006400610000000100C40000001A230100B6DF500000070000004D006F007200
"Édson Araújo",308345,50176,319,48,INTERNAL_PERSON_ID,0x005B555F,False,4D006F006E00740069006C006C00610000000100C400000018230100B2DF500000040000004C0075007000690000000100C400000019230100B4DF500000050000005000720061006400610000000100C40000001A230100B6DF500000070000004D006F00720069006C006C006F0000000100C40000001B230100B7DF50000008000000
"Édson Araújo",308345,50176,319,48,INTERNAL_PERSON_ID,0x005B557E,False,0000040000004C0075007000690000000100C400000019230100B4DF500000050000005000720061006400610000000100C40000001A230100B6DF500000070000004D006F00720069006C006C006F0000000100C40000001B230100B7DF50000008000000560061006C00690065006E007400650000000100C40000001C230100B8DF50
"Édson Araújo",308345,50176,319,48,INTERNAL_PERSON_ID,0x005B55A1,False,5000720061006400610000000100C40000001A230100B6DF500000070000004D006F00720069006C006C006F0000000100C40000001B230100B7DF50000008000000560061006C00690065006E007400650000000100C40000001C230100B8DF50000007000000560069006C006F0072006900610000000100C40000001D230100B9DF50
"Édson Araújo",308345,50176,319,48,INTERNAL_PERSON_ID,0x005B55C6,False,69006C006C006F0000000100C40000001B230100B7DF50000008000000560061006C00690065006E007400650000000100C40000001C230100B8DF50000007000000560069006C006F0072006900610000000100C40000001D230100B9DF50000005000000520069007A007A00690000000100C40000001E230100BCDF50000004000000
"Édson Araújo",308345,50176,319,48,INTERNAL_PERSON_ID,0x005B55E9,False,690065006E007400650000000100C40000001C230100B8DF50000007000000560069006C006F0072006900610000000100C40000001D230100B9DF50000005000000520069007A007A00690000000100C40000001E230100BCDF500000040000004400690065007A0000000100C40000001F230100C8DF500000070000004C0075007A00
"Édson Araújo",308345,50176,319,48,INTERNAL_PERSON_ID,0x005B5608,False,560069006C006F0072006900610000000100C40000001D230100B9DF50000005000000520069007A007A00690000000100C40000001E230100BCDF500000040000004400690065007A0000000100C40000001F230100C8DF500000070000004C0075007A006100720064006F0000000100C400000020230100CEDF5000000B0000005300
"Édson Araújo",308345,50176,319,48,INTERNAL_PERSON_ID,0x005B5625,False,000005000000520069007A007A00690000000100C40000001E230100BCDF500000040000004400690065007A0000000100C40000001F230100C8DF500000070000004C0075007A006100720064006F0000000100C400000020230100CEDF5000000B000000530061006E007400650075006700750069006E00690000000100C400000021
"Édson Araújo",308345,50176,319,48,INTERNAL_PERSON_ID,0x005B5648,False,00004400690065007A0000000100C40000001F230100C8DF500000070000004C0075007A006100720064006F0000000100C400000020230100CEDF5000000B000000530061006E007400650075006700750069006E00690000000100C400000021230100D0DF50000006000000530069006D00F5006500730000000100C4000000222301
"Édson Araújo",308345,50176,319,48,INTERNAL_PERSON_ID,0x005B5673,False,6F0000000100C400000020230100CEDF5000000B000000530061006E007400650075006700750069006E00690000000100C400000021230100D0DF50000006000000530069006D00F5006500730000000100C400000022230100CFD56A0000070000004D00610074006800ED006100730000000100C400000023230100D2DF5000000500
"Édson Araújo",308345,50176,319,48,INTERNAL_PERSON_ID,0x005B5694,False,75006700750069006E00690000000100C400000021230100D0DF50000006000000530069006D00F5006500730000000100C400000022230100CFD56A0000070000004D00610074006800ED006100730000000100C400000023230100D2DF5000000500000052006F0073006100730000000100C400000024230100D4DF50000009000000
"Édson Araújo",308345,50176,319,48,INTERNAL_PERSON_ID,0x005B56B7,False,69006D00F5006500730000000100C400000022230100CFD56A0000070000004D00610074006800ED006100730000000100C400000023230100D2DF5000000500000052006F0073006100730000000100C400000024230100D4DF50000009000000430061007300740065006C006C00ED006E0000000100C400000025230100D6DF500000
"Édson Araújo",308345,50176,319,48,INTERNAL_PERSON_ID,0x005B56D6,False,4D00610074006800ED006100730000000100C400000023230100D2DF5000000500000052006F0073006100730000000100C400000024230100D4DF50000009000000430061007300740065006C006C00ED006E0000000100C400000025230100D6DF50000008000000500061006C006F006D0069006E00610000000100C4000000262301
"Édson Araújo",308345,50176,319,48,INTERNAL_PERSON_ID,0x005B56FD,False,73006100730000000100C400000024230100D4DF50000009000000430061007300740065006C006C00ED006E0000000100C400000025230100D6DF50000008000000500061006C006F006D0069006E00610000000100C400000026230100E2DF50000009000000640069002000470069006F0072006700690000000100C4000000272301
"Édson Araújo",308345,50176,319,48,INTERNAL_PERSON_ID,0x005B5722,False,6C006C00ED006E0000000100C400000025230100D6DF50000008000000500061006C006F006D0069006E00610000000100C400000026230100E2DF50000009000000640069002000470069006F0072006700690000000100C400000027230100E3DF500000090000004800E90072006E0061006E00640065007A0000000100C400000028
"Édson Araújo",308345,50176,319,48,INTERNAL_PERSON_ID,0x005B5749,False,69006E00610000000100C400000026230100E2DF50000009000000640069002000470069006F0072006700690000000100C400000027230100E3DF500000090000004800E90072006E0061006E00640065007A0000000100C4000000282301001C6A4F00000700000043007200F300710075006500720000000100C400000029230100E4
"Édson Araújo",308345,50176,319,48,INTERNAL_PERSON_ID,0x005B5770,False,72006700690000000100C400000027230100E3DF500000090000004800E90072006E0061006E00640065007A0000000100C4000000282301001C6A4F00000700000043007200F300710075006500720000000100C400000029230100E4DF5000000500000050006500720065007A0000000100C40000002A230100775757000005000000
"Édson Araújo",308345,50176,319,48,INTERNAL_PERSON_ID,0x005B5793,False,61006E00640065007A0000000100C4000000282301001C6A4F00000700000043007200F300710075006500720000000100C400000029230100E4DF5000000500000050006500720065007A0000000100C40000002A23010077575700000500000052006F0075006700610000000100C40000002B230100E5DF5000000800000050006100
"Édson Araújo",308345,50176,319,48,INTERNAL_PERSON_ID,0x005B57B2,False,43007200F300710075006500720000000100C400000029230100E4DF5000000500000050006500720065007A0000000100C40000002A23010077575700000500000052006F0075006700610000000100C40000002B230100E5DF50000008000000500061006C006100640069006E00690000000100C40000002C230100D0BA8600000400
"Édson Araújo",308345,50176,319,48,INTERNAL_PERSON_ID,0x005B57D1,False,0500000050006500720065007A0000000100C40000002A23010077575700000500000052006F0075006700610000000100C40000002B230100E5DF50000008000000500061006C006100640069006E00690000000100C40000002C230100D0BA860000040000004D006F007200720000000100C40000002D230100E8DF50000008000000
"Édson Araújo",308345,50176,319,48,INTERNAL_PERSON_ID,0x005B57F6,False,6F0075006700610000000100C40000002B230100E5DF50000008000000500061006C006100640069006E00690000000100C40000002C230100D0BA860000040000004D006F007200720000000100C40000002D230100E8DF500000080000004700750065007200720065007200610000000100C40000002E230100D1BA86000007000000
"Édson Araújo",308345,50176,319,48,INTERNAL_PERSON_ID,0x005B5813,False,500061006C006100640069006E00690000000100C40000002C230100D0BA860000040000004D006F007200720000000100C40000002D230100E8DF500000080000004700750065007200720065007200610000000100C40000002E230100D1BA8600000700000043006F007200740069006E00610000000100C40000002F230100EADF50
"Édson Araújo",308345,50176,319,48,INTERNAL_PERSON_ID,0x005B5838,False,4D006F007200720000000100C40000002D230100E8DF500000080000004700750065007200720065007200610000000100C40000002E230100D1BA8600000700000043006F007200740069006E00610000000100C40000002F230100EADF500000060000004100720061006E006400610000000100C400000030230100EBDF5000000700
"Édson Araújo",308345,50176,319,48,INTERNAL_PERSON_ID,0x005B585B,False,7200720065007200610000000100C40000002E230100D1BA8600000700000043006F007200740069006E00610000000100C40000002F230100EADF500000060000004100720061006E006400610000000100C400000030230100EBDF500000070000004C0065006F006E0065007400740000000100C400000031230100EEDF5000000400
"Édson Araújo",308345,50176,319,48,INTERNAL_PERSON_ID,0x005B587C,False,6F007200740069006E00610000000100C40000002F230100EADF500000060000004100720061006E006400610000000100C400000030230100EBDF500000070000004C0065006F006E0065007400740000000100C400000031230100EEDF500000040000005200750069007A0000000100C4000000322301008724730000070000005000
"Édson Araújo",308345,50176,319,48,INTERNAL_PERSON_ID,0x005B589F,False,720061006E006400610000000100C400000030230100EBDF500000070000004C0065006F006E0065007400740000000100C400000031230100EEDF500000040000005200750069007A0000000100C40000003223010087247300000700000050006500720061006C007400610000000100C400000033230100D2BA860000070000004C00
"Édson Araújo",308345,50176,319,48,INTERNAL_PERSON_ID,0x005B58BC,False,00004C0065006F006E0065007400740000000100C400000031230100EEDF500000040000005200750069007A0000000100C40000003223010087247300000700000050006500720061006C007400610000000100C400000033230100D2BA860000070000004C0061007500720065006E00730000000100C400000034230100F8DF500000
"Édson Araújo",308345,50176,319,48,INTERNAL_PERSON_ID,0x005B58DF,False,00005200750069007A0000000100C40000003223010087247300000700000050006500720061006C007400610000000100C400000033230100D2BA860000070000004C0061007500720065006E00730000000100C400000034230100F8DF50000005000000410063007500F100610000000100C4000000352301000FE050000007000000
"Édson Araújo",308345,50176,319,48,INTERNAL_PERSON_ID,0x005B5902,False,720061006C007400610000000100C400000033230100D2BA860000070000004C0061007500720065006E00730000000100C400000034230100F8DF50000005000000410063007500F100610000000100C4000000352301000FE050000007000000480061006200650072006C00690000000100C40000003623010052C101000007000000
"Édson Araújo",308345,50176,319,48,INTERNAL_PERSON_ID,0x005B5921,False,4C0061007500720065006E00730000000100C400000034230100F8DF50000005000000410063007500F100610000000100C4000000352301000FE050000007000000480061006200650072006C00690000000100C40000003623010052C10100000700000052006F00730061006C006500730000000100C40000003723010011E0500000
"Édson Araújo",308345,50176,319,48,INTERNAL_PERSON_ID,0x005B5944,False,410063007500F100610000000100C4000000352301000FE050000007000000480061006200650072006C00690000000100C40000003623010052C10100000700000052006F00730061006C006500730000000100C40000003723010011E050000006000000530061006D0065006C00650000000100C40000003823010012E05000000A00
"Édson Araújo",308345,50176,319,48,INTERNAL_PERSON_ID,0x005B5967,False,6200650072006C00690000000100C40000003623010052C10100000700000052006F00730061006C006500730000000100C40000003723010011E050000006000000530061006D0065006C00650000000100C40000003823010012E05000000A00000064006500200041006E006400720061006400650000000100C40000003923010013
"Édson Araújo",308345,50176,319,48,INTERNAL_PERSON_ID,0x005B5988,False,6F00730061006C006500730000000100C40000003723010011E050000006000000530061006D0065006C00650000000100C40000003823010012E05000000A00000064006500200041006E006400720061006400650000000100C40000003923010013E0500000050000004C00610063006C00650000000100C40000003A230100D4BA86
"Édson Araújo",308345,50176,319,48,INTERNAL_PERSON_ID,0x005B59B1,False,6C00650000000100C40000003823010012E05000000A00000064006500200041006E006400720061006400650000000100C40000003923010013E0500000050000004C00610063006C00650000000100C40000003A230100D4BA86000008000000500061006C006100630069006F00730000000100C40000003B23010016E05000000600
"Édson Araújo",308345,50176,319,48,INTERNAL_PERSON_ID,0x005B59D0,False,41006E006400720061006400650000000100C40000003923010013E0500000050000004C00610063006C00650000000100C40000003A230100D4BA86000008000000500061006C006100630069006F00730000000100C40000003B23010016E05000000600000046006500720072006500720000000100C40000003C23010018E0500000
"Édson Araújo",308345,50176,319,48,INTERNAL_PERSON_ID,0x005B59F5,False,610063006C00650000000100C40000003A230100D4BA86000008000000500061006C006100630069006F00730000000100C40000003B23010016E05000000600000046006500720072006500720000000100C40000003C23010018E05000000600000043006F006C0069006E00610000000100C40000003D2301001AE050000009000000
"Édson Araújo",308345,50176,319,48,INTERNAL_PERSON_ID,0x005B5A16,False,6C006100630069006F00730000000100C40000003B23010016E05000000600000046006500720072006500720000000100C40000003C23010018E05000000600000043006F006C0069006E00610000000100C40000003D2301001AE050000009000000640065006C0020004D006F00720061006C0000000100C40000003E230100D6BA86
"Édson Araújo",308345,50176,319,48,INTERNAL_PERSON_ID,0x005B5A37,False,46006500720072006500720000000100C40000003C23010018E05000000600000043006F006C0069006E00610000000100C40000003D2301001AE050000009000000640065006C0020004D006F00720061006C0000000100C40000003E230100D6BA8600000400000054006F006E00690000000100C40000003F230100D8BA8600000700
"Édson Araújo",308345,50176,319,48,INTERNAL_PERSON_ID,0x005B5A5E,False,69006E00610000000100C40000003D2301001AE050000009000000640065006C0020004D006F00720061006C0000000100C40000003E230100D6BA8600000400000054006F006E00690000000100C40000003F230100D8BA86000007000000530065007100750065007200610000000100C4000000402301001FE0500000080000004100
"Édson Araújo",308345,50176,319,48,INTERNAL_PERSON_ID,0x005B5A7B,False,65006C0020004D006F00720061006C0000000100C40000003E230100D6BA8600000400000054006F006E00690000000100C40000003F230100D8BA86000007000000530065007100750065007200610000000100C4000000402301001FE05000000800000041007000610072006900630069006F0000000100C40000004123010020E050
"Édson Araújo",308345,50176,319,48,INTERNAL_PERSON_ID,0x005B5A9E,False,000054006F006E00690000000100C40000003F230100D8BA86000007000000530065007100750065007200610000000100C4000000402301001FE05000000800000041007000610072006900630069006F0000000100C40000004123010020E0500000080000004E00610062006F006C006C00E1006E0000000100C40000004223010021
"Édson Araújo",308345,50176,319,48,INTERNAL_PERSON_ID,0x005B5AC3,False,750065007200610000000100C4000000402301001FE05000000800000041007000610072006900630069006F0000000100C40000004123010020E0500000080000004E00610062006F006C006C00E1006E0000000100C40000004223010021E05000000900000044006F006D00ED006E006700750065007A0000000100C4000000432301
"Édson Araújo",308345,50176,319,48,INTERNAL_PERSON_ID,0x005B5AE8,False,6900630069006F0000000100C40000004123010020E0500000080000004E00610062006F006C006C00E1006E0000000100C40000004223010021E05000000900000044006F006D00ED006E006700750065007A0000000100C400000043230100E5BA860000050000004600650064006F00720000000100C400000044230100BEEE160000
"Édson Araújo",308345,50176,319,48,INTERNAL_PERSON_ID,0x005B5B0F,False,6C00E1006E0000000100C40000004223010021E05000000900000044006F006D00ED006E006700750065007A0000000100C400000043230100E5BA860000050000004600650064006F00720000000100C400000044230100BEEE16000006000000520065007300740061006E0000000100C40000004523010024E0500000060000005300
"Édson Araújo",308345,50176,319,48,INTERNAL_PERSON_ID,0x005B5B2E,False,6D00ED006E006700750065007A0000000100C400000043230100E5BA860000050000004600650064006F00720000000100C400000044230100BEEE16000006000000520065007300740061006E0000000100C40000004523010024E050000006000000530069006C0061006E006F0000000100C4000000462301002EE050000007000000
"Édson Araújo",308345,50176,319,48,INTERNAL_PERSON_ID,0x005B5B4F,False,00004600650064006F00720000000100C400000044230100BEEE16000006000000520065007300740061006E0000000100C40000004523010024E050000006000000530069006C0061006E006F0000000100C4000000462301002EE050000007000000530065006D00690064006500790000000100C400000047230100E6BA8600000700
"Édson Araújo",308345,50176,319,48,INTERNAL_PERSON_ID,0x005B5B70,False,520065007300740061006E0000000100C40000004523010024E050000006000000530069006C0061006E006F0000000100C4000000462301002EE050000007000000530065006D00690064006500790000000100C400000047230100E6BA860000070000005600ED006C006300680065007A0000000100C400000048230100E7BA860000
"Édson Araújo",308345,50176,319,48,INTERNAL_PERSON_ID,0x005B5B93,False,69006C0061006E006F0000000100C4000000462301002EE050000007000000530065006D00690064006500790000000100C400000047230100E6BA860000070000005600ED006C006300680065007A0000000100C400000048230100E7BA86000008000000560061006C0065006E0063006900610000000100C400000049230100E8BA86
"Édson Araújo",308345,50176,319,48,INTERNAL_PERSON_ID,0x005B5BB6,False,6D00690064006500790000000100C400000047230100E6BA860000070000005600ED006C006300680065007A0000000100C400000048230100E7BA86000008000000560061006C0065006E0063006900610000000100C400000049230100E8BA860000050000004D006F0072006500740000000100C40000004A230100EBBA8600000500
"Édson Araújo",308345,50176,319,48,INTERNAL_PERSON_ID,0x005B5BDB,False,6300680065007A0000000100C400000048230100E7BA86000008000000560061006C0065006E0063006900610000000100C400000049230100E8BA860000050000004D006F0072006500740000000100C40000004A230100EBBA86000005000000420061006E006600690000000100C40000004B230100ECBA8600000A0000004C006F00
"Édson Araújo",308345,50176,319,48,INTERNAL_PERSON_ID,0x005B5BFA,False,61006C0065006E0063006900610000000100C400000049230100E8BA860000050000004D006F0072006500740000000100C40000004A230100EBBA86000005000000420061006E006600690000000100C40000004B230100ECBA8600000A0000004C006F006E0067006F006200610072006400790000000100C40000004C23010036E050
"Édson Araújo",308345,50176,319,48,INTERNAL_PERSON_ID,0x005B5C19,False,050000004D006F0072006500740000000100C40000004A230100EBBA86000005000000420061006E006600690000000100C40000004B230100ECBA8600000A0000004C006F006E0067006F006200610072006400790000000100C40000004C23010036E0500000080000004300610072006E006500690072006F0000000100C40000004D
"Édson Araújo",308345,50176,319,48,INTERNAL_PERSON_ID,0x005B5C42,False,6600690000000100C40000004B230100ECBA8600000A0000004C006F006E0067006F006200610072006400790000000100C40000004C23010036E0500000080000004300610072006E006500690072006F0000000100C40000004D2301003AE050000006000000480061006C006C006500790000000100C40000004E2301003DE0500000
"Édson Araújo",308345,50176,319,48,INTERNAL_PERSON_ID,0x005B5C67,False,610072006400790000000100C40000004C23010036E0500000080000004300610072006E006500690072006F0000000100C40000004D2301003AE050000006000000480061006C006C006500790000000100C40000004E2301003DE050000005000000440075007200E1006E0000000100C40000004F23010044E0500000050000005300
"Édson Araújo",308345,50176,319,48,INTERNAL_PERSON_ID,0x005B5C88,False,72006E006500690072006F0000000100C40000004D2301003AE050000006000000480061006C006C006500790000000100C40000004E2301003DE050000005000000440075007200E1006E0000000100C40000004F23010044E050000005000000530061006C006100730000000100C40000005023010046E0500000070000004F007200
"Édson Araújo",308345,50176,319,48,INTERNAL_PERSON_ID,0x005B5CA7,False,0000480061006C006C006500790000000100C40000004E2301003DE050000005000000440075007200E1006E0000000100C40000004F23010044E050000005000000530061006C006100730000000100C40000005023010046E0500000070000004F0072006F00700065007A00610000000100C4000000512301004DE050000007000000
"Édson Araújo",308345,50176,319,48,INTERNAL_PERSON_ID,0x005B5CC6,False,05000000440075007200E1006E0000000100C40000004F23010044E050000005000000530061006C006100730000000100C40000005023010046E0500000070000004F0072006F00700065007A00610000000100C4000000512301004DE0500000070000004D006F006E0074006100F1006F0000000100C400000052230100F0BA860000
"Édson Araújo",308345,50176,319,48,INTERNAL_PERSON_ID,0x005B5CE9,False,530061006C006100730000000100C40000005023010046E0500000070000004F0072006F00700065007A00610000000100C4000000512301004DE0500000070000004D006F006E0074006100F1006F0000000100C400000052230100F0BA860000050000004F00630068006F00610000000100C40000005323010053E050000006000000
"Édson Araújo",308345,50176,319,48,INTERNAL_PERSON_ID,0x005B5D0C,False,6F00700065007A00610000000100C4000000512301004DE0500000070000004D006F006E0074006100F1006F0000000100C400000052230100F0BA860000050000004F00630068006F00610000000100C40000005323010053E050000006000000470075007A006D00E1006E0000000100C40000005423010054E0500000060000005000
"Édson Araújo",308345,50176,319,48,INTERNAL_PERSON_ID,0x005B5D2B,False,4D006F006E0074006100F1006F0000000100C400000052230100F0BA860000050000004F00630068006F00610000000100C40000005323010053E050000006000000470075007A006D00E1006E0000000100C40000005423010054E0500000060000005000650072006F007A006F0000000100C400000055230100F4BA86000005000000
"Édson Araújo",308345,50176,319,48,INTERNAL_PERSON_ID,0x005B5D4C,False,00004F00630068006F00610000000100C40000005323010053E050000006000000470075007A006D00E1006E0000000100C40000005423010054E0500000060000005000650072006F007A006F0000000100C400000055230100F4BA8600000500000050006F006E007400650000000100C40000005623010057E0500000070000004D00
"Édson Araújo",308345,50176,319,48,INTERNAL_PERSON_ID,0x005B5D6D,False,470075007A006D00E1006E0000000100C40000005423010054E0500000060000005000650072006F007A006F0000000100C400000055230100F4BA8600000500000050006F006E007400650000000100C40000005623010057E0500000070000004D0061007400680065007500730000000100C400000057230100F5BA86000006000000
"Édson Araújo",308345,50176,319,48,INTERNAL_PERSON_ID,0x005B5D8C,False,00005000650072006F007A006F0000000100C400000055230100F4BA8600000500000050006F006E007400650000000100C40000005623010057E0500000070000004D0061007400680065007500730000000100C400000057230100F5BA8600000600000050007500720072006F00790000000100C4000000582301005FE05000000700
"Édson Araújo",308345,50176,319,48,INTERNAL_PERSON_ID,0x005B5DAF,False,50006F006E007400650000000100C40000005623010057E0500000070000004D0061007400680065007500730000000100C400000057230100F5BA8600000600000050007500720072006F00790000000100C4000000582301005FE0500000070000004300610072006D006F006E00610000000100C40000005923010060E05000000600
"Édson Araújo",308345,50176,319,48,INTERNAL_PERSON_ID,0x005B5DD0,False,61007400680065007500730000000100C400000057230100F5BA8600000600000050007500720072006F00790000000100C4000000582301005FE0500000070000004300610072006D006F006E00610000000100C40000005923010060E0500000060000004D0065006A00ED006100730000000100C40000005A23010063E05000000800
"Édson Araújo",308345,50176,319,48,INTERNAL_PERSON_ID,0x005B5DF3,False,7500720072006F00790000000100C4000000582301005FE0500000070000004300610072006D006F006E00610000000100C40000005923010060E0500000060000004D0065006A00ED006100730000000100C40000005A23010063E0500000080000004700720061006E00610064006F00730000000100C40000005B230100F7BA860000
"Édson Araújo",308345,50176,319,48,INTERNAL_PERSON_ID,0x005B5E14,False,610072006D006F006E00610000000100C40000005923010060E0500000060000004D0065006A00ED006100730000000100C40000005A23010063E0500000080000004700720061006E00610064006F00730000000100C40000005B230100F7BA86000008000000430068006900720069006E006F00730000000100C40000005C23010068
"Édson Araújo",308345,50176,319,48,INTERNAL_PERSON_ID,0x005B5E39,False,6A00ED006100730000000100C40000005A23010063E0500000080000004700720061006E00610064006F00730000000100C40000005B230100F7BA86000008000000430068006900720069006E006F00730000000100C40000005C23010068E0500000080000005000650072006C0075007A007A006F0000000100C40000005D23010069
"Édson Araújo",308345,50176,319,48,INTERNAL_PERSON_ID,0x005B5E5E,False,610064006F00730000000100C40000005B230100F7BA86000008000000430068006900720069006E006F00730000000100C40000005C23010068E0500000080000005000650072006C0075007A007A006F0000000100C40000005D23010069E050000004000000500065006E007A0000000100C40000005E2301006AE050000006000000
"Édson Araújo",308345,50176,319,48,INTERNAL_PERSON_ID,0x005B5E83,False,69006E006F00730000000100C40000005C23010068E0500000080000005000650072006C0075007A007A006F0000000100C40000005D23010069E050000004000000500065006E007A0000000100C40000005E2301006AE05000000600000055007200620069006E00610000000100C40000005F2301006CE0500000050000004F006A00
"Édson Araújo",308345,50176,319,48,INTERNAL_PERSON_ID,0x005B5EA0,False,5000650072006C0075007A007A006F0000000100C40000005D23010069E050000004000000500065006E007A0000000100C40000005E2301006AE05000000600000055007200620069006E00610000000100C40000005F2301006CE0500000050000004F006A0065006400610000000100C400000060230100F8BA860000080000005600
"Édson Araújo",308345,50176,319,48,INTERNAL_PERSON_ID,0x005B5EC1,False,04000000500065006E007A0000000100C40000005E2301006AE05000000600000055007200620069006E00610000000100C40000005F2301006CE0500000050000004F006A0065006400610000000100C400000060230100F8BA86000008000000560069006C006C00650067006100730000000100C400000061230100F9BA8600000A00
"Édson Araújo",308345,50176,319,48,INTERNAL_PERSON_ID,0x005B5EE0,False,000055007200620069006E00610000000100C40000005F2301006CE0500000050000004F006A0065006400610000000100C400000060230100F8BA86000008000000560069006C006C00650067006100730000000100C400000061230100F9BA8600000A00000042006500740061006E0063006F0075007200740000000100C400000062
"Édson Araújo",308345,50176,319,48,INTERNAL_PERSON_ID,0x005B5F05,False,6A0065006400610000000100C400000060230100F8BA86000008000000560069006C006C00650067006100730000000100C400000061230100F9BA8600000A00000042006500740061006E0063006F0075007200740000000100C40000006223010073E0500000050000005400720065006A006F0000000100C400000063230100FABA86
"Édson Araújo",308345,50176,319,48,INTERNAL_PERSON_ID,0x005B5F2E,False,6100730000000100C400000061230100F9BA8600000A00000042006500740061006E0063006F0075007200740000000100C40000006223010073E0500000050000005400720065006A006F0000000100C400000063230100FABA860000090000005100750069006C006100670075007200790000000100C4000000642301007AE0500000
"Édson Araújo",308345,50176,319,48,INTERNAL_PERSON_ID,0x005B5F4D,False,61006E0063006F0075007200740000000100C40000006223010073E0500000050000005400720065006A006F0000000100C400000063230100FABA860000090000005100750069006C006100670075007200790000000100C4000000642301007AE050000004000000560065006700610000000100C4000000652301007DE05000000B00
"Édson Araújo",308345,50176,319,48,INTERNAL_PERSON_ID,0x005B5F74,False,65006A006F0000000100C400000063230100FABA860000090000005100750069006C006100670075007200790000000100C4000000642301007AE050000004000000560065006700610000000100C4000000652301007DE05000000B0000004100720069007300740069007A00E100620061006C0000000100C4000000662301007EE050
"Édson Araújo",308345,50176,319,48,INTERNAL_PERSON_ID,0x005B5F91,False,750069006C006100670075007200790000000100C4000000642301007AE050000004000000560065006700610000000100C4000000652301007DE05000000B0000004100720069007300740069007A00E100620061006C0000000100C4000000662301007EE05000000500000043006F006E006400650000000100C4000000672301007F
"Édson Araújo",308345,50176,319,48,INTERNAL_PERSON_ID,0x005B5FBC,False,610000000100C4000000652301007DE05000000B0000004100720069007300740069007A00E100620061006C0000000100C4000000662301007EE05000000500000043006F006E006400650000000100C4000000672301007FE0500000050000004100790061006C00610000000100C40000006823010080E05000000800000043006100
"Édson Araújo",308345,50176,319,48,INTERNAL_PERSON_ID,0x005B5FDB,False,740069007A00E100620061006C0000000100C4000000662301007EE05000000500000043006F006E006400650000000100C4000000672301007FE0500000050000004100790061006C00610000000100C40000006823010080E05000000800000043006100730061006E006F007600610000000100C40000006923010081E05000000700
"Édson Araújo",308345,50176,319,48,INTERNAL_PERSON_ID,0x005B5FFA,False,0500000043006F006E006400650000000100C4000000672301007FE0500000050000004100790061006C00610000000100C40000006823010080E05000000800000043006100730061006E006F007600610000000100C40000006923010081E05000000700000041006E006400720061006400650000000100C40000006A23010083E050
"Édson Araújo",308345,50176,319,48,INTERNAL_PERSON_ID,0x005B601F,False,790061006C00610000000100C40000006823010080E05000000800000043006100730061006E006F007600610000000100C40000006923010081E05000000700000041006E006400720061006400650000000100C40000006A23010083E050000007000000430068006F007500720069006F0000000100C40000006B23010085E0500000
"Édson Araújo",308345,50176,319,48,INTERNAL_PERSON_ID,0x005B6042,False,61006E006F007600610000000100C40000006923010081E05000000700000041006E006400720061006400650000000100C40000006A23010083E050000007000000430068006F007500720069006F0000000100C40000006B23010085E05000000600000041006C00630061006C00E10000000100C40000006C230100FDBA8600000700
"Édson Araújo",308345,50176,319,48,INTERNAL_PERSON_ID,0x005B6065,False,6400720061006400650000000100C40000006A23010083E050000007000000430068006F007500720069006F0000000100C40000006B23010085E05000000600000041006C00630061006C00E10000000100C40000006C230100FDBA860000070000004500730063006F0062006100720000000100C40000006D23010090E05000000700
"Édson Araújo",308345,50176,319,48,INTERNAL_PERSON_ID,0x005B6086,False,68006F007500720069006F0000000100C40000006B23010085E05000000600000041006C00630061006C00E10000000100C40000006C230100FDBA860000070000004500730063006F0062006100720000000100C40000006D23010090E05000000700000053006F006C00610072007400650000000100C40000006E23010000BB860000
"Édson Araújo",308345,50176,319,48,INTERNAL_PERSON_ID,0x005B60A9,False,6C00630061006C00E10000000100C40000006C230100FDBA860000070000004500730063006F0062006100720000000100C40000006D23010090E05000000700000053006F006C00610072007400650000000100C40000006E23010000BB8600000800000045006C0069007A0061006C006400650000000100C40000006F23010009BB86
"Édson Araújo",308345,50176,319,48,INTERNAL_PERSON_ID,0x005B60CC,False,63006F0062006100720000000100C40000006D23010090E05000000700000053006F006C00610072007400650000000100C40000006E23010000BB8600000800000045006C0069007A0061006C006400650000000100C40000006F23010009BB860000080000004C006100670061007A0065007400610000000100C40000007023010097
"Édson Araújo",308345,50176,319,48,INTERNAL_PERSON_ID,0x005B60F1,False,610072007400650000000100C40000006E23010000BB8600000800000045006C0069007A0061006C006400650000000100C40000006F23010009BB860000080000004C006100670061007A0065007400610000000100C40000007023010097E050000009000000530061006E006D0069006700750065006C0000000100C4000000712301
"Édson Araújo",308345,50176,319,48,INTERNAL_PERSON_ID,0x005B6116,False,61006C006400650000000100C40000006F23010009BB860000080000004C006100670061007A0065007400610000000100C40000007023010097E050000009000000530061006E006D0069006700750065006C0000000100C40000007123010098E05000000A000000560061006C0065006E00740069006E006500720000000100C40000
"Édson Araújo",308345,50176,319,48,INTERNAL_PERSON_ID,0x005B613D,False,65007400610000000100C40000007023010097E050000009000000530061006E006D0069006700750065006C0000000100C40000007123010098E05000000A000000560061006C0065006E00740069006E006500720000000100C4000000722301009AE050000006000000410073007300610066006F0000000100C4000000732301009B
"Édson Araújo",308345,50176,319,48,INTERNAL_PERSON_ID,0x005B6166,False,65006C0000000100C40000007123010098E05000000A000000560061006C0065006E00740069006E006500720000000100C4000000722301009AE050000006000000410073007300610066006F0000000100C4000000732301009BE05000000C000000420065007200720069007A006200650069007400ED00610000000100C400000074
"Édson Araújo",308345,50176,319,48,INTERNAL_PERSON_ID,0x005B6187,False,6E00740069006E006500720000000100C4000000722301009AE050000006000000410073007300610066006F0000000100C4000000732301009BE05000000C000000420065007200720069007A006200650069007400ED00610000000100C4000000742301009CE05000000A000000530061006E0076006900630065006E007400650000
"Édson Araújo",308345,50176,319,48,INTERNAL_PERSON_ID,0x005B61B4,False,00000100C4000000732301009BE05000000C000000420065007200720069007A006200650069007400ED00610000000100C4000000742301009CE05000000A000000530061006E0076006900630065006E007400650000000100C4000000752301009DE0500000080000004D006F006E00730061006C007600650000000100C400000076
"Édson Araújo",308345,50176,319,48,INTERNAL_PERSON_ID,0x005B61DD,False,ED00610000000100C4000000742301009CE05000000A000000530061006E0076006900630065006E007400650000000100C4000000752301009DE0500000080000004D006F006E00730061006C007600650000000100C4000000762301009EE05000000600000046006500620072006500730000000100C4000000772301009FE0500000
"Édson Araújo",308345,50176,319,48,INTERNAL_PERSON_ID,0x005B6202,False,65006E007400650000000100C4000000752301009DE0500000080000004D006F006E00730061006C007600650000000100C4000000762301009EE05000000600000046006500620072006500730000000100C4000000772301009FE0500000090000004D0061006E006A00610072007200E9007A0000000100C4000000782301000ABB86
"Édson Araújo",308345,50176,319,48,INTERNAL_PERSON_ID,0x005B6223,False,6E00730061006C007600650000000100C4000000762301009EE05000000600000046006500620072006500730000000100C4000000772301009FE0500000090000004D0061006E006A00610072007200E9007A0000000100C4000000782301000ABB8600000600000042006F006E0069006300690000000100C400000079230100A1E050
"Édson Araújo",308345,50176,319,48,INTERNAL_PERSON_ID,0x005B624A,False,72006500730000000100C4000000772301009FE0500000090000004D0061006E006A00610072007200E9007A0000000100C4000000782301000ABB8600000600000042006F006E0069006300690000000100C400000079230100A1E050000007000000530061006E0074006F0072006F0000000100C40000007A230100A2E05000000300
"Édson Araújo",308345,50176,319,48,INTERNAL_PERSON_ID,0x005B626B,False,6A00610072007200E9007A0000000100C4000000782301000ABB8600000600000042006F006E0069006300690000000100C400000079230100A1E050000007000000530061006E0074006F0072006F0000000100C40000007A230100A2E05000000300000050006F006C0000000100C40000007B2301000CBB8600000700000042006100
"Édson Araújo",308345,50176,319,48,INTERNAL_PERSON_ID,0x005B628E,False,6F006E0069006300690000000100C400000079230100A1E050000007000000530061006E0074006F0072006F0000000100C40000007A230100A2E05000000300000050006F006C0000000100C40000007B2301000CBB8600000700000042006100720072006F0073006F0000000100C40000007C230100A8E0500000070000004C006F00
"Édson Araújo",308345,50176,319,48,INTERNAL_PERSON_ID,0x005B62A9,False,07000000530061006E0074006F0072006F0000000100C40000007A230100A2E05000000300000050006F006C0000000100C40000007B2301000CBB8600000700000042006100720072006F0073006F0000000100C40000007C230100A8E0500000070000004C006F006E0064006F00F1006F0000000100C40000007D230100A9E0500000
"Édson Araújo",308345,50176,319,48,INTERNAL_PERSON_ID,0x005B62CC,False,0300000050006F006C0000000100C40000007B2301000CBB8600000700000042006100720072006F0073006F0000000100C40000007C230100A8E0500000070000004C006F006E0064006F00F1006F0000000100C40000007D230100A9E0500000040000005200ED006F00730000000100C40000007E230100AAE0500000070000004300
"Édson Araújo",308345,50176,319,48,INTERNAL_PERSON_ID,0x005B62EF,False,720072006F0073006F0000000100C40000007C230100A8E0500000070000004C006F006E0064006F00F1006F0000000100C40000007D230100A9E0500000040000005200ED006F00730000000100C40000007E230100AAE05000000700000043006100700065006C006C00610000000100C40000007F230100ABE0500000060000004100
"Édson Araújo",308345,50176,319,48,INTERNAL_PERSON_ID,0x005B630C,False,00004C006F006E0064006F00F1006F0000000100C40000007D230100A9E0500000040000005200ED006F00730000000100C40000007E230100AAE05000000700000043006100700065006C006C00610000000100C40000007F230100ABE050000006000000410072006F0063006800610000000100C4000000802301000EBB8600000A00
"Édson Araújo",308345,50176,319,48,INTERNAL_PERSON_ID,0x005B632F,False,00005200ED006F00730000000100C40000007E230100AAE05000000700000043006100700065006C006C00610000000100C40000007F230100ABE050000006000000410072006F0063006800610000000100C4000000802301000EBB8600000A000000530061006E00740061006D0061007200ED00610000000100C400000081230100AD
"Édson Araújo",308345,50176,319,48,INTERNAL_PERSON_ID,0x005B6350,False,6100700065006C006C00610000000100C40000007F230100ABE050000006000000410072006F0063006800610000000100C4000000802301000EBB8600000A000000530061006E00740061006D0061007200ED00610000000100C400000081230100ADE0500000060000005300650069006A006100730000000100C4000000822301000F
"Édson Araújo",308345,50176,319,48,INTERNAL_PERSON_ID,0x005B6379,False,6800610000000100C4000000802301000EBB8600000A000000530061006E00740061006D0061007200ED00610000000100C400000081230100ADE0500000060000005300650069006A006100730000000100C4000000822301000FBB8600000600000047007500610069007400610000000100C40000008323010010BB86000003000000
"Édson Araújo",308345,50176,319,48,INTERNAL_PERSON_ID,0x005B639A,False,61006D0061007200ED00610000000100C400000081230100ADE0500000060000005300650069006A006100730000000100C4000000822301000FBB8600000600000047007500610069007400610000000100C40000008323010010BB86000003000000500061007A0000000100C400000084230100B1E050000007000000420061007200
"Édson Araújo",308345,50176,319,48,INTERNAL_PERSON_ID,0x005B63BB,False,5300650069006A006100730000000100C4000000822301000FBB8600000600000047007500610069007400610000000100C40000008323010010BB86000003000000500061007A0000000100C400000084230100B1E0500000070000004200610072007200ED006F00730000000100C40000008523010011BB860000060000004F007200
"Édson Araújo",308345,50176,319,48,INTERNAL_PERSON_ID,0x005B63D6,False,00000600000047007500610069007400610000000100C40000008323010010BB86000003000000500061007A0000000100C400000084230100B1E0500000070000004200610072007200ED006F00730000000100C40000008523010011BB860000060000004F0072006F007A0063006F0000000100C400000086230100B6E05000000800
"Édson Araújo",308345,50176,319,48,INTERNAL_PERSON_ID,0x005B63F9,False,03000000500061007A0000000100C400000084230100B1E0500000070000004200610072007200ED006F00730000000100C40000008523010011BB860000060000004F0072006F007A0063006F0000000100C400000086230100B6E050000008000000410070006F006C0069006E006100720000000100C400000087230100B7E0500000
"Édson Araújo",308345,50176,319,48,INTERNAL_PERSON_ID,0x005B641A,False,610072007200ED006F00730000000100C40000008523010011BB860000060000004F0072006F007A0063006F0000000100C400000086230100B6E050000008000000410070006F006C0069006E006100720000000100C400000087230100B7E0500000060000004F006C00690076006100720000000100C400000088230100B8E0500000
"Édson Araújo",308345,50176,319,48,INTERNAL_PERSON_ID,0x005B643F,False,6F007A0063006F0000000100C400000086230100B6E050000008000000410070006F006C0069006E006100720000000100C400000087230100B7E0500000060000004F006C00690076006100720000000100C400000088230100B8E05000000A000000420072006100630061006D006F006E007400650000000100C400000089230100BA
"Édson Araújo",308345,50176,319,48,INTERNAL_PERSON_ID,0x005B6460,False,6F006C0069006E006100720000000100C400000087230100B7E0500000060000004F006C00690076006100720000000100C400000088230100B8E05000000A000000420072006100630061006D006F006E007400650000000100C400000089230100BAE0500000070000004D0065006E0064006F007A00610000000100C40000008A2301
"Édson Araújo",308345,50176,319,48,INTERNAL_PERSON_ID,0x005B6489,False,6100720000000100C400000088230100B8E05000000A000000420072006100630061006D006F006E007400650000000100C400000089230100BAE0500000070000004D0065006E0064006F007A00610000000100C40000008A230100BBE050000007000000440075006700610072007400650000000100C40000008B230100BCE0500000
"Édson Araújo",308345,50176,319,48,INTERNAL_PERSON_ID,0x005B64AC,False,6D006F006E007400650000000100C400000089230100BAE0500000070000004D0065006E0064006F007A00610000000100C40000008A230100BBE050000007000000440075006700610072007400650000000100C40000008B230100BCE0500000070000004F0072006400F300F10065007A0000000100C40000008C230100BFE0500000
"Édson Araújo",308345,50176,319,48,INTERNAL_PERSON_ID,0x005B64CF,False,6E0064006F007A00610000000100C40000008A230100BBE050000007000000440075006700610072007400650000000100C40000008B230100BCE0500000070000004F0072006400F300F10065007A0000000100C40000008C230100BFE0500000060000005000610064007200F3006E0000000100C40000008D23010012BB8600000900
"Édson Araújo",308345,50176,319,48,INTERNAL_PERSON_ID,0x005B64F2,False,6700610072007400650000000100C40000008B230100BCE0500000070000004F0072006400F300F10065007A0000000100C40000008C230100BFE0500000060000005000610064007200F3006E0000000100C40000008D23010012BB860000090000004600750065006E006D00610079006F00720000000100C40000008E230100C6E050
"Édson Araújo",308345,50176,319,48,INTERNAL_PERSON_ID,0x005B6513,False,72006400F300F10065007A0000000100C40000008C230100BFE0500000060000005000610064007200F3006E0000000100C40000008D23010012BB860000090000004600750065006E006D00610079006F00720000000100C40000008E230100C6E0500000080000004D006F006C006C00650067006100730000000100C40000008F2301
"Édson Araújo",308345,50176,319,48,INTERNAL_PERSON_ID,0x005B653A,False,7200F3006E0000000100C40000008D23010012BB860000090000004600750065006E006D00610079006F00720000000100C40000008E230100C6E0500000080000004D006F006C006C00650067006100730000000100C40000008F230100C7E050000008000000440065007000610062006C006F00730000000100C400000090230100CA
"Édson Araújo",308345,50176,319,48,INTERNAL_PERSON_ID,0x005B655F,False,610079006F00720000000100C40000008E230100C6E0500000080000004D006F006C006C00650067006100730000000100C40000008F230100C7E050000008000000440065007000610062006C006F00730000000100C400000090230100CAE05000000600000053006900650072007200610000000100C400000091230100CFE0500000
"Édson Araújo",308345,50176,319,48,INTERNAL_PERSON_ID,0x005B6584,False,650067006100730000000100C40000008F230100C7E050000008000000440065007000610062006C006F00730000000100C400000090230100CAE05000000600000053006900650072007200610000000100C400000091230100CFE050000008000000430061007200760061006A0061006C0000000100C400000092230100D0E0500000
"Édson Araújo",308345,50176,319,48,INTERNAL_PERSON_ID,0x005B65A5,False,7000610062006C006F00730000000100C400000090230100CAE05000000600000053006900650072007200610000000100C400000091230100CFE050000008000000430061007200760061006A0061006C0000000100C400000092230100D0E05000000A0000004D0061006D006D006100720065006C006C00610000000100C400000093
"Édson Araújo",308345,50176,319,48,INTERNAL_PERSON_ID,0x005B65CA,False,650072007200610000000100C400000091230100CFE050000008000000430061007200760061006A0061006C0000000100C400000092230100D0E05000000A0000004D0061006D006D006100720065006C006C00610000000100C400000093230100D7E0500000090000004D006F006E00740061006E0061007200690000000100C40000
"Édson Araújo",308345,50176,319,48,INTERNAL_PERSON_ID,0x005B65F3,False,61006C0000000100C400000092230100D0E05000000A0000004D0061006D006D006100720065006C006C00610000000100C400000093230100D7E0500000090000004D006F006E00740061006E0061007200690000000100C40000009423010014BB860000060000004F007300700069006E00610000000100C40000009523010015BB86
"Édson Araújo",308345,50176,319,48,INTERNAL_PERSON_ID,0x005B661A,False,6C006C00610000000100C400000093230100D7E0500000090000004D006F006E00740061006E0061007200690000000100C40000009423010014BB860000060000004F007300700069006E00610000000100C40000009523010015BB860000070000004200610071007500650072006F0000000100C40000009623010016BB8600000700
"Édson Araújo",308345,50176,319,48,INTERNAL_PERSON_ID,0x005B663B,False,740061006E0061007200690000000100C40000009423010014BB860000060000004F007300700069006E00610000000100C40000009523010015BB860000070000004200610071007500650072006F0000000100C40000009623010016BB8600000700000050006900F10061006E0067006F0000000100C400000097230100E1E0500000
"Édson Araújo",308345,50176,319,48,INTERNAL_PERSON_ID,0x005B665E,False,7300700069006E00610000000100C40000009523010015BB860000070000004200610071007500650072006F0000000100C40000009623010016BB8600000700000050006900F10061006E0067006F0000000100C400000097230100E1E050000008000000430061007300740069006C006C006F0000000100C400000098230100E9E050
"Édson Araújo",308345,50176,319,48,INTERNAL_PERSON_ID,0x005B6681,False,71007500650072006F0000000100C40000009623010016BB8600000700000050006900F10061006E0067006F0000000100C400000097230100E1E050000008000000430061007300740069006C006C006F0000000100C400000098230100E9E050000008000000430061007200760061006C006C006F0000000100C400000099230100EB
"Édson Araújo",308345,50176,319,48,INTERNAL_PERSON_ID,0x005B66A6,False,61006E0067006F0000000100C400000097230100E1E050000008000000430061007300740069006C006C006F0000000100C400000098230100E9E050000008000000430061007200760061006C006C006F0000000100C400000099230100EBE0500000040000004C00650061006C0000000100C40000009A23010017BB8600000A000000
"Édson Araújo",308345,50176,319,48,INTERNAL_PERSON_ID,0x005B66CB,False,69006C006C006F0000000100C400000098230100E9E050000008000000430061007200760061006C006C006F0000000100C400000099230100EBE0500000040000004C00650061006C0000000100C40000009A23010017BB8600000A000000440065006C0020004E0075006E007A0069006F0000000100C40000009B230100D2073A0000
"Édson Araújo",308345,50176,319,48,INTERNAL_PERSON_ID,0x005B66E8,False,430061007200760061006C006C006F0000000100C400000099230100EBE0500000040000004C00650061006C0000000100C40000009A23010017BB8600000A000000440065006C0020004E0075006E007A0069006F0000000100C40000009B230100D2073A0000060000005300750061006E006E006F0000000100C40000009C230100F2
"Édson Araújo",308345,50176,319,48,INTERNAL_PERSON_ID,0x005B6711,False,61006C0000000100C40000009A23010017BB8600000A000000440065006C0020004E0075006E007A0069006F0000000100C40000009B230100D2073A0000060000005300750061006E006E006F0000000100C40000009C230100F2E0500000060000004100720072006F0079006F0000000100C40000009D230100F6E050000005000000
"Édson Araújo",308345,50176,319,48,INTERNAL_PERSON_ID,0x005B6732,False,4E0075006E007A0069006F0000000100C40000009B230100D2073A0000060000005300750061006E006E006F0000000100C40000009C230100F2E0500000060000004100720072006F0079006F0000000100C40000009D230100F6E05000000500000053006F006C006500720000000100C40000009E230100ADBE860000070000004200
"Édson Araújo",308345,50176,319,48,INTERNAL_PERSON_ID,0x005B6753,False,5300750061006E006E006F0000000100C40000009C230100F2E0500000060000004100720072006F0079006F0000000100C40000009D230100F6E05000000500000053006F006C006500720000000100C40000009E230100ADBE8600000700000042006100720062006F007A00610000000100C40000009F230100F8E050000005000000
"Édson Araújo",308345,50176,319,48,INTERNAL_PERSON_ID,0x005B6772,False,00004100720072006F0079006F0000000100C40000009D230100F6E05000000500000053006F006C006500720000000100C40000009E230100ADBE8600000700000042006100720062006F007A00610000000100C40000009F230100F8E050000005000000500061007600F3006E0000000100C4000000A0230100FAE050000007000000
"Édson Araújo",308345,50176,319,48,INTERNAL_PERSON_ID,0x005B6795,False,53006F006C006500720000000100C40000009E230100ADBE8600000700000042006100720062006F007A00610000000100C40000009F230100F8E050000005000000500061007600F3006E0000000100C4000000A0230100FAE0500000070000004D00650072006D0065006A006F0000000100C4000000A1230100FBE050000007000000
"Édson Araújo",308345,50176,319,48,INTERNAL_PERSON_ID,0x005B67B4,False,42006100720062006F007A00610000000100C40000009F230100F8E050000005000000500061007600F3006E0000000100C4000000A0230100FAE0500000070000004D00650072006D0065006A006F0000000100C4000000A1230100FBE050000007000000430061006D006100720067006F0000000100C4000000A2230100FDE0500000
"Édson Araújo",308345,50176,319,48,INTERNAL_PERSON_ID,0x005B67D7,False,500061007600F3006E0000000100C4000000A0230100FAE0500000070000004D00650072006D0065006A006F0000000100C4000000A1230100FBE050000007000000430061006D006100720067006F0000000100C4000000A2230100FDE05000000900000047006F006C0069006E00640061006E006F0000000100C4000000A323010000
"Édson Araújo",308345,50176,319,48,INTERNAL_PERSON_ID,0x005B67FA,False,72006D0065006A006F0000000100C4000000A1230100FBE050000007000000430061006D006100720067006F0000000100C4000000A2230100FDE05000000900000047006F006C0069006E00640061006E006F0000000100C4000000A323010000E15000000600000041006C00640061006E00610000000100C4000000A423010017AA86
"Édson Araújo",308345,50176,319,48,INTERNAL_PERSON_ID,0x005B6821,False,720067006F0000000100C4000000A2230100FDE05000000900000047006F006C0069006E00640061006E006F0000000100C4000000A323010000E15000000600000041006C00640061006E00610000000100C4000000A423010017AA8600000600000053006900760069007200610000000100C4000000A523010003E150000009000000
"Édson Araújo",308345,50176,319,48,INTERNAL_PERSON_ID,0x005B6842,False,69006E00640061006E006F0000000100C4000000A323010000E15000000600000041006C00640061006E00610000000100C4000000A423010017AA8600000600000053006900760069007200610000000100C4000000A523010003E15000000900000041006D0075006E006400610072006100790000000100C4000000A623010007E150
"Édson Araújo",308345,50176,319,48,INTERNAL_PERSON_ID,0x005B6863,False,41006C00640061006E00610000000100C4000000A423010017AA8600000600000053006900760069007200610000000100C4000000A523010003E15000000900000041006D0075006E006400610072006100790000000100C4000000A623010007E15000000500000044007500760061006C0000000100C4000000A723010009E1500000
"Édson Araújo",308345,50176,319,48,INTERNAL_PERSON_ID,0x005B688A,False,69007200610000000100C4000000A523010003E15000000900000041006D0075006E006400610072006100790000000100C4000000A623010007E15000000500000044007500760061006C0000000100C4000000A723010009E15000000700000043006100720072006500F1006F0000000100C4000000A82301000AE150000009000000
"Édson Araújo",308345,50176,319,48,INTERNAL_PERSON_ID,0x005B68A9,False,75006E006400610072006100790000000100C4000000A623010007E15000000500000044007500760061006C0000000100C4000000A723010009E15000000700000043006100720072006500F1006F0000000100C4000000A82301000AE150000009000000560065006C00E10073007100750065007A0000000100C4000000A92301000B
"Édson Araújo",308345,50176,319,48,INTERNAL_PERSON_ID,0x005B68CC,False,44007500760061006C0000000100C4000000A723010009E15000000700000043006100720072006500F1006F0000000100C4000000A82301000AE150000009000000560065006C00E10073007100750065007A0000000100C4000000A92301000BE15000000500000041006C0065006A006F0000000100C4000000AA2301000CE1500000
"Édson Araújo",308345,50176,319,48,INTERNAL_PERSON_ID,0x005B68F3,False,6500F1006F0000000100C4000000A82301000AE150000009000000560065006C00E10073007100750065007A0000000100C4000000A92301000BE15000000500000041006C0065006A006F0000000100C4000000AA2301000CE15000000700000043006800750065006C006C006F0000000100C4000000AB23010018AA86000005000000
"Édson Araújo",308345,50176,319,48,INTERNAL_PERSON_ID,0x005B6912,False,6C00E10073007100750065007A0000000100C4000000A92301000BE15000000500000041006C0065006A006F0000000100C4000000AA2301000CE15000000700000043006800750065006C006C006F0000000100C4000000AB23010018AA8600000500000042006F0061006400610000000100C4000000AC2301000EE150000009000000
"Édson Araújo",308345,50176,319,48,INTERNAL_PERSON_ID,0x005B6935,False,41006C0065006A006F0000000100C4000000AA2301000CE15000000700000043006800750065006C006C006F0000000100C4000000AB23010018AA8600000500000042006F0061006400610000000100C4000000AC2301000EE15000000900000041007400650068006F0072007400FA00610000000100C4000000AD23010010E1500000
"Édson Araújo",308345,50176,319,48,INTERNAL_PERSON_ID,0x005B6954,False,43006800750065006C006C006F0000000100C4000000AB23010018AA8600000500000042006F0061006400610000000100C4000000AC2301000EE15000000900000041007400650068006F0072007400FA00610000000100C4000000AD23010010E15000000600000056006100720067006100730000000100C4000000AE23010013E150
"Édson Araújo",308345,50176,319,48,INTERNAL_PERSON_ID,0x005B697B,False,61006400610000000100C4000000AC2301000EE15000000900000041007400650068006F0072007400FA00610000000100C4000000AD23010010E15000000600000056006100720067006100730000000100C4000000AE23010013E150000006000000520069006E006300F3006E0000000100C4000000AF2301001AAA86000007000000
"Édson Araújo",308345,50176,319,48,INTERNAL_PERSON_ID,0x005B699C,False,68006F0072007400FA00610000000100C4000000AD23010010E15000000600000056006100720067006100730000000100C4000000AE23010013E150000006000000520069006E006300F3006E0000000100C4000000AF2301001AAA8600000700000044007500640061006D0065006C0000000100C4000000B023010017E15000000500
"Édson Araújo",308345,50176,319,48,INTERNAL_PERSON_ID,0x005B69BD,False,56006100720067006100730000000100C4000000AE23010013E150000006000000520069006E006300F3006E0000000100C4000000AF2301001AAA8600000700000044007500640061006D0065006C0000000100C4000000B023010017E15000000500000050006F006E007A006F0000000100C4000000B1230100284C66000009000000
"Édson Araújo",308345,50176,319,48,INTERNAL_PERSON_ID,0x005B69E0,False,69006E006300F3006E0000000100C4000000AF2301001AAA8600000700000044007500640061006D0065006C0000000100C4000000B023010017E15000000500000050006F006E007A006F0000000100C4000000B1230100284C6600000900000053006F006C00F30072007A0061006E006F0000000100C4000000B2230100F4DF500000
"Édson Araújo",308345,50176,319,48,INTERNAL_PERSON_ID,0x005B69FF,False,44007500640061006D0065006C0000000100C4000000B023010017E15000000500000050006F006E007A006F0000000100C4000000B1230100284C6600000900000053006F006C00F30072007A0061006E006F0000000100C4000000B2230100F4DF5000000900000041006E006E006100720065006C006C00690000000100C4000000B3
"Édson Araújo",308345,50176,319,48,INTERNAL_PERSON_ID,0x005B6A26,False,6E007A006F0000000100C4000000B1230100284C6600000900000053006F006C00F30072007A0061006E006F0000000100C4000000B2230100F4DF5000000900000041006E006E006100720065006C006C00690000000100C4000000B32301008B4E660000050000004E00610063006300610000000100C4000000B423010058F24D0000
"Édson Araújo",308345,50176,319,48,INTERNAL_PERSON_ID,0x005B6A4D,False,61006E006F0000000100C4000000B2230100F4DF5000000900000041006E006E006100720065006C006C00690000000100C4000000B32301008B4E660000050000004E00610063006300610000000100C4000000B423010058F24D000006000000500065006C00E10065007A0000000100C4000000B523010064F30E00000C0000005200
"Édson Araújo",308345,50176,319,48,INTERNAL_PERSON_ID,0x005B6A6C,False,6E006100720065006C006C00690000000100C4000000B32301008B4E660000050000004E00610063006300610000000100C4000000B423010058F24D000006000000500065006C00E10065007A0000000100C4000000B523010064F30E00000C00000052006900760069006C006C006F002D005200750069007A0000000100C4000000B6
"Édson Araújo",308345,50176,319,48,INTERNAL_PERSON_ID,0x005B6A8D,False,00004E00610063006300610000000100C4000000B423010058F24D000006000000500065006C00E10065007A0000000100C4000000B523010064F30E00000C00000052006900760069006C006C006F002D005200750069007A0000000100C4000000B6230100A0F00E0000050000004D007500F1006F007A0000000100C4000000B72301
"Édson Araújo",308345,50176,319,48,INTERNAL_PERSON_ID,0x005B6ABA,False,00000100C4000000B523010064F30E00000C00000052006900760069006C006C006F002D005200750069007A0000000100C4000000B6230100A0F00E0000050000004D007500F1006F007A0000000100C4000000B7230100DFE10E0000050000004100730061006100640000000200C5000000B82301008243020000070000004B006500
"Édson Araújo",308345,50176,319,48,INTERNAL_PERSON_ID,0x005B6AD9,False,6C006F002D005200750069007A0000000100C4000000B6230100A0F00E0000050000004D007500F1006F007A0000000100C4000000B7230100DFE10E0000050000004100730061006100640000000200C5000000B82301008243020000070000004B006500740074006C0075006E0000000200C5000000B9230100190256000008000000
"Édson Araújo",308345,50176,319,48,INTERNAL_PERSON_ID,0x005BCEE0,False,7400730061000000010006000000C3000000D4C6790000070000004D006F0075006B006F006B006F000000010006000000C4000000A6A00100000E000000530069006D006F006E0020004100740061006E00670061006E0061000000010006000000C50000005C1D7600000B0000004F006E0061006E00610020004A0075006C00650073
"Édson Araújo",308345,50176,319,48,INTERNAL_PERSON_ID,0x0062E3C4,False,00004E00690063006F006C00E100730000000100C3000000A92C0000331C540000040000004A00650061006E0000000100C4000000AA2C0000CFD56A0000080000004A006F006E0061007400680061006E0000000100C4000000AB2C0000F1590B000004000000440061006E00690000000100C4000000AC2C0000895E0B000004000000
"Édson Araújo",308345,50176,319,48,INTERNAL_PERSON_ID,0x0062E3E9,False,4A00650061006E0000000100C4000000AA2C0000CFD56A0000080000004A006F006E0061007400680061006E0000000100C4000000AB2C0000F1590B000004000000440061006E00690000000100C4000000AC2C0000895E0B0000040000004C0075006900730000000100C4000000AD2C00005BED160000040000004D00690063007500
"Édson Araújo",308345,50176,319,48,INTERNAL_PERSON_ID,0x0062E406,False,4A006F006E0061007400680061006E0000000100C4000000AB2C0000F1590B000004000000440061006E00690000000100C4000000AC2C0000895E0B0000040000004C0075006900730000000100C4000000AD2C00005BED160000040000004D0069006300750000000100C4000000AE2C0000BEEE1600000C0000005000650064007200
"Édson Araújo",308345,50176,319,48,INTERNAL_PERSON_ID,0x0062E423,False,590B000004000000440061006E00690000000100C4000000AC2C0000895E0B0000040000004C0075006900730000000100C4000000AD2C00005BED160000040000004D0069006300750000000100C4000000AE2C0000BEEE1600000C00000050006500640072006F002000530061006E0074006F00730000000100C4000000AF2C00002F
"Édson Araújo",308345,50176,319,48,INTERNAL_PERSON_ID,0x0062E440,False,5E0B0000040000004C0075006900730000000100C4000000AD2C00005BED160000040000004D0069006300750000000100C4000000AE2C0000BEEE1600000C00000050006500640072006F002000530061006E0074006F00730000000100C4000000AF2C00002FC40D000004000000C1006C006500780000000100C4000000B02C000022
"Édson Araújo",308345,50176,319,48,INTERNAL_PERSON_ID,0x0062E46D,False,00000100C4000000AE2C0000BEEE1600000C00000050006500640072006F002000530061006E0074006F00730000000100C4000000AF2C00002FC40D000004000000C1006C006500780000000100C4000000B02C0000224240000005000000440061006E006E00790000000100C4000000B12C0000BC1C0B00000C0000004D0061006E00
"Édson Araújo",308345,50176,319,48,INTERNAL_PERSON_ID,0x0062E48A,False,6F002000530061006E0074006F00730000000100C4000000AF2C00002FC40D000004000000C1006C006500780000000100C4000000B02C0000224240000005000000440061006E006E00790000000100C4000000B12C0000BC1C0B00000C0000004D0061006E0073006F007500720020004800610064006A0000000100C5000000B22C00
"Édson Araújo",308345,50176,319,48,INTERNAL_PERSON_ID,0x0062E4A9,False,000004000000C1006C006500780000000100C4000000B02C0000224240000005000000440061006E006E00790000000100C4000000B12C0000BC1C0B00000C0000004D0061006E0073006F007500720020004800610064006A0000000100C5000000B22C00000FCA5100000C0000004E00690063006F006C006100200048006100640077
"Édson Araújo",308345,50176,319,48,INTERNAL_PERSON_ID,0x00636506,False,03AE00000005000000007200490001020003002502000043140000860200000705000000D6890000AB1E00000000000000C40000000500000000000000000103000000260200000E1500008702000008050000004C4F0000B03600000000000002B8000000050000000072004A00010300000027020000FFFFFFFF880200000905000000
"Édson Araújo",308345,50176,319,48,INTERNAL_PERSON_ID,0x0069E6A8,False,00D7000000FFFFFFFF392500007E9B5E0000EE020000000000000000000000FFFFFFFF0500000000000000000000000000C4000000FFFFFFFF3A2500007F9B5E0000DC050000000000000000000000FFFFFFFF050000000000000000000000000042240000FFFFFFFF3B250000809B5E0000B80B0000000000000000000000FFFFFFFF05
"Édson Araújo",308345,50176,319,48,INTERNAL_PERSON_ID,0x006AEF6C,False,00FFFFFFFFBD2A0000505E7C0000D0070000320000000000000000FFFFFFFF050000000000000000010000000035000000C4000000BE2A0000605F7C0000D0070000320000000000000000FFFFFFFF0500000000000000000100000000092D0000FFFFFFFFBF2A0000635F7C0000581B0000C80000000000000000FFFFFFFF05C4090000
"Édson Araújo",308345,50176,319,48,INTERNAL_PERSON_ID,0x006C842E,False,00006C07FFFFFFFF0000FFFFFFFFFFFF00006C07FFFFFFFF0000FFFFFFFFFFFF0000004B00000000000000000000000000C4000000890100000A0000A00F0000DE010000FFFFFFFFFFFFFFFFC8040000FFFFFFFFFFFFFFFF0000FFFFFFFF00102700000000000000FFFFFFFF000000000000F03F0000000000000000000000006C07FFFF
"Édson Araújo",308345,50176,319,48,INTERNAL_PERSON_ID,0x006D0235,False,170000FFFFFFFF0000F301000001102700000000000000FFFFFFFFB512CD162325F03F050000000F006900000078000000C4000000C6000000D0000000D20000003F0100008502000037030000F1160000F9160000FC1200002B190000C9180000D31800000000000000006C07FFFFFFFF0000FFFFFFFFFFFF00006C07FFFFFFFF0000FF
"Édson Araújo",308345,50176,319,48,INTERNAL_PERSON_ID,0x006D0CAA,False,0000F03F0000000000000000000000006C07FFFFFFFF0000FFFFFFFFFFFF00006C07FFFFFFFF0000FFFFFFFFFFFF000000C40000000000000000000000000075010000B50300000A0011381800001100000010000000FFFFFFFFD7240000FFFFFFFFFFFFFFFF0000FFFFFFFF00102700000000000000FFFFFFFFC3D8E8EED0B2EF3F0A00
"Édson Araújo",308345,50176,319,48,INTERNAL_PERSON_ID,0x006D80C6,False,03071B01D5071D01D5076801030700006C07FFFFFFFF0000FFFFFFFFFFFF00006C07FFFFFFFF0000FFFFFFFFFFFF000100C400000000000000000000000000330200007A0600000A000E3E1700003200000032000000FFFFFFFF81010000FFFFFFFFFFFFFFFF0000FFFFFFFF00102700000000000000FFFFFFFF7E2E97DA113FED3F0800
"Édson Araújo",308345,50176,319,48,INTERNAL_PERSON_ID,0x006E4C2B,False,07FFFFFFFF0000FFFFFFFFFFFF0000009C020000000000000000000000008C0300003F0002000A0002D0070000C9000000C4000000FFFFFFFF292100008C180000FFFFFFFF0000FFFFFFFF00102700000000000020FFFFFFFF000000000000F03F0000000000000000000000006C07FFFFFFFF0000FFFFFFFFFFFF00006C07FFFFFFFF00
"Édson Araújo",308345,50176,319,48,INTERNAL_PERSON_ID,0x007034DE,False,0000F03F0000000000000000000000006C07FFFFFFFF0000FFFFFFFFFFFF00006C07FFFFFFFF0000FFFFFFFFFFFF0F0000C40000001300000031002E00460043002000530061006100720062007200FC0063006B0065006E002000490049000000000E000000530061006100720062007200FC0063006B0065006E002000490049000000
"Édson Araújo",308345,50176,319,48,INTERNAL_PERSON_ID,0x00767CF7,False,FF44720000118B0000FFFFFFFF8D00B207008F0000007500000000000000FFFFFFFF0000006C0764010000010000D10700C4000000FFFFFFFF0000000000FFFFFFFF01000100000000000000000000000000000098010000A80C010000010000C400000000B3000000983A0000B400D507020400000000000000000000D1073602321A00
"Édson Araújo",308345,50176,319,48,INTERNAL_PERSON_ID,0x00767D26,False,0700C4000000FFFFFFFF0000000000FFFFFFFF01000100000000000000000000000000000098010000A80C010000010000C400000000B3000000983A0000B400D507020400000000000000000000D1073602321A00000000010703016400C500000001034B00FC00000001035A00A70000000045001AFFFFFFFF01612100A70000000161
"Édson Araújo",308345,50176,319,48,INTERNAL_PERSON_ID,0x00767D94,False,A70000000045001AFFFFFFFF01612100A700000001613600B300000002623600910000000100FE000000000000D1070000C4000000BE210000024C1D5E1A88149100A700C1000000FFFFFFFFD88F23000A3210270000102700FF3F0000000000003E00002A86370000000000000000000000000000000000000000000000000000000000
"Édson Araújo",308345,50176,319,48,INTERNAL_PERSON_ID,0x00768250,False,00D407300232FF00000000010101610600450200000000000000D4070000C8000000D921000002781E781EF219A300B400C4000000FFFFFFFF5E7C2B000A3210270000102700FF3F000000010000490000176587000000000000000000000000000000000000000000000000000000000000010000000000000000850300000000000000
"Édson Araújo",308345,50176,319,48,INTERNAL_PERSON_ID,0x00787FBA,False,0000000000000000000000000000000000010000000000000000640300000000000000000000010000000000000E000E00C4000000C400010000010400D4071800D407FFFFFFFF00FFFFFFFF00FFFFFFFF0001005A000000006C07FFFFFFFF7FCB00005F150100FFFFFFFF0C00B80700BF0000009E000000260200002E0200000100006C
"Édson Araújo",308345,50176,319,48,INTERNAL_PERSON_ID,0x0078E078,False,000000FFFFFFFF0000006C0790000000010000D1070A91020000000900000000000000FFFFFFFF0100010000003E060000C40000006E00000000000000BE35000000010002030F00000000CD6C9D00AD02000000340000007D0C00001E00D607030400000000000000000000D10732024BFF000000000103010350003400000001045000
"Édson Araújo",308345,50176,319,48,INTERNAL_PERSON_ID,0x007A5DD7,False,FFFFFF00000000FFFFFFFF0000006C071A030000010000D1070AEE030000FFFFFFFF0000000000FFFFFFFF020001000000C4000000270000001300000000000000A70B0000F0010002030F00000000F70D1E001F0400000030000000880100001E00D607050400000000000000000000D1072B0200FF00000001FFFFFFFF0304001F0400
"Édson Araújo",308345,50176,319,48,INTERNAL_PERSON_ID,0x007AE16B,False,000000000000D1072A0237FF00000000000000000000D10700009B0400008AA5040001F809F809FB043300AA0000000000C4000000ECC2000084050100FFFFFFFF5E00A90700BD000000FFFFFFFF00000000FFFFFFFF0000006C075F040000020000D1070A68040000FFFFFFFF0000000000FFFFFFFF0100000000000000000000000000
"Édson Araújo",308345,50176,319,48,INTERNAL_PERSON_ID,0x007CAFFF,False,9B000000010000D1070A150600003D0400000000000000FFFFFFFF01000100000014000000000000000000000006000000C40000000001000100E26D00005F060000003F000000870000001E00D507020400000000000000000000D1072B0232FF000000000101016130003F0000000000000000D10700005F06000035AD040002600960
"Édson Araújo",308345,50176,319,48,INTERNAL_PERSON_ID,0x007D7D86,False,0100010000001D000000000000000000000009000000820200008801000202A3D904000095F0060030070000003D020000C40000001E00D607020400000000000000000000D2072B0232FF00000000010101612B003D0200000000000000D2070000300700008FB0040002F411F4113200740081007A050000FFFFFFFFA9A700000A0090
"Édson Araújo",308345,50176,319,48,INTERNAL_PERSON_ID,0x007DC2D5,False,09002A0000002A00010000010400D4070400D307FFFFFFFF00FFFFFFFF00FFFFFFFF0066005A000000006C07FFFFFFFF00C400001502010086260000CF00BC0700BD0000003E00000000000000FFFFFFFF0000006C07E7020000010400D4070A2F070000A50500000000000000FFFFFFFF02000100000077010000460000002500000000
"Édson Araújo",308345,50176,319,48,INTERNAL_PERSON_ID,0x007F4FD5,False,040400000000000000000000D1072A0237FF00000000000000000000D1070000FD080000A1BF040001BC1BBC1BDE0D8E00C40000000000240200008DC5000036020100FFFFFFFF2500AD0700BD000000FFFFFFFF00000000FFFFFFFF0000006C0765040000180000D1070AB4080000FFFFFFFF0000000000FFFFFFFF0000000000000000
"Édson Araújo",308345,50176,319,48,INTERNAL_PERSON_ID,0x007F5596,False,000400D4072B0232FF00000000010101612100280400000000000400D407000003090000A7BF040001A41FA41FD20FA200C4000000000027020000B5BE00005A0A0100FFFFFFFF0E00AB0700BD000000FFFFFFFF00000000FFFFFFFF0000006C079E0000000C0000D1070ABA080000FFFFFFFF0000000000FFFFFFFF0100010000000000
"Édson Araújo",308345,50176,319,48,INTERNAL_PERSON_ID,0x00814E71,False,0071020000A90000006D01D407020400000000000000000000D40764FF32FF000000000103016136007102000002623600C4000000016131001D0600000000000000D1070000D00A0000E0CF04000266086608320051006600FC070000FFFFFFFF441E00000A00A81600001027000000000000000000470000EE1B000000000000000000
"Édson Araújo",308345,50176,319,48,INTERNAL_PERSON_ID,0x0083A900,False,FFFFFF00000000FFFFFFFF0000006C0799000000010000D1070AA00C0000680600000000000000FFFFFFFF020001000000C4000000380000001C00000000000000C331000008010002030F0000000058B55100EA0C00000042000000310200001E00D607050400000000000000000000D107330200FF00000001FFFFFFFF020400EA0C00
"Édson Araújo",308345,50176,319,48,INTERNAL_PERSON_ID,0x008438D3,False,94000000010400D4070A160D0000FFFFFFFF0000000000FFFFFFFF01000100000025000000000000000300000000000000C400000000010002030F0000000012420100600D000000380000004B0000006301D407040400000000000000000400D407270200FF00000000010101610900380000000000000400D4070000600D000007D504
"Édson Araújo",308345,50176,319,48,INTERNAL_PERSON_ID,0x00849FDA,False,02000100000000000000000000000000000009000000A900000000010002030A000000005B790300B90D0000003E020000C40000001E00D607020400000000000000000000D307240237FF00000001FFFFFFFF030400B90D0000002E000000C40000006D01D407040000000000000000000000D40764FF00FF000000000102016112002E
"Édson Araújo",308345,50176,319,48,INTERNAL_PERSON_ID,0x0084A008,False,020000C40000001E00D607020400000000000000000000D307240237FF00000001FFFFFFFF030400B90D0000002E000000C40000006D01D407040000000000000000000000D40764FF00FF000000000102016112002E00000001610D003E0200000000000000D3070000B90D0000B5D504000250145014320069007D00690A0000FFFFFF
"Édson Araújo",308345,50176,319,48,INTERNAL_PERSON_ID,0x0085DF48,False,00FFFFFFFF01000100000000000000000000000000000009000000C3000000F401000100A70B0200E40E000000BB040000C40000001E00D607010400000000000000000000D407290264FF00000000000000000000D4070000E40E000080DA0400021A041A04320044006E004E0B0000FFFFFFFF8E0500000A00E0150000102700000000
"Édson Araújo",308345,50176,319,48,INTERNAL_PERSON_ID,0x0085F277,False,010001000000440000000000000009000000000000005600000028010002030500000000D5720300F40E0000003D020000C40000001E00D607050600000000000000000000D107360200FF000000000101016118003D0200000000000000D1070000F40E0000A7DA040002560FD90E660069007E005D0B0000FFFFFFFF619F00000A000C
"Édson Araújo",308345,50176,319,48,INTERNAL_PERSON_ID,0x00860BA6,False,FFFFFF00000000FFFFFFFF0000006C07FF080000010100D4070AC20E0000F20800000000000000FFFFFFFF010001000000C40000000000000013000000000000007C0200008801000302770A0600030A00000000C4FF04000C0F00000040020000880100001B01D407050400000000000000000100D407250200FF000000000000000001
"Édson Araújo",308345,50176,319,48,INTERNAL_PERSON_ID,0x00877157,False,5F040000010000D1070A09100000FFFFFFFF0000000000FFFFFFFF01000100000000000000000000000000000000000000C4000000E001000100B2E70100531000000062030000E60000001E00D607010400000000000000000000D1072A0264FF00000000010101613600620300000000000000D10700005310000000E1040002C201C2
"Édson Araújo",308345,50176,319,48,INTERNAL_PERSON_ID,0x0087C848,False,C9080000010000D1070A5C100000FFFFFFFF0000000000FFFFFFFF0100010000001A000000070000000300000000000000C400000048010002030F000000006FA10800A610000000440000004B0000001E00D507050600000000000000000000D107330200FF00000000010101613600440000000000000000D1070000A61000001EE304
"Édson Araújo",308345,50176,319,48,INTERNAL_PERSON_ID,0x008850DE,False,010001000000620000000000000009000000000000000000000060010002030F0000000063CF0900181100000030000000C40000000300D707040400000000000000000400D407320200FF000000000102010355003600000001612400360000000000000400D40700001811000006E5040002F401F401320037009900160D0000FFFFFF
"Édson Araújo",308345,50176,319,48,INTERNAL_PERSON_ID,0x0088F65E,False,FFFFFF0000006C070D020000013C00D0070A59110000F31900000000000000FFFFFFFF010001000000CB08000000000000C400000000000000022A000000010001030F000000AD110000005201000096110000D400D60702040000000000000000AB00D4073302320700000000010503016400AE110000010364005201000000450007FF
"Édson Araújo",308345,50176,319,48,INTERNAL_PERSON_ID,0x008A759B,False,FFFFFFFF00FFFFFFFF00FFFFFFFF0066005A000000006C07FFFFFFFFB54A0000BB480000FFFFFFFF5300BD070061000000C400000008000000AC0000000100006C076C01000001B500D2070A88120000CD1D00000000000000FFFFFFFF010001000000000000000000000003020000000000000349010030010001030F000000F2120000
"Édson Araújo",308345,50176,319,48,INTERNAL_PERSON_ID,0x008A761F,False,00BB000000D4300000B400D60703040000000000000000B500D2072E024B1600000000010500450016FFFFFFFF01610900C4000000026248009100000001613F00BB0000000261100061000000000000B500D2070000F2120000E87F0D00027E1D7E1D6A189F00AA008B0E0000FFFFFFFFD28D80000A3210270000102700FF3F00000001
"Édson Araújo",308345,50176,319,48,INTERNAL_PERSON_ID,0x008A9845,False,00248B0000FFFFFFFF4501BE07008F000000FFFFFFFF000003005F0F00000100006C075301000001B500D3070AA3120000C40000000000000000FFFFFFFF0100010000001C0400000000000069000000000000007FCC0000D8010001030F0000000D13000000A200000038080000B400D907020400000000000000008A00D4072A02320C
"Édson Araújo",308345,50176,319,48,INTERNAL_PERSON_ID,0x008B2D98,False,00FFFFFFFF010001000000130000000000000009000000000000006E0000000001000100D6BF000084130000003F000000C40000001E00D507070500000000000000000000D2072F02E7FF000000000101016118003F00000005000F0200003A02000042020000480200001F030000000000D2070000841300002E8A1E0002F41AF41A88
"Édson Araújo",308345,50176,319,48,INTERNAL_PERSON_ID,0x008C5C19,False,01006A01D30706BD000000FF00016A01D3075000000050000000FFFFFFFFFFFFFFFFFFFFFFFF028C0000008B0000000200C4000000010400D4070400D407FFFFFFFF00FFFFFFFF00FFFFFFFF0007004D000000006C07FFFFFFFF32C00000950D0100392800000C00BB0700BD0000003800000000000000FFFFFFFF0000006C078C000000
"Édson Araújo",308345,50176,319,48,INTERNAL_PERSON_ID,0x008D48A2,False,000000D1072C0200FF000000000101016136003F0200000000000000D107000033150000465D320001F609F609FB043300C400000000004A0400002FBF00008F0B0100FFFFFFFFC100950700BD000000FFFFFFFF00000000FFFFFFFF0000006C071B030000040000D1070AC8140000FFFFFFFF0000000000FFFFFFFF0000000000000000
"Édson Araújo",308345,50176,319,48,INTERNAL_PERSON_ID,0x008DBA6E,False,00FFFFFFFF010000000000000000000000000000000000000000003300000000010001004BE60000A41500000018030000C40000001E00D507010400000000000000000000D207310264FF00000000010101612400180300000000000000D2070000A4150000525E32000268106810840379008700D1100000FFFFFFFFB48E01000A0070
"Édson Araújo",308345,50176,319,48,INTERNAL_PERSON_ID,0x008F7197,False,000000CC010000FE070000A700D70703040000000000000000BE00D3072C024B2E0000000001000000EE07000000000000C400000000000000DC130600A4010101030F0000001817000000FC000000DC0F0000A700D70707050000000000000000B500D2072C02E7FF00000000010501036400FC00000001036400050100000045002EFF
"Édson Araújo",308345,50176,319,48,INTERNAL_PERSON_ID,0x009002E4,False,FFFFFF0000006C0735020000010400D4070A13170000420100000000000000FFFFFFFF0100010000000000000000000000C400000000000000466A0000B801000100D1256800971700000070010000A00F0000B400D50702040000000000000000AB00D40736023215000000000104010364008D010000010364008401000000450015FF
"Édson Araújo",308345,50176,319,48,INTERNAL_PERSON_ID,0x009012EF,False,FFFFFF0000006C075502000001B500CD070A1F170000570100000000000000FFFFFFFF0100010000005802000000000000C4000000000000005F2E010008010001006C74AB00A31700000088010000A00F0000B400D70702040000000000000000AB00D4072E02320E00000000010502096400C700000001034B00750100000103640088
"Édson Araújo",308345,50176,319,48,INTERNAL_PERSON_ID,0x0090E3D9,False,FFFFFF02000102E70F00000100006C0787000000010000D1070AC7170000480900000000000000FFFFFFFF010001000000C40000002700000013000000000000005700000000010001030F00000054180000002B000000880100001E00D607020400000000000000000000D1073702320900000000010300450009FFFFFFFF01610C002B
"Édson Araújo",308345,50176,319,48,INTERNAL_PERSON_ID,0x0090F86C,False,0C00D407FFFFFFFF00FFFFFFFF00FFFFFFFF0001005A000000006C07FFFFFFFF69D60000D7220100FFFFFFFFF100B90700C4000000700200001B040000330200000100006C079E000000010400D40700D91700000D3300000000000000FFFFFFFF010001000000870000005A0000002D00000000000000CD8C00003C01000100329CAE00
"Édson Araújo",308345,50176,319,48,INTERNAL_PERSON_ID,0x0090F8FC,False,00B900D507020400000000000000000400D407390232FF00000000010301610E0057020000016125007002000002613400C40000000000000400D4070000661800003DDF500001A217A217920981008C0004000000D80400006CD60000D8220100FFFFFFFF6D01A00700C4000000FFFFFFFF0B000000330200001000006C07FFFFFFFF10
"Édson Araújo",308345,50176,319,48,INTERNAL_PERSON_ID,0x0090F935,False,00D4070000661800003DDF500001A217A217920981008C0004000000D80400006CD60000D8220100FFFFFFFF6D01A00700C4000000FFFFFFFF0B000000330200001000006C07FFFFFFFF100400D40700DA170000790900000000000000FFFFFFFF0000000000000400D4070000671800003EDF500002600960093200580073000E130000
"Édson Araújo",308345,50176,319,48,INTERNAL_PERSON_ID,0x00924213,False,00000000000100E30F00000100006C0789000000010000D4070AE5180000AD0A00000000000000FFFFFFFF010001000000C4000000380000001C0000000000000086270000000100030243133100030A00000000279B3D0075190000002D000000300200001E00D507030400000000000000000000D40723024BFF00000000010201610A
"Édson Araújo",308345,50176,319,48,INTERNAL_PERSON_ID,0x0095370F,False,FF0000000000FFFFFFFF0100010000000000000000000000000000000000000000000000000C0000401C0000003A000000C40000001E00D707040400000000000000000000D1072C0237FF00000000000000000000D1070000401C00007EC78600028A0F8A0F96007A009B0005160000FFFFFFFFE0F112000A000C170000102700000000
"Édson Araújo",308345,50176,319,48,INTERNAL_PERSON_ID,0x0095A5EB,False,0100010000004400000000000000090000000000000091010000F8010002030A0000000093F20B00A41C00000035020000C40000001E00D507050600000000000000000000D1072A0200FF00000000010101613600350200000000000000D1070000A41C0000C6C9860002B210B40F32008400A50057160000FFFFFFFF6F2601000A009C
"Édson Araújo",308345,50176,319,48,INTERNAL_PERSON_ID,0x00993AA6,False,00D4070000E920000088E3F505014D0C4D0CC4063F00B60000000000700800003ED600006A220100FFFFFFFFA800A70700C4000000FFFFFFFF00000000330200001000006C07FFFFFFFF100400D4070047200000FFFFFFFF0000000000FFFFFFFF0000000000000400D4070000EA20000089E3F50501E803E803F4011400240000000000
"Édson Araújo",308345,50176,319,48,INTERNAL_PERSON_ID,0x009B867E,False,29000002F4F50504FFFFFFFF53002C000E0A060F0A12100908000000000000003BD600006D220100FFFFFFFF4F00AC0700C4000000FFFFFFFF00000000FFFFFFFF2000006C07FFFFFFFF2000006C0700FFFFFFFFFFFFFFFF0000000000FFFFFFFF00000000000000006C070000C429000003F4F50504FFFFFFFF09005B002B03040C0509
"Édson Araújo",308345,50176,319,48,INTERNAL_PERSON_ID,0x009B86EC,False,29000003F4F50504FFFFFFFF09005B002B03040C050910050A0000000000000042D600006C220100FFFFFFFF0C01A50700C4000000FFFFFFFF00000000FFFFFFFF2000006C07FFFFFFFF2000006C0700FFFFFFFFFFFFFFFF0000000000FFFFFFFF00000000000000006C070000C529000004F4F50504FFFFFFFF2D004B006E0206071309
"Édson Araújo",308345,50176,319,48,INTERNAL_PERSON_ID,0x009B875A,False,29000004F4F50504FFFFFFFF2D004B006E02060713090A1114000000000000003ED6000070220100FFFFFFFF9A00AC0700C4000000FFFFFFFF00000000FFFFFFFF2000006C07FFFFFFFF2000006C0700FFFFFFFFFFFFFFFF0000000000FFFFFFFF00000000000000006C070000C629000005F4F50504FFFFFFFF3B0024004A02090B030A
"Édson Araújo",308345,50176,319,48,INTERNAL_PERSON_ID,0x009E4887,False,E3EC0DFBCF8383838383831E0983FF98F1D106141005131102030A0812070B14110B13060F0F11120B12140D1212FF0900C4000000FFFFFFFF0001010101010114010101011401010101010101010101140101C0CAE82ED0110BFC090CC68383838383830BED8311D1FCED0A140C020F11070906020C0414120A1310050F130E0E0D0E0C
"Édson Araújo",308345,50176,319,48,INTERNAL_PERSON_ID,0x00A7D6E1,False,008A0000005B7E0A0000C3000000D307CD000000FFFFFFFFCB000000FFFFFFFFFFFFFFFFFFFFFFFF8B000000084A0F0000C4000000D307FFFFFFFF8D030000FFFFFFFFFFFFFFFFFFFFFFFFFFFFFFFF8C000000834A0F0000C6000000D307D7000000D8000000FFFFFFFFFFFFFFFFFFFFFFFFFFFFFFFF8D000000D4100A0000C7000000D1
"Édson Araújo",308345,50176,319,48,INTERNAL_PERSON_ID,0x00A83DED,False,FF00FFFFFFFF1B0000009800D4079700D50700010FC3000000FFFFFFFF00FFFFFFFF39000000DB00D40700006C07000000C4000000FFFFFFFF00FFFFFFFF1B0000001901D3070F00D507000000C5000000FFFFFFFF00FFFFFFFF160000009800D4074E01D407000000C6000000FFFFFFFF00FFFFFFFF1B0000000000D3070201D4070000
"Édson Araújo",308345,50176,319,48,INTERNAL_PERSON_ID,0x00A8BEDA,False,0000FFFFFFFF00FFFFFFFF96000000C2000000FFFFFFFF00FFFFFFFFAA00AA00C3000000FFFFFFFF00FFFFFFFF64005000C4000000FFFFFFFF00FFFFFFFF96009600C5000000FFFFFFFF0000000000000000000000000000000000000000A60B000000000000070000000A000000000B0000000A000000001500000009000000001D0000
"Édson Araújo",308345,50176,319,48,INTERNAL_PERSON_ID,0x00A99962,False,290000EEC300000153210000F0C300000197260000F6C300000193260000FEC30000011A220000FFC30000018726000000C40000018626000001C40000018326000002C4000001E120000003C4000001BD24000004C40000018226000007C40000012522000008C4000001732100000AC4000001972100000CC40000019A29000013C400
"Édson Araújo",308345,50176,319,48,INTERNAL_PERSON_ID,0x00A9A65F,False,05000000E8000000CC05000000EE000000EC05000000D2000000FF05000000C30000005B06000000B80000005D06000000C40000006E06000000F70000007106000000BA0000007406000000F30000009306000000BF0000009A06000000DB000000AA06000000F8000000AF06000000C0000000FE06000000E70000002707000000CB00
"Édson Araújo",308345,50176,319,48,PERSON_DATABASE_ID,0x002F317E,True,C300006FB40400000C000000C900640073006F006E002000410072006100FA006A006F0000000100BD00000000C4000079B404000007000000560061006C006B006D006100720000000100BD00000001C40000ADB40400000B000000440061006E00690065006C0020004C00750069007A0000000100BD00000002C40000B4B404000005
"Édson Araújo",308345,50176,319,48,PERSON_DATABASE_ID,0x0061E4E5,False,2600007BB40400000C000000C900640073006F006E002000410072006100FA006A006F0000000100BD0000008626000079B404000008000000520061006E00690065006C006C00690000000100BD000000872600006FB40400000F00000043007200690073007400690061006E006F0020004E0075006E006500730000000100BD000000
"Édson Araújo",308345,50176,319,48,PERSON_DATABASE_ID,0x007DC3AA,False,01D407040400000000000000000B01D30764FF00FF000000000101016117003E0000000000000400D40700007907000079B4040002480D480D64005C008B00A2050000FFFFFFFFE3D800000A000C170000102704000000000000000000000068200000000000000000000000000000000000000000000000000000000000000001000000
"Fabiano Eller",3300219,68361,322,51,INTERNAL_PERSON_ID,0x0057ACD6,True,5B3200001000000045006C006C0065007200200064006F0073002000530061006E0074006F00730000000100BD000000090B01007B5B3200001000000053006F006100720065007300200064006500200042006100720072006F00730000000100BD0000000A0B0100795B3200000F000000530069006C00760069006E006F0020004200
"Fabiano Eller",3300219,68361,322,51,INTERNAL_PERSON_ID,0x008CB59D,False,1B004600010000010400D4070400D307FFFFFFFF00FFFFFFFF00FFFFFFFF0066005A000000006C07FFFFFFFFC7BE0000090B0100512800004201B90700BD0000003A00000000000000FFFFFFFF0000006C078F000000010000D3070A40140000370400000000000000FFFFFFFF01000100000051000000000000001B00000000000000BC
"Fabiano Eller",3300219,68361,322,51,PERSON_DATABASE_ID,0x0057ACDA,True,1000000045006C006C0065007200200064006F0073002000530061006E0074006F00730000000100BD000000090B01007B5B3200001000000053006F006100720065007300200064006500200042006100720072006F00730000000100BD0000000A0B0100795B3200000F000000530069006C00760069006E006F002000420061007400
"Fabiano Eller",3300219,68361,322,51,PERSON_DATABASE_ID,0x00622E94,False,00785B3200000D000000460061006200690061006E006F00200045006C006C006500720000000100BD000000512800007B5B320000040000004E0061007300610000000100BD000000522800007F5B3200000C0000004D006100750072006F002000470061006C007600E3006F0000000100BD00000053280000815B3200000A00000041
"Fabiano Eller",3300219,68361,322,51,PERSON_DATABASE_ID,0x008CB64B,False,072F020AFF0000000001030161090044000000016109003A00000001612800330000000000000000D3070000AC1400007B5B320002201CF41AC4099100AA0020100000FFFFFFFF441B10000A1910270000102700FF1F0000000000004A000079F82700000000000000000000000000000000000000000000000000000000000003000000
"Fábio Baiano",3300471,9449,319,48,INTERNAL_PERSON_ID,0x0006AA5F,False,00FFFFFFFF00000000FF000000E8240000AEA771000004000000000000000005AA000000FFFFFFFF00000000FF000000E9240000AFA771000004000000000000000003AA000000FFFFFFFF00000000FF000000EA240000B0A771000004000000000000000005AA000000FFFFFFFF00000000FF000000EB240000B1A77100000000000000
"Fábio Baiano",3300471,9449,319,48,INTERNAL_PERSON_ID,0x00194705,False,0069006E006400650072000000010039000000E824000004977400000400000053006900760061000000010039000000E9240000F69F74000006000000540061007200730065006D000000010039000000EA240000019774000006000000420061006C006A00690074000000010039000000EB240000FE9674000005000000560069006E
"Fábio Baiano",3300471,9449,319,48,INTERNAL_PERSON_ID,0x00379B34,False,006F006E000000010039000000E82400002E2502000007000000440068006100720061006E0069000000010039000000E924000048A0740000050000004E0075006E00650073000000010039000000EA24000050A0740000050000004D006F00620069006E000000010039000000EB24000052A074000005000000520069006E00770061
"Fábio Baiano",3300471,9449,319,48,INTERNAL_PERSON_ID,0x0061A3C8,True,000000E824000086E36A00000C0000004600E100620069006F00200042006100690061006E006F0000000200BD000000E9240000775C32000007000000520061006E00690065007200790000000200BD000000EA2400000BE00400000C000000520061006600610065006C002000530069006C007600610000000200BD000000EB240000
"Fábio Baiano",3300471,9449,319,48,INTERNAL_PERSON_ID,0x0069D781,False,E8240000BB965B0000401F00004C0400001027000000FFFFFFFF050000000000000000010400000015240000FFFFFFFFE9240000BD965B0000401F0000200300000000000000FFFFFFFF050000000000000000000000000016240000FFFFFFFFEA240000BF965B0000A00F0000000000000000000000FFFFFFFF05000000000000000000
"Fábio Baiano",3300471,9449,319,48,INTERNAL_PERSON_ID,0x00878F72,False,0024E1040002B604B60432003D007F00850C0000FFFFFFFFE43200000A00E01500001027000000000000000000470000E924000000000000000000000000000000000000000000000000000000000000000100000000000000001EA30400000000000000000000010000010400D4076C01D307FFFFFFFF00FFFFFFFF00FFFFFFFF000700
"Fábio Baiano",3300471,9449,319,48,INTERNAL_PERSON_ID,0x008D10A9,False,010000010400D4070300D407FFFFFFFF00FFFFFFFF00FFFFFFFF00060036000000006C07FFFFFFFFAABE0000D7030100E92400006F00B70700BD0000003300000000000000FFFFFFFF0000006C078C000000010400D4070A92140000D90800000000000000FFFFFFFF010001000000DB010000000000009A00000000000000DB59000000
"Fábio Baiano",3300471,9449,319,48,INTERNAL_PERSON_ID,0x00942EC3,False,0000010101613600670300000000000000D1070000521B000033BD860002F401F401320047008A003F150000FFFFFFFFE92400000A00441600001027000000000000000000450000AF1A00000000000000000000000000000000000000000000000000000000000000010000000000000000289904000000000000000000000100000104
"Fábio Baiano",3300471,9449,319,48,INTERNAL_PERSON_ID,0x009A0AE3,False,0000E824000027EFF50505050000005000610076006F006C0000000600000053007400720061006B0061000000000000E924000028EFF505050700000045007600670065006E00690079000000090000004C006F007300680061006E006B006F0076000000000000EA24000029EFF50505070000004E0069006B006F006C006100790000
"Fábio Baiano",3300471,9449,319,48,PERSON_DATABASE_ID,0x0061A3CC,True,24000086E36A00000C0000004600E100620069006F00200042006100690061006E006F0000000200BD000000E9240000775C32000007000000520061006E00690065007200790000000200BD000000EA2400000BE00400000C000000520061006600610065006C002000530069006C007600610000000200BD000000EB2400005EDF0400
"Fábio Baiano",3300471,9449,319,48,PERSON_DATABASE_ID,0x008D1153,False,0727020AFF0000000001030103550033000000016104003500000001613900330000000000000400D4070000FE140000775C320002EC13EC13520371008D0060100000FFFFFFFFD96709000A000019000010270000000000000000004100007EFB0B00000000000000000000000000000000000000000000000000000000000001000000
"Fábio Costa",6900151,8928,319,48,INTERNAL_PERSON_ID,0x00066324,False,001A00000000000000FF000000DF220000F9AB5600000400000000000000000728000000FFFFFFFF00000000FF000000E022000029B75600000400000000000000000228000000FFFFFFFF00000000FF000000E12200002AB75600000400000000000000000128000000FFFFFFFF00000000FF000000E22200002EB75600000400000000
"Fábio Costa",6900151,8928,319,48,INTERNAL_PERSON_ID,0x0019003E,False,006E0067000000010038000000DF22000049720F000007000000570069006C006C00690061006D000000010038000000E02200004C720F00000A0000004E0061006E00670020004300680069006E0067000000010038000000E12200004D720F000009000000570069006E00670020004300680065006E000000010038000000E2220000
"Fábio Costa",6900151,8928,319,48,INTERNAL_PERSON_ID,0x0037564F,False,00030000004C00690074000000010038000000DF220000B3EA7000000400000054007300610069000000010038000000E0220000BD740F0000040000004B0075006E0067000000010038000000E1220000796C0F00000400000052006500690073000000010038000000E222000044EB700000040000004300680069006D000000010038
"Fábio Costa",6900151,8928,319,48,INTERNAL_PERSON_ID,0x00615A11,True,00BD000000DF22000056AB0400000B0000004600E100620069006F00200043006F0073007400610000000400BD000000E0220000B7496900000600000046006100ED0073006300610000000400BD000000E122000098CB5100000600000058006100760069006500720000000400BD000000E2220000C749690000050000004900730061
"Fábio Costa",6900151,8928,319,48,INTERNAL_PERSON_ID,0x006975D1,False,DF2200000DAC560000E02E000028230000204E000000FFFFFFFF0500000000000000000103000000A5040000FFFFFFFFE022000034B3560000983A0000102700008813000000FFFFFFFF0500000000000000000104000000CA070000FFFFFFFFE122000021B7560000E02E0000E02E00000000000000FFFFFFFF05000000000000000001
"Fábio Costa",6900151,8928,319,48,INTERNAL_PERSON_ID,0x006976E9,False,17050000FFFFFFFFE522000027B7560000F0230000051000000000000000FFFFFFFF0500000000000000000104000000E0220000FFFFFFFFE622000028B7560000D0070000D0070000DC05000000FFFFFFFF0500000000000000000102000000A5040000FFFFFFFFE72200002BB75600001C200000681000000000000000FFFFFFFF0500
"Fábio Costa",6900151,8928,319,48,INTERNAL_PERSON_ID,0x00922E7E,False,010000010400D4070600D407FFFFFFFF00FFFFFFFF00FFFFFFFF0007005A000000006C07FFFFFFFFAABE000023020100E02200004A01B90700BD0000004000000000000000FFFFFFFF0000006C078C000000010000D4070AD5180000D50800000000000000FFFFFFFF010001000000A30200000000000000000000DF0000007932000000
"Fábio Costa",6900151,8928,319,48,INTERNAL_PERSON_ID,0x009249B0,False,010000010400D4070400D307FFFFFFFF00FFFFFFFF00FFFFFFFF0066005A000000006C07FFFFFFFFAABE0000F60D0100E0220000FE00BB0700BD0000007502000000000000FFFFFFFF0000006C0789000000010000D1070AEB1800003B0400000000000000FFFFFFFF010001000000490000004900000024000000000000000E2A000088
"Fábio Costa",6900151,8928,319,48,INTERNAL_PERSON_ID,0x00999F53,False,05070000004400610069006E0069007500730000000900000047006C0065007600650063006B00610073000000000000E02200001FEDF5050506000000560061006C006400610073000000060000005400720061006B00790073000000000000E122000020EDF5050506000000560061006C006400610073000000060000005400720061
"Fábio Costa",6900151,8928,319,48,PERSON_DATABASE_ID,0x00615A15,True,00DF22000056AB0400000B0000004600E100620069006F00200043006F0073007400610000000400BD000000E0220000B7496900000600000046006100ED0073006300610000000400BD000000E122000098CB5100000600000058006100760069006500720000000400BD000000E2220000C74969000005000000490073006100610063
"Fábio Costa",6900151,8928,319,48,PERSON_DATABASE_ID,0x00922F20,False,00000000000000D407360232FF00000000010203025000CC02000001614F00400000000000000000D407000065190000B74969000270177017420F7D009E00EB130000FFFFFFFFE98717000A9C70170000102700FF1F000000010000460000433C3700000000000000000000000000000000000000000000000000000000000001000000
"Júlio César Moraes",8825041,69212,322,51,INTERNAL_PERSON_ID,0x00584C73,True,6C0068006F0020006400650020004D006F00720061006500730020004A00FA006E0069006F00720000000100BD0000005C0E0100D1A88600001000000042006100720062006F0073006100200043006F007500740069006E0068006F0000000100BD0000005D0E0100D3A88600000E00000053006F0075007A00610020004F006C006900
"Júlio César Moraes",8825041,69212,322,51,INTERNAL_PERSON_ID,0x0093083E,False,01000D00010000010400D4070400D307FFFFFFFF00FFFFFFFF00FFFFFFFF0066005A000000006C07FFFFFFFFC3BE00005C0E0100122B0000A500BE0700BD0000003602000000000000FFFFFFFF0000006C078F000000010000D1070A9E190000A50500000000000000FFFFFFFF0100010000002900000000000000040000000000000068
"Júlio César Moraes",8825041,69212,322,51,PERSON_DATABASE_ID,0x00584C77,True,6F0020006400650020004D006F00720061006500730020004A00FA006E0069006F00720000000100BD0000005C0E0100D1A88600001000000042006100720062006F0073006100200043006F007500740069006E0068006F0000000100BD0000005D0E0100D3A88600000E00000053006F0075007A00610020004F006C00690076006500
"Júlio César Moraes",8825041,69212,322,51,PERSON_DATABASE_ID,0x0062A289,False,4A00FA006C0069006F0020004300E90073006100720020004D006F00720061006500730000000100BD000000122B0000D1A88600000E000000440061006E0069006C006F0020005000610067006F0074007400690000000100BD000000132B0000D8D30400000C0000005000610075006C006F00200042006C0061006E0063006F000000
"Júlio César Moraes",8825041,69212,322,51,PERSON_DATABASE_ID,0x009308E9,False,00000000000000D10720020AFF000000000102016112003602000001610200330000000000000000D10700003E1A0000D1A88600029D0E9D0E32005900780073140000FFFFFFFFB87C00000A00A8160000102700000000000000000000000061140000000000000000000000000000000000000000000000000000000000000001000000
"Júnior Baiano",6900111,68979,322,51,INTERNAL_PERSON_ID,0x00582088,True,65007200720065006900720061002000520061006D006F00730020004A00FA006E0069006F00720000000100BD000000730D01008F49690000060000004700610072006F007400650000000100BD000000740D010073A40400000F0000004300720075007A006500690072006F0020004C006100640061006700610000000100BD000000
"Júnior Baiano",6900111,68979,322,51,INTERNAL_PERSON_ID,0x00920D89,False,4800A800010000010400D4070400D307FFFFFFFF00FFFFFFFF00FFFFFFFF0066005A000000006C07FFFFFFFF2ABF0000730D01009E2500004800B20700BD000000080300001B020000FFFFFFFF0000006C078F000000010400D4070ABB180000D90800000000000000FFFFFFFF0100010000007A0100000000000000000000000000007A
"Júnior Baiano",6900111,68979,322,51,PERSON_DATABASE_ID,0x0058208C,True,720065006900720061002000520061006D006F00730020004A00FA006E0069006F00720000000100BD000000730D01008F49690000060000004700610072006F007400650000000100BD000000740D010073A40400000F0000004300720075007A006500690072006F0020004C006100640061006700610000000100BD000000750D0100
"Júnior Baiano",6900111,68979,322,51,PERSON_DATABASE_ID,0x0061BF85,False,0094496900000D0000004A00FA006E0069006F007200200042006100690061006E006F0000000100BD0000009E2500008F4969000004000000540075007400690000000100BD0000009F250000FFDA040000060000005000690063006F006C00690000000100BD000000A02500008C4969000006000000440079006B0073006F006E0000
"Júnior Baiano",6900111,68979,322,51,PERSON_DATABASE_ID,0x00920E5F,False,00000002620200370000000161030037000000016101000803000002611B00BD0000000000000400D40700004B1900008F496900026A186A180A0F7E008C00D3130000FFFFFFFFC43F0D000A00701700001027000000000000000000470000D0611900000000000000000000000000000000000000000000000000000000000001000000
"Luciano Ratinho",6900008,68719,319,48,INTERNAL_PERSON_ID,0x0057F088,True,DF040000100000004600650072007200650069007200610020004700610062007200690065006C0000000100BD0000006F0C01002849690000070000004200720075006E006F0072006F0000000100BD000000700C01002949690000110000006400610073002000560069007200670065006E007300200041006C007600650073000000
"Luciano Ratinho",6900008,68719,319,48,INTERNAL_PERSON_ID,0x0091BF4F,False,00002A00010000010400D4070300D407FFFFFFFF00FFFFFFFF00FFFFFFFF00070040000000006C07FFFFFFFFB9BE00006F0C0100C32500002201BB0700BD0000003800000000000000FFFFFFFF0000006C079100000001C900D1070A7A1800006A0600000000000000FFFFFFFF020001000000E50000002D000000160000000000000012
"Luciano Ratinho",6900008,68719,319,48,PERSON_DATABASE_ID,0x0057F08C,True,100000004600650072007200650069007200610020004700610062007200690065006C0000000100BD0000006F0C01002849690000070000004200720075006E006F0072006F0000000100BD000000700C01002949690000110000006400610073002000560069007200670065006E007300200041006C0076006500730000000100BD00
"Luciano Ratinho",6900008,68719,319,48,PERSON_DATABASE_ID,0x0061C56A,False,00000F0000004C0075006300690061006E006F00200052006100740069006E0068006F0000000100BD000000C325000028496900000C000000C900640073006F006E00200042006100730074006F00730000000100BD000000C425000046C004000008000000430061006C006400650069007200610000000100BD000000C525000044C0
"Luciano Ratinho",6900008,68719,319,48,PERSON_DATABASE_ID,0x0091C030,False,0764FF00FF0000000001030161270030000000016113003800000001612C0035000000000000C900D10700000A1900002849690001C21AC21AE6149C00A40000000000ED040000C8BE0000700C0100FFFFFFFF1B00B10700BD000000FFFFFFFF00000000FFFFFFFF0000006C079A000000080000D1070A7B180000FFFFFFFF0000000000
"Marcelo Magalhães",302580,69515,319,48,INTERNAL_PERSON_ID,0x00588668,True,5F3200001000000047006100720063006900610020004D006100670061006C006800E3006500730000000100BD0000008B0F0100F49D040000110000005200690062006500690072006F00200047006F006E00E70061006C0076006500730000000100BD0000008C0F01005E5F32000006000000590061006D0061006400610000000100
"Marcelo Magalhães",302580,69515,319,48,INTERNAL_PERSON_ID,0x00797809,False,00001800010000010400D4070300D407FFFFFFFF00FFFFFFFF00FFFFFFFF00070040000000006C07FFFFFFFFA8BE00008B0F0100CD290000DA00BB0700BD0000003800000000000000FFFFFFFF0000006C079100000001B500D2070A20030000F30800000000000000FFFFFFFF0200010000001B000000000000000000000000000000DB
"Marcelo Magalhães",302580,69515,319,48,PERSON_DATABASE_ID,0x0058866C,True,1000000047006100720063006900610020004D006100670061006C006800E3006500730000000100BD0000008B0F0100F49D040000110000005200690062006500690072006F00200047006F006E00E70061006C0076006500730000000100BD0000008C0F01005E5F32000006000000590061006D0061006400610000000100BD000000
"Marcelo Magalhães",302580,69515,319,48,PERSON_DATABASE_ID,0x00626C98,False,00004D0061007200630065006C006F0020004D006100670061006C006800E3006500730000000100BD000000CD290000F49D0400000A0000004C00750069007A0020004D00E100720069006F0000000100BD000000CE290000F39D0400000F00000041006400ED006C0073006F006E002000420061007400690073007400610000000100
"Marcelo Magalhães",302580,69515,319,48,PERSON_DATABASE_ID,0x007978ED,False,000104016116003000000001610F0044000000016101003800000001611B0035000000000000B500D20700003C030000F49D0400027C157C15480584009F00BD020000FFFFFFFFFA290F000A009C1D000010270000000000000000004A000034003200000000000000000000000000000000000000000000000000000000000001000000
"Reginaldo Araújo",3300780,50358,322,51,INTERNAL_PERSON_ID,0x002F51E4,True,00001100000041006E007400F4006E0069006F00200052006500670069006E0061006C0064006F0000000100BD000000B6C40000AC5D3200000D0000004A006F0072006700650020004D0061007200630065006C006F0000000100BD000000B7C40000AD5D3200000D0000004A0065007300FA007300200043006C006500690074006F00
"Reginaldo Araújo",3300780,50358,322,51,INTERNAL_PERSON_ID,0x004DA78D,False,006500720064006500690000000100A4000000B5C40000DE905B000004000000540069006300E30000000100A4000000B6C400003F25730000060000005000EE0072006A006F006C0000000100A4000000B7C4000042257300000700000042006F006700680069006300690000000100A4000000B8C40000C71D7300000600000045006C
"Reginaldo Araújo",3300780,50358,322,51,INTERNAL_PERSON_ID,0x008D79A0,False,05008A0000008A00010000010400D4070700D407FFFFFFFF00FFFFFFFF00FFFFFFFF0006005A000000006C07FFFFFFFFB6C4000078120100A32800001201B90700BD0000004000000000000000FFFFFFFF0000006C078F000000010000D1070AF8140000820A00000000000000FFFFFFFF020001000000D9010000000000000000000000
"Reginaldo Araújo",3300780,50358,322,51,PERSON_DATABASE_ID,0x002F51E8,True,000041006E007400F4006E0069006F00200052006500670069006E0061006C0064006F0000000100BD000000B6C40000AC5D3200000D0000004A006F0072006700650020004D0061007200630065006C006F0000000100BD000000B7C40000AD5D3200000D0000004A0065007300FA007300200043006C006500690074006F006E000000
"Reginaldo Araújo",3300780,50358,322,51,PERSON_DATABASE_ID,0x00591479,False,100000004D00610074006900610073002000640065002000410072006100FA006A006F0000000100BD00000078120100AC5D3200001300000043006100720072006F00630069006500720069002000640061002000530069006C007600610000000100BD00000079120100799C8000000D000000530065006C0065007300200042006100
"Reginaldo Araújo",3300780,50358,322,51,PERSON_DATABASE_ID,0x00623BFC,False,1000000052006500670069006E0061006C0064006F002000410072006100FA006A006F0000000100BD000000A3280000AC5D320000070000004D0061006E00740065006E00610000000100BD000000A4280000B85D320000050000004900620073006F006E0000000100BD000000A5280000E7CE040000070000004A0075006300E9006C
"Reginaldo Araújo",3300780,50358,322,51,PERSON_DATABASE_ID,0x008D7A88,False,000104016131000D02000001610D0042000000016139004000000001613600330000000000000000D107000064150000AC5D320002C819C819DA0574009400A8100000FFFFFFFFA7EE06000A00381C0000CE26000000000000000000490000A3230B00000000000000000000000000000000000000000000000000000000000001000000
"Rosinei",316596,50913,319,48,INTERNAL_PERSON_ID,0x002FB1CD,True,006500780000000100BD000000E0C60000AAD40400000700000052006F00730069006E006500690000000100BD000000E1C60000B4D40400000E000000540068006900610067006F00200041006E007400F4006E0069006F0000000100BD000000E2C60000B6D404000012000000560069006E00ED006300690075007300200041007000
"Rosinei",316596,50913,319,48,INTERNAL_PERSON_ID,0x004DF4F6,False,006100660069006E0000000300A5000000E0C60000F893070000050000005A0069006D0069006E0000000300A5000000E1C6000088905B0000080000004D006F007A0067006F0076006F00790000000300A5000000E2C60000922C7B00000B00000053007400610072006F0076006F00690074006F00760000000300A5000000E3C60000
"Rosinei",316596,50913,319,48,INTERNAL_PERSON_ID,0x0083F3F6,False,0000000000000000010000010400D4070700D407FFFFFFFF00FFFFFFFF00FFFFFFFF0006005A000000006C07FFFFFFFFE1C60000DC0701007C2B00007A00BF0700BD000000FFFFFFFF00000000FFFFFFFF0000006C078C000000010000D4070ADE0C0000913300000000000000FFFFFFFF0100010000001A000000070000000300000000
"Rosinei",316596,50913,319,48,INTERNAL_PERSON_ID,0x00A9878F,False,230000DAC6000001732B0000DCC60000011F210000DDC6000001C7220000DFC6000001742B0000E0C6000001792B0000E1C60000017C2B0000E2C6000001EF200000E7C6000001D4200000E9C60000019C2B0000EAC60000019D210000EEC600000147210000EFC6000001A5210000F0C600000133210000F1C600000123230000F2C600
"Rosinei",316596,50913,319,48,PERSON_DATABASE_ID,0x002FB1D1,True,0000000100BD000000E0C60000AAD40400000700000052006F00730069006E006500690000000100BD000000E1C60000B4D40400000E000000540068006900610067006F00200041006E007400F4006E0069006F0000000100BD000000E2C60000B6D404000012000000560069006E00ED00630069007500730020004100700061007200
"Rosinei",316596,50913,319,48,PERSON_DATABASE_ID,0x00571057,False,006F0000000100BD000000DB070100B6D404000006000000410064006F006C0066006F0000000100BD000000DC070100B4D40400000D00000053006100720074006F0072006900200043006F0073007400610000000100BD000000DD070100B2D4040000120000004D0069006F006E006100200056006100720065006C00610020004300
"Rosinei",316596,50913,319,48,PERSON_DATABASE_ID,0x0062B35D,False,0000000100BD0000007B2B000030B98600000700000052006F00730069006E006500690000000100BD0000007C2B0000B4D40400000B000000440061006E00690065006C002000560069006500720000000100BD0000007D2B0000A1BB8600000A0000004200720075006E006F002000480065007000700000000100BD0000007E2B0000
"Rosinei",316596,50913,319,48,PERSON_DATABASE_ID,0x0083F494,False,300000004B0000006C00D607030400000000000000000000D40736024BFF00000000000000000000D4070000280D0000B4D404000296009600320043008100E7090000FFFFFFFF401F00000A00E0150000102700000000000000000000000025160000000000000000000000000000000000000000000000000000000000000001000000
