club_record_index,club_id,header_offset,field1,field2,field3,full_name,short_name,name_offset,name_distance,score,confidence
1,69,0x0008DF4E,126,255,255,"Partizani Tirana","Partizani",581330,62,105,HIGH
2,71,0x0008E01D,126,255,255,"KS Teuta Durrës","Teuta",581571,38,105,HIGH
3,72,0x0008E112,1,255,255,"KS Vllaznia Shkodër","Vllaznia",581778,62,105,HIGH
4,74,0x0008E1EE,1,255,255,"Atlético Petróleos de Luanda","Petro Atlético",581992,38,105,HIGH
5,75,0x0008E2D4,1,255,255,"Desportivo Primeiro de Agosto","Primeiro de Agosto",582212,38,105,HIGH
6,76,0x0008E3B4,187,255,255,"Primeiro de Maio (ANG)","Primeiro de Maio (ANG)",582442,38,105,HIGH
7,78,0x0008E48B,187,255,255,"Argentinos Juniors","Argentinos",582681,46,105,HIGH
8,80,0x0008E55F,187,255,255,"Banfield","Banfield",582886,77,105,HIGH
9,82,0x0008E6C7,187,255,255,"Boca Juniors","Boca",583142,181,105,HIGH
10,85,0x0008E7D0,187,255,255,"Estudantes de La Plata","Estudiantes (LP)",583458,86,105,HIGH
11,87,0x0008E8E3,187,255,255,"Gimnasia y Esgrima de La Plata","Gimnasia (LP)",583723,86,105,HIGH
12,88,0x0008E9B3,187,255,255,"Huracán","Huracán",583998,77,105,HIGH
13,89,0x0008EAAB,187,255,255,"Independiente","Independiente",584206,93,105,HIGH
14,90,0x0008EB74,187,255,255,"Lanús","Lanús",584454,78,105,HIGH
15,91,0x0008EC69,187,255,255,"Newell's Old Boys","Newell's",584670,77,105,HIGH
16,93,0x0008ED59,187,255,255,"Racing Club","Racing Club",584900,93,105,HIGH
17,94,0x0008EEBA,187,255,255,"River Plate","River",585169,189,105,HIGH
18,95,0x0008EF91,187,255,255,"Rosario Central","Central",585508,53,105,HIGH
19,96,0x0008F0F9,187,255,255,"San Lorenzo de Almagro","San Lorenzo",585774,125,105,HIGH
20,98,0x0008F1DD,128,255,255,"Vélez Sarsfield","Vélez",586068,85,105,HIGH
21,102,0x0008F29E,128,255,255,"Pyunik Yerevan","Pyunik",586322,24,105,HIGH
22,103,0x0008F36B,129,255,255,"Shirak Gyumri","Shirak",586515,38,105,HIGH
23,152,0x0008F47F,129,255,255,"FK Austria Viena","Austria Viena",586720,89,105,HIGH
24,153,0x0008F562,129,255,255,"Grazer AK","GAK",586996,74,105,HIGH
25,155,0x0008F66F,129,255,255,"SK Rapid Viena","Rapid Viena",587223,90,105,HIGH
26,158,0x0008F752,130,255,255,"SV Salzburgo","Salzburg",587492,58,105,HIGH
27,167,0x0008F81A,131,255,255,"FK Neftçi Baku","Neftçi",587719,31,105,HIGH
28,168,0x0008F915,131,255,255,"KAA Gent","AA Gent",587934,77,105,HIGH
29,186,0x0008FA2C,131,255,255,"Club Brugge KV","Club Brugge",588193,77,105,HIGH
30,212,0x0008FB29,131,255,255,"FC Brussels","ｘɿ堀",588496,49,105,HIGH
31,232,0x0008FBFA,131,255,255,"FC Malines","Malines",588671,77,105,HIGH
32,250,0x0008FD11,131,255,255,"R Standard de Liège","Standard",588930,77,105,HIGH
33,256,0x0008FE2C,131,255,255,"RSC Anderlecht","Anderlecht",589195,101,105,HIGH
34,258,0x0008FF4D,131,255,255,"K Racing Club Genk","Genk",589488,101,105,HIGH
35,262,0x0009004D,131,255,255,"R Antwerp FC","Antuérpia",589746,101,105,HIGH
36,265,0x00090168,131,255,255,"Sporting Lokeren SNW","Lokeren",590033,85,105,HIGH
37,266,0x0009025A,131,255,255,"KSK Beveren","Beveren",590285,93,105,HIGH
38,289,0x00090342,132,255,255,"KVC Westerlo","Westerlo",590553,53,105,HIGH
39,303,0x00090446,4294967295,255,255,"Dinamo Minsk","Din.Minsk",590775,89,105,HIGH
40,304,0x000904F6,188,255,255,"Dinamo-93 Minsk","Din.93 Minsk",591004,24,105,HIGH
41,309,0x000905AE,188,255,255,"C Bolívar","Bolívar",591180,54,105,HIGH
42,311,0x00090680,191,255,255,"FC The Strongest","The Strongest",591364,54,105,HIGH
43,312,0x00090739,189,255,255,"CCD Tuluá","Cortuluá",591589,38,105,HIGH
44,314,0x00090A27,189,255,255,"C Atlético Mineiro","Atlético Mineiro",592281,62,135,HIGH
45,315,0x00090CF3,189,255,255,"EC Bahia","Bahia",593015,86,135,HIGH
46,316,0x00090FDF,189,255,255,"Botafogo FR","Botafogo",593735,102,135,HIGH
47,317,0x000910B5,189,255,255,"CA Bragantino","Bragantino",593997,46,105,HIGH
48,319,0x000913D6,189,255,255,"SC Corinthians Paulista","Corinthians",594720,102,135,HIGH
49,320,0x000916BF,189,255,255,"Criciúma EC","Criciúma",595511,86,135,HIGH
50,321,0x000919AA,189,255,255,"Cruzeiro EC","Cruzeiro",596266,78,135,HIGH
51,322,0x00091CB1,189,255,255,"CR Flamengo","Flamengo",597017,102,135,HIGH
52,323,0x00091FB8,189,255,255,"Fluminense FC","Fluminense",597769,117,135,HIGH
53,324,0x000922D1,189,255,255,"Grêmio FBPA","Grêmio",598589,102,135,HIGH
54,325,0x000925B5,189,255,255,"Guarani FC","Guarani",599345,86,135,HIGH
55,326,0x000928DE,189,255,255,"SC Internacional","Internacional",600130,86,135,HIGH
56,327,0x00092BD2,189,255,255,"EC Juventude","Juventude",600902,86,135,HIGH
57,328,0x00092E9B,189,255,255,"C Náutico Capibaribe","Náutico",601627,62,135,HIGH
58,329,0x000931A0,189,255,255,"SE Palmeiras","Palmeiras",602380,94,135,HIGH
59,330,0x00093485,189,255,255,"Paraná C","Paraná",603151,78,135,HIGH
60,331,0x00093746,189,255,255,"Paysandu SC","Paysandu",603854,70,135,HIGH
61,332,0x00093A27,189,255,255,"AA Ponte Preta","Ponte Preta",604555,94,135,HIGH
62,333,0x00093CEA,189,255,255,"A Portuguesa D","Portuguesa",605296,62,135,HIGH
63,334,0x00093F9D,189,255,255,"C Remo","Remo",605999,78,135,HIGH
64,335,0x0009428C,189,255,255,"Santos FC","Santos",606732,86,135,HIGH
65,336,0x00094375,189,255,255,"União São João EC","União São João",606958,61,105,HIGH
66,337,0x00094659,189,255,255,"São Paulo FC","São Paulo",607693,86,135,HIGH
67,338,0x00094924,189,255,255,"Sport C Recife","Sport Recife",608414,70,135,HIGH
68,339,0x00094C11,189,255,255,"CR Vasco da Gama","Vasco",609149,94,135,HIGH
69,340,0x00094EDD,134,255,255,"EC Vitória","Vitória",609905,62,135,HIGH
70,344,0x0009501E,134,255,255,"CSKA (Sofia)","CSKA (Sofia)",610140,134,105,HIGH
71,349,0x00095146,134,255,255,"Levski (Sofia)","Levski (Sofia)",610461,101,105,HIGH
72,351,0x0009523F,134,255,255,"Lokomotiv (Plovdiv)","Loko (Plovdiv)",610731,70,105,HIGH
73,352,0x0009533A,134,255,255,"Lokomotiv (Sofia)","Loko (Sofia)",610975,85,105,HIGH
74,356,0x0009542C,6,255,255,"Slavia (Sofia)","Slavia (Sofia)",611226,78,105,HIGH
75,393,0x000954D8,6,255,255,"Canon Yaoundé","Canon",611458,38,105,HIGH
76,398,0x00095597,190,255,255,"Tonnerre Kalara Club","Tonnerre KC",611630,31,105,HIGH
77,399,0x0009565B,190,255,255,"CSD Colo Colo","Colo Colo",611821,54,105,HIGH
78,400,0x0009571F,190,255,255,"O'Higgins de Rancagua","O'Higgins",612017,38,105,HIGH
79,403,0x00095811,190,255,255,"CD Universidad Católica","Universidad Católica",612213,58,105,HIGH
80,404,0x000958FF,55,255,255,"CF Universidad de Chile","Universidad de Chile",612455,54,105,HIGH
81,406,0x000959DE,55,255,255,"Beijing Guo'an","Beijing",612698,78,105,HIGH
82,407,0x00095AB7,55,255,255,"Dalian Shide","Dalian",612921,78,105,HIGH
83,409,0x00095B87,55,255,255,"Guangzhou Rizhiquan","Guangzhou",613138,49,105,HIGH
84,414,0x00095C6A,191,255,255,"Shanghai Shenhua","Shenhua",613346,78,105,HIGH
85,417,0x00095D4B,191,255,255,"CD América de Cali","América de Cali",613583,46,105,HIGH
86,419,0x00095E02,191,255,255,"CPD Junior","Junior",613808,38,105,HIGH
87,420,0x00095EDA,191,255,255,"CD Once Caldas","Once Caldas",614006,38,105,HIGH
88,421,0x00095FBB,191,255,255,"AC Deportivo Cali","Deportivo Cali",614207,50,105,HIGH
89,423,0x00096096,191,255,255,"Independiente Santa Fé","Santa Fé",614432,46,105,HIGH
90,425,0x00096171,191,255,255,"CDI Medellín","Medellín",614671,46,105,HIGH
91,426,0x0009624A,191,255,255,"CD Los Millonarios","Millonarios",614870,46,105,HIGH
92,427,0x00096344,191,255,255,"CDC Atlético Nacional","Atlético Nacional",615102,46,105,HIGH
93,429,0x000963EC,135,255,255,"CCD Tolima","Tolima",615322,38,105,HIGH
94,432,0x000964EC,135,255,255,"Croácia Zagreb","Croácia Zagreb",615531,61,105,HIGH
95,433,0x000965D5,135,255,255,"HNK Hajduk","Hajduk",615787,62,105,HIGH
96,441,0x000966BD,136,255,255,"HNK Rijeka","Rijeka",616020,61,105,HIGH
97,448,0x0009676D,136,255,255,"AEK Larnaca","",616235,38,105,HIGH
98,450,0x0009685E,136,255,255,"Anorthosis Famagusta","Anorthosi",616418,54,105,HIGH
99,451,0x00096938,136,255,255,"APOEL Nicosia","APOEL",616659,53,105,HIGH
100,456,0x000969EF,136,255,255,"Ethnikos Achnas","Achna",616846,45,105,HIGH
101,460,0x00096AD9,137,255,255,"Omonoia Nicosia","Omonoia",617060,61,105,HIGH
102,467,0x00096B7F,137,255,255,"Zlin","Zlin",617273,42,105,HIGH
103,473,0x00096C77,137,255,255,"Sigma Olomouc","Sigma Olomouc",617470,57,105,HIGH
104,474,0x00096DA0,137,255,255,"Slavia de Praga","Slavia de Praga",617718,98,105,HIGH
105,475,0x00096EAD,137,255,255,"Slovan Liberec","Slovan Liberec",618015,74,105,HIGH
106,476,0x00097006,138,255,255,"Sparta de Praga","Sparta de Praga",618284,146,105,HIGH
107,482,0x000970E6,138,255,255,"Aarhus Gymnastik Forening","AGF",618588,70,105,HIGH
108,483,0x000971EA,138,255,255,"Aalborg Boldspilklub","AaB",618843,85,105,HIGH
109,496,0x0009731C,138,255,255,"Brøndbyernes Idrætsforening","Brøndby",619103,109,105,HIGH
110,502,0x0009742E,138,255,255,"Esbjerg forenede Boldklubber","Esbjerg fB",619409,69,105,HIGH
111,505,0x0009755E,138,255,255,"Football Club Copenhaga","FC Copenhaga",619683,105,105,HIGH
112,526,0x00097678,138,255,255,"Football Club Midtjylland 1999","FC Midtjylland",619987,65,105,HIGH
113,545,0x0009778E,163,255,255,"Odense Boldklub","Odense BK",620269,101,105,HIGH
114,588,0x00097870,163,255,255,"Bohemian F.C.","Bohemians",620547,53,105,HIGH
115,590,0x00097952,163,255,255,"Cork City","Cork City",620773,61,105,HIGH
116,597,0x00097A3A,139,255,255,"Shelbourne F.C.","Shelbourne",620999,53,105,HIGH
117,602,0x00097B6B,139,255,255,"Arsenal","Arsenal",621270,109,105,HIGH
118,603,0x00097CC4,139,255,255,"Aston Villa","Aston Villa",621559,149,105,HIGH
119,609,0x00097DC5,139,255,255,"Birmingham City","Birmingham",621850,109,105,HIGH
120,612,0x00097EED,139,255,255,"Blackburn Rovers","Blackburn",622138,117,105,HIGH
121,614,0x00097FFC,139,255,255,"Bolton Wanderers","Bolton",622407,125,105,HIGH
122,624,0x000980C9,139,255,255,"Cambridge United","Cambridge",622693,38,105,HIGH
123,628,0x000981C3,139,255,255,"Charlton Athletic","Charlton",622879,102,105,HIGH
124,630,0x00098368,139,255,255,"Chelsea","Chelsea",623203,221,105,HIGH
125,642,0x0009847F,139,255,255,"Crystal Palace","Crystal Palace",623550,125,105,HIGH
126,645,0x00098561,139,255,255,"Derby County","Derby",623829,94,105,HIGH
127,650,0x00098644,139,255,255,"Everton","Everton",624055,101,105,HIGH
128,654,0x00098733,139,255,255,"Fulham","Fulham",624313,86,105,HIGH
129,667,0x00098838,139,255,255,"Ipswich Town","Ipswich",624552,94,105,HIGH
130,671,0x00098948,139,255,255,"Leeds United","Leeds",624813,109,105,HIGH
131,676,0x00098A92,139,255,255,"Liverpool","Liverpool",625101,149,105,HIGH
132,679,0x00098BB6,139,255,255,"Manchester City","Man City",625423,109,105,HIGH
133,680,0x00098D5A,139,255,255,"Manchester United","Man Utd",625753,197,105,HIGH
134,685,0x00098E6E,139,255,255,"Middlesbrough","Middlesbrough",626096,126,105,HIGH
135,686,0x00098F35,139,255,255,"Millwall","Millwall",626372,69,105,HIGH
136,688,0x000990D1,139,255,255,"Newcastle United","Newcastle",626614,221,105,HIGH
137,691,0x00099197,139,255,255,"Norwich City","Norwich",626983,62,105,HIGH
138,692,0x00099298,139,255,255,"Nottingham Forest","Nottm Forest",627181,101,105,HIGH
139,699,0x0009935F,139,255,255,"Portsmouth","Portsmouth",627438,61,105,HIGH
140,713,0x00099449,139,255,255,"Southampton","Southampton",627668,61,105,HIGH
141,728,0x0009959B,139,255,255,"Tottenham Hotspur","Tottenham",627902,157,105,HIGH
142,734,0x00099694,139,255,255,"West Bromwich Albion","West Brom",628209,93,105,HIGH
143,735,0x000997C8,139,255,255,"West Ham United","West Ham",628489,133,105,HIGH
144,737,0x00099896,139,255,255,"Wigan Athletic","Wigan",628766,70,105,HIGH
145,740,0x000999B3,140,255,255,"Wolverhampton Wanderers","Wolves",628983,118,105,HIGH
146,746,0x00099A9C,140,255,255,"FC Flora Tallinn","Flora",629288,62,105,HIGH
147,751,0x00099B71,141,255,255,"JK Narva Trans","Trans",629521,46,105,HIGH
148,803,0x00099C26,141,255,255,"Tofta Ítróttarfelag B68","",629703,43,105,HIGH
149,805,0x00099CF1,142,255,255,"Havnar Bóltfelag","HB",629915,38,105,HIGH
150,809,0x00099DD2,142,255,255,"Tampere United","Tampere Utd",630118,46,105,HIGH
151,811,0x00099EA2,142,255,255,"FC Lahti","FC Lahti",630312,78,105,HIGH
152,816,0x00099FA4,142,255,255,"Helsingin Jalkapalloklubi","HJK",630566,58,105,HIGH
153,817,0x0009A0A5,142,255,255,"FC Haka Valkeakoski","FC Haka",630824,61,105,HIGH
154,820,0x0009A196,143,255,255,"Myllykosken Pallo -47","MyPa",631066,62,105,HIGH
155,824,0x0009A29A,143,255,255,"Auxerre","Auxerre",631317,93,105,HIGH
156,826,0x0009A3D5,143,255,255,"Mónaco","Mónaco",631604,125,105,HIGH
157,828,0x0009A4E2,143,255,255,"St. Etienne","St. Etienne",631885,93,105,HIGH
158,846,0x0009A602,143,255,255,"Nantes","Nantes",632161,125,105,HIGH
159,851,0x0009A72A,143,255,255,"Bordéus","Bordéus",632453,125,105,HIGH
160,855,0x0009A7FF,143,255,255,"Châteauroux","Châteauroux",632714,61,105,HIGH
161,856,0x0009A8E4,143,255,255,"Le Havre","Le Havre",632931,85,105,HIGH
162,858,0x0009A9D0,143,255,255,"Lille","Lille",633187,77,105,HIGH
163,862,0x0009AAA1,143,255,255,"Nice","Nice",633392,85,105,HIGH
164,865,0x0009ABB8,143,255,255,"Lyon","Lyon",633647,109,105,HIGH
165,866,0x0009ACC8,143,255,255,"Marselha","Marselha",633911,101,105,HIGH
166,868,0x0009AE0F,143,255,255,"St. Germain","St. Germain",634210,117,105,HIGH
167,871,0x0009AF1B,143,255,255,"Lens","Lens",634530,93,105,HIGH
168,872,0x0009B04B,143,255,255,"Estrasburgo","Estrasburgo",634798,101,105,HIGH
169,876,0x0009B12C,143,255,255,"Bastia","Bastia",635051,93,105,HIGH
170,880,0x0009B228,143,255,255,"Sedan","Sedan",635307,93,105,HIGH
171,884,0x0009B301,144,255,255,"Rennes","Rennes",635528,85,105,HIGH
172,890,0x0009B39C,144,255,255,"Dila Gori","Dila",635735,31,105,HIGH
173,892,0x0009B46F,145,255,255,"Dinamo Tbilisi","D.Tblisi",635921,38,105,HIGH
174,899,0x0009B576,145,255,255,"1.FC Nuremberga","Nuremberga",636111,105,105,HIGH
175,900,0x0009B65F,145,255,255,"TSV Alemannia Aachen","Aachen",636374,73,105,HIGH
176,901,0x0009B7A4,145,255,255,"Bayer 04 Leverkusen","Leverkusen",636653,113,105,HIGH
177,904,0x0009B89E,145,255,255,"DSC Arminia Bielefeld","Bielefeld",636932,82,105,HIGH
178,905,0x0009B983,145,255,255,"VfL Bochum","Bochum",637182,89,105,HIGH
179,907,0x0009BAB1,145,255,255,"Borussia Dortmund","Dortmund",637457,98,105,HIGH
180,908,0x0009BBC2,145,255,255,"Borussia Mönchengladbach","Gladbach",637717,97,105,HIGH
181,912,0x0009BCA8,145,255,255,"Eintracht Frankfurt","Frankfurt",637986,66,105,HIGH
182,915,0x0009BDF9,145,255,255,"FC Bayern Munique","Bayern Munique",638286,97,105,HIGH
183,916,0x0009BECF,145,255,255,"1.FC Köln","Colónia",638553,74,105,HIGH
184,918,0x0009BFA2,145,255,255,"1.FSV Mainz 05","Mainz",638767,65,105,HIGH
185,920,0x0009C0F6,145,255,255,"FC Schalke 04","Schalke 04",639035,129,105,HIGH
186,921,0x0009C1D4,145,255,255,"Fortuna Düsseldorf","Düsseldorf",639318,58,105,HIGH
187,927,0x0009C2A6,145,255,255,"Hannover 96","Hannover 96",639540,58,105,HIGH
188,928,0x0009C3A9,145,255,255,"FC Hansa Rostock","Rostock",639750,105,105,HIGH
189,932,0x0009C47B,145,255,255,"Kickers Offenbach","Offenbach",640009,50,105,HIGH
190,942,0x0009C544,145,255,255,"FC Carl Zeiss Jena","Jena",640219,49,105,HIGH
191,944,0x0009C63E,145,255,255,"SC Friburgo","Friburgo",640451,73,105,HIGH
192,945,0x0009C74D,145,255,255,"1.FC Kaiserslautern","Kaiserslautern",640701,66,105,HIGH
193,946,0x0009C81D,145,255,255,"FC St. Pauli","St. Pauli",640941,58,105,HIGH
194,947,0x0009C91C,145,255,255,"Hamburgo SV","Hamburgo",641184,74,105,HIGH
195,948,0x0009CA61,145,255,255,"SV Werder Bremen","Werder Bremen",641454,109,105,HIGH
196,949,0x0009CB3D,145,255,255,"1.FC Saarbrücken","Saarbrücken",641729,58,105,HIGH
197,955,0x0009CC42,145,255,255,"TSV Munique 1860","Munique 1860",641980,66,105,HIGH
198,960,0x0009CD57,145,255,255,"VFB Estugarda","Estugarda",642245,90,105,HIGH
199,961,0x0009CE59,145,255,255,"VfL Wolfsburg","Wolfsburgo",642518,73,105,HIGH
200,963,0x0009CF4B,146,255,255,"SG Wattenscheid 09","Wattenscheid",642745,74,105,HIGH
201,967,0x0009D05F,146,255,255,"AEK Atenas","AEK",643028,101,105,HIGH
202,981,0x0009D1C6,146,255,255,"Olympiakos SF Piraeus","Olympiakos",643335,117,105,HIGH
203,982,0x0009D2F0,146,255,255,"AS PAOK Salonika","PAOK",643663,109,105,HIGH
204,983,0x0009D41C,146,255,255,"Panathinaikos AO","Panathinaikos",643961,93,105,HIGH
205,984,0x0009D51A,158,255,255,"GS Neos Panionios","Panionios",644261,53,105,HIGH
206,991,0x0009D5C2,158,255,255,"AZ Alkmaar","AZ",644464,46,105,HIGH
207,992,0x0009D6E8,158,255,255,"AFC Ajax","Ajax",644683,121,105,HIGH
208,1000,0x0009D7B4,158,255,255,"De Graafschap","De Graafschap",644942,38,105,HIGH
209,1001,0x0009D86E,158,255,255,"FC Dordrecht","Dordrecht",645130,46,105,HIGH
210,1007,0x0009D93E,158,255,255,"FC Groningen","FC Groningen",645316,62,105,HIGH
211,1009,0x0009DA21,158,255,255,"FC Twente","FC Twente",645555,62,105,HIGH
212,1010,0x0009DB08,158,255,255,"FC Utreque","FC Utreque",645782,62,105,HIGH
213,1011,0x0009DBB6,158,255,255,"FC Volendam","Volendam",645982,38,105,HIGH
214,1013,0x0009DCBF,158,255,255,"Feyenoord","Feyenoord",646218,69,105,HIGH
215,1024,0x0009DDB2,158,255,255,"NAC Breda","NAC Breda",646452,78,105,HIGH
216,1025,0x0009DE9E,158,255,255,"NEC Nijmegen","NEC",646710,62,105,HIGH
217,1028,0x0009DF9C,158,255,255,"PSV Eindhoven","PSV",646946,78,105,HIGH
218,1031,0x0009E046,158,255,255,"RBC Roosendaal","RBC",647154,38,105,HIGH
219,1032,0x0009E0F4,158,255,255,"RKC Waalwijk","RKC",647324,46,105,HIGH
220,1033,0x0009E1C7,158,255,255,"Roda JC","Roda JC",647529,54,105,HIGH
221,1036,0x0009E2B4,158,255,255,"SC Heerenveen","Heerenveen",647740,62,105,HIGH
222,1042,0x0009E358,158,255,255,"TOP Oss","TOP",647946,46,105,HIGH
223,1046,0x0009E43B,147,255,255,"Vitesse","Vitesse",648141,70,105,HIGH
224,1052,0x0009E51C,147,255,255,"Debreceni VSC","Debrecen",648368,54,105,HIGH
225,1055,0x0009E62F,147,255,255,"Ferencvárosi Torna Club","Ferencváros",648593,78,105,HIGH
226,1059,0x0009E6F7,147,255,255,"Budapest Honvéd FC","Honvéd",648837,54,105,HIGH
227,1060,0x0009E7DA,147,255,255,"MTK Budapest FC","MTK",649068,62,105,HIGH
228,1062,0x0009E89A,147,255,255,"Videoton FC Fehérvár","Videoton",649264,38,105,HIGH
229,1064,0x0009E97F,147,255,255,"Újpest FC","Újpest",649487,70,105,HIGH
230,1068,0x0009EA4E,148,255,255,"ZTE Football Club","ZTE",649716,38,105,HIGH
231,1070,0x0009EB10,148,255,255,"Fimleikafélag Hafnarfjarðar","FH",649892,38,105,HIGH
232,1072,0x0009EBED,148,255,255,"Íþróttafélag Akraness","ÍA",650117,46,105,HIGH
233,1076,0x0009ECE0,149,255,255,"Knattspyrnufélag Reykjavíkur","KR",650338,54,105,HIGH
234,1085,0x0009EDC3,149,255,255,"Hapoel Beer-Sheva","H. Beer-Sheva",650550,69,105,HIGH
235,1090,0x0009EEB5,149,255,255,"Hapoel Tel-Aviv","H. Tel-Aviv",650808,61,105,HIGH
236,1093,0x0009EF96,149,255,255,"Maccabi Haifa","M. Haifa",651050,54,105,HIGH
237,1096,0x0009F060,149,255,255,"Maccabi Petach-Tikva","Maccabi Petah",651244,38,105,HIGH
238,1097,0x0009F15C,150,255,255,"Maccabi Tel-Aviv","M. Tel-Aviv",651477,69,105,HIGH
239,1099,0x0009F2E5,150,255,255,"AC Milão","Milão",651778,189,105,HIGH
240,1100,0x0009F419,150,255,255,"AS Roma","Roma",652146,133,105,HIGH
241,1105,0x0009F4D8,150,255,255,"Ascoli","Ascoli",652399,69,105,HIGH
242,1106,0x0009F5DF,150,255,255,"Atalanta","Atalanta",652590,133,105,HIGH
243,1111,0x0009F6DB,150,255,255,"Bolonha","Bolonha",652886,93,105,HIGH
244,1113,0x0009F7B7,150,255,255,"Brescia","Brescia",653122,77,105,HIGH
245,1114,0x0009F87E,150,255,255,"Cagliari","Cagliari",653325,69,105,HIGH
246,1119,0x0009F951,150,255,255,"Catanzaro","Catanzaro",653524,77,105,HIGH
247,1120,0x0009FA10,150,255,255,"Cesena","Cesena",653735,69,105,HIGH
248,1122,0x0009FB27,150,255,255,"Chievo Verona","Chievo",653959,110,105,HIGH
249,1129,0x0009FC3F,150,255,255,"Fiorentina","Fiorentina",654238,109,105,HIGH
250,1132,0x0009FD18,150,255,255,"Génova 1893","Génova",654485,85,105,HIGH
251,1135,0x0009FE9F,150,255,255,"Internazionale de Milão","Inter",654774,165,105,HIGH
252,1139,0x000A0052,150,255,255,"Juventus","Juventus",655177,221,105,HIGH
253,1140,0x000A01C5,150,255,255,"Lázio","Lázio",655584,197,105,HIGH
254,1141,0x000A0299,150,255,255,"Lecce","Lecce",655924,69,105,HIGH
255,1147,0x000A0380,150,255,255,"Modena","Modena",656111,109,105,HIGH
256,1150,0x000A045B,150,255,255,"Nápoles","Nápoles",656342,93,105,HIGH
257,1156,0x000A0553,150,255,255,"Parma","Parma",656598,93,105,HIGH
258,1157,0x000A0645,150,255,255,"Perugia","Perugia",656840,85,105,HIGH
259,1158,0x000A0708,150,255,255,"Pescara","Pescara",657051,69,105,HIGH
260,1165,0x000A07C3,150,255,255,"Reggina","Reggina",657246,61,105,HIGH
261,1167,0x000A08A0,150,255,255,"Sampdória","Sampdória",657435,85,105,HIGH
262,1170,0x000A0964,150,255,255,"Siena","Siena",657654,78,105,HIGH
263,1174,0x000A0A1F,150,255,255,"Turim","Turim",657850,69,105,HIGH
264,1178,0x000A0B20,150,255,255,"Udinese","Udinese",658083,85,105,HIGH
265,1181,0x000A0BE3,61,255,255,"Vicenza","Vicenza",658294,69,105,HIGH
266,1184,0x000A0CA7,61,255,255,"Tsuno Shadows","Tsuno Shadows",658489,46,105,HIGH
267,1188,0x000A0D6B,61,255,255,"Neriwa Gabe","Neriwa Gabe",658685,54,105,HIGH
268,1189,0x000A0E57,61,255,255,"Sfida Oshiwa F.C.","Sfida Oshiwa F.C.",658881,70,105,HIGH
269,1191,0x000A0F13,61,255,255,"Kashiba Stolz","Kashiba Stolz",659117,38,105,HIGH
270,1194,0x000A0FD3,61,255,255,"FC Tokunyawa","FC Tokunyawa",659305,46,105,HIGH
271,1196,0x000A109F,4294967295,255,255,"Uto Gun Gluck","Uto Gun Gluck",659497,54,105,HIGH
272,1197,0x000A115D,61,255,255,"Yokohama Flugels","Flugels",659701,46,105,HIGH
273,1198,0x000A1239,151,255,255,"Matsumoto Giurare","Matsumoto Giurare",659891,54,105,HIGH
274,1204,0x000A1338,153,255,255,"FK Skonto Riga","Skonto",660142,86,105,HIGH
275,1211,0x000A1421,153,255,255,"FK Ekranas","Ekranas",660397,70,105,HIGH
276,1212,0x000A14FA,153,255,255,"Kaunas","",660642,70,105,HIGH
277,1218,0x000A15DF,154,255,255,"FK Zalgiris","Zalgiris",660847,62,105,HIGH
278,1222,0x000A16BC,154,255,255,"CS Grevenmacher","Grevenmacher",661076,38,105,HIGH
279,1224,0x000A178F,154,255,255,"F91 Dudelange","Dudelange",661297,38,105,HIGH
280,1226,0x000A188A,155,255,255,"AS La Jeunesse d'Esch-Alzette","Jeunesse Esch",661508,38,105,HIGH
281,1236,0x000A197D,155,255,255,"FK Pobeda Prilep","Pobeda",661759,70,105,HIGH
282,1237,0x000A1A59,155,255,255,"FC Sileks Kratovo","Sileks",662002,45,105,HIGH
283,1238,0x000A1B73,155,255,255,"FK Sloga Jugomagnat Skopje","Sloga Jugomagnat",662222,69,105,HIGH
284,1239,0x000A1C46,156,255,255,"FK Vardar Skopje","Vardar",662473,69,105,HIGH
285,1240,0x000A1D1D,156,255,255,"Birkirkara","Birkirkara",662715,46,105,HIGH
286,1243,0x000A1DEC,156,255,255,"Hibernians","Hibernians",662930,38,105,HIGH
287,1247,0x000A1ED3,109,255,255,"Sliema Wanderers","Sliema Wanderers",663137,38,105,HIGH
288,1253,0x000A1FF7,109,255,255,"Club de Fútbol América","América (MEX)",663352,109,105,HIGH
289,1254,0x000A212F,109,255,255,"Club Deportivo Cruz Azul","Cruz Azul",663644,133,105,HIGH
290,1255,0x000A221A,109,255,255,"Club Guadalajara","Chivas",663941,93,105,HIGH
291,1257,0x000A2313,109,255,255,"Club de Fútbol Monterrey","Monterrey",664176,85,105,HIGH
292,1258,0x000A23F8,109,255,255,"Club Deportivo Necaxa","Necaxa",664425,77,105,HIGH
293,1259,0x000A24AE,109,255,255,"Club Deportivo León","León",664654,38,105,HIGH
294,1260,0x000A25C6,157,255,255,"Club de Fútbol Universidad","Pumas",664855,101,105,HIGH
295,1264,0x000A269D,157,255,255,"Nistru Otaci","Nistru Otaci",665147,38,105,HIGH
296,1267,0x000A276F,157,255,255,"Tiligul-Tiras Tiraspol","Tiligul",665331,54,105,HIGH
297,1268,0x000A284F,159,255,255,"Zimbru Chisinau","Zimbru",665572,53,105,HIGH
298,1274,0x000A291C,159,255,255,"Ballymena United","Ballymena Utd",665765,49,105,HIGH
299,1282,0x000A2A02,159,255,255,"Glentoran","Glentoran",666001,65,105,HIGH
300,1284,0x000A2AE4,159,255,255,"Linfield","Linfield",666231,65,105,HIGH
301,1288,0x000A2BC6,160,255,255,"Portadown","Portadown",666457,61,105,HIGH
302,1293,0x000A2C9F,160,255,255,"FK Bodø-Glimt","",666683,68,105,HIGH
303,1341,0x000A2D87,160,255,255,"Lillestrøm SK","Lillestrøm",666900,57,105,HIGH
304,1344,0x000A2E76,160,255,255,"FC Lyn Oslo","Lyn",667132,82,105,HIGH
305,1353,0x000A2F5A,160,255,255,"Molde FK","Molde",667371,73,105,HIGH
306,1365,0x000A3035,160,255,255,"Odd Grenland","Odd Grenland",667599,42,105,HIGH
307,1376,0x000A311A,160,255,255,"Rosenborg BK","Rosenborg",667818,58,105,HIGH
308,1396,0x000A320B,160,255,255,"Stabæk IF","Stabæk",668047,82,105,HIGH
309,1422,0x000A32D4,160,255,255,"Viking FK","Viking",668288,42,105,HIGH
310,1426,0x000A33E3,193,255,255,"Vålerenga Fotball","Vålerenga",668489,90,105,HIGH
311,1445,0x000A34B5,194,255,255,"C Cerro Porteño","Cerro Porteño",668739,46,105,HIGH
312,1446,0x000A358D,194,255,255,"C Deportivo Municipal","Deportivo Municipal",668939,38,105,HIGH
313,1449,0x000A3668,194,255,255,"C Sporting Cristal","Sp.Cristal",669170,50,105,HIGH
314,1450,0x000A3743,161,255,255,"C Universitario D","Universitario",669389,46,105,HIGH
315,1452,0x000A382E,161,255,255,"Gornik Zabrze","Gornik Zabrze",669593,85,105,HIGH
316,1455,0x000A38FB,161,255,255,"Lech Poznan","Lech",669859,46,105,HIGH
317,1456,0x000A39F5,162,255,255,"Legia-Daewoo Varsóvia","Légia",670064,69,105,HIGH
318,1471,0x000A3B1C,162,255,255,"Boavista Futebol Clube","Boavista",670319,101,105,HIGH
319,1474,0x000A3C10,162,255,255,"C.F. Os Belenenses","Belenenses",670583,85,105,HIGH
320,1475,0x000A3CFE,162,255,255,"Clube Futebol União Madeira","U. Madeira",670827,61,105,HIGH
321,1476,0x000A3E0D,162,255,255,"Clube Sport Marítimo","Marítimo",671096,81,105,HIGH
322,1477,0x000A3EE3,162,255,255,"Penafiel","XȀ䡀",671392,33,105,HIGH
323,1478,0x000A4004,162,255,255,"Futebol Clube do Porto","Porto",671601,81,105,HIGH
324,1481,0x000A40E8,162,255,255,"Gil Vicente Futebol Clube","Gil Vicente",671839,53,105,HIGH
325,1487,0x000A4211,162,255,255,"Sport Lisboa e Benfica","Benfica",672106,97,105,HIGH
326,1488,0x000A4301,162,255,255,"Sporting Clube de Braga","Braga",672364,81,105,HIGH
327,1489,0x000A4426,162,255,255,"Sporting Clube de Portugal","Sporting CP",672635,85,105,HIGH
328,1493,0x000A4521,162,255,255,"União Desportiva de Leiria","Leiria",672928,53,105,HIGH
329,1494,0x000A461D,162,255,255,"Vitória Sport Club","Vit. Guimarães",673148,85,105,HIGH
330,1495,0x000A4722,164,255,255,"Vitória Futebol Clube","Vit. Setúbal",673431,61,105,HIGH
331,1500,0x000A4828,164,255,255,"Dínamo Bucareste","Din.Bucareste",673704,58,105,HIGH
332,1507,0x000A4906,164,255,255,"FC Gloria 1922 Bistrita","Gloria",673923,61,105,HIGH
333,1508,0x000A49D6,164,255,255,"FC Otelul Galati","Otelul",674145,61,105,HIGH
334,1513,0x000A4ACC,165,255,255,"Steaua Bucareste","Steaua",674379,73,105,HIGH
335,1518,0x000A4C45,165,255,255,"CSKA Moscovo","CSKA Moscovo",674635,190,105,HIGH
336,1520,0x000A4D83,165,255,255,"Dinamo Moscovo","Din.Moscovo",675016,125,105,HIGH
337,1523,0x000A4EAA,165,255,255,"Krylja Sovetov Samara","Krylja Sovetov",675299,117,105,HIGH
338,1525,0x000A5016,165,255,255,"Lokomotiv Moscovo","Lokomotiv Moscovo",675625,157,105,HIGH
339,1527,0x000A5129,165,255,255,"SC Rotor Volgograd","Rotor",675958,121,105,HIGH
340,1529,0x000A52AD,165,255,255,"Spartak Moscovo","Spartak Moscovo",676264,189,105,HIGH
341,1530,0x000A53A1,165,255,255,"Alania Vladikavkaz","Alania",676652,57,105,HIGH
342,1532,0x000A5484,78,255,255,"Torpedo Moscovo","Torpedo Moscovo",676855,69,105,HIGH
343,1535,0x000A5568,167,255,255,"Al Shabab (KSA)","Al Shabab (KSA)",677082,70,105,HIGH
344,1536,0x000A5667,167,255,255,"Aberdeen","Aberdeen",677341,94,105,HIGH
345,1556,0x000A5744,167,255,255,"Dundee United","Dundee Utd",677565,77,105,HIGH
346,1557,0x000A5829,167,255,255,"Dunfermline Athletic","Dunfermline",677786,69,105,HIGH
347,1569,0x000A5937,167,255,255,"Celtic","Celtic",678054,109,105,HIGH
348,1570,0x000A5A47,167,255,255,"Rangers FC","Rangers",678316,109,105,HIGH
349,1573,0x000A5B58,167,255,255,"Heart Of Midlothian","Hearts",678588,94,105,HIGH
350,1575,0x000A5C39,79,255,255,"Hibernian","Hibs",678861,70,105,HIGH
351,1605,0x000A5D02,79,255,255,"Geylang United","Geylang Utd",679055,53,105,HIGH
352,1606,0x000A5DB8,168,255,255,"Home United","Home Utd",679256,46,105,HIGH
353,1615,0x000A5EAE,168,255,255,"Dukla Banska Bystrica","Banska Bystrica",679469,45,105,HIGH
354,1620,0x000A5F75,168,255,255,"MSK Zilina","Zilina",679715,38,105,HIGH
355,1622,0x000A607C,168,255,255,"Slovan Bratislava","Slovan Bratislava",679914,66,105,HIGH
356,1623,0x000A6162,169,255,255,"Spartak Trnava","Trnava",680177,61,105,HIGH
357,1627,0x000A622F,169,255,255,"NK Gorica","Gorica",680407,46,105,HIGH
358,1629,0x000A6308,169,255,255,"NK Maribor","Maribor",680612,54,105,HIGH
359,1636,0x000A63E4,169,255,255,"NK Primorje","Primorje",680829,53,105,HIGH
360,1637,0x000A64D1,169,255,255,"NK CMC Publikum","Publikum",681049,62,105,HIGH
361,1639,0x000A65AE,40,255,255,"NK Olimpija","Olimpija",681286,54,105,HIGH
362,1642,0x000A6684,40,255,255,"Ajax Cape Town","Ajax CT",681481,69,105,HIGH
363,1643,0x000A677C,40,255,255,"Kaizer Chiefs","Kaizer Chiefs",681695,93,105,HIGH
364,1644,0x000A685A,40,255,255,"Mamelodi Sundowns","Sundowns",681943,69,105,HIGH
365,1645,0x000A693B,40,255,255,"Orlando Pirates","Orlando Pirates",682165,62,105,HIGH
366,1646,0x000A6A1E,170,255,255,"Supersport United","Supersport Utd",682390,62,105,HIGH
367,1660,0x000A6B19,170,255,255,"Albacete Balompié S.A.D.","Albacete",682627,74,105,HIGH
368,1661,0x000A6C00,170,255,255,"U.D. Almería S.A.D.","Almería",682878,66,105,HIGH
369,1664,0x000A6CFF,170,255,255,"Athletic Club","Athletic Club",683094,105,105,HIGH
370,1680,0x000A6DD3,170,255,255,"C.D. Tenerife S.A.D.","Tenerife",683349,58,105,HIGH
371,1682,0x000A6EA0,170,255,255,"Cádiz","",683618,46,105,HIGH
372,1685,0x000A6FA3,170,255,255,"Club Atlético Osasuna","Osasuna",683805,66,105,HIGH
373,1687,0x000A70F0,170,255,255,"Club Atlético de Madrid S.A.D.","At. Madrid",684083,97,105,HIGH
374,1688,0x000A71EA,170,255,255,"D. Alavés S.A.D.","Alavés",684389,77,105,HIGH
375,1699,0x000A72BD,170,255,255,"C.D. Numancia S.A.D.","Numancia",684623,42,105,HIGH
376,1704,0x000A737F,170,255,255,"Córdoba","",684865,42,105,HIGH
377,1705,0x000A74EE,170,255,255,"R.C. Deportivo de La Coruña S.A.D.","Deportivo",685099,97,105,HIGH
378,1707,0x000A75B0,170,255,255,"Elche","",685422,50,105,HIGH
379,1708,0x000A771B,170,255,255,"F.C. Barcelona","Barcelona",685660,133,105,HIGH
380,1710,0x000A77D5,170,255,255,"Getafe","",685981,38,105,HIGH
381,1717,0x000A78B7,170,255,255,"Levante","",686169,74,105,HIGH
382,1724,0x000A79CF,170,255,255,"Real Club Celta de Vigo S.A.D.","Celta",686395,66,105,HIGH
383,1725,0x000A7AE7,170,255,255,"R.C.D. Espanyol de Barcelona S.A.D.","Espanyol",686660,65,105,HIGH
384,1726,0x000A7C09,170,255,255,"R.C.D. Mallorca S.A.D.","Mallorca",686976,65,105,HIGH
385,1728,0x000A7D06,170,255,255,"Real Racing Club S.A.D.","Racing",687214,82,105,HIGH
386,1729,0x000A7E1C,170,255,255,"Rayo Vallecano de Madrid SAD","Rayo Vallecano",687483,65,105,HIGH
387,1733,0x000A7F3C,170,255,255,"Real Betis Balompié S.A.D.","Betis",687792,66,105,HIGH
388,1736,0x000A807B,170,255,255,"Real Madrid C.F.","R. Madrid",688088,101,105,HIGH
389,1739,0x000A814B,170,255,255,"Murcia","",688391,50,105,HIGH
390,1742,0x000A8273,170,255,255,"Real Sociedad S.A.D.","R. Sociedad",688584,97,105,HIGH
391,1744,0x000A835F,170,255,255,"Real Sporting de Gijón S.A.D","Sporting",688841,66,105,HIGH
392,1747,0x000A843A,170,255,255,"Real Valladolid S.A.D.","Valladolid",689077,57,105,HIGH
393,1749,0x000A8567,170,255,255,"Real Zaragoza S.A.D.","Zaragoza",689354,89,105,HIGH
394,1751,0x000A865F,170,255,255,"R.C. Recreativo de Huelva S.A.D.","Recreativo",689597,66,105,HIGH
395,1753,0x000A871F,170,255,255,"S.D. Eibar S.A.D.","Eibar",689845,50,105,HIGH
396,1759,0x000A8808,170,255,255,"Sevilla","",690098,66,105,HIGH
397,1768,0x000A88E0,170,255,255,"U.D. Salamanca S.A.D.","Salamanca",690270,58,105,HIGH
398,1769,0x000A89AF,170,255,255,"U.E. Lleida S.A.D.","Lleida",690486,61,105,HIGH
399,1772,0x000A8A85,170,255,255,"U.D. Las Palmas SAD","Las Palmas",690693,58,105,HIGH
400,1775,0x000A8BF8,170,255,255,"Valencia","",691037,133,105,HIGH
401,1777,0x000A8D1C,171,255,255,"Villarreal","",691392,66,105,HIGH
402,1787,0x000A8E03,171,255,255,"Djurgårdens IF","Djurgården",691601,54,105,HIGH
403,1796,0x000A8ED7,171,255,255,"Halmstad BK","Halmstad",691832,45,105,HIGH
404,1797,0x000A8FBF,171,255,255,"Hammarby IF","Hammarby",692044,65,105,HIGH
405,1802,0x000A909C,171,255,255,"IF Elfsborg","Elfsborg",692276,54,105,HIGH
406,1803,0x000A919A,171,255,255,"IFK Gotemburgo","IFK Gotemburgo",692497,69,105,HIGH
407,1806,0x000A9280,171,255,255,"IFK Norrköping","Norrköping",692751,53,105,HIGH
408,1809,0x000A932C,171,255,255,"Kalmar FF","Kalmar FF",692950,38,105,HIGH
409,1816,0x000A9402,171,255,255,"Malmö FF","Malmö FF",693153,53,105,HIGH
410,1842,0x000A94B4,171,255,255,"Örebro SK","Örebro",693336,50,105,HIGH
411,1843,0x000A959E,171,255,255,"Örgryte IS","Örgryte",693555,61,105,HIGH
412,1844,0x000A964A,172,255,255,"Östers IF","Öster",693748,46,105,HIGH
413,1847,0x000A9745,172,255,255,"BSC Young Boys","Young Boys",693951,74,105,HIGH
414,1848,0x000A97FB,172,255,255,"FC Aarau","Aarau",694171,58,105,HIGH
415,1849,0x000A98F0,172,255,255,"FC Basel","Basel",694384,90,105,HIGH
416,1854,0x000A99D1,172,255,255,"FC Zürich","Zurich",694629,66,105,HIGH
417,1855,0x000A9AD0,172,255,255,"Grasshopper-Club Zürich","Grasshopper",694854,58,105,HIGH
418,1858,0x000A9BEC,4294967295,255,255,"Servette de Genève Football SA","Servette FC",695109,73,105,HIGH
419,1860,0x000A9C9C,173,255,255,"Thai Farmers Bank","TFB",695362,38,105,HIGH
420,1866,0x000A9DAF,173,255,255,"Besiktas JK","Besiktas",695592,85,105,HIGH
421,1870,0x000A9ED2,173,255,255,"Fenerbahçe SK","Fenerbahçe",695859,101,105,HIGH
422,1871,0x000A9FE1,173,255,255,"Galatasaray SK","Galatasaray",696150,77,105,HIGH
423,1873,0x000AA0B8,173,255,255,"Gençlerbirligi","G. Birligi",696406,38,105,HIGH
424,1875,0x000AA16C,173,255,255,"Kayserispor","Kayserispor",696590,38,105,HIGH
425,1878,0x000AA22C,173,255,255,"Samsunspor","Samsunspor",696770,54,105,HIGH
426,1879,0x000AA336,174,255,255,"Trabzonspor","Trabzonspor",696993,93,105,HIGH
427,1885,0x000AA445,174,255,255,"Dinamo Kiev","D. Kiev",697271,94,105,HIGH
428,1886,0x000AA54D,174,255,255,"Dnipro Dnipropetrovsk","Dnipro",697530,81,105,HIGH
429,1890,0x000AA63C,174,255,255,"Metalurg Zaporizhzhya","Metalurg Zaporizhzhya",697763,57,105,HIGH
430,1895,0x000AA757,174,255,255,"Shakhtar Donetsk","Shakhtar",698045,94,105,HIGH
431,1896,0x000AA80D,120,255,255,"Tavria Simferopol","Tavria",698285,38,105,HIGH
432,1903,0x000AA8EB,120,255,255,"Colorado Rapids","Colorado",698491,54,105,HIGH
433,1904,0x000AA9DD,120,255,255,"Columbus Crew","Columbus",698713,78,105,HIGH
434,1905,0x000AAAC1,120,255,255,"FC Dallas","FC Dallas",698955,70,105,HIGH
435,1906,0x000AABC3,120,255,255,"Kansas City Wizards","Kansas City",699189,70,105,HIGH
436,1907,0x000AACC3,120,255,255,"Los Angeles Galaxy","Los Angeles",699447,70,105,HIGH
437,1908,0x000AADBD,120,255,255,"MetroStars","MetroStars",699715,70,105,HIGH
438,1909,0x000AAECB,120,255,255,"New England Revolution","New England",699959,70,105,HIGH
439,1913,0x000AAFBD,195,255,255,"DC United","DC United",700223,78,105,HIGH
440,1915,0x000AB086,195,255,255,"CA Bella Vista","Bella Vista",700435,53,105,HIGH
441,1916,0x000AB14C,195,255,255,"Central Espanhol","Central Español",700636,38,105,HIGH
442,1917,0x000AB1EE,195,255,255,"CA Cerro","Cerro",700834,38,105,HIGH
443,1918,0x000AB298,195,255,255,"Danubio FC","Danubio",700996,38,105,HIGH
444,1919,0x000AB378,195,255,255,"Defensor Sporting C","Defensor Sporting",701166,54,105,HIGH
445,1920,0x000AB43D,195,255,255,"Liverpool (URU)","",701420,45,105,HIGH
446,1921,0x000AB51B,195,255,255,"C Nacional F","Nacional",701602,69,105,HIGH
447,1922,0x000AB5D7,195,255,255,"Peñarol","Peñarol",701809,62,105,HIGH
448,1925,0x000AB6BB,175,255,255,"River Plate (URU)","",702046,53,105,HIGH
449,1927,0x000AB779,175,255,255,"Aberystwyth Town","Aberystwyth",702225,38,105,HIGH
450,1940,0x000AB86C,175,255,255,"Total Network Solutions","TNS",702446,62,105,HIGH
451,1945,0x000AB90C,176,255,255,"Rhyl","Rhyl",702658,46,105,HIGH
452,1951,0x000AB9F7,176,255,255,"OFK Belgrado","OFK Belgrado",702838,69,105,HIGH
453,1952,0x000ABB47,176,255,255,"Partizan Belgrado","Partizan",703104,137,105,HIGH
454,1955,0x000ABC73,143,255,255,"Red Star Belgrado","Estrela Vermelha",703440,85,105,HIGH
455,2009,0x000ABD67,143,255,255,"Sochaux","Sochaux",703730,77,105,HIGH
456,2047,0x000ABE2C,170,255,255,"Reims","Reims",703943,69,105,HIGH
457,2093,0x000ABF07,170,255,255,"Cultural Leonesa","Cultural",704130,73,105,HIGH
458,2096,0x000AC00B,150,255,255,"Málaga","",704439,66,105,HIGH
459,2193,0x000AC0E6,150,255,255,"Catania","Catania",704609,93,105,HIGH
460,2194,0x000AC1C3,150,255,255,"Città di Palermo","Palermo",704828,77,105,HIGH
461,2201,0x000AC2A0,150,255,255,"Hellas Verona","Verona",705049,85,105,HIGH
462,2206,0x000AC35A,150,255,255,"Livorno","Livorno",705285,45,105,HIGH
463,2227,0x000AC43C,145,255,255,"Ternana","Ternana",705471,85,105,HIGH
464,2233,0x000AC500,145,255,255,"1.FC Magdeburg","Magdeburg",705692,42,105,HIGH
465,2237,0x000AC602,145,255,255,"TSV Eintracht Braunschweig","Braunschweig",705888,74,105,HIGH
466,2247,0x000AC6F5,158,255,255,"Hertha BSC Berlin","Hertha",706177,58,105,HIGH
467,2378,0x000AC77F,162,255,255,"VVOG","VVOG",706379,24,105,HIGH
468,2389,0x000AC86F,162,255,255,"Moreirense Futebol Clube","Moreirense",706522,69,105,HIGH
469,2393,0x000AC95C,162,255,255,"Associação Académica de Coimbra","Académica",706762,54,105,HIGH
470,2415,0x000ACA40,162,255,255,"Associação Naval 1º de Maio","Naval",706999,61,105,HIGH
471,2433,0x000ACB5C,162,255,255,"Clube Desportivo Nacional","Nacional da Madeira",707251,69,105,HIGH
472,2436,0x000ACC54,162,255,255,"Clube Desportivo Olivais e Moscavide","O. Moscavide",707515,45,105,HIGH
473,2445,0x000ACD2A,109,255,255,"Sporting Clube Olhanense","Olhanense",707759,45,105,HIGH
474,102355,0x000ACE0D,109,255,255,"Deportivo Toluca","Toluca",707983,70,105,HIGH
475,102356,0x000ACEEF,4294967295,255,255,"Club de Fútbol Atlante","Atlante",708195,70,105,HIGH
476,102357,0x000ACFAD,106,255,255,"Atlético Espanhol","Atlético Espanhol",708421,24,105,HIGH
477,102358,0x000AD085,106,255,255,"Racing Club Haitien","Racing Club (HAI)",708611,46,105,HIGH
478,102359,0x000AD151,102,255,255,"Violette Athletic Club","Violette",708827,46,105,HIGH
479,102360,0x000AD21B,102,255,255,"Alianza FC (SLV)","Alianza (SLV)",709031,46,105,HIGH
480,102361,0x000AD2C1,102,255,255,"CD Aguila","Aguila",709233,38,105,HIGH
481,102362,0x000AD38F,102,255,255,"CD Atlético Marte","Atlético Marte",709399,46,105,HIGH
482,102363,0x000AD45D,104,255,255,"CD Municipal Limeño","Municipal Limeño",709605,38,105,HIGH
483,102364,0x000AD52D,104,255,255,"CSD Comunicaciones","Comunicaciones",709811,46,105,HIGH
484,102365,0x000AD5F5,99,255,255,"Municipal (GUA)","",710051,46,105,HIGH
485,102366,0x000AD6AF,99,255,255,"CS Cartaginés D","Cartaginés",710219,38,105,HIGH
486,102367,0x000AD75D,110,255,255,"CD Saprissa","Saprissa",710405,38,105,HIGH
487,102368,0x000AD825,107,255,255,"CRKSV Jong Colombia","Jong Colombia",710579,38,105,HIGH
488,102369,0x000AD8EB,117,255,255,"Olimpia (HON)","",710805,54,105,HIGH
489,102370,0x000AD99D,117,255,255,"SV Transvaal","Transvaal",710977,38,105,HIGH
490,102371,0x000ADA4F,119,255,255,"SV Robinhood","Robinhood",711155,38,105,HIGH
491,102372,0x000ADB11,119,255,255,"Defence Force FC","Defence Force",711333,38,105,HIGH
492,102373,0x000ADBC8,107,255,255,"Police FC (TRI)","Police (TRI)",711527,31,105,HIGH
493,102374,0x000ADCC2,100,255,255,"Universidad NA de Honduras","Universidad de Honduras",711710,54,105,HIGH
494,102375,0x000ADD84,109,255,255,"FC Piñar del Río","Piñar del Río",711960,38,105,HIGH
495,102390,0x000ADE55,187,255,255,"Club Tecos de la UAG","Tecos",712154,61,105,HIGH
496,102487,0x000ADF1D,187,255,255,"Quilmes","Quilmes",712368,69,105,HIGH
497,102489,0x000ADFE7,189,255,255,"Talleres de Córdoba","Talleres",712568,45,105,HIGH
498,102555,0x000AE2AC,60,255,255,"Goiás EC","Goiás",713264,86,135,HIGH
499,102849,0x000AE378,78,255,255,"Al Shorta (IRQ)","Al Shorta (IRQ)",713474,46,105,HIGH
500,102850,0x000AE454,4294967295,255,255,"Al Ahli (KSA)","Al Ahli (KSA)",713678,70,105,HIGH
501,102851,0x000AE4EE,78,255,255,"Furukawa","Furukawa",713898,24,105,HIGH
502,102852,0x000AE5CE,77,255,255,"Al Hilal (KSA)","Al Hilal (KSA)",714052,70,105,HIGH
503,102853,0x000AE679,4294967295,255,255,"Al Sadd","Al Sadd",714276,45,105,HIGH
504,102854,0x000AE71B,59,255,255,"Al Rasheed","Al Rasheed",714447,24,105,HIGH
505,102856,0x000AE7EC,59,255,255,"Esteghlal Tehran","Esteghlal",714609,61,105,HIGH
506,102857,0x000AE89A,75,255,255,"Paas Tehran","Paas",714818,46,105,HIGH
507,102858,0x000AE930,77,255,255,"Omani Club","Oman",714992,24,105,HIGH
508,102859,0x000AE9E9,59,255,255,"Al Arabi (QAT)","Al Arabi (QAT)",715142,31,105,HIGH
509,102860,0x000AEAAF,52,255,255,"Persepolis Tehran","Persepolis",715327,46,105,HIGH
510,102861,0x000AEB65,78,255,255,"Al Muharraq","Muharraq",715525,46,105,HIGH
511,102862,0x000AEC25,56,255,255,"Al Nassr (KSA)","Al Nassr (KSA)",715707,38,105,HIGH
512,102863,0x000AED0F,88,255,255,"South China Athletic","South China",715904,69,105,HIGH
513,102864,0x000AEDDB,193,255,255,"Al Sha'ab (UAE)","Al Sha'ab (UAE)",716133,46,105,HIGH
514,102924,0x000AEEA2,160,255,255,"C Olimpia","Olimpia",716352,54,105,HIGH
515,103283,0x000AEF6E,190,255,255,"Hamarkameratene Toppfotball","Ham Kam",716536,38,105,HIGH
516,104359,0x000AF01C,109,255,255,"CD Cobreloa","Cobreloa",716740,38,105,HIGH
517,104360,0x000AF11F,190,255,255,"Club Universitario de Nuevo León","Tigres",716914,85,105,HIGH
518,104361,0x000AF1E1,190,255,255,"CPFD Concepción","Concepción",717173,46,105,HIGH
519,104362,0x000AF29F,109,255,255,"CD Huachipato","Huachipato",717367,46,105,HIGH
520,104388,0x000AF376,59,255,255,"Club Jaguares de Chiapas","Jaguares",717557,53,105,HIGH
521,104395,0x000AF43E,189,255,255,"Zob Ahan Esfahan","Zob Ahan",717772,54,105,HIGH
522,104749,0x000AF6FF,189,255,255,"Ceará SC","Ceará",718483,70,135,HIGH
523,104750,0x000AF9BC,189,255,255,"Fortaleza EC","Fortaleza",719168,70,135,HIGH
524,104775,0x000AFAA6,189,255,255,"Bangu AC","Bangu",719418,70,105,HIGH
525,104776,0x000AFD85,189,255,255,"Coritiba FC","Coritiba",720133,78,135,HIGH
526,104868,0x000AFE93,189,255,255,"Rio Branco FC (AC)","Rio Branco (AC)",720375,78,105,HIGH
527,104870,0x000AFF71,4294967295,255,255,"Olaria AC","Olaria",720641,70,105,HIGH
528,104872,0x000B0033,4294967295,255,255,"São Paulo Athletic","São Paulo Athletic",720839,24,105,HIGH
529,104873,0x000B00D5,189,255,255,"Paulistano","Paulistano",721033,24,105,HIGH
530,104874,0x000B01DB,4294967295,255,255,"Independência FC","Independência",721223,78,105,HIGH
531,104884,0x000B02B1,4294967295,255,255,"Internacional São Paulo","Internacional São Paulo",721457,24,105,HIGH
532,104885,0x000B034B,189,255,255,"Germânia","Germânia",721671,24,105,HIGH
533,104887,0x000B0455,189,255,255,"Americano FC (RJ)","Americano (RJ)",721853,78,105,HIGH
534,104975,0x000B0553,189,255,255,"Desportiva Capixaba","Desportiva",722135,54,105,HIGH
535,104978,0x000B0659,189,255,255,"EC XV de Novembro","XV de Piracicaba",722373,70,105,HIGH
536,104979,0x000B0759,189,255,255,"AA Internacional","Inter de Limeira",722647,54,105,HIGH
537,104982,0x000B0859,189,255,255,"AD Vasco da Gama","Vasco (AC)",722891,78,105,HIGH
538,104988,0x000B094F,107,255,255,"Ypiranga (AP)","",723161,86,105,HIGH
539,105187,0x000B0A0D,104,255,255,"Real Espanha","Real España",723365,46,105,HIGH
540,105188,0x000B0AB9,108,255,255,"Aurora FC","Aurora FC",723555,38,105,HIGH
541,105989,0x000B0B5F,108,255,255,"Cavalier FC","Cavalier FC",723727,24,105,HIGH
542,105990,0x000B0C18,108,255,255,"Tivoli Gardens","Tivoli Gardens",723893,31,105,HIGH
543,105991,0x000B0CB6,108,255,255,"Boys Town","Boys Town",724078,24,105,HIGH
544,105992,0x000B0D57,108,255,255,"Waddadah","Waddadah",724236,31,105,HIGH
545,105993,0x000B0DFD,108,255,255,"Seba United","Seba United",724397,24,105,HIGH
546,105994,0x000B0E87,108,255,255,"Reno","Reno",724563,24,105,HIGH
547,105995,0x000B0F35,109,255,255,"Hazard County","Hazard County",724701,24,105,HIGH
548,106027,0x000B1016,109,255,255,"Atlas","ｰտ瀀",724921,65,105,HIGH
549,106028,0x000B10ED,29,255,255,"Club Monarcas Morelia","Morelia",725100,61,105,HIGH
550,106054,0x000B11B1,78,255,255,"Forces Armées Royales","FAR Rabat",725315,38,105,HIGH
551,106063,0x000B12A4,193,255,255,"Al Ittihad (KSA)","Al Ittihad (KSA)",725515,77,105,HIGH
552,106071,0x000B1358,193,255,255,"Guaraní (PAR)","",725778,38,105,HIGH
553,106072,0x000B1424,70,255,255,"C Sportivo Luqueño","Sportivo Luqueño",725934,38,105,HIGH
554,106694,0x000B14D4,135,255,255,"Selangor","Selangor",726138,46,105,HIGH
555,106749,0x000B15A8,11,255,255,"NK Slaven Belupo","Slaven Belupo",726324,46,105,HIGH
556,106755,0x000B1680,11,255,255,"Zamalek Sporting Club","Zamalek",726526,62,105,HIGH
557,106756,0x000B1757,11,255,255,"Al-Ahly Sporting Club","Al-Ahly",726742,61,105,HIGH
558,106757,0x000B1827,80,255,255,"Ismaily Sporting Club","Ismaily",726957,54,105,HIGH
559,106808,0x000B18F3,80,255,255,"Ulsan Hyundai","Ulsan",727165,70,105,HIGH
560,106812,0x000B19C7,80,255,255,"Chunnam Dragons","Chunnam",727369,70,105,HIGH
561,106813,0x000B1A99,80,255,255,"Suwon Samsung Blue Wings","Suwon",727581,54,105,HIGH
562,106818,0x000B1B63,46,255,255,"Pohang Steelers","Pohang",727791,62,105,HIGH
563,106857,0x000B1C27,46,255,255,"Club Sportif Sfaxien","CS Sfaxien",727993,38,105,HIGH
564,106858,0x000B1D05,189,255,255,"Espérance Sportive de Tunis","ES Tunis",728189,54,105,HIGH
565,107201,0x000B1FD2,189,255,255,"América FC (MG)","América (MG)",728914,62,135,HIGH
566,107203,0x000B229B,189,255,255,"América FC (RN)","América (RN)",729619,70,135,HIGH
567,107205,0x000B2371,189,255,255,"ABC FC","ABC",729869,70,105,HIGH
568,107206,0x000B2696,189,255,255,"C Atlético Paranaense","Atlético Paranaense",730580,102,135,HIGH
569,107208,0x000B2947,189,255,255,"Avaí FC","Avaí",731359,70,135,HIGH
570,107210,0x000B2A27,189,255,255,"CS Alagoano","CSA",731585,62,105,HIGH
571,107212,0x000B2B05,189,255,255,"Friburguense AC","Friburguense",731789,54,105,HIGH
572,107214,0x000B2BBF,189,255,255,"Itaperuna EC","Itaperuna",731995,46,105,HIGH
573,107216,0x000B2E56,189,255,255,"Ituano SCF","Ituano",732668,46,135,HIGH
574,107218,0x000B2F16,189,255,255,"Juventus (SP)","",732872,46,105,HIGH
575,107220,0x000B3008,189,255,255,"Madureira EC","Madureira",733068,70,105,HIGH
576,107222,0x000B32B9,189,255,255,"Mogi Mirim EC","Mogi Mirim",733761,62,135,HIGH
577,107224,0x000B33AD,189,255,255,"Portuguesa Santista","",734027,54,105,HIGH
578,107226,0x000B3495,189,255,255,"Rio Branco (SP)","",734267,54,105,HIGH
579,107228,0x000B3571,189,255,255,"CF Zico (RJ)","CFZ (RJ)",734471,54,105,HIGH
580,107230,0x000B366F,189,255,255,"Sampaio Corrêa FC","Sampaio Corrêa",734695,62,105,HIGH
581,107232,0x000B3930,189,255,255,"Santa Cruz FC","Santa Cruz",735416,62,135,HIGH
582,107234,0x000B3A26,189,255,255,"Tuna Luso Brasileira","Tuna Luso",735650,62,105,HIGH
583,107236,0x000B3D0C,189,255,255,"Vila Nova (GO)","",736404,86,105,HIGH
584,107238,0x000B3E00,189,255,255,"Villa Nova (MG)","",736686,46,105,HIGH
585,107240,0x000B3EF2,189,255,255,"Volta Redonda FC","Volta Redonda",736894,46,105,HIGH
586,107242,0x000B3FD6,61,255,255,"Operário (MS)","",737152,54,105,HIGH
587,107280,0x000B409A,61,255,255,"Niitsu Unicorn","Niitsu Unicorn",737324,42,105,HIGH
588,107301,0x000B4162,127,255,255,"S.C. Tenri Blues","S.C. Tenri Blues",737520,38,105,HIGH
589,107676,0x000B424A,127,255,255,"Fútbol Club Santa Coloma","Santa Coloma",737751,31,105,HIGH
590,107679,0x000B4311,187,255,255,"Unió Esportiva Sant Julià","Sant Julià",737952,31,105,HIGH
591,108542,0x000B43DD,170,255,255,"Olimpo de Bahía Blanca","Olimpo",738156,45,105,HIGH
592,109023,0x000B449F,120,255,255,"Terrassa","",738403,38,105,HIGH
593,109132,0x000B457C,120,255,255,"American All Stars East","American All Stars East",738549,31,105,HIGH
594,109133,0x000B4659,192,255,255,"American All Stars West","American All Stars West",738770,31,105,HIGH
595,109177,0x000B46FF,192,255,255,"CS Emelec","Emelec",738991,38,105,HIGH
596,109178,0x000B47C9,192,255,255,"CD El Nacional","El Nacional",739157,54,105,HIGH
597,109180,0x000B4896,196,255,255,"Barcelona (ECU)","",739404,38,105,HIGH
598,109188,0x000B4948,196,255,255,"Caracas FC","Caracas",739564,46,105,HIGH
599,109189,0x000B4A32,196,255,255,"Estudiantes de Mérida FC","Estudiantes de Mérida",739742,46,105,HIGH
600,109191,0x000B4B28,196,255,255,"Universidad de los Andes FC","Universidad de los Andes",739976,46,105,HIGH
601,109192,0x000B4BFE,175,255,255,"AD Mineros de Guayana","Mineros de Guayana",740222,38,105,HIGH
602,114804,0x000B4CD0,68,255,255,"Haverfordwest County","Haverfordwest",740436,46,105,HIGH
603,114819,0x000B4D77,68,255,255,"Nejmeh","Nejmeh",740646,45,105,HIGH
604,114947,0x000B4E2A,195,255,255,"Homentmen","Homentmen",740813,45,105,HIGH
605,115039,0x000B4EDC,55,255,255,"CA Rentistas","Rentistas",740992,38,105,HIGH
606,115945,0x000B4FBB,99,255,255,"Wuhan Huanghelou","Wuhan",741175,78,105,HIGH
607,116164,0x000B506D,109,255,255,"CS Herediano","Herediano",741393,38,105,HIGH
608,116204,0x000B515D,194,255,255,"Club Deportivo Pachuca","Pachuca",741586,69,105,HIGH
609,117754,0x000B5219,190,255,255,"C Alianza Lima","Alianza Lima",741811,38,105,HIGH
610,120064,0x000B52DF,188,255,255,"CD Unión Española","Unión Española",741999,38,105,HIGH
611,120066,0x000B53AF,33,255,255,"C Jorge Wilstermann","Jorge Wilstermann",742197,38,105,HIGH
612,120286,0x000B54A1,176,255,255,"Shooting Stars SC of Ibadan","Shooting Stars",742405,62,105,HIGH
613,120783,0x000B559D,190,255,255,"FK Smederevo","Smederevo",742698,61,105,HIGH
614,120921,0x000B567B,191,255,255,"CD Santiago Wanderers","Santiago Wanderers",742899,46,105,HIGH
615,120936,0x000B5738,193,255,255,"Envigado FC","Envigado",743136,38,105,HIGH
616,120939,0x000B57FC,193,255,255,"C Sol de América","Sol de América",743310,38,105,HIGH
617,120942,0x000B58DC,193,255,255,"C Atlético Colegiales","Atlético Colegiales",743506,46,105,HIGH
618,120946,0x000B5990,192,255,255,"C Cerro Corá","Cerro Corá",743730,38,105,HIGH
619,120966,0x000B5A55,192,255,255,"CD Espoli","Espoli",743925,54,105,HIGH
620,120974,0x000B5B2D,192,255,255,"S Deportivo Quito","Deportivo Quito",744107,54,105,HIGH
621,120979,0x000B5BFB,188,255,255,"CS Deportivo Cuenca","Deportivo Cuenca",744323,38,105,HIGH
622,120991,0x000B5CD3,196,255,255,"C Oriente Petrolero","Oriente Petrolero",744529,46,105,HIGH
623,120994,0x000B5D89,196,255,255,"Zulianos FC","Zulianos",744745,46,105,HIGH
624,120998,0x000B5E5B,196,255,255,"Deportivo Táchira FC","Deportivo Táchira",744927,38,105,HIGH
625,121002,0x000B5F3F,145,255,255,"C Deportivo ItalChacao","Deportivo ItalChacao",745137,46,105,HIGH
626,121181,0x000B5FF1,145,255,255,"VFC Plauen","Plauen",745375,38,105,HIGH
627,121198,0x000B60B7,145,255,255,"SC Paderborn 07","Paderborn",745553,42,105,HIGH
628,121219,0x000B6169,189,255,255,"VfR Aalen","Aalen",745751,42,105,HIGH
629,121262,0x000B624F,189,255,255,"SE Gama","Gama",745943,86,105,HIGH
630,121265,0x000B6335,140,255,255,"Botafogo FC (SP)","Botafogo (SP)",746169,54,105,HIGH
631,121267,0x000B6429,177,255,255,"FC Levadia Tallinn","Levadia",746410,65,105,HIGH
632,123004,0x000B64F5,177,255,255,"South Melbourne","South Melbourne",746623,46,105,HIGH
633,123009,0x000B65C9,130,255,255,"Wollongong Wolves","Wollongong Wolves",746827,46,105,HIGH
634,127787,0x000B6681,55,255,255,"FK Qarabag-Azersun Aqdam","Qarabag",747039,24,105,HIGH
635,128051,0x000B6776,146,255,255,"Liaoning Zhongyu","Liaoning",747228,94,105,HIGH
636,129657,0x000B6834,146,255,255,"AO Aigaleo","Aigaleo",747488,38,105,HIGH
637,129659,0x000B6925,135,255,255,"MGS Apollon Kalamarias","Kalamaria",747678,61,105,HIGH
638,129829,0x000B6A0C,180,255,255,"NK Kamen Ingrad","Kamen Ingrad",747940,38,105,HIGH
639,130035,0x000B6ACA,180,255,255,"Central United","Central Utd",748130,42,105,HIGH
640,130041,0x000B6B98,179,255,255,"Napier City Rovers AFC","Napier City",748320,42,105,HIGH
641,130058,0x000B6C30,185,255,255,"Nadi","Nadi",748526,38,105,HIGH
642,130067,0x000B6CBE,173,255,255,"Tafea","Tafea",748678,24,105,HIGH
643,130355,0x000B6D96,173,255,255,"Büyüksehir Belediye Ankaraspor","Ankaraspor",748820,38,105,HIGH
644,130366,0x000B6E62,165,255,255,"Çaykur Rizespor","Ç. Rizespor",749036,54,105,HIGH
645,130497,0x000B6F76,165,255,255,"Saturn Moskovskaya Oblast","Saturn",749270,86,105,HIGH
646,130498,0x000B709F,165,255,255,"Torpedo Moscow","Torpedo Moscow",749557,102,105,HIGH
647,130509,0x000B7195,165,255,255,"Rubin Kazan","Rubin",749823,106,105,HIGH
648,130510,0x000B72A0,165,255,255,"FC Shinnik Yaroslavl","Shinnik",750069,105,105,HIGH
649,130525,0x000B736D,87,255,255,"FC Khimki","Khimki",750346,57,105,HIGH
650,130592,0x000B7420,57,255,255,"Nisa Ashkhabad","Nisa",750531,45,105,HIGH
651,130637,0x000B74EB,40,255,255,"East Bengal Club","East Bengal",750715,46,105,HIGH
652,130763,0x000B759E,80,255,255,"Wits University","Wits",750918,38,105,HIGH
653,130775,0x000B7658,80,255,255,"Busan I.cons","Busan",751092,54,105,HIGH
654,130776,0x000B7722,80,255,255,"Chonbuk Hyundai Motors","Chonbuk",751278,46,105,HIGH
655,130777,0x000B77DC,190,255,255,"FC Seoul","Seoul",751480,62,105,HIGH
656,130782,0x000B78BA,109,255,255,"CD Everton de Viña del Mar","Everton (CHI)",751666,46,105,HIGH
657,130799,0x000B79C1,191,255,255,"Club Tiburones Rojos de Veracruz","Veracruz",751888,85,105,HIGH
658,130802,0x000B7A7B,172,255,255,"CA Bucaramanga","Bucaramanga",752151,38,105,HIGH
659,130820,0x000B7B23,195,255,255,"Wil","",752365,42,105,HIGH
660,130852,0x000B7BD9,137,255,255,"Tacuarembó FC","Tacuarembó",752505,38,105,HIGH
661,130859,0x000B7C8B,174,255,255,"Opava","Opava",752697,50,105,HIGH
662,130869,0x000B7D81,174,255,255,"Metalurg Donetsk","Metalurg Donetsk",752896,53,105,HIGH
663,130870,0x000B7E6A,168,255,255,"Illichivets Mariupol","Illichivets",753111,73,105,HIGH
664,130871,0x000B7F30,132,255,255,"FK ZTS Dubnica nad Vahom","Dubnica",753344,38,105,HIGH
665,130875,0x000B8007,192,255,255,"BATE Borisov","BATE",753573,54,105,HIGH
666,131108,0x000B80AF,192,255,255,"CSD Macará","Macará",753757,38,105,HIGH
667,131111,0x000B8155,55,255,255,"CD Olmedo","Olmedo",753925,38,105,HIGH
668,131135,0x000B8229,55,255,255,"Changchun Yatai","Changchun",754096,61,105,HIGH
669,131222,0x000B82F5,47,255,255,"Xi'an Anxinyuan","Xi'an",754308,61,105,HIGH
670,131246,0x000B83A1,19,255,255,"Nakivubo Villa SC","SC Villa",754507,24,105,HIGH
671,131249,0x000B844A,43,255,255,"ASC Bouaké","ASC Bouaké",754679,31,105,HIGH
672,131250,0x000B84DE,33,255,255,"SC Simba","Simba",754848,24,105,HIGH
673,131252,0x000B859E,46,255,255,"Bendel Insurance FC","Insurance",754996,38,105,HIGH
674,131255,0x000B8684,17,255,255,"Etoile Sportive du Sahel","Etoile du Sahel",755188,54,105,HIGH
675,131256,0x000B8736,29,255,255,"AS Kaloum Star","AS Kaloum Star",755418,24,105,HIGH
676,131258,0x000B881A,36,255,255,"Kawkab Athletic Club de Marrakech","KAC Marrakech",755596,38,105,HIGH
677,131261,0x000B88E2,6,255,255,"ASC Jeanne d Arc","Jeanne d'Arc",755824,46,105,HIGH
678,131264,0x000B8988,26,255,255,"Oryx Douala","Oryx Douala",756024,24,105,HIGH
679,131266,0x000B8A5C,16,255,255,"Stade Malien de Bamako","Stade Malien",756190,46,105,HIGH
680,131267,0x000B8B20,147,255,255,"Goldfields Obuasi SC","Goldfields",756402,38,105,HIGH
681,133235,0x000B8BCC,56,255,255,"Matáv-Sopron","Sopron",756598,38,105,HIGH
682,133678,0x000B8CB3,119,255,255,"Happy Valley Athletic","Happy Valley",756775,62,105,HIGH
683,134636,0x000B8D73,85,255,255,"San Juan Jabloteh SL","Jabloteh",757001,38,105,HIGH
684,134900,0x000B8E36,85,255,255,"Krung Thai Bank","KTB",757193,61,105,HIGH
685,134910,0x000B8F0E,85,255,255,"Bangkok Bank Limited","Bangkok Bank",757388,54,105,HIGH
686,134919,0x000B8FCA,60,255,255,"BEC Tero-Sasana","BEC",757604,54,105,HIGH
687,135214,0x000B909E,60,255,255,"Al Quwa Al Jawiya","Al Quwa Al Jawiya",757792,46,105,HIGH
688,135215,0x000B9156,60,255,255,"Al Zawra'a","Al Zawra'a",758004,46,105,HIGH
689,135217,0x000B920A,65,255,255,"Al Talaba","Al Talaba",758188,46,105,HIGH
690,135245,0x000B92C3,65,255,255,"Al Arabi (KUW)","Al Arabi (KUW)",758368,31,105,HIGH
691,135246,0x000B936F,65,255,255,"Al Kuwait","Al Kuwait",758553,38,105,HIGH
692,135247,0x000B943F,65,255,255,"Al Qadisiyah (KUW)","Al Qadisiyah (KUW)",758725,38,105,HIGH
693,135249,0x000B94E2,65,255,255,"Kazma","Kazma",758933,45,105,HIGH
694,135250,0x000B9583,62,255,255,"Salimiya","Salimiya",759096,31,105,HIGH
695,135253,0x000B9646,65,255,255,"Al Faysali (JOR)","Faysali (JOR)",759257,39,105,HIGH
696,135305,0x000B970A,75,255,255,"Al Shabab (KUW)","Al Shabab (KUW)",759452,38,105,HIGH
697,135327,0x000B9797,75,255,255,"Sur","Sur",759648,31,105,HIGH
698,135329,0x000B9830,75,255,255,"Dhofar","Dhofar",759789,31,105,HIGH
699,135331,0x000B98E9,71,255,255,"Al Nassr (OMA)","Al Nassr (OMA)",759942,31,105,HIGH
700,135346,0x000B99AF,70,255,255,"Valencia (MDV)","",760159,46,105,HIGH
701,135362,0x000B9A6B,70,255,255,"Negeri Sembilan","N. Sembilan",760325,38,105,HIGH
702,135382,0x000B9B0F,75,255,255,"Perak","Perak",760513,46,105,HIGH
703,135388,0x000B9BA4,91,255,255,"Fanja","Fanja",760677,31,105,HIGH
704,135399,0x000B9C61,91,255,255,"Al Wahda Sana'a","Al Wahda Sana'a",760826,31,105,HIGH
705,135405,0x000B9D0F,77,255,255,"Al Sha'ab Ibb","Al Sha'ab Ibb",761015,24,105,HIGH
706,135410,0x000B9DC4,77,255,255,"Al Ahli (QAT)","Al Ahli (QAT)",761189,31,105,HIGH
707,135411,0x000B9E6C,77,255,255,"Al Wakra","Al Wakra",761370,38,105,HIGH
708,135414,0x000B9F34,78,255,255,"Al Ittihad (QAT)","Al Ittihad (QAT)",761538,38,105,HIGH
709,135423,0x000B9FFF,78,255,255,"Al Riyadh","Al Riyadh",761738,69,105,HIGH
710,135427,0x000BA0D7,88,255,255,"Al Ittifaq (KSA)","Al Ittifaq (KSA)",761941,54,105,HIGH
711,135430,0x000BA1A6,88,255,255,"Al Wahda (UAE)","Al Wahda (UAE)",762157,53,105,HIGH
712,135439,0x000BA24A,88,255,255,"Al Wasl","Al Wasl",762364,38,105,HIGH
713,135449,0x000BA313,88,255,255,"Al Khaleej (UAE)","Al Khaleej (UAE)",762528,39,105,HIGH
714,135453,0x000BA3CC,88,255,255,"Al Arabi (UAE)","Al Arabi (UAE)",762729,31,105,HIGH
715,135455,0x000BA484,82,255,255,"Al Sharjah","Al Sharjah",762914,46,105,HIGH
716,135471,0x000BA54C,82,255,255,"Al Wahda (SYR)","Al Wahda (SYR)",763098,46,105,HIGH
717,135478,0x000BA614,58,255,255,"Al Jaish (SYR)","Al Jaish (SYR)",763298,46,105,HIGH
718,135494,0x000BA6C1,58,255,255,"PSM Makassar","PSM",763498,45,105,HIGH
719,135506,0x000BA79F,109,255,255,"Petrokimia Putra Gresik","Petrokimia Putra",763671,46,105,HIGH
720,136007,0x000BA872,176,255,255,"Club Puebla de la Franja","Puebla",763893,53,105,HIGH
721,136531,0x000BA965,129,255,255,"FK Buducnost Banatski Dvor","Buducnost (BD)",764124,45,105,HIGH
722,137957,0x000BAA26,164,255,255,"FC Pasching","Pasching",764347,57,105,HIGH
723,138153,0x000BAAF2,156,255,255,"AS Gaz Metan Medias","Gaz Metan",764545,45,105,HIGH
724,138209,0x000BABA2,134,255,255,"Marsaxlokk","Marsaxlokk",764744,38,105,HIGH
725,138447,0x000BAC76,189,255,255,"Marek (Dupnitsa)","Marek",764930,62,105,HIGH
726,142370,0x000BAD40,144,255,255,"Guarany de Bagé","",765158,54,105,HIGH
727,144648,0x000BADE2,97,255,255,"FC Tbilisi","FC Tbilisi",765334,24,105,HIGH
728,145751,0x000BAE8A,97,255,255,"Brampton Hitmen","Brampton",765496,24,105,HIGH
729,145752,0x000BAF3B,97,255,255,"Durham Storm","Durham Storm",765664,31,105,HIGH
730,145756,0x000BB000,97,255,255,"North York Astros","North York Astros",765841,31,105,HIGH
731,145759,0x000BB0BD,97,255,255,"Toronto Croatia","Toronto Croatia",766038,31,105,HIGH
732,145763,0x000BB172,97,255,255,"Toronto Supra","Toronto Supra",766227,31,105,HIGH
733,145766,0x000BB24F,97,255,255,"Glen Shields Sun Devils","Glen Shields Sun Devils",766408,31,105,HIGH
734,145767,0x000BB30C,4294967295,255,255,"Laval Dynamites","Laval Dynamites",766629,31,105,HIGH
735,147037,0x000BB39E,80,255,255,"London","London",766818,24,105,HIGH
736,147055,0x000BB477,80,255,255,"Southern All-Star Team","Southern All-Star Team",766964,31,105,HIGH
737,147056,0x000BB54C,80,255,255,"Central All-Star Team","Central All-Star Team",767181,31,105,HIGH
738,200373,0x000BB61E,189,255,255,"Seongnam Ilhwa Chunma","Seongnam",767394,54,105,HIGH
739,301100,0x000BB704,189,255,255,"AS Arapiraquense","ASA",767636,62,105,HIGH
740,301102,0x000BB9CB,189,255,255,"CR Brasil","CRB",768353,70,135,HIGH
741,301103,0x000BBA89,189,255,255,"CS Miguelense","Miguelense",768545,46,105,HIGH
742,301105,0x000BBB6B,189,255,255,"CA Aliança","Aliança",768767,62,105,HIGH
743,301107,0x000BBC71,189,255,255,"Santos FC (AP)","Santos (AP)",768989,86,105,HIGH
744,301108,0x000BBD8B,189,255,255,"Nacional FC (AM)","Nacional (AM)",769255,94,105,HIGH
745,301110,0x000BBEAB,189,255,255,"A Rio Negro C (AM)","Rio Negro (AM)",769537,94,105,HIGH
746,301111,0x000BC190,189,255,255,"São Raimundo EC (AM)","São Raimundo (AM)",770284,78,135,HIGH
747,301113,0x000BC264,189,255,255,"Alagoinhas Atlético C","Atlético (BA)",770534,46,105,HIGH
748,301115,0x000BC336,189,255,255,"Camaçari FC","Camaçari",770774,46,105,HIGH
749,301117,0x000BC416,189,255,255,"Colo-Colo (BA)","",771014,46,105,HIGH
750,301119,0x000BC4D8,189,255,255,"Conquista FC","Conquista",771180,54,105,HIGH
751,301121,0x000BC598,189,255,255,"Cruzeiro (BA)","",771402,46,105,HIGH
752,301123,0x000BC6B2,189,255,255,"Fluminense de Feira FC","Fluminense (BA)",771590,86,105,HIGH
753,301125,0x000BC78A,189,255,255,"Juazeiro (BA)","",771900,46,105,HIGH
754,301127,0x000BC838,189,255,255,"EC Poções","Poções",772064,46,105,HIGH
755,301129,0x000BC942,189,255,255,"Ferroviário AC (CE)","Ferroviário (CE)",772266,70,105,HIGH
756,301131,0x000BC9FC,189,255,255,"Itapipoca EC","Itapipoca",772504,46,105,HIGH
757,301133,0x000BCAC4,189,255,255,"Juazeiro (CE)","",772718,54,105,HIGH
758,301135,0x000BCBA2,189,255,255,"Brasília FC","Brasília",772890,86,105,HIGH
759,301136,0x000BCC8C,189,255,255,"SE Brazlândia","Brazlândia",773140,62,105,HIGH
760,301138,0x000BCD6C,189,255,255,"EC Dom Pedro II","Dom Pedro",773346,78,105,HIGH
761,301140,0x000BCE2A,189,255,255,"Linhares EC","Linhares",773570,54,105,HIGH
762,301142,0x000BCEFA,189,255,255,"Rio Branco (ES)","",773792,54,105,HIGH
763,301144,0x000BCFCA,189,255,255,"SD Serra FC","Serra",773992,54,105,HIGH
764,301146,0x000BD283,189,255,255,"AA Anapolina","Anapolina",774663,70,135,HIGH
765,301148,0x000BD351,189,255,255,"Anápolis FC","Anápolis",774889,54,105,HIGH
766,301149,0x000BD40B,189,255,255,"Aparecida EC","Aparecida",775079,46,105,HIGH
767,301151,0x000BD517,189,255,255,"Atlético C Goianiense","Atlético Goianiense",775285,70,105,HIGH
768,301153,0x000BD5C5,189,255,255,"Caldas EC","Caldas",775533,46,105,HIGH
769,301155,0x000BD67F,189,255,255,"Goianésia EC","Goianésia",775707,46,105,HIGH
770,301157,0x000BD749,189,255,255,"Goiânia EC","Goiânia",775893,70,105,HIGH
771,301159,0x000BD7FF,189,255,255,"Goiatuba EC","Goiatuba",776095,46,105,HIGH
772,301161,0x000BD8B9,189,255,255,"UE Inhumas","Inhumas",776277,54,105,HIGH
773,301163,0x000BD97B,189,255,255,"Itumbiara EC","Itumbiara",776463,54,105,HIGH
774,301165,0x000BDA29,189,255,255,"Minaçu EC","Minaçu",776657,46,105,HIGH
775,301167,0x000BDAEB,189,255,255,"AA Rioverdense","Rioverdense",776831,46,105,HIGH
776,301169,0x000BDBB3,189,255,255,"S Imperatriz D","Imperatriz",777025,54,105,HIGH
777,301171,0x000BDC99,189,255,255,"Maranhão AC","Maranhão",777257,62,105,HIGH
778,301172,0x000BDDA1,189,255,255,"Moto Clube de São Luís","Moto Clube",777495,62,105,HIGH
779,301173,0x000BDE83,189,255,255,"Juventude (MT)","",777779,46,105,HIGH
780,301175,0x000BDF49,189,255,255,"AA Sinop","Sinop",777973,46,105,HIGH
781,301177,0x000BE007,189,255,255,"Ubiratan EC","Ubiratan",778143,54,105,HIGH
782,301179,0x000BE0EF,189,255,255,"União Rondonópolis","",778383,54,105,HIGH
783,301181,0x000BE1E1,189,255,255,"EC Comercial (MS)","Comercial (MS)",778593,54,105,HIGH
784,301182,0x000BE2AF,189,255,255,"AA Caldense","Caldense",778831,46,105,HIGH
785,301184,0x000BE369,189,255,255,"EC Democrata","Democrata",779013,46,105,HIGH
786,301186,0x000BE421,189,255,255,"Fabril (MG)","",779223,46,105,HIGH
787,301188,0x000BE4E7,189,255,255,"Guarani EC (MG)","Guarani (MG)",779383,46,105,HIGH
788,301190,0x000BE5B5,189,255,255,"Ipatinga FC","Ipatinga",779605,46,105,HIGH
789,301192,0x000BE675,189,255,255,"Ipiranga (MG)","",779815,46,105,HIGH
790,301194,0x000BE73B,189,255,255,"Mamoré EC","Mamoré",779995,54,105,HIGH
791,301196,0x000BE801,189,255,255,"Rio Branco (MG)","",780207,46,105,HIGH
792,301198,0x000BE8B3,189,255,255,"Tupi FC","Tupi",780387,46,105,HIGH
793,301200,0x000BE971,189,255,255,"Uberlândia EC","Uberlândia",780553,46,105,HIGH
794,301202,0x000BEA15,189,255,255,"URT","URT",780743,54,105,HIGH
795,301204,0x000BEACF,189,255,255,"Valeriodoce EC","Valério",780907,46,105,HIGH
796,301206,0x000BEBA5,189,255,255,"Castanhal EC","Castanhal",781121,46,105,HIGH
797,301208,0x000BECB3,189,255,255,"Botafogo FC (PB)","Botafogo (PB)",781343,78,105,HIGH
798,301210,0x000BED9B,189,255,255,"Campinense C","Campinense",781597,70,105,HIGH
799,301212,0x000BEE75,189,255,255,"Treze FC","Treze",781833,70,105,HIGH
800,301214,0x000BEF2F,189,255,255,"AA Batel","Batel",782027,62,105,HIGH
801,301216,0x000BF009,189,255,255,"Francisco Beltrão FC","Francisco Beltrão",782213,46,105,HIGH
802,301218,0x000BF0E7,189,255,255,"Malutrom SA","Malutrom",782431,86,105,HIGH
803,301220,0x000BF1B5,189,255,255,"Ponta Grossa EC","Ponta Grossa",782653,54,105,HIGH
804,301222,0x000BF2B1,189,255,255,"A Portuguesa Londrinense","Portuguesa Londrinense",782859,62,105,HIGH
805,301224,0x000BF397,189,255,255,"Prudentópolis EC","Prudentópolis",783139,46,105,HIGH
806,301226,0x000BF45F,189,255,255,"Rio Branco (PR)","",783373,46,105,HIGH
807,301228,0x000BF55D,189,255,255,"União Bandeirante FC","União Bandeirante",783569,54,105,HIGH
808,301230,0x000BF621,189,255,255,"Central (PE)","",783821,54,105,HIGH
809,301232,0x000BF70B,189,255,255,"Ferroviário EC de Serra Talhada","Ferroviário ST",783991,46,105,HIGH
810,301234,0x000BF7B1,189,255,255,"Íbis SC","Íbis",784225,46,105,HIGH
811,301235,0x000BF871,189,255,255,"Porto (PE)","",784417,54,105,HIGH
812,301237,0x000BF937,189,255,255,"Manchete FC","Manchete",784583,62,105,HIGH
813,301239,0x000BFA01,189,255,255,"U Pernambuco FC","Unibol",784781,62,105,HIGH
814,301240,0x000BFABD,189,255,255,"Vitória (PE)","",785009,46,105,HIGH
815,301242,0x000BFB83,189,255,255,"4 de Julho EC","4 de Julho",785171,54,105,HIGH
816,301244,0x000BFC3D,189,255,255,"SE Picos","Picos",785369,62,105,HIGH
817,301245,0x000BFD1D,189,255,255,"River (PI)","",785605,62,105,HIGH
818,301247,0x000BFE03,189,255,255,"AD Cabofriense","Cabofriense",785799,62,105,HIGH
819,301249,0x000BFED1,189,255,255,"Campo Grande AC","Campo Grande",786009,54,105,HIGH
820,301251,0x000BFFCF,189,255,255,"AA Portuguesa (RJ)","Portuguesa (RJ)",786235,70,105,HIGH
821,301253,0x000C00AB,189,255,255,"São Cristóvão (RJ)","",786507,54,105,HIGH
822,301255,0x000C0179,189,255,255,"Serrano FC (RJ)","Serrano (RJ)",786689,54,105,HIGH
823,301257,0x000C023B,189,255,255,"Alecrim FC","Alecrim",786895,62,105,HIGH
824,301258,0x000C0317,189,255,255,"ACD Potiguar","Potiguar",787109,62,105,HIGH
825,301260,0x000C0409,189,255,255,"C 15 de Novembro","15 de Campo Bom",787345,46,105,HIGH
826,301262,0x000C04C3,189,255,255,"EC Avenida","Avenida",787551,54,105,HIGH
827,301264,0x000C05AB,189,255,255,"Brasil de Pelotas","",787789,54,105,HIGH
828,301266,0x000C0878,189,255,255,"SER Caxias do Sul","Caxias",788464,78,135,HIGH
829,301268,0x000C0968,189,255,255,"C Esportivo Bento Gonçalves","Esportivo",788710,46,105,HIGH
830,301270,0x000C0A24,189,255,255,"Guarani (RS)","",788952,46,105,HIGH
831,301272,0x000C0AF0,189,255,255,"Santa Maria (RS)","",789148,46,105,HIGH
832,301274,0x000C0BDE,189,255,255,"Passo Fundo SC","Passo Fundo",789354,54,105,HIGH
833,301276,0x000C0CAC,189,255,255,"EC Pelotas","Pelotas",789576,54,105,HIGH
834,301278,0x000C0D7A,189,255,255,"SC Rio Grande","Rio Grande",789762,62,105,HIGH
835,301280,0x000C0E4A,189,255,255,"Santa Cruz (RS)","",790000,54,105,HIGH
836,301282,0x000C0F20,189,255,255,"SE Santo Ângelo","Santo Ângelo",790192,46,105,HIGH
837,301284,0x000C0FE0,189,255,255,"São José (RS)","",790418,46,105,HIGH
838,301286,0x000C1096,189,255,255,"EC São Luiz","São Luiz",790582,46,105,HIGH
839,301288,0x000C115C,189,255,255,"Veranópolis ECRC","Veranópolis",790764,46,105,HIGH
840,301290,0x000C1252,189,255,255,"EC Gênus Rondoniense","Gênus",790990,70,105,HIGH
841,301292,0x000C1328,189,255,255,"Ji-Paraná FC","Ji-Paraná",791236,46,105,HIGH
842,301294,0x000C13E6,189,255,255,"A Pinheiros FC","Pinheiros",791422,46,105,HIGH
843,301296,0x000C14C8,189,255,255,"Baré EC","Baré",791640,78,105,HIGH
844,301298,0x000C159A,189,255,255,"GA Sampaio","GAS",791838,86,105,HIGH
845,301299,0x000C1692,189,255,255,"A Rio Negro C (RR)","Rio Negro (RR)",792048,86,105,HIGH
846,301300,0x000C174C,189,255,255,"CA Alto Vale","Alto Vale",792296,46,105,HIGH
847,301302,0x000C1806,189,255,255,"Brusque FC","Brusque",792482,54,105,HIGH
848,301304,0x000C18D2,189,255,255,"A Chapecoense F","Chapecoense",792668,54,105,HIGH
849,301306,0x000C1BAE,189,255,255,"Figueirense FC","Figueirense",793386,70,135,HIGH
850,301308,0x000C1C68,189,255,255,"CA Fraiburgo","Fraiburgo",793604,46,105,HIGH
851,301310,0x000C1F35,189,255,255,"Joinville EC","Joinville",794289,78,135,HIGH
852,301312,0x000C1FF3,189,255,255,"SE Kindermann","Kindermann",794507,46,105,HIGH
853,301314,0x000C20B1,189,255,255,"EC Próspera","Próspera",794697,54,105,HIGH
854,301316,0x000C217B,189,255,255,"CN Marcílio Dias","Marcílio Dias",794887,46,105,HIGH
855,301318,0x000C222D,189,255,255,"Tubarão FC","Tubarão",795089,46,105,HIGH
856,301321,0x000C230B,189,255,255,"CS Sergipe","Sergipe",795295,62,105,HIGH
857,301323,0x000C23F3,189,255,255,"Confiança (SE)","",795539,62,105,HIGH
858,301325,0x000C24D7,189,255,255,"AO de Itabaiana","Itabaiana",795749,54,105,HIGH
859,301327,0x000C2595,189,255,255,"Interporto FC","Interporto",795949,46,105,HIGH
860,301329,0x000C265F,189,255,255,"Palmas FR","Palmas",796167,46,105,HIGH
861,301331,0x000C2739,189,255,255,"Tocantinópolis EC","Tocantinópolis",796353,46,105,HIGH
862,301333,0x000C2823,189,255,255,"América FC (SP)","América (SP)",796587,54,105,HIGH
863,301336,0x000C28F9,189,255,255,"Comercial FC (SP)","Comercial (SP)",796793,54,105,HIGH
864,301338,0x000C2BA2,189,255,255,"Paulista FC","Paulista",797498,54,135,HIGH
865,301340,0x000C2C58,189,255,255,"AA Francana","Francana",797688,46,105,HIGH
866,301342,0x000C2D32,189,255,255,"SE Matonense","Matonense",797902,46,105,HIGH
867,301344,0x000C2DF0,189,255,255,"Mirassol FC","Mirassol",798088,54,105,HIGH
868,301346,0x000C2EAC,189,255,255,"Olímpia (SP)","",798304,46,105,HIGH
869,301348,0x000C2F76,189,255,255,"EC Paraguaçuense","Paraguaçuense",798466,46,105,HIGH
870,301350,0x000C3040,189,255,255,"Rio Preto EC","Rio Preto",798668,62,105,HIGH
871,301352,0x000C330B,189,255,255,"EC Santo André","Santo André",799376,61,135,HIGH
872,301354,0x000C35CC,189,255,255,"AD São Caetano","São Caetano",800088,54,135,HIGH
873,301356,0x000C36A6,189,255,255,"São José (SP)","",800336,54,105,HIGH
874,301357,0x000C3768,189,255,255,"GE Sãocarlense","Sãocarlense",800508,46,105,HIGH
875,301359,0x000C386A,189,255,255,"União A Barbarense FC","União Barbarense",800726,62,105,HIGH
876,301361,0x000C3938,189,255,255,"Astro (BA)","",800984,70,105,HIGH
877,301363,0x000C39EA,189,255,255,"EC Galícia","Galícia",801166,46,105,HIGH
878,301364,0x000C3AAE,189,255,255,"Bom Jesús (GO)","",801374,46,105,HIGH
879,301367,0x000C3B74,189,255,255,"AE Jataiense","Jataiense",801544,54,105,HIGH
880,301370,0x000C3C2A,189,255,255,"Cascavel CR","Cascavel",801738,46,105,HIGH
881,301373,0x000C3CFC,189,255,255,"SE Matsubara","Matsubara",801920,70,105,HIGH
882,301374,0x000C3DAE,189,255,255,"Surubim FC","Surubim",802130,46,105,HIGH
883,301377,0x000C3E7A,189,255,255,"Guarani de Palhoça","",802338,46,105,HIGH
884,301380,0x000C3F42,189,255,255,"Tiradentes (SC)","",802544,46,105,HIGH
885,301526,0x000C3FF6,189,255,255,"Berga (MT)","",802734,46,105,HIGH
886,301919,0x000C40B0,189,255,255,"Barreiras EC","Barreiras",802892,46,105,HIGH
887,302108,0x000C41B2,4294967295,255,255,"Estrela do Norte FC","Estrela do Norte",803106,62,105,HIGH
888,302139,0x000C426C,4294967295,255,255,"AA das Palmeiras","AA das Palmeiras",803336,24,105,HIGH
889,302141,0x000C431A,189,255,255,"Novorizontino","Novorizontino",803522,24,105,HIGH
890,302142,0x000C43E6,189,255,255,"São Bento (SP)","",803726,54,105,HIGH
891,302143,0x000C44B4,189,255,255,"Goytacaz FC","Goytacaz",803900,70,105,HIGH
892,302144,0x000C4582,4294967295,255,255,"Ferroviária (SP)","",804142,46,105,HIGH
893,302146,0x000C4644,4294967295,255,255,"Americano Paulista","Americano Paulista",804312,24,105,HIGH
894,302148,0x000C46E2,189,255,255,"Paissandu","Paissandu",804506,24,105,HIGH
895,303009,0x000C4794,189,255,255,"Joaçaba AC","Joaçaba",804664,46,105,HIGH
896,303010,0x000C4842,189,255,255,"Capela EC","Capela",804842,46,105,HIGH
897,303012,0x000C4950,189,255,255,"SE São José (AP)","São José (AP)",805044,86,105,HIGH
898,303013,0x000C4A26,189,255,255,"América FC (PE)","América (PE)",805286,62,105,HIGH
899,303014,0x000C4AE0,189,255,255,"AD Cabense","Cabense",805500,54,105,HIGH
900,303016,0x000C4BA6,189,255,255,"Santa Helena EC","Santa Helena",805686,46,105,HIGH
901,303018,0x000C4C72,189,255,255,"CRA Catalano","CRAC",805912,46,105,HIGH
902,303020,0x000C4D3E,189,255,255,"Grêmio E Maringá","Grêmio Maringá",806088,46,105,HIGH
903,303022,0x000C4E20,189,255,255,"Iraty SC","Iraty",806332,62,105,HIGH
904,303612,0x000C4ED6,189,255,255,"EC Noroeste","Noroeste",806518,46,105,HIGH
905,303614,0x000C4F96,194,255,255,"Jaboticabal A","Jaboticabal",806700,46,105,HIGH
906,303815,0x000C5040,194,255,255,"CFBC Melgar","Melgar",806892,38,105,HIGH
907,303816,0x000C50F8,189,255,255,"C Sport Boys A","Sport Boys",807062,38,105,HIGH
908,303861,0x000C5202,189,255,255,"Bandeirante (DF)","",807310,78,105,HIGH
909,303902,0x000C5308,189,255,255,"SC Corinthians Alagoano","Corinthians (AL)",807552,46,105,HIGH
910,304422,0x000C53D2,192,255,255,"Nacional AC (SP)","Nacional (SP)",807774,46,105,HIGH
911,308091,0x000C5483,188,255,255,"SD Aucas","Aucas",807991,38,105,HIGH
912,308094,0x000C553B,188,255,255,"C Real Potosí","Real Potosí",808153,38,105,HIGH
913,308099,0x000C560F,188,255,255,"C Mariscal Braun","Mariscal Braun",808337,54,105,HIGH
914,308100,0x000C56CF,188,255,255,"C Unión Central","Unión Central",808549,38,105,HIGH
915,308102,0x000C57B7,194,255,255,"C Independiente Petrolero","Independiente Petrolero",808741,38,105,HIGH
916,308104,0x000C5883,194,255,255,"C Alianza Atlético","Alianza Atlético",808973,38,105,HIGH
917,308107,0x000C593B,189,255,255,"ADFPC Cienciano","Cienciano",809177,38,105,HIGH
918,308183,0x000C5A2F,189,255,255,"Flamengo (PI)","",809425,62,105,HIGH
919,308236,0x000C5AFD,104,255,255,"Brasil de Farroupilha","",809631,46,105,HIGH
920,308255,0x000C5BC3,112,255,255,"CD Cobán Imperial","Cobán Imperial",809811,38,105,HIGH
921,308261,0x000C5CA9,112,255,255,"Atlético Nacional (PAN)","",810055,46,105,HIGH
922,308263,0x000C5D63,112,255,255,"CD Arabe Unido","Arabe Unido",810239,38,105,HIGH
923,308266,0x000C5E11,112,255,255,"Chiriquí FC","Chiriquí",810425,38,105,HIGH
924,308267,0x000C5EDF,112,255,255,"Panamá Viejo FC","Panamá Viejo",810599,54,105,HIGH
925,308268,0x000C5FB5,112,255,255,"San Francisco (PAN)","",810843,46,105,HIGH
926,308271,0x000C6089,112,255,255,"C Sporting Coclé","Sporting Coclé",811019,54,105,HIGH
927,308272,0x000C613B,107,255,255,"Tauro FC","Tauro",811231,54,105,HIGH
928,308276,0x000C61F1,107,255,255,"CD Marathón","Marathón",811409,46,105,HIGH
929,308277,0x000C62AB,107,255,255,"CD Motagua","Motagua",811591,54,105,HIGH
930,308279,0x000C6365,107,255,255,"Platense (HON)","",811805,38,105,HIGH
931,308280,0x000C641F,189,255,255,"Victoria (HON)","",811991,38,105,HIGH
932,308384,0x000C650D,191,255,255,"América FC (AM)","América (AM)",812149,86,105,HIGH
933,308516,0x000C65EE,189,255,255,"Deportivo Pereira FC","Deportivo Pereira",812402,38,105,HIGH
934,308628,0x000C66D4,189,255,255,"EC Novo Hamburgo","Novo Hamburgo",812640,46,105,HIGH
935,308938,0x000C678E,189,255,255,"AE Araçatuba","Araçatuba",812842,46,105,HIGH
936,308939,0x000C6868,189,255,255,"Águia de Marabá FC","Águia de Marabá",813028,54,105,HIGH
937,308940,0x000C691A,189,255,255,"Carajás EC","Carajás",813246,46,105,HIGH
938,308941,0x000C69E0,189,255,255,"Santa Rosa EC","Santa Rosa",813424,54,105,HIGH
939,308942,0x000C6AC6,189,255,255,"São Francisco FC (PA)","São Francisco (PA)",813622,54,105,HIGH
940,308943,0x000C6BA8,189,255,255,"São Raimundo EC (PA)","São Raimundo (PA)",813852,54,105,HIGH
941,308944,0x000C6C7C,189,255,255,"São Paulo (RS)","",814108,62,105,HIGH
942,308945,0x000C6D4C,189,255,255,"Sport Belém C","Sport Belém",814290,62,105,HIGH
943,308946,0x000C6E14,189,255,255,"Tiradentes (PA)","",814530,46,105,HIGH
944,308947,0x000C6EBE,189,255,255,"Vênus AC","Vênus",814698,46,105,HIGH
945,309137,0x000C6F86,189,255,255,"Boavista (RJ)","",814896,54,105,HIGH
946,309138,0x000C7044,189,255,255,"Bonsucesso FC","Bonsucesso",815068,46,105,HIGH
947,309139,0x000C7120,189,255,255,"Grêmio E Inhumense","Grêmio Inhumense",815258,54,105,HIGH
948,309140,0x000C71EE,189,255,255,"Novo Horizonte FC","Novo Horizonte",815478,46,105,HIGH
949,309141,0x000C72A4,189,255,255,"Real (GO)","",815702,54,105,HIGH
950,309142,0x000C7378,189,255,255,"SE Internacional","Inter de Lages",815866,54,105,HIGH
951,309143,0x000C7470,189,255,255,"Náutico (RR)","",816132,78,105,HIGH
952,309144,0x000C754E,189,255,255,"Progresso (RR)","",816358,70,105,HIGH
953,309145,0x000C7646,189,255,255,"A Roraima C","Roraima",816576,86,105,HIGH
954,309146,0x000C774C,191,255,255,"São Raimundo EC (RR)","São Raimundo (RR)",816824,62,105,HIGH
955,309345,0x000C781E,191,255,255,"Alianza Petrolera AS","Alianza Petrolera",817058,38,105,HIGH
956,309346,0x000C78EC,189,255,255,"CN Cúcuta Deportivo","Cúcuta Deportivo",817268,38,105,HIGH
957,309358,0x000C79A2,189,255,255,"Murici FC","Murici",817474,54,105,HIGH
958,309361,0x000C7A64,189,255,255,"SC Penedense","Penedense",817656,54,105,HIGH
959,309614,0x000C7B3C,189,255,255,"Centro Limoeirense","Centro Limoeirense",817850,46,105,HIGH
960,309616,0x000C7BF8,189,255,255,"A Garanhuense A","AGA",818066,54,105,HIGH
961,309618,0x000C7CC2,189,255,255,"Guajará EC","Guajará",818254,70,105,HIGH
962,309619,0x000C7DB4,189,255,255,"SE União Cacoalense","União Cacoalense",818484,46,105,HIGH
963,309621,0x000C7E90,189,255,255,"Itabaiana Coritiba EC","Coritiba (SE)",818698,54,105,HIGH
964,309622,0x000C7F4E,189,255,255,"AC Lagartense","Lagartense",818918,46,105,HIGH
965,309624,0x000C8018,189,255,255,"Gurupi EC","Gurupi",819136,46,105,HIGH
966,309626,0x000C80EA,189,255,255,"Intercap EC","Intercap",819338,46,105,HIGH
967,309628,0x000C81B2,189,255,255,"AEC Baraúnas","Baraúnas",819520,62,105,HIGH
968,309629,0x000C82A6,189,255,255,"Coríntians (RN)","",819788,54,105,HIGH
969,309631,0x000C8368,189,255,255,"SE Pauferrense","Pauferrense",819964,46,105,HIGH
970,309633,0x000C8408,189,255,255,"ASSU","ASSU",820158,46,105,HIGH
971,309635,0x000C84EE,189,255,255,"São Gonçalo FC","São Gonçalo",820354,46,105,HIGH
972,309637,0x000C85C0,189,255,255,"Andirá EC","Andirá",820576,54,105,HIGH
973,309638,0x000C86BC,189,255,255,"C Atlético Acreano","Atlético Acreano",820758,86,105,HIGH
974,309639,0x000C8796,189,255,255,"Mazagão AC","Mazagão",821010,86,105,HIGH
975,309640,0x000C886C,189,255,255,"Piauí EC","Piauí",821256,62,105,HIGH
976,309641,0x000C8916,189,255,255,"Sousa EC","Sousa",821442,46,105,HIGH
977,309643,0x000C89F6,189,255,255,"Auto Esporte C (PB)","Auto Esporte (PB)",821612,54,105,HIGH
978,309644,0x000C8ABA,189,255,255,"Mixto (MT)","",821858,62,105,HIGH
979,309646,0x000C8B6E,189,255,255,"Misto (MS)","",822054,46,105,HIGH
980,309648,0x000C8C3C,189,255,255,"SE Nova Andradina","Nova Andradina",822212,46,105,HIGH
981,309650,0x000C8D14,189,255,255,"A Clíper C","Clíper",822418,86,105,HIGH
982,309651,0x000C8DE2,189,255,255,"Nacional Fast Club","Fast Club",822634,54,105,HIGH
983,309652,0x000C8EC8,189,255,255,"Libermorro FC","Libermorro",822840,86,105,HIGH
984,309653,0x000C8FB2,189,255,255,"Sul América EC","Sul América",823070,86,105,HIGH
985,309654,0x000C906C,189,255,255,"Bacabal EC","Bacabal",823304,54,105,HIGH
986,309656,0x000C9142,189,255,255,"Americano FC (MA)","Americano (MA)",823490,54,105,HIGH
987,309670,0x000C941B,189,255,255,"Brasiliense FC","Brasiliense",824199,86,135,HIGH
988,309673,0x000C94E7,189,255,255,"Bandeirante (SP)","",824467,46,105,HIGH
989,309735,0x000C95AF,4294967295,255,255,"Grêmio E Bagé","Grêmio Bagé",824637,54,105,HIGH
990,309736,0x000C965D,4294967295,255,255,"Cruzeiro (RS)","Cruzeiro (RS)",824837,24,105,HIGH
991,309737,0x000C970F,4294967295,255,255,"Americano (RS)","Americano (RS)",825011,24,105,HIGH
992,309738,0x000C97CD,189,255,255,"9 Reg. Infantaria","9 Reg. Infantaria",825189,24,105,HIGH
993,309739,0x000C98A7,189,255,255,"Grêmio FB Santanense","Grêmio Santanense",825379,46,105,HIGH
994,309740,0x000C997F,4294967295,255,255,"FBC Riograndense","Riograndense",825597,62,105,HIGH
995,309741,0x000C9A19,4294967295,255,255,"Floriano","Floriano",825813,24,105,HIGH
996,309743,0x000C9AC3,189,255,255,"Hercílio Luz","Hercílio Luz",825967,24,105,HIGH
997,309744,0x000C9B83,4294967295,255,255,"Caxias (SC)","",826161,54,105,HIGH
998,309745,0x000C9C31,4294967295,255,255,"Operário (SC)","Operário (SC)",826329,24,105,HIGH
999,309746,0x000C9CDB,4294967295,255,255,"São Salvador","São Salvador",826503,24,105,HIGH
1000,309747,0x000C9D89,4294967295,255,255,"Santos Dumont","Santos Dumont",826673,24,105,HIGH
1001,309748,0x000C9E4B,4294967295,255,255,"Internacional (BA)","Internacional (BA)",826847,24,105,HIGH
1002,309749,0x000C9EE9,189,255,255,"República","República",827041,24,105,HIGH
1003,309750,0x000C9FB3,189,255,255,"EC Ypiranga (BA)","Ypiranga (BA)",827199,46,105,HIGH
1004,309751,0x000CA07B,4294967295,255,255,"Botafogo (BA)","",827429,54,105,HIGH
1005,309752,0x000CA121,4294967295,255,255,"AA da Bahia","AA da Bahia",827601,24,105,HIGH
1006,309753,0x000CA1D7,4294967295,255,255,"Baiano de Tênis","Baiano de Tênis",827767,24,105,HIGH
1007,309754,0x000CA271,4294967295,255,255,"Perdigão","Perdigão",827949,24,105,HIGH
1008,309755,0x000CA31B,4294967295,255,255,"Guarany (BA)","Guarany (BA)",828103,24,105,HIGH
1009,309756,0x000CA3C1,4294967295,255,255,"Paula Ramos","Paula Ramos",828273,24,105,HIGH
1010,309757,0x000CA487,4294967295,255,255,"América Catarinense","América Catarinense",828439,24,105,HIGH
1011,309758,0x000CA541,189,255,255,"Ferroviário (SC)","Ferroviário (SC)",828637,24,105,HIGH
1012,309759,0x000CA5F3,4294967295,255,255,"AD Leônico","Leônico",828823,46,105,HIGH
1013,309760,0x000CA67D,4294967295,255,255,"Yale","Yale",829001,24,105,HIGH
1014,309761,0x000CA713,4294967295,255,255,"Olimpic","Olimpic",829139,24,105,HIGH
1015,309762,0x000CA7B9,4294967295,255,255,"Siderúrgica","Siderúrgica",829289,24,105,HIGH
1016,309764,0x000CA857,4294967295,255,255,"Externato","Externato",829455,24,105,HIGH
1017,309765,0x000CA901,4294967295,255,255,"Lauro Müller","Lauro Müller",829613,24,105,HIGH
1018,309766,0x000CA9CB,4294967295,255,255,"Atlético Catarinense","Atlético Catarinense",829783,24,105,HIGH
1019,309767,0x000CAA51,4294967295,255,255,"CIP","CIP",829985,24,105,HIGH
1020,309768,0x000CAAFF,4294967295,255,255,"Ypiranga (SC)","Ypiranga (SC)",830119,24,105,HIGH
1021,309769,0x000CAB99,189,255,255,"Metropol","Metropol",830293,24,105,HIGH
1022,309770,0x000CAC6B,189,255,255,"CA Carlos Renaux","Carlos Renaux",830447,54,105,HIGH
1023,309771,0x000CAD2B,4294967295,255,255,"Flamengo (PE)","",830685,46,105,HIGH
1024,309772,0x000CADB9,4294967295,255,255,"Torre","Torre",830849,24,105,HIGH
1025,309773,0x000CAE53,4294967295,255,255,"Tramways","Tramways",830991,24,105,HIGH
1026,309774,0x000CAEDD,4294967295,255,255,"Íris","Íris",831145,24,105,HIGH
1027,309775,0x000CAF77,4294967295,255,255,"Varzeano","Varzeano",831283,24,105,HIGH
1028,309776,0x000CB029,4294967295,255,255,"Pinheiros (PR)","Pinheiros (PR)",831437,24,105,HIGH
1029,309777,0x000CB0D7,4294967295,255,255,"Colorado (PR)","Colorado (PR)",831615,24,105,HIGH
1030,309778,0x000CB179,4294967295,255,255,"Água Verde","Água Verde",831789,24,105,HIGH
1031,309780,0x000CB23B,4294967295,255,255,"Internacional (PR)","Internacional (PR)",831951,24,105,HIGH
1032,309781,0x000CB2D5,4294967295,255,255,"Britânia","Britânia",832145,24,105,HIGH
1033,309782,0x000CB397,4294967295,255,255,"América Paranaense","América Paranaense",832299,24,105,HIGH
1034,309783,0x000CB44D,4294967295,255,255,"Palestra Itália","Palestra Itália",832493,24,105,HIGH
1035,309784,0x000CB507,4294967295,255,255,"Ferroviário (PR)","Ferroviário (PR)",832675,24,105,HIGH
1036,309785,0x000CB5B1,189,255,255,"Monte Alegre","Monte Alegre",832861,24,105,HIGH
1037,309786,0x000CB67F,4294967295,255,255,"EC Comercial (PR)","Comercial (PR)",833031,46,105,HIGH
1038,310299,0x000CB72D,4294967295,255,255,"Olímpico (SC)","Olímpico (SC)",833237,24,105,HIGH
1039,310351,0x000CB7EF,189,255,255,"Internacional (SC)","Internacional (SC)",833411,24,105,HIGH
1040,310357,0x000CB8C1,189,255,255,"EC XV de Novembro de Jaú","XV de Jaú",833605,46,105,HIGH
1041,310384,0x000CB97F,189,255,255,"AA São Mateus","São Mateus",833815,46,105,HIGH
1042,310389,0x000CBA51,189,255,255,"Alegrense FC","Alegrense",834021,54,105,HIGH
1043,310392,0x000CBB0B,189,255,255,"CT Uniclinic","Uniclinic",834215,46,105,HIGH
1044,310636,0x000CBBC9,189,255,255,"Boa Viagem EC","Boa Viagem",834401,46,105,HIGH
1045,310639,0x000CBC7B,189,255,255,"Itapajé FC","Itapajé",834591,46,105,HIGH
1046,310642,0x000CBD41,189,255,255,"Guarany de Sobral","",834795,46,105,HIGH
1047,310645,0x000CBE09,189,255,255,"Tiradentes (CE)","",834999,46,105,HIGH
1048,310700,0x000CBECB,189,255,255,"Ituiutaba EC","Ituiutaba",835167,54,105,HIGH
1049,310898,0x000CBF85,189,255,255,"Uberaba SC","Uberaba",835361,54,105,HIGH
1050,310899,0x000CC057,189,255,255,"Nacional FC (MG)","Nacional (MG)",835547,54,105,HIGH
1051,310900,0x000CC105,189,255,255,"Social FC","Social",835757,46,105,HIGH
1052,310901,0x000CC1CB,189,255,255,"CA Patrocinense","Patrocinense",835931,46,105,HIGH
1053,310902,0x000CC2C3,189,255,255,"Atlético C de Três Corações","Atlético de Três Corações",836129,46,105,HIGH
1054,310903,0x000CC3A1,189,255,255,"América FC de Alfenas","América de Alfenas",836377,46,105,HIGH
1055,310904,0x000CC457,189,255,255,"AD Ateneu","Ateneu",836599,54,105,HIGH
1056,310905,0x000CC51F,189,255,255,"S Esportiva Guaxupé","Esportiva",836781,46,105,HIGH
1057,310908,0x000CC5ED,189,255,255,"SC Parnamirim","Parnamirim",836981,62,105,HIGH
1058,311000,0x000CC6B7,189,255,255,"Ceilândia EC","Ceilândia",837187,62,105,HIGH
1059,311002,0x000CC761,189,255,255,"CR Guará","Guará",837389,46,105,HIGH
1060,311004,0x000CC81F,189,255,255,"Sobradinho EC","Sobradinho",837559,46,105,HIGH
1061,311020,0x000CC8F3,189,255,255,"Flamengo (SP)","",837797,46,105,HIGH
1062,311022,0x000CC99D,189,255,255,"Garça FC","Garça",837961,46,105,HIGH
1063,311024,0x000CCA77,189,255,255,"Independente (SP)","",838169,54,105,HIGH
1064,311026,0x000CCD14,189,255,255,"Marília AC","Marília",838840,46,135,HIGH
1065,311028,0x000CCDBE,189,255,255,"Oeste FC","Oeste",839018,46,105,HIGH
1066,311030,0x000CCE9E,189,255,255,"C Atlético Sorocaba","Atlético Sorocaba",839188,54,105,HIGH
1067,311032,0x000CCF72,189,255,255,"União Mogi das Cruzes FC","União Mogi",839412,46,105,HIGH
1068,311034,0x000CD038,189,255,255,"CA Taquaritinga","Taquaritinga",839624,46,105,HIGH
1069,311036,0x000CD0EA,189,255,255,"EC Taubaté","Taubaté",839822,46,105,HIGH
1070,311038,0x000CD1AC,189,255,255,"EC Palmeirense","Palmeirense",840000,46,105,HIGH
1071,311040,0x000CD28A,189,255,255,"SE São Gabriel","São Gabriel",840222,46,105,HIGH
1072,311042,0x000CD378,189,255,255,"AA Internacional de Bebedouro","Inter de Bebedouro",840416,46,105,HIGH
1073,311082,0x000CD432,189,255,255,"Cataratas AC","Cataratas",840654,46,105,HIGH
1074,311085,0x000CD4F0,189,255,255,"Copacabana SC","Copacabana",840840,46,105,HIGH
1075,311086,0x000CD5D0,189,255,255,"Operário Ferroviário FC","Operário (PR)",841030,54,105,HIGH
1076,311097,0x000CD69A,189,255,255,"Duquecaxiense FC","Duquecaxiense",841254,46,105,HIGH
1077,311103,0x000CD76C,189,255,255,"CE Arraial do Cabo","Arraial do Cabo",841456,46,105,HIGH
1078,311105,0x000CD822,189,255,255,"Mesquita FC","Mesquita",841666,46,105,HIGH
1079,311107,0x000CD8E4,189,255,255,"Nova Iguaçu FC","Nova Iguaçu",841848,46,135,HIGH
1080,311108,0x000CD9D2,189,255,255,"América FC de Três Rios","América de Três Rios",842042,54,105,HIGH
1081,311110,0x000CDAA4,189,255,255,"Barra da Tijuca FC","Barra da Tijuca",842280,46,105,HIGH
1082,311112,0x000CDB6A,189,255,255,"Canto do Rio FC","Canto do Rio",842490,46,105,HIGH
1083,311113,0x000CDC38,189,255,255,"Entrerriense FC","Entrerriense",842688,54,105,HIGH
1084,311115,0x000CDCFA,189,255,255,"EC Nova Cidade","Nova Cidade",842894,46,105,HIGH
1085,311519,0x000CDDDC,4294967295,255,255,"C Esportivo Passense FC","Esportivo Passense",843088,46,105,HIGH
1086,311841,0x000CDE86,4294967295,255,255,"AA São Bento","AA São Bento",843314,24,105,HIGH
1087,311842,0x000CDF18,4294967295,255,255,"Renner","Renner",843484,24,105,HIGH
1088,311867,0x000CDFBE,4294967295,255,255,"Farroupilha","Farroupilha",843630,24,105,HIGH
1089,311868,0x000CE088,4294967295,255,255,"Guarany de Cachoeira","Guarany de Cachoeira",843796,24,105,HIGH
1090,311869,0x000CE150,4294967295,255,255,"Democrata de Sete Lagoas FC","Democrata SL",843998,24,105,HIGH
1091,311870,0x000CE1E2,189,255,255,"Retiro","Retiro",844198,24,105,HIGH
1092,311949,0x000CE2B4,189,255,255,"AE Caxiense","Caxiense",844372,46,105,HIGH
1093,311951,0x000CE3B8,189,255,255,"Atlético Cajazeirense D","Atlético Cajazeirense",844582,46,105,HIGH
1094,311953,0x000CE472,189,255,255,"Guarabira EC","Guarabira",844814,46,105,HIGH
1095,311955,0x000CE557,189,255,255,"CE Nova Esperança","CENE",845043,46,105,HIGH
1096,311957,0x000CE63D,189,255,255,"Cachoeiro FC","Cachoeiro",845265,54,105,HIGH
1097,311959,0x000CE737,189,255,255,"Palmeiras do Nordeste","",845505,70,105,HIGH
1098,311960,0x000CE7FD,189,255,255,"AE Catuense","Catuense",845725,46,105,HIGH
1099,311962,0x000CE8D7,189,255,255,"Casimiro de Abreu EC","Casimiro de Abreu",845907,46,105,HIGH
1100,311964,0x000CE981,189,255,255,"Ceres FC","Ceres",846125,46,105,HIGH
1101,311968,0x000CEA4B,189,255,255,"Rodoviário Piraí FC","Rodoviário",846295,46,105,HIGH
1102,311970,0x000CEB33,189,255,255,"Sete de Setembro (PE)","",846541,54,105,HIGH
1103,311971,0x000CEBE7,189,255,255,"Macaé EFC","Macaé",846729,54,105,HIGH
1104,311973,0x000CECBF,189,255,255,"Independente (RJ)","",846945,54,105,HIGH
1105,312062,0x000CED85,189,255,255,"Rubro Social EC","Rubro Social",847125,46,105,HIGH
1106,312064,0x000CEE41,4294967295,255,255,"Everest (RJ)","",847349,46,105,HIGH
1107,312292,0x000CEEEF,4294967295,255,255,"Ipiranga (SP)","Ipiranga (SP)",847511,24,105,HIGH
1108,312293,0x000CEFC5,4294967295,255,255,"AA do Mackenzie College","AA do Mackenzie College",847685,24,105,HIGH
1109,312294,0x000CF077,4294967295,255,255,"Campos Elísios","Campos Elísios",847899,24,105,HIGH
1110,312295,0x000CF10D,4294967295,255,255,"Auto EC","Auto EC",848077,24,105,HIGH
1111,312296,0x000CF1A7,4294967295,255,255,"Hespanha","Hespanha",848227,24,105,HIGH
1112,312297,0x000CF239,4294967295,255,255,"Savóia","Savóia",848381,24,105,HIGH
1113,312298,0x000CF2DF,4294967295,255,255,"Jacarezinho","Jacarezinho",848527,24,105,HIGH
1114,312299,0x000CF385,4294967295,255,255,"Cambaraense","Cambaraense",848693,24,105,HIGH
1115,312300,0x000CF427,4294967295,255,255,"Mandaguari","Mandaguari",848859,24,105,HIGH
1116,312301,0x000CF4B9,4294967295,255,255,"Seleto","Seleto",849021,24,105,HIGH
1117,312302,0x000CF563,4294967295,255,255,"Guarani (PR)","Guarani (PR)",849167,24,105,HIGH
1118,312303,0x000CF601,4294967295,255,255,"EC Paraná","EC Paraná",849337,24,105,HIGH
1119,312305,0x000CF6B3,4294967295,255,255,"São Paulo (BA)","São Paulo (BA)",849495,24,105,HIGH
1120,312306,0x000CF76D,4294967295,255,255,"Energia Circular","Energia Circular",849673,24,105,HIGH
1121,312309,0x000CF803,189,255,255,"Mavilis","Mavilis",849859,24,105,HIGH
1122,312324,0x000CF8C1,189,255,255,"Itabuna EC","Itabuna",850013,54,105,HIGH
1123,312326,0x000CF981,4294967295,255,255,"Juventus (SC)","",850227,46,105,HIGH
1124,312327,0x000CFA4B,4294967295,255,255,"Comercial de Joaçaba","Comercial de Joaçaba",850391,24,105,HIGH
1125,312328,0x000CFB09,4294967295,255,255,"Almirante Barroso","Almirante Barroso",850593,24,105,HIGH
1126,312329,0x000CFBB7,4294967295,255,255,"Paysandu (SC)","Paysandu (SC)",850783,24,105,HIGH
1127,312330,0x000CFC65,4294967295,255,255,"Adolfo Konder","Adolfo Konder",850957,24,105,HIGH
1128,312331,0x000CFD0B,4294967295,255,255,"Trabalhista","Trabalhista",851131,24,105,HIGH
1129,312332,0x000CFD95,4294967295,255,255,"Pery","Pery",851297,24,105,HIGH
1130,312333,0x000CFE3F,4294967295,255,255,"Palmeiras BH","Palmeiras BH",851435,24,105,HIGH
1131,312334,0x000CFF05,189,255,255,"Guarani de Alegrete","Guarani de Alegrete",851605,24,105,HIGH
1132,313190,0x000CFFAF,189,255,255,"Barra EC","Barra",851803,46,105,HIGH
1133,313222,0x000D0061,189,255,255,"Cáceres EC","Cáceres",851973,46,105,HIGH
1134,313224,0x000D012B,189,255,255,"CE Dom Bosco","Dom Bosco",852151,62,105,HIGH
1135,313225,0x000D01E5,189,255,255,"CA Sorriso","Sorriso",852353,54,105,HIGH
1136,313227,0x000D02AF,189,255,255,"SE Vila Aurora","Vila Aurora",852539,54,105,HIGH
1137,313228,0x000D0389,189,255,255,"Santa Cruz FC (MT)","Santa Cruz (MT)",852741,54,105,HIGH
1138,313230,0x000D0467,189,255,255,"Riachuelo FC (MS)","Riachuelo (MS)",852959,62,105,HIGH
1139,313232,0x000D0525,189,255,255,"Ponta Porã SE","Ponta Porã",853181,46,105,HIGH
1140,313234,0x000D05EF,189,255,255,"CA Cassilandense","Cassilandense",853371,46,105,HIGH
1141,313236,0x000D06C5,189,255,255,"EC Taveirópolis","Taveirópolis",853573,62,105,HIGH
1142,313238,0x000D079B,189,255,255,"Operário de Dourados","",853815,54,105,HIGH
1143,313239,0x000D0871,189,255,255,"AA das Moreninhas","Moreninhas",854001,62,105,HIGH
1144,313240,0x000D092F,189,255,255,"CA Mundo Novo","Mundo Novo",854215,46,105,HIGH
1145,313242,0x000D09F5,189,255,255,"AD de Senador Guiomard","ADESG",854405,46,105,HIGH
1146,313244,0x000D0AD5,189,255,255,"Juventus (AC)","",854631,78,105,HIGH
1147,313245,0x000D0B8B,189,255,255,"Maracaju AC","Maracaju",854827,46,105,HIGH
1148,313247,0x000D0C51,189,255,255,"Pantanal FC","Pantanal",855009,62,105,HIGH
1149,313248,0x000D0D07,189,255,255,"Ivinhema AC","Ivinhema",855207,46,105,HIGH
1150,313250,0x000D0DCB,189,255,255,"União (MS)","",855411,62,105,HIGH
1151,313251,0x000D0E67,189,255,255,"CSE","CSE",855585,46,105,HIGH
1152,313253,0x000D0F4F,189,255,255,"Amapá C","Amapá",855741,110,105,HIGH
1153,313254,0x000D1011,189,255,255,"CA Cristal","Cristal",855973,62,105,HIGH
1154,313255,0x000D10F1,189,255,255,"Independente (AP)","",856203,62,105,HIGH
1155,313256,0x000D11B7,189,255,255,"Oratório RC","Oratório",856391,62,105,HIGH
1156,313257,0x000D128D,189,255,255,"São Paulo FC (AP)","São Paulo (AP)",856589,54,105,HIGH
1157,313258,0x000D1373,189,255,255,"EC Macapá","Macapá",856803,102,105,HIGH
1158,313259,0x000D1441,189,255,255,"Princesa do Solimões EC","Princesa",857033,46,105,HIGH
1159,313261,0x000D14F3,189,255,255,"Quixadá FC","Quixadá",857239,46,105,HIGH
1160,313263,0x000D15D1,189,255,255,"América FC (CE)","América (CE)",857417,70,105,HIGH
1161,313264,0x000D1671,189,255,255,"ARUC","ARUC",857639,46,105,HIGH
1162,313265,0x000D172B,189,255,255,"Samambaia FC","Samambaia",857799,46,105,HIGH
1163,313267,0x000D17E1,189,255,255,"AA Luziânia","Luziânia",857985,46,105,HIGH
1164,313269,0x000D18A5,189,255,255,"Riachuelo (ES)","",858197,46,105,HIGH
1165,313271,0x000D197B,189,255,255,"SE Santa Maria (ES)","Santa Maria (ES)",858363,46,105,HIGH
1166,313273,0x000D1A41,189,255,255,"Vitória FC (ES)","Vitória (ES)",858577,46,105,HIGH
1167,313275,0x000D1AF3,189,255,255,"EC Aracruz","Aracruz",858775,46,105,HIGH
1168,313277,0x000D1BA9,189,255,255,"Pedreira EC","Pedreira",858953,46,105,HIGH
1169,313279,0x000D1C7F,189,255,255,"Bragantino C do Pará","Bragantino (PA)",859135,46,105,HIGH
1170,313281,0x000D1D51,189,255,255,"EC Boa Vontade","Boa Vontade",859349,62,105,HIGH
1171,313283,0x000D1E23,189,255,255,"Expressinho FC","Expressinho",859559,62,105,HIGH
1172,313284,0x000D1EE9,189,255,255,"SE Santa Inês","Santa Inês",859777,46,105,HIGH
1173,313286,0x000D1FAD,189,255,255,"São Bento (MA)","",859997,46,105,HIGH
1174,313288,0x000D2083,189,255,255,"Tocantins EC (MA)","Tocantins (MA)",860163,54,105,HIGH
1175,313289,0x000D212D,189,255,255,"EC Viana","Viana",860377,46,105,HIGH
1176,313291,0x000D21F5,189,255,255,"Santa Cruz (PB)","",860579,46,105,HIGH
1177,313293,0x000D22CF,189,255,255,"Nacional de Patos","",860785,54,105,HIGH
1178,313295,0x000D238B,189,255,255,"Serrano (PB)","",860991,46,105,HIGH
1179,313297,0x000D2447,189,255,255,"SCR de Monteiro","Socremo",861153,46,105,HIGH
1180,313299,0x000D2501,189,255,255,"Caiçara EC","Caiçara",861341,54,105,HIGH
1181,313301,0x000D25BF,189,255,255,"AA Cori-Sabbá","Cori-Sabbá",861527,46,105,HIGH
1182,313303,0x000D266D,189,255,255,"Oeiras AC","Oeiras",861717,46,105,HIGH
1183,313305,0x000D274B,189,255,255,"Parnahyba SC","Parnahyba",861919,54,105,HIGH
1184,313307,0x000D2829,189,255,255,"São Paulo FC (RN)","São Paulo (RN)",862113,62,105,HIGH
1185,313308,0x000D28E1,189,255,255,"Ajax (RO)","",862355,54,105,HIGH
1186,313310,0x000D299B,189,255,255,"SE Ariquemes","Ariquemes",862519,46,105,HIGH
1187,313312,0x000D2A99,189,255,255,"Cruzeiro EC (RO)","Cruzeiro (RO)",862733,70,105,HIGH
1188,313313,0x000D2B63,189,255,255,"SC Shallon","Shallon",862959,70,105,HIGH
1189,313314,0x000D2C17,189,255,255,"River (RR)","",863183,46,105,HIGH
1190,313315,0x000D2CE9,189,255,255,"Amadense EC","Amadense",863369,46,105,HIGH
1191,313317,0x000D2D9B,189,255,255,"Dorense FC","Dorense",863551,46,105,HIGH
1192,313319,0x000D2E49,189,255,255,"SC Gararu","Gararu",863729,46,105,HIGH
1193,313321,0x000D2F07,189,255,255,"CS Maruinense","Maruinense",863903,46,105,HIGH
1194,313323,0x000D2FDB,189,255,255,"São Cristóvão (SE)","",864131,46,105,HIGH
1195,313325,0x000D3099,189,255,255,"Cotingüiba EC","Cotingüiba",864305,46,105,HIGH
1196,313327,0x000D3157,189,255,255,"Estanciano EC","Estanciano",864495,46,105,HIGH
1197,313329,0x000D3211,189,255,255,"EC Propriá","Propriá",864685,54,105,HIGH
1198,313331,0x000D32D1,189,255,255,"Olímpico (SE)","",864899,46,105,HIGH
1199,313333,0x000D3387,189,255,255,"AA Alvorada","Alvorada",865063,46,105,HIGH
1200,313335,0x000D345B,189,255,255,"Clube dos XXX","Clube dos XXX",865245,62,105,HIGH
1201,313337,0x000D3515,189,255,255,"Colinas EC","Colinas",865457,54,105,HIGH
1202,313339,0x000D35EB,189,255,255,"Tocantins EC (TO)","Tocantins (TO)",865643,54,105,HIGH
1203,313341,0x000D36B5,189,255,255,"Araguaína FR","Araguaína",865857,62,105,HIGH
1204,313342,0x000D3773,189,255,255,"Miracema EC","Miracema",866059,54,105,HIGH
1205,313343,0x000D385F,189,255,255,"União A Araguainense","União Araguainense",866249,62,105,HIGH
1206,313344,0x000D392B,189,255,255,"Grêmio E Acreano","Grêmio Acreano",866485,46,105,HIGH
1207,313347,0x000D39E1,189,255,255,"Floresta FC","Floresta",866689,46,105,HIGH
1208,313348,0x000D3A99,189,255,255,"Dínamo (AL)","",866895,46,105,HIGH
1209,313350,0x000D3B79,189,255,255,"Trem Desportivo C","Trem Desportivo",867055,62,105,HIGH
1210,313351,0x000D3C4B,189,255,255,"SE Ceilandense","Ceilandense",867279,62,105,HIGH
1211,313352,0x000D3D3D,189,255,255,"CF Zico de Brasília SE (DF)","CFZ (DF)",867517,46,105,HIGH
1212,313354,0x000D3E17,189,255,255,"26 de Outubro FC","26 de Outubro",867731,62,105,HIGH
1213,313355,0x000D3EC9,189,255,255,"Castelo FC","Castelo",867949,46,105,HIGH
1214,313357,0x000D3F8F,189,255,255,"Vilavelhense FC","Vilavelhense",868127,46,105,HIGH
1215,313359,0x000D4051,189,255,255,"Uruburetama FC","Uruburetama",868325,46,105,HIGH
1216,313361,0x000D4137,189,255,255,"Ferroviário EC (MA)","Ferroviário (MA)",868519,62,105,HIGH
1217,313362,0x000D41F5,189,255,255,"Açailândia FC","Açailândia",868749,46,105,HIGH
1218,313364,0x000D42CB,189,255,255,"SE Palmeiras (MT)","Palmeiras (MT)",868939,54,105,HIGH
1219,313365,0x000D4391,189,255,255,"AD Perilima","Perilima",869153,62,105,HIGH
1220,313366,0x000D4467,189,255,255,"Comercial AC (PI)","Comercial (PI)",869351,54,105,HIGH
1221,313367,0x000D454F,189,255,255,"Auto Esporte C (PI)","Auto Esporte (PI)",869565,62,105,HIGH
1222,313368,0x000D4611,189,255,255,"Mossoró EC","Mossoró",869797,62,105,HIGH
1223,313369,0x000D46C3,189,255,255,"Caicó EC","Caicó",869991,54,105,HIGH
1224,313370,0x000D476D,189,255,255,"Macau EC","Macau",870169,46,105,HIGH
1225,313372,0x000D482F,189,255,255,"Porto Velho FC","Porto Velho",870339,46,105,HIGH
1226,313373,0x000D48E9,189,255,255,"Vilhena EC","Vilhena",870533,54,105,HIGH
1227,313374,0x000D4997,189,255,255,"EC Osasco","Osasco",870719,46,105,HIGH
1228,313377,0x000D4A51,189,255,255,"SE Veneciano","Veneciano",870893,46,105,HIGH
1229,313380,0x000D4B1D,4294967295,255,255,"América FC (AC)","América Acreano",871079,46,105,HIGH
1230,313415,0x000D4BB3,4294967295,255,255,"Sampaio","Sampaio",871283,24,105,HIGH
1231,313438,0x000D4C69,4294967295,255,255,"Santa Cruz (AL)","Santa Cruz (AL)",871433,24,105,HIGH
1232,313439,0x000D4CFF,4294967295,255,255,"Barroso","Barroso",871615,24,105,HIGH
1233,313440,0x000D4DA1,189,255,255,"Alexandria","Alexandria",871765,24,105,HIGH
1234,313441,0x000D4E77,4294967295,255,255,"Ferroviário AC (AL)","Ferroviário (AL)",871927,46,105,HIGH
1235,313442,0x000D4F15,189,255,255,"Capelense","Capelense",872141,24,105,HIGH
1236,313514,0x000D4FD7,4294967295,255,255,"Santana EC","Santana",872299,62,105,HIGH
1237,313515,0x000D505D,4294967295,255,255,"CEA","CEA",872493,24,105,HIGH
1238,313516,0x000D5107,4294967295,255,255,"Guarany (AP)","Guarany (AP)",872627,24,105,HIGH
1239,313517,0x000D51B5,4294967295,255,255,"Juventus (AP)","Juventus (AP)",872797,24,105,HIGH
1240,313574,0x000D526B,4294967295,255,255,"Manaus Athletic","Manaus Athletic",872971,24,105,HIGH
1241,313575,0x000D5321,4294967295,255,255,"Cruzeiro do Sul","Cruzeiro do Sul",873153,24,105,HIGH
1242,313576,0x000D53D7,4294967295,255,255,"União Esportiva","União Esportiva",873335,24,105,HIGH
1243,313577,0x000D5485,4294967295,255,255,"Olímpico (AM)","Olímpico (AM)",873517,24,105,HIGH
1244,313578,0x000D551B,4294967295,255,255,"Maguari","Maguari",873691,24,105,HIGH
1245,313579,0x000D55C1,4294967295,255,255,"Santos (AM)","Santos (AM)",873841,24,105,HIGH
1246,313580,0x000D5677,4294967295,255,255,"Manaus Sporting","Manaus Sporting",874007,24,105,HIGH
1247,313581,0x000D5725,189,255,255,"AA Rodoviária","AA Rodoviária",874189,24,105,HIGH
1248,313669,0x000D57FD,189,255,255,"São Domingos (AL)","",874399,54,105,HIGH
1249,313670,0x000D58A7,4294967295,255,255,"Zumbi EC","Zumbi",874579,46,105,HIGH
1250,313673,0x000D5935,4294967295,255,255,"Orion","Orion",874749,24,105,HIGH
1251,313674,0x000D59DB,189,255,255,"Gentilândia","Gentilândia",874891,24,105,HIGH
1252,313675,0x000D5AA9,189,255,255,"Calouros do Ar FC","Calouros do Ar",875057,46,105,HIGH
1253,313749,0x000D5B5F,189,255,255,"ADRC Icasa","Icasa",875263,54,105,HIGH
1254,313773,0x000D5C15,4294967295,255,255,"Kaburé EC","Kaburé",875445,54,105,HIGH
1255,313780,0x000D5CA3,4294967295,255,255,"Fênix","Fênix",875627,24,105,HIGH
1256,313781,0x000D5D59,4294967295,255,255,"Luso Brasileiro","Luso Brasileiro",875769,24,105,HIGH
1257,313782,0x000D5DFF,4294967295,255,255,"Football AC","Football AC",875951,24,105,HIGH
1258,313783,0x000D5EA1,4294967295,255,255,"Vasco (MA)","Vasco (MA)",876117,24,105,HIGH
1259,313784,0x000D5F2F,4294967295,255,255,"Sírio","Sírio",876279,24,105,HIGH
1260,313785,0x000D5FBD,189,255,255,"Tupan","Tupan",876421,24,105,HIGH
1261,313786,0x000D608B,189,255,255,"Vitória do Mar FC","Vitória do Mar",876563,46,105,HIGH
1262,313787,0x000D613D,189,255,255,"Coroatá FC","Coroatá",876769,46,105,HIGH
1263,313788,0x000D6203,189,255,255,"Taguatinga EC","Taguatinga",876947,54,105,HIGH
1264,313789,0x000D62CB,189,255,255,"Tiradentes (DF)","",877177,46,105,HIGH
1265,313900,0x000D639B,189,255,255,"SER Chapadão","Chapadão",877369,46,105,HIGH
1266,313901,0x000D646D,189,255,255,"Corumbaense FC","Corumbaense",877553,62,105,HIGH
1267,313902,0x000D6543,4294967295,255,255,"CE Operário VG","Operário (MT)",877763,62,105,HIGH
1268,313903,0x000D65F1,4294967295,255,255,"Matogrossense","Matogrossense",877977,24,105,HIGH
1269,313904,0x000D66A3,189,255,255,"Americano (MT)","Americano (MT)",878151,24,105,HIGH
1270,314078,0x000D6779,189,255,255,"Ferroviário AC (RO)","Ferroviário (RO)",878329,46,105,HIGH
1271,314082,0x000D683F,189,255,255,"Grêmio Rondoniense","",878567,46,105,HIGH
1272,314089,0x000D68FD,4294967295,255,255,"Ouro Preto EC","Ouro Preto",878741,46,105,HIGH
1273,314096,0x000D6993,4294967295,255,255,"Militar","Militar",878931,24,105,HIGH
1274,314097,0x000D6A31,189,255,255,"Artístico","Artístico",879081,24,105,HIGH
1275,314098,0x000D6B01,4294967295,255,255,"Botafogo (PI)","",879267,62,105,HIGH
1276,314099,0x000D6BA7,4294967295,255,255,"Teresinense","Teresinense",879447,24,105,HIGH
1277,314100,0x000D6C59,189,255,255,"Palmeiras (PI)","Palmeiras (PI)",879613,24,105,HIGH
1278,314101,0x000D6D31,189,255,255,"Tiradentes (PI)","",879823,62,105,HIGH
1279,314102,0x000D6DF9,189,255,255,"Paysandu (PI)","",880035,54,105,HIGH
1280,314193,0x000D6EBF,189,255,255,"CA Camponovense","Camponovense",880207,46,105,HIGH
1281,314195,0x000D6F81,189,255,255,"CA Catarinense","Catarinense",880405,46,105,HIGH
1282,314197,0x000D705D,189,255,255,"Atlético C Chapecó","Atlético Chapecó",880599,54,105,HIGH
1283,314198,0x000D711F,189,255,255,"Santos FC (PB)","Santos (PB)",880819,46,105,HIGH
1284,314199,0x000D71DD,189,255,255,"AC Izabelense","Izabelense",881013,46,105,HIGH
1285,314201,0x000D729F,189,255,255,"CA Vila Rica","Vila Rica",881203,54,105,HIGH
1286,314202,0x000D7381,189,255,255,"AA Teixeira de Freitas","Teixeira de Freitas",881397,46,105,HIGH
1287,314204,0x000D743F,189,255,255,"Grapiúna AC","Grapiúna",881623,54,105,HIGH
1288,314206,0x000D74ED,4294967295,255,255,"AD Jequié","Jequié",881813,46,105,HIGH
1289,314208,0x000D75A3,4294967295,255,255,"Desportiva (RN)","Desportiva (RN)",881987,24,105,HIGH
1290,314235,0x000D7659,189,255,255,"Santa Cruz (RN)","Santa Cruz (RN)",882169,24,105,HIGH
1291,314291,0x000D771D,189,255,255,"Confiança (PB)","",882381,46,105,HIGH
1292,314293,0x000D77D1,189,255,255,"Vasco (SE)","",882569,46,105,HIGH
1293,314294,0x000D789F,189,255,255,"Riachuelo FC (SE)","Riachuelo (SE)",882727,46,105,HIGH
1294,314297,0x000D796D,4294967295,255,255,"América FC (SE)","América (SE)",882933,54,105,HIGH
1295,314299,0x000D7A0F,4294967295,255,255,"Industrial","Industrial",883139,24,105,HIGH
1296,314300,0x000D7AA9,4294967295,255,255,"Palestra","Palestra",883301,24,105,HIGH
1297,314301,0x000D7B57,4294967295,255,255,"Ipiranga (SE)","Ipiranga (SE)",883455,24,105,HIGH
1298,314302,0x000D7BF1,4294967295,255,255,"Passagem","Passagem",883629,24,105,HIGH
1299,314303,0x000D7CA7,4294967295,255,255,"Santa Cruz (SE)","Santa Cruz (SE)",883783,24,105,HIGH
1300,314304,0x000D7D3D,189,255,255,"Lagarto","Lagarto",883965,24,105,HIGH
1301,314305,0x000D7E0D,4294967295,255,255,"Olímpico Itabaianinha","",884143,46,105,HIGH
1302,314308,0x000D7EBB,4294967295,255,255,"Colégio Pio X","Colégio Pio X",884323,24,105,HIGH
1303,314309,0x000D7F61,4294967295,255,255,"Cabo Branco","Cabo Branco",884497,24,105,HIGH
1304,314310,0x000D8013,4294967295,255,255,"Palmeiras (PB)","Palmeiras (PB)",884663,24,105,HIGH
1305,314311,0x000D80B5,4294967295,255,255,"Pytaguares","Pytaguares",884841,24,105,HIGH
1306,314312,0x000D8173,4294967295,255,255,"América Paraíbano","América Paraíbano",885003,24,105,HIGH
1307,314313,0x000D821D,4294967295,255,255,"Clube Ástrea","Clube Ástrea",885193,24,105,HIGH
1308,314314,0x000D82B7,4294967295,255,255,"Felipéia","Felipéia",885363,24,105,HIGH
1309,314315,0x000D8355,4294967295,255,255,"Red Cross","Red Cross",885517,24,105,HIGH
1310,314316,0x000D8407,4294967295,255,255,"Estrela do Mar","Estrela do Mar",885675,24,105,HIGH
1311,314317,0x000D84C1,4294967295,255,255,"América Capixaba","América Capixaba",885853,24,105,HIGH
1312,314318,0x000D856F,4294967295,255,255,"Santo Antônio","Santo Antônio",886039,24,105,HIGH
1313,314319,0x000D8621,4294967295,255,255,"Americano (ES)","Americano (ES)",886213,24,105,HIGH
1314,314320,0x000D86C7,4294967295,255,255,"Caxias (ES)","Caxias (ES)",886391,24,105,HIGH
1315,314321,0x000D876D,4294967295,255,255,"Valeriodoce","Valeriodoce",886557,24,105,HIGH
1316,314322,0x000D8813,189,255,255,"Santos (ES)","Santos (ES)",886723,24,105,HIGH
1317,314328,0x000D88D1,189,255,255,"AA Colatina","Colatina",886889,54,105,HIGH
1318,314330,0x000D8997,189,255,255,"Muniz Freire FC","Muniz Freire",887079,46,105,HIGH
1319,314332,0x000D8A77,189,255,255,"Rio Branco FC de Venda Nova","Rio Branco VN",887277,46,105,HIGH
1320,314334,0x000D8B29,189,255,255,"Ibiraçú EC","Ibiraçú",887501,46,105,HIGH
1321,314336,0x000D8BE3,189,255,255,"Guarapari EC","Guarapari",887679,46,105,HIGH
1322,314592,0x000D8CC1,189,255,255,"Primeiro de Maio EC","Primeiro de Maio",887865,54,105,HIGH
1323,314594,0x000D8D83,189,255,255,"Petrolina FC","Petrolina",888087,54,105,HIGH
1324,314598,0x000D8E3D,189,255,255,"Limoeiro FC","Limoeiro",888285,46,105,HIGH
1325,314600,0x000D8EF7,189,255,255,"Cianorte FC","Cianorte",888471,46,105,HIGH
1326,314602,0x000D8FC5,189,255,255,"Nacional AC (PR)","Nacional (PR)",888657,46,105,HIGH
1327,314604,0x000D908B,189,255,255,"AC Paranavaí","Paranavaí",888871,46,105,HIGH
1328,314607,0x000D9151,4294967295,255,255,"Guarani EC (CE)","Guarani (CE)",889057,46,105,HIGH
1329,314611,0x000D91F7,4294967295,255,255,"Usina Ceará","Usina Ceará",889255,24,105,HIGH
1330,314612,0x000D929D,4294967295,255,255,"Brasil (CE)","Brasil (CE)",889421,24,105,HIGH
1331,314614,0x000D9327,189,255,255,"CEUB","CEUB",889587,24,105,HIGH
1332,314616,0x000D93F1,4294967295,255,255,"CR Flamengo (RO)","Flamengo (RO)",889725,46,105,HIGH
1333,314617,0x000D949F,4294967295,255,255,"Ypiranga (RO)","Ypiranga (RO)",889927,24,105,HIGH
1334,314618,0x000D9555,4294967295,255,255,"Moto Clube (RO)","Moto Clube (RO)",890101,24,105,HIGH
1335,314619,0x000D9613,4294967295,255,255,"São Domingos (RO)","São Domingos (RO)",890283,24,105,HIGH
1336,314620,0x000D96C1,189,255,255,"Botafogo (RO)","Botafogo (RO)",890473,24,105,HIGH
1337,314684,0x000D9773,189,255,255,"Ipanema AC","Ipanema",890647,46,105,HIGH
1338,314686,0x000D9841,189,255,255,"Comercial FC (AL)","Comercial (AL)",890825,46,105,HIGH
1339,314688,0x000D9917,4294967295,255,255,"Comercial AC (ES)","Comercial (ES)",891031,54,105,HIGH
1340,314690,0x000D99BD,4294967295,255,255,"Norte Clube","Norte Clube",891245,24,105,HIGH
1341,314691,0x000D9A6B,4294967295,255,255,"Nacional (PA)","Nacional (PA)",891411,24,105,HIGH
1342,314692,0x000D9B15,4294967295,255,255,"Guarany (PA)","Guarany (PA)",891585,24,105,HIGH
1343,314694,0x000D9BCB,189,255,255,"Sino-Brasileiro","Sino-Brasileiro",891755,24,105,HIGH
1344,314695,0x000D9CA9,189,255,255,"São Francisco FC (RR)","São Francisco (RR)",891937,46,105,HIGH
1345,314718,0x000D9D6B,4294967295,255,255,"SE Naviraiense","Naviraiense",892159,46,105,HIGH
1346,314721,0x000D9E0D,189,255,255,"Douradense","Douradense",892353,24,105,HIGH
1347,314730,0x000D9EE5,189,255,255,"Rio Branco (RJ)","",892547,62,105,HIGH
1348,314734,0x000D9F91,189,255,255,"CA Piranhas","CAP",892731,46,105,HIGH
1349,314735,0x000DA03D,189,255,255,"CF Amazônia","CFA",892903,46,105,HIGH
1350,314744,0x000DA0FB,189,255,255,"CM Ananindeua","Ananindeua",893075,46,105,HIGH
1351,314746,0x000DA1BF,189,255,255,"Bom Jesús (AL)","",893295,46,105,HIGH
1352,314748,0x000DA283,189,255,255,"Arsenal (MT)","",893487,54,105,HIGH
1353,314749,0x000DA341,189,255,255,"Diamantino EC","Diamantino",893657,46,105,HIGH
1354,314751,0x000DA40F,189,255,255,"Nova Xavantina EC","Nova Xavantina",893847,46,105,HIGH
1355,314753,0x000DA4D5,189,255,255,"CA Paranaibense","Paranaibense",894053,46,105,HIGH
1356,314755,0x000DA591,189,255,255,"ACD Potyguar S","Potyguar",894251,46,105,HIGH
1357,314757,0x000DA68B,189,255,255,"C Atlético Hermann Aichinger","Hermann Aichinger",894455,46,105,HIGH
1358,314759,0x000DA755,189,255,255,"Águia do Vale AC","Águia do Vale",894689,46,105,HIGH
1359,314761,0x000DA83D,189,255,255,"C Atlético Tocantinense","Atlético Tocantinense",894891,46,105,HIGH
1360,314765,0x000DA8FF,189,255,255,"Saquarema FC","Saquarema",895123,54,105,HIGH
1361,314767,0x000DA9B5,4294967295,255,255,"EC Costeira","Costeira",895317,46,105,HIGH
1362,314769,0x000DAA6F,4294967295,255,255,"União Fluminense","União Fluminense",895499,24,105,HIGH
1363,314770,0x000DAB21,4294967295,255,255,"Rodolfo Crespi","Rodolfo Crespi",895685,24,105,HIGH
1364,314771,0x000DABB3,189,255,255,"Radium","Radium",895863,24,105,HIGH
1365,314772,0x000DAC6F,4294967295,255,255,"Linense (SP)","",896035,46,105,HIGH
1366,314773,0x000DAD21,189,255,255,"Corinthians PP","Corinthians PP",896197,24,105,HIGH
1367,314774,0x000DADEB,4294967295,255,255,"Guaratinguetá EC","Guaratinguetá",896375,46,105,HIGH
1368,314775,0x000DAE8D,4294967295,255,255,"Prudentina","Prudentina",896577,24,105,HIGH
1369,314776,0x000DAF37,189,255,255,"Catanduvense","Catanduvense",896739,24,105,HIGH
1370,314777,0x000DAFFF,4294967295,255,255,"Barra de Teresópolis","",896931,46,105,HIGH
1371,314778,0x000DB0A9,4294967295,255,255,"Porto Alegre","Porto Alegre",897109,24,105,HIGH
1372,314779,0x000DB143,4294967295,255,255,"Bayer EC","Bayer EC",897279,24,105,HIGH
1373,314780,0x000DB1F5,4294967295,255,255,"Riachuelo (RJ)","Riachuelo (RJ)",897433,24,105,HIGH
1374,314781,0x000DB293,4294967295,255,255,"Guanabara","Guanabara",897611,24,105,HIGH
1375,314782,0x000DB335,4294967295,255,255,"Carioca EC","Carioca EC",897769,24,105,HIGH
1376,314783,0x000DB3CB,4294967295,255,255,"Andaraí","Andaraí",897931,24,105,HIGH
1377,314784,0x000DB45D,4294967295,255,255,"Catete","Catete",898081,24,105,HIGH
1378,314785,0x000DB507,4294967295,255,255,"SC Americano","SC Americano",898227,24,105,HIGH
1379,314786,0x000DB5B1,4294967295,255,255,"Palmeiras AC","Palmeiras AC",898397,24,105,HIGH
1380,314787,0x000DB657,4294967295,255,255,"Vila Izabel","Vila Izabel",898567,24,105,HIGH
1381,314788,0x000DB6F1,4294967295,255,255,"Ríver FC","Ríver FC",898733,24,105,HIGH
1382,314789,0x000DB78B,95,255,255,"Helênico","Helênico",898887,24,105,HIGH
1383,314893,0x000DB83F,95,255,255,"Juventus FC","Juventus FC",899041,38,105,HIGH
1384,314894,0x000DB901,95,255,255,"Kulture Yabra SC","Kulture Yabra",899221,38,105,HIGH
1385,314895,0x000DB9C9,95,255,255,"Acros Brown Bombers","Acros Bombers",899415,38,105,HIGH
1386,314898,0x000DBA91,95,255,255,"Acros Real Verdes FC","Acros Verdes",899615,38,105,HIGH
1387,314899,0x000DBB71,95,255,255,"Builders Hardware Bandits FC","Hardware Bandits",899815,38,105,HIGH
1388,314901,0x000DBC35,95,255,255,"Dangriga United FC","Griga United",900039,38,105,HIGH
1389,314905,0x000DBCE9,189,255,255,"Lazio Jumex FC","Lazio FC",900235,38,105,HIGH
1390,314909,0x000DBDB5,189,255,255,"RS Futebol C","RS Futebol",900431,46,105,HIGH
1391,314911,0x000DBE73,189,255,255,"CE Lajeadense","Lajeadense",900619,46,105,HIGH
1392,314936,0x000DBF21,189,255,255,"GE Glória","Glória",900809,46,105,HIGH
1393,314938,0x000DBFD7,189,255,255,"SC Gaúcho","Gaúcho",900983,54,105,HIGH
1394,314942,0x000DC0AD,189,255,255,"América de Morrinhos","",901201,46,105,HIGH
1395,314944,0x000DC167,189,255,255,"AA Arapongas","Arapongas",901379,46,105,HIGH
1396,314946,0x000DC225,189,255,255,"AA Paraisense","Paraisense",901565,46,105,HIGH
1397,314956,0x000DC2E3,189,255,255,"Maranguape FC","Maranguape",901755,46,105,HIGH
1398,314958,0x000DC3A5,189,255,255,"Vila Branca SC","Vila Branca",901945,46,105,HIGH
1399,314960,0x000DC471,189,255,255,"Corinthians (MS)","",902173,46,105,HIGH
1400,314962,0x000DC53B,189,255,255,"Esporte C de Patos","Esporte",902343,54,105,HIGH
1401,314963,0x000DC5FD,189,255,255,"EC Águia Negra","Águia Negra",902545,46,105,HIGH
1402,314965,0x000DC6AF,189,255,255,"Miramar EC","Miramar",902739,46,105,HIGH
1403,314967,0x000DC799,189,255,255,"Intercontinental FC do Recife","Intercontinental",902917,46,105,HIGH
1404,314969,0x000DC855,189,255,255,"Guarany (SE)","",903177,46,105,HIGH
1405,314971,0x000DC933,189,255,255,"América FC de Caaporã","América de Caaporã",903339,46,105,HIGH
1406,314973,0x000DC9DD,189,255,255,"Coxim AC","Coxim",903561,46,105,HIGH
1407,314976,0x000DCA93,189,255,255,"SC Ulbra","Ulbra",903743,46,105,HIGH
1408,314979,0x000DCB59,189,255,255,"SE Ypiranga FC","Ypiranga (PE)",903913,46,105,HIGH
1409,316733,0x000DCC3B,4294967295,255,255,"Potiguar de Parnamirim","",904139,62,105,HIGH
1410,316773,0x000DCCDB,189,255,255,"Blumenau SC","Blumenau",904337,24,105,HIGH
1411,316775,0x000DCD95,189,255,255,"Miranorte EC","Miranorte",904497,46,105,HIGH
1412,316778,0x000DCE49,189,255,255,"SE Ruy Barbosa","SERB",904683,46,105,HIGH
1413,316781,0x000DCF0B,189,255,255,"Sertãozinho FC","Sertãozinho",904863,46,105,HIGH
1414,316785,0x000DCFC1,189,255,255,"Barretos EC","Barretos",905057,46,105,HIGH
1415,316792,0x000DD093,189,255,255,"Montes Claros FC","Montes Claros",905239,54,105,HIGH
1416,317189,0x000DD161,189,255,255,"Rio das Ostras FC","Rio das Ostras",905449,46,105,HIGH
1417,317242,0x000DD21F,189,255,255,"Itacuruba SC","Itacuruba",905659,46,105,HIGH
1418,317346,0x000DD2D9,189,255,255,"CA Lages","Lages",905853,54,105,HIGH
1419,317347,0x000DD39D,189,255,255,"Serrano (BA)","",906057,54,105,HIGH
1420,317355,0x000DD483,189,255,255,"Roma Apucarana","",906291,46,105,HIGH
1421,317943,0x000DD55B,189,255,255,"Grêmio E Jaciarense","Grêmio Jaciarense",906457,46,105,HIGH
1422,317946,0x000DD60F,189,255,255,"SE Unaí Itapuã","Unaí",906673,46,105,HIGH
1423,317949,0x000DD6CB,189,255,255,"GE São José","São José CS",906853,46,105,HIGH
1424,318860,0x000DD781,189,255,255,"Tombense FC","Tombense",907041,46,105,HIGH
1425,318862,0x000DD847,189,255,255,"União do Araxá","",907255,46,105,HIGH
1426,318864,0x000DD8F1,189,255,255,"Crato EC","Crato",907421,46,105,HIGH
1427,318866,0x000DD9A7,189,255,255,"Bosque FC","Bosque",907591,54,105,HIGH
1428,318868,0x000DDA91,189,255,255,"CTE Colatina FC","CTE Colatina",907801,54,105,HIGH
1429,318869,0x000DDB4B,189,255,255,"Mimosense FC","Mimosense",908007,46,105,HIGH
1430,318871,0x000DDC0D,189,255,255,"AA Alexianense","Alexianense",908193,46,105,HIGH
1431,318873,0x000DDCCB,189,255,255,"Ouro Velho EC","Ouro Velho",908387,46,105,HIGH
1432,318875,0x000DDD7D,189,255,255,"ADA do Paraná","ADAP",908577,46,105,HIGH
1433,318877,0x000DDE3B,189,255,255,"SE Platinense","Platinense",908755,46,105,HIGH
1434,318879,0x000DDEF1,189,255,255,"Marechal EC","Marechal",908945,46,105,HIGH
1435,318881,0x000DDFAF,189,255,255,"Real Sport AC","Real Sport",909127,46,105,HIGH
1436,318883,0x000DE071,4294967295,255,255,"Rio Claro FC","Rio Claro",909317,54,105,HIGH
1437,318885,0x000DE127,189,255,255,"SE Palmeiras B","Palmeiras B",909511,34,105,HIGH
1438,318889,0x000DE1DD,189,255,255,"Batatais FC","Batatais",909693,46,105,HIGH
1439,318891,0x000DE29F,189,255,255,"Capivariano FC","Capivariano",909875,46,105,HIGH
1440,318893,0x000DE34B,189,255,255,"ECU Suzano","ECUS",910069,46,105,HIGH
1441,318895,0x000DE415,189,255,255,"Fernandópolis FC","Fernandópolis",910241,46,105,HIGH
1442,318897,0x000DE4CB,189,255,255,"CCAA Guapira","Guapira",910443,46,105,HIGH
1443,318899,0x000DE57D,189,255,255,"EC Lemense","Lemense",910625,46,105,HIGH
1444,318901,0x000DE633,189,255,255,"GE Mauaense","Mauaense",910803,46,105,HIGH
1445,318903,0x000DE6EF,189,255,255,"A Monte Azul","Monte Azul",910985,46,105,HIGH
1446,318905,0x000DE78B,189,255,255,"PSB","PSB",911173,46,105,HIGH
1447,318907,0x000DE845,189,255,255,"EC Primavera","Primavera",911329,46,105,HIGH
1448,318909,0x000DE90F,189,255,255,"AA Santa Ritense","Santa Ritense",911515,46,105,HIGH
1449,318911,0x000DE9B5,189,255,255,"Tupã FC","Tupã",911717,46,105,HIGH
1450,318913,0x000DEA7B,189,255,255,"AE Velo Clube","Velo Clube",911883,54,105,HIGH
1451,318915,0x000DEB2D,189,255,255,"Cuiabá EC","Cuiabá",912085,46,105,HIGH
1452,318917,0x000DEBDB,189,255,255,"EC Falcão","Falcão",912259,46,105,HIGH
1453,318918,0x000DEC99,189,255,255,"Chapadinha FC","Chapadinha",912433,46,105,HIGH
1454,318920,0x000DED6D,189,255,255,"C Atlético Potengi","Atlético Potengi",912623,46,105,HIGH
1455,318922,0x000DEE3D,189,255,255,"Independente (PA)","",912871,46,105,HIGH
1456,318923,0x000DEF07,189,255,255,"Pinheirense EC","Pinheirense",913043,54,105,HIGH
1457,318924,0x000DEFC5,4294967295,255,255,"Marituba EC","Marituba",913245,54,105,HIGH
1458,319088,0x000DF063,189,255,255,"São Borja","São Borja",913435,24,105,HIGH
1459,319111,0x000DF119,189,255,255,"Serrinha EC","Serrinha",913593,46,105,HIGH
1460,319113,0x000DF1DF,189,255,255,"EC Paulo Afonso","Paulo Afonso",913775,46,105,HIGH
1461,319115,0x000DF29D,189,255,255,"EC Jacuipense","Jacuipense",913973,46,105,HIGH
1462,319117,0x000DF357,189,255,255,"Atlântico EC","Atlântico",914163,46,105,HIGH
1463,319119,0x000DF443,189,255,255,"A Desportiva Penedense","Desportiva Penedense",914349,54,105,HIGH
1464,319121,0x000DF511,189,255,255,"AA Dimensão Saúde","Dimensão Saúde",914585,46,105,HIGH
1465,319122,0x000DF5F1,189,255,255,"Sete de Setembro (AL)","",914835,46,105,HIGH
1466,319124,0x000DF6A7,189,255,255,"Barbalha FC","Barbalha",915015,46,105,HIGH
1467,319126,0x000DF76F,189,255,255,"SEC Terra e Mar C","Terra e Mar",915197,46,105,HIGH
1468,319128,0x000DF857,189,255,255,"AD Armagedon Metropolitana","Metropolitana (DF)",915397,46,105,HIGH
1469,319129,0x000DF915,189,255,255,"SE Planaltina","Planaltina",915629,46,105,HIGH
1470,319131,0x000DF9DF,189,255,255,"Planaltinense AC","Planaltinense",915819,46,105,HIGH
1471,319132,0x000DFAB5,189,255,255,"SE Santa Maria (DF)","Santa Maria (DF)",916021,46,105,HIGH
1472,319133,0x000DFB67,189,255,255,"AA Canário","Canário",916235,46,105,HIGH
1473,319135,0x000DFC1D,189,255,255,"A Jaguaré EC","Jaguaré",916413,46,105,HIGH
1474,319137,0x000DFCE3,189,255,255,"AA Santa Tereza","Santa Tereza",916595,46,105,HIGH
1475,319139,0x000DFDAD,189,255,255,"EC Ypiranga (ES)","Ypiranga (ES)",916793,46,105,HIGH
1476,319141,0x000DFE73,189,255,255,"AA Aparecidense","Aparecidense",916995,46,105,HIGH
1477,319142,0x000DFF2D,189,255,255,"Formosa EC","Formosa",917193,54,105,HIGH
1478,319143,0x000DFFDF,189,255,255,"Jataí AC","Jataí",917379,54,105,HIGH
1479,319144,0x000E00A9,189,255,255,"AE Ituiutabana","Ituiutabana",917557,54,105,HIGH
1480,319146,0x000E0163,189,255,255,"Araucária FC","Araucária",917759,46,105,HIGH
1481,319148,0x000E022D,189,255,255,"Dois Vizinhos EC","Dois Vizinhos",917945,46,105,HIGH
1482,319150,0x000E02FB,189,255,255,"Telêmaco Borba EC","Telêmaco Borba",918147,46,105,HIGH
1483,319152,0x000E03E3,189,255,255,"C Ferroviário do Recife","Ferroviário do Recife",918353,46,105,HIGH
1484,319154,0x000E04CD,189,255,255,"Ferroviário EC de Cabo","Ferroviário de Cabo",918585,54,105,HIGH
1485,319156,0x000E057F,189,255,255,"Ramalat SC","Ramalat",918819,46,105,HIGH
1486,319158,0x000E0647,189,255,255,"Fluminense (PI)","",919029,46,105,HIGH
1487,319159,0x000E0701,189,255,255,"Cachoeira FC","Cachoeira",919197,46,105,HIGH
1488,319160,0x000E07C1,189,255,255,"Ypiranga (RS)","",919411,46,105,HIGH
1489,319162,0x000E087F,189,255,255,"CA Camboriú","Camboriú",919575,54,105,HIGH
1490,319164,0x000E0953,189,255,255,"Metropolitano (SC)","",919803,46,105,HIGH
1491,319165,0x000E0A1F,189,255,255,"Santa Catarina C","Santa Catarina",919977,46,105,HIGH
1492,319166,0x000E0AE9,189,255,255,"SE São José (SC)","São José (SC)",920181,46,105,HIGH
1493,319168,0x000E0BA3,189,255,255,"Jabaquara AC","Jabaquara",920383,46,105,HIGH
1494,319170,0x000E0C95,189,255,255,"Guarani FC de Pouso Alegre","Guarani de Pouso Alegre",920569,46,105,HIGH
1495,319172,0x000E0D69,189,255,255,"Internacional (AL)","",920849,46,105,HIGH
1496,319174,0x000E0E27,189,255,255,"CS Batalhense","Batalhense",921023,46,105,HIGH
1497,319175,0x000E0EE9,189,255,255,"Jacarepaguá FC","Jacarepaguá",921213,46,105,HIGH
1498,319620,0x000E0FB7,189,255,255,"Angra dos Reis EC","Angra dos Reis",921407,46,105,HIGH
1499,319623,0x000E1075,189,255,255,"CA Joseense","Joseense",921613,54,105,HIGH
1500,320262,0x000E115B,189,255,255,"AD Bahia de Feira","Bahia de Feira",921803,70,105,HIGH
1501,320368,0x000E1211,189,255,255,"CA Marabá","Marabá",922033,54,105,HIGH
1502,320371,0x000E12BB,189,255,255,"Igaci EC","Igaci",922215,46,105,HIGH
1503,320373,0x000E1377,189,255,255,"Peñarol (AM)","",922411,46,105,HIGH
1504,320379,0x000E141D,189,255,255,"Codô FC","Codô",922573,46,105,HIGH
1505,320381,0x000E14CF,4294967295,255,255,"SC Pindaré","Pindaré",922739,46,105,HIGH
1506,320388,0x000E1571,4294967295,255,255,"Manufatura","Manufatura",922917,24,105,HIGH
1507,320389,0x000E1607,4294967295,255,255,"Fonseca","Fonseca",923079,24,105,HIGH
1508,320390,0x000E16C1,4294967295,255,255,"Central de Barra","Central de Barra",923229,24,105,HIGH
1509,320391,0x000E1757,4294967295,255,255,"Barbará","Barbará",923415,24,105,HIGH
1510,320392,0x000E17F1,4294967295,255,255,"Sapucaia","Sapucaia",923565,24,105,HIGH
1511,320675,0x000E1897,4294967295,255,255,"Rio Cricket","Rio Cricket",923719,24,105,HIGH
1512,320676,0x000E1955,4294967295,255,255,"Engenho de Dentro","Engenho de Dentro",923885,24,105,HIGH
1513,320677,0x000E19FF,4294967295,255,255,"Minas Gerais","Minas Gerais",924075,24,105,HIGH
1514,320678,0x000E1A91,4294967295,255,255,"Alumni","Alumni",924245,24,105,HIGH
1515,320679,0x000E1B53,4294967295,255,255,"Independência (SP)","Independência (SP)",924391,24,105,HIGH
1516,320680,0x000E1BF5,143,255,255,"Estudantes","Estudantes",924585,24,105,HIGH
1517,400362,0x000E1CDA,46,255,255,"Ajaccio","Ajaccio",924757,93,105,HIGH
1518,401149,0x000E1DB9,173,255,255,"Club Africain Tunis","Club Africain",924976,61,105,HIGH
1519,450551,0x000E1E7D,89,255,255,"Akçaabat Sebatspor","A. Sebatspor",925199,38,105,HIGH
1520,475411,0x000E1F3B,165,255,255,"Pakhtakor Toshkent","Pakhtakor",925395,38,105,HIGH
1521,477632,0x000E1FF6,157,255,255,"Terek Grozny","Terek",925595,45,105,HIGH
1522,478105,0x000E20DB,151,255,255,"Sheriff Tiraspol","Sheriff",925803,54,105,HIGH
1523,478301,0x000E21D6,89,255,255,"FK Dinaburg Daugavpils","Dinaburg",926032,62,105,HIGH
1524,483003,0x000E229C,144,255,255,"Neftchi Ferghana","Neftchi Fergana",926252,38,105,HIGH
1525,483761,0x000E237F,151,255,255,"WIT-Georgia Tbilisi","WIT-Georgia",926481,38,105,HIGH
1526,483867,0x000E2484,151,255,255,"FHK Liepajas Metalurgs","Metalurgs",926708,70,105,HIGH
1527,483868,0x000E2565,128,255,255,"FK Ventspils","Ventspils",926969,54,105,HIGH
1528,483914,0x000E2620,84,255,255,"Mika Ashtarak","Mika",927194,24,105,HIGH
1529,484440,0x000E26D2,87,255,255,"Regar-TadAZ Tursun-zade","Regar",927350,24,105,HIGH
1530,484441,0x000E2782,66,255,255,"Nebitchi Balkanabad","Nebitchi",927528,24,105,HIGH
1531,484467,0x000E284E,153,255,255,"Zhashtyk-AK-Altyn Kara-Suu","Zhashtyk",927704,38,105,HIGH
1532,485292,0x000E28F0,130,255,255,"FK Vetra","Vetra",927908,38,105,HIGH
1533,485431,0x000E2984,126,255,255,"MOIK Baku","MOIK",928070,24,105,HIGH
1534,490410,0x000E2A75,128,255,255,"KS Dinamo Tirana","Dinamo Tirana",928249,54,105,HIGH
1535,498457,0x000E2B3A,172,255,255,"Banants Yerevan","Banants",928490,24,105,HIGH
1536,514173,0x000E2BEE,140,255,255,"FC Thun 1898","Thun",928656,50,105,HIGH
1537,514351,0x000E2CB5,142,255,255,"TVMK","TVMK",928867,54,105,HIGH
1538,518951,0x000E2D94,0,255,255,"AC Vantaan Allianssi","AC Allianssi",929050,46,105,HIGH
1539,529013,0x000E2E63,163,255,255,"Mouloudia Club d'Oran","MC Oran",929258,53,105,HIGH
1540,562395,0x000E2F5A,159,255,255,"League of Ireland Select XI","League of Ireland",929465,61,105,HIGH
1541,562396,0x000E303D,163,255,255,"Irish League Select XI","Irish League",929712,61,105,HIGH
1542,562397,0x000E3136,159,255,255,"League of Ireland Select U21","League of Ireland U21",929939,53,105,HIGH
1543,562398,0x000E321B,33,255,255,"Irish League Select U21","Irish League U21",930188,53,105,HIGH
1544,616263,0x000E32FC,133,255,255,"Julius Berger FC","Julius Berger",930417,69,105,HIGH
1545,652649,0x000E33E4,146,255,255,"NK Siroki Brijeg","Siroki Brijeg",930673,45,105,HIGH
1546,686771,0x000E34B2,150,255,255,"AO Messiniakos","Messiniakos",930894,38,105,HIGH
1547,700198,0x000E3575,150,255,255,"Mantova","Mantova",931080,69,105,HIGH
1548,700206,0x000E3640,162,255,255,"Messina","Messina",931275,77,105,HIGH
1549,729458,0x000E36FC,4294967295,255,255,"Padernense Clube","Padernense",931478,38,105,HIGH
1550,783798,0x000E378E,4294967295,255,255,"Nissan","Nissan",931666,24,105,HIGH
1551,783799,0x000E3824,4294967295,255,255,"Yomiuri","Yomiuri",931812,24,105,HIGH
1552,783800,0x000E38C6,16,255,255,"Toyo Kogyo","Toyo Kogyo",931962,24,105,HIGH
1553,801910,0x000E3974,170,255,255,"Asante Kotoko","Kotoko",932124,38,105,HIGH
1554,814089,0x000E3A1F,150,255,255,"F.C. Girona","Girona",932298,39,105,HIGH
1555,831122,0x000E3AEA,158,255,255,"Valle D'Aosta","Valle D'Aosta",932484,38,105,HIGH
1556,851546,0x000E3B96,145,255,255,"s.v. Deltasport","Deltasport",932672,24,105,HIGH
1557,879205,0x000E3C50,145,255,255,"TSV Aindling","Aindling",932854,38,105,HIGH
1558,879213,0x000E3D08,145,255,255,"FC Teningen","Teningen",933040,38,105,HIGH
1559,879226,0x000E3DCE,145,255,255,"TSG Hoffenheim","Hoffenheim",933224,42,105,HIGH
1560,879276,0x000E3E94,145,255,255,"VfR Neumünster","Neumünster",933422,42,105,HIGH
1561,879641,0x000E3F66,145,255,255,"SV Germania Schöneiche","Schöneiche",933620,38,105,HIGH
1562,879752,0x000E4018,145,255,255,"TSV Völpke","Völpke",933830,38,105,HIGH
1563,880009,0x000E40C6,189,255,255,"TuS Mayen","Mayen",934008,38,105,HIGH
1564,900678,0x000E438F,189,255,255,"Londrina EC","Londrina",934663,86,135,HIGH
1565,900996,0x000E448D,215,255,255,"América FC (RJ)","América (RJ)",934917,70,105,HIGH
1566,917103,0x000E4555,214,255,255,"Club Franciscain","Club Franciscain",935139,38,105,HIGH
1567,919112,0x000E4632,214,255,255,"Etoile Filante (Morne-à-l'Eau)","EF Morne-à-l'Eau",935339,31,105,HIGH
1568,919113,0x000E46EA,214,255,255,"AS Le Gosier","AS Le Gosier",935560,38,105,HIGH
1569,919114,0x000E47A2,214,255,255,"Arsenal Club","Arsenal Club",935744,38,105,HIGH
1570,919115,0x000E486E,214,255,255,"Juventus (Sainte-Anne)","ASG Juventus",935928,38,105,HIGH
1571,919116,0x000E494A,213,255,255,"AS Racing Club (Basse-Terre)","RC Basse-Terre",936132,38,105,HIGH
1572,919117,0x000E4A12,213,255,255,"AJ Saint-Georges","AJ Saint-Georges",936352,38,105,HIGH
1573,919118,0x000E4ACA,213,255,255,"US Sinnamary","US Sinnamary",936552,38,105,HIGH
1574,919119,0x000E4B88,215,255,255,"ASC Geldar Kourou","ASC Geldar",936736,38,105,HIGH
1575,919120,0x000E4C2D,215,255,255,"US Robert","US Robert",936926,31,105,HIGH
1576,919121,0x000E4CF1,217,255,255,"Samaritaine (Sainte-Marie)","Samaritaine",937091,24,105,HIGH
1577,919127,0x000E4DB7,217,255,255,"ASC St. Louis Stars","ASC St. Louis Stars",937287,24,105,HIGH
1578,919128,0x000E4E89,214,255,255,"Sporting Club (Saint-Martin)","Sporting Club SM",937485,24,105,HIGH
1579,919529,0x000E4F56,214,255,255,"Solidarité Scolaire","Solidarité Scolaire",937695,31,105,HIGH
1580,919530,0x000E5006,88,255,255,"US Ansoise","US Ansoise",937900,38,105,HIGH
1581,950376,0x000E50C5,187,255,255,"Al Ain","Al Ain",938076,69,105,HIGH
1582,951327,0x000E51A8,55,255,255,"Huracán de Tres Arroyos","Huracán (TA)",938272,54,105,HIGH
1583,1024428,0x000E525D,16,255,255,"Liaoning Zhongba","LN Zhongba",938494,31,105,HIGH
1584,1104147,0x000E5332,78,255,255,"Accra Hearts of Oak SC","Hearts of Oak",938675,45,105,HIGH
1585,1104149,0x000E540A,50,255,255,"Al Qadisiyah (KSA)","Al Qadisiyah (KSA)",938888,46,105,HIGH
1586,1200094,0x000E54BC,102,255,255,"Dynamos Harare","Dynamos Harare",939104,24,105,HIGH
1587,1200249,0x000E5556,102,255,255,"CD FAS","FAS",939282,38,105,HIGH
1588,1200440,0x000E5624,109,255,255,"CD Luis Angel Firpo","Luis Angel Firpo",939436,38,105,HIGH
1589,1200609,0x000E5702,102,255,255,"Club Guerreros de Ciudad Obregón","Cd. Obregón",939642,38,105,HIGH
1590,1200616,0x000E57C0,188,255,255,"San Salvador FC","San Salvador",939864,38,105,HIGH
1591,1200689,0x000E5876,99,255,255,"Blooming FC","Blooming",940054,46,105,HIGH
1592,1200885,0x000E5930,29,255,255,"LD Alajuelense","Alajuelense",940236,38,105,HIGH
1593,1201001,0x000E5A15,29,255,255,"Wydad Athletic Club","Wydad Casablanca",940422,61,105,HIGH
1594,1201011,0x000E5AEE,130,255,255,"Raja Club Athletic","Raja Casablanca",940651,53,105,HIGH
1595,1300097,0x000E5BB7,132,255,255,"FK Shamkir","Shamkir",940899,38,105,HIGH
1596,1300125,0x000E5CB6,133,255,255,"Shakhter Soligorsk","Shakhter Soligorsk",941100,54,105,HIGH
1597,1300147,0x000E5D7B,133,255,255,"FK Sloboda Tuzla","Sloboda",941324,53,105,HIGH
1598,1300156,0x000E5E75,134,255,255,"FK Zeljeznicar Sarajevo","Zeljeznicar",941552,53,105,HIGH
1599,1300197,0x000E5F83,137,255,255,"Litex (Lovech)","Litex",941812,93,105,HIGH
1600,1300301,0x000E6085,137,255,255,"Banik Ostrava","Banik Ostrava",942051,98,105,HIGH
1601,1300309,0x000E615E,141,255,255,"Teplice","Teplice",942340,50,105,HIGH
1602,1300342,0x000E6229,141,255,255,"Bóltfelagið B36","",942547,50,105,HIGH
1603,1300345,0x000E62FF,148,255,255,"Nes Sóknar Ítróttarfelag","NSÍ",942750,31,105,HIGH
1604,1300641,0x000E63C6,153,255,255,"Fylkir","Fylkir",942964,46,105,HIGH
1605,1300725,0x000E64AB,161,255,255,"FK Atlantas","Atlantas",943163,62,105,HIGH
1606,1300877,0x000E6589,161,255,255,"Odra Wodzislaw Slaski","Odra Wodzislaw",943361,54,105,HIGH
1607,1300881,0x000E6675,161,255,255,"Wisla Cracóvia","Wisla",943614,69,105,HIGH
1608,1300893,0x000E6755,165,255,255,"Amica Wronki","Amica",943850,61,105,HIGH
1609,1301104,0x000E681C,165,255,255,"FC Rostov","Rostov",944053,61,105,HIGH
1610,1301108,0x000E6973,168,255,255,"Zenith St. Petersburg","Zenith Peterburg",944283,130,105,HIGH
1611,1301169,0x000E6A65,77,255,255,"FC Artmedia Bratislava","Artmedia",944616,53,105,HIGH
1612,3400801,0x000E6B11,49,255,255,"Al Rayyan","Al Rayyan",944827,38,105,HIGH
1613,3400878,0x000E6BCD,19,255,255,"Power Dynamos","Power Dynamos",944999,38,105,HIGH
1614,3506513,0x000E6C7D,4294967295,255,255,"ASEC Mimosas","ASEC",945187,46,105,HIGH
1615,3600077,0x000E6D2D,170,255,255,"1.FC Lok Leipzig","Lok Leipzig",945363,24,105,HIGH
1616,4203006,0x000E6E01,170,255,255,"C. Gimnàstic Tarragona S.A.D.","Gimnàstic",945539,38,105,HIGH
1617,4203009,0x000E6EC7,170,255,255,"C.E. L'Hospitalet","Hospitalet",945751,46,105,HIGH
1618,4212294,0x000E6F6A,170,255,255,"S.D. Huesca","Huesca",945949,31,105,HIGH
1619,4212360,0x000E701E,176,255,255,"C.P. Ejido S.A.D.","Ejido",946112,38,105,HIGH
1620,4300075,0x000E70FF,4294967295,255,255,"FK Zeleznik Beograd","Zeleznik",946312,53,105,HIGH
1621,4400013,0x000E71C3,139,255,255,"US Project 40 Select","Project 40",946517,38,105,HIGH
1622,5007012,0x000E7296,163,255,255,"The Soccer AM Badgers","Badgers",946717,53,105,HIGH
1623,5100326,0x000E7376,139,255,255,"Longford Town","Longford",946955,53,105,HIGH
1624,5110769,0x000E7432,191,255,255,"AFC Wimbledon","AFC Wimbledon",947148,38,105,HIGH
1625,5261738,0x000E74DE,192,255,255,"CD Johann FC","Johann",947336,38,105,HIGH
1626,5270338,0x000E75A5,193,255,255,"LDU de Quito","LDU de Quito",947523,38,105,HIGH
1627,5280160,0x000E7667,193,255,255,"12 de Octubre FC","12 de Octubre",947707,38,105,HIGH
1628,5280161,0x000E7713,194,255,255,"C Libertad","Libertad",947901,38,105,HIGH
1629,5290189,0x000E77FF,196,255,255,"CSD Estudiantes de Medicina","Estudiantes de Medicina",948073,38,105,HIGH
1630,5300364,0x000E78B9,196,255,255,"CD Trujillanos","Trujillanos",948309,38,105,HIGH
1631,5300371,0x000E7973,0,255,255,"UA Maracaibo","Maracaibo",948495,46,105,HIGH
1632,5340072,0x000E7A5F,0,255,255,"Jeunesse Sportive de Kabylie","JS Kabylie",948681,62,105,HIGH
1633,5340073,0x000E7B43,0,255,255,"Mouloudia Club d'Alger","MC Alger",948917,70,105,HIGH
1634,5340076,0x000E7C41,0,255,255,"Union Sportive Madinet El-Harrach","USM El-Harrach",949145,62,105,HIGH
1635,5340079,0x000E7D12,0,255,255,"Entente Sportive de Sétif","ES Sétif",949399,45,105,HIGH
1636,5340080,0x000E7E19,0,255,255,"Union Sportive de la Medina d'Alger","USM Alger",949608,77,105,HIGH
1637,5340081,0x000E7EE7,154,255,255,"Wydad Amel de Tlemcen","WA Tlemcen",949871,46,105,HIGH
1638,5340220,0x000E7FDC,33,255,255,"FC Etzella Ettelbruck","Etzella Ettelbruck",950108,38,105,HIGH
1639,5340749,0x000E8096,33,255,255,"Enyimba FC","Enyimba",950322,54,105,HIGH
1640,5340754,0x000E8177,33,255,255,"Iwuanyanwu Nationale","Nationale",950508,69,105,HIGH
1641,5340761,0x000E826D,4,255,255,"Enugu Rangers International FC","Enugu Rangers",950733,62,105,HIGH
1642,5340767,0x000E832F,6,255,255,"Etoile Filante Ouagadougou","EFO",950979,38,105,HIGH
1643,5340779,0x000E83F7,6,255,255,"Coton Sport de Garoua","Coton Sport",951173,38,105,HIGH
1644,5340784,0x000E84C0,13,255,255,"Union Sportive de Douala","Union Douala",951373,31,105,HIGH
1645,5340873,0x000E8578,14,255,255,"Ethiopian Coffee","Ethiopian Bunna",951574,24,105,HIGH
1646,5340883,0x000E8627,14,255,255,"FC 105 Libreville","",951758,49,105,HIGH
1647,5340887,0x000E86E0,20,255,255,"USM Libreville","USM Libreville",951933,31,105,HIGH
1648,5340910,0x000E877E,20,255,255,"Tusker FC","Tusker FC",952118,24,105,HIGH
1649,5340913,0x000E881C,50,255,255,"Gor Mahia","Gor Mahia",952276,24,105,HIGH
1650,5340946,0x000E88C2,50,255,255,"Highlanders","Highlanders",952434,24,105,HIGH
1651,5340949,0x000E8978,50,255,255,"Masvingo United","Masvingo United",952600,24,105,HIGH
1652,5340956,0x000E8A22,30,255,255,"Black Rhinos","Black Rhinos",952782,24,105,HIGH
1653,5340959,0x000E8AF0,30,255,255,"Ferroviário de Maputo","Ferroviário de Maputo",952952,24,105,HIGH
1654,5340960,0x000E8B8E,17,255,255,"Maxaquene","Maxaquene",953158,24,105,HIGH
1655,5340981,0x000E8C2C,34,255,255,"Horoya AC","Horoya AC",953316,24,105,HIGH
1656,5340983,0x000E8CBE,48,255,255,"APR FC","APR FC",953474,24,105,HIGH
1657,5340987,0x000E8D70,47,255,255,"AS Vita Club","Vita Club",953620,38,105,HIGH
1658,5340992,0x000E8E22,19,255,255,"Express Red Eagles","Express SC",953798,24,105,HIGH
1659,5341061,0x000E8ED7,19,255,255,"Stade Abidjan","Stade Abidjan",953976,31,105,HIGH
1660,5341063,0x000E8FAD,36,255,255,"Africa Sports National","Africa Sports",954157,46,105,HIGH
1661,5341076,0x000E906E,36,255,255,"AS Douanes (SEN)","AS Douanes (SEN)",954371,31,105,HIGH
1662,5341083,0x000E910B,28,255,255,"SONACOS","SONACOS",954564,31,105,HIGH
1663,5341449,0x000E91C9,5,255,255,"Olympique de Moka","Olympique de Moka",954721,24,105,HIGH
1664,5341582,0x000E925F,41,255,255,"Vital'O","Vital'O",954911,24,105,HIGH
1665,5341585,0x000E9325,41,255,255,"Al Merreikh Omduran","Al Merreikh Omduran",955061,24,105,HIGH
1666,5341586,0x000E93DF,41,255,255,"Al Hilal Omduran","Al Hilal Omduran",955259,24,105,HIGH
1667,5341587,0x000E94B1,23,255,255,"Al Merreikh Port Sudan","Al Merreikh Port Sudan",955445,24,105,HIGH
1668,5341592,0x000E9579,23,255,255,"Al Ittihad (LBY)","Al Ittihad (LBY)",955655,38,105,HIGH
1669,5341596,0x000E962B,23,255,255,"Al Nassr (LBY)","Al Nassr (LBY)",955855,24,105,HIGH
1670,5341601,0x000E96EB,26,255,255,"Al Hilal (LBY)","Al Hilal (LBY)",956033,38,105,HIGH
1671,5341651,0x000E97AB,26,255,255,"Djoliba AC","Djoliba AC",956225,54,105,HIGH
1672,5341652,0x000E9879,44,255,255,"AS Réal de Bamako","AS Réal Bamako",956417,46,105,HIGH
1673,5341678,0x000E9936,45,255,255,"Etoile du Congo","Etoile du Congo",956623,31,105,HIGH
1674,5341685,0x000E99D8,45,255,255,"Dynamic Togolais","Dyto",956812,24,105,HIGH
1675,5341687,0x000E9A72,48,255,255,"OC Agaza","OC Agaza",956974,24,105,HIGH
1676,5341691,0x000E9B38,4,255,255,"Tout Puissant Mazembe","TP Mazembe",957128,38,105,HIGH
1677,5341697,0x000E9BF0,49,255,255,"ASFA Yennega","ASFA Yennega",957326,38,105,HIGH
1678,5341706,0x000E9CA8,49,255,255,"Nkana Red Devils FC","Nkana",957510,38,105,HIGH
1679,5341707,0x000E9D6C,49,255,255,"Green Buffaloes","Green Buffaloes",957694,38,105,HIGH
1680,5341711,0x000E9E0C,69,255,255,"Zanaco","Zanaco",957890,38,105,HIGH
1681,5350053,0x000E9EE0,0,255,255,"Monte Carlo","Monte Carlo",958050,70,105,HIGH
1682,5360150,0x000E9FDD,11,255,255,"Nasr Athletic Hussein-Dey","NA Hussein-Dey",958262,77,105,HIGH
1683,5370001,0x000EA0A3,11,255,255,"Arab Contractors Cairo","Mokawloon",958515,38,105,HIGH
1684,5370007,0x000EA16B,111,255,255,"Ghazl Al Mehalla","Ghazl Al Mehalla",958713,38,105,HIGH
1685,5375175,0x000EA225,111,255,255,"Real Estelí FC","Real Estelí",958913,38,105,HIGH
1686,5375176,0x000EA2DB,111,255,255,"San Marcos FC","San Marcos",959099,38,105,HIGH
1687,5375180,0x000EA3A1,111,255,255,"CD Walter Ferreti","Walter Ferreti",959281,38,105,HIGH
1688,5375181,0x000EA44F,111,255,255,"Diriagén FC","Diriagén",959479,38,105,HIGH
1689,5375187,0x000EA509,111,255,255,"Real Madríz FC","Real Madríz",959653,38,105,HIGH
1690,5375190,0x000EA5BF,29,255,255,"Bluefields FC","Bluefields",959839,38,105,HIGH
1691,5380015,0x000EA695,1,255,255,"Olympique Club de Khouribga","OC Khouribga",960021,38,105,HIGH
1692,5380038,0x000EA765,99,255,255,"Inter Clube de Luanda","Inter de Luanda",960235,38,105,HIGH
1693,5385098,0x000EA829,99,255,255,"ADM Pérez Zeledón","Pérez Zeledón",960443,38,105,HIGH
1694,5385101,0x000EA8E1,99,255,255,"ADM Puntarenas","Puntarenas",960639,38,105,HIGH
1695,5385104,0x000EA997,46,255,255,"AD San Carlos","San Carlos",960823,38,105,HIGH
1696,5390013,0x000EAA5E,46,255,255,"Stade Tunisien","Stade Tunisien",961005,45,105,HIGH
1697,5390016,0x000EAB2A,1,255,255,"Club Athlétique Bizertin","CA Bizerte",961204,38,105,HIGH
1698,5390055,0x000EABEC,44,255,255,"Atlético Sport Aviação","Aviação",961408,38,105,HIGH
1699,5390079,0x000EAC8A,48,255,255,"AS Police","AS Police",961602,24,105,HIGH
1700,5390080,0x000EAD3A,48,255,255,"DC Motema Pembe","Motema Pembe",961760,24,105,HIGH
1701,5390081,0x000EADEA,17,255,255,"FC St. Eloi Lupopo","FC Lupopo",961936,24,105,HIGH
1702,5390089,0x000EAE84,22,255,255,"Hafia FC","Hafia FC",962112,24,105,HIGH
1703,5390107,0x000EAF44,24,255,255,"Mighty Barolle","Mighty Barolle",962266,38,105,HIGH
1704,5390115,0x000EAFF6,45,255,255,"DSA Antanarivo","DSA Antanarivo",962458,24,105,HIGH
1705,5390141,0x000EB0A0,44,255,255,"Maranatha FC","Maranatha FC",962636,24,105,HIGH
1706,5390162,0x000EB14F,48,255,255,"CARA de Brazzaville","CARA",962806,31,105,HIGH
1707,5390165,0x000EB205,48,255,255,"AS Bilima (COD)","AS Bilima (COD)",962981,24,105,HIGH
1708,5390166,0x000EB2AB,104,255,255,"AC Sodigraf","AC Sodigraf",963163,24,105,HIGH
1709,5395069,0x000EB35D,104,255,255,"CD Escuintla","Escuintla",963329,38,105,HIGH
1710,5395076,0x000EB409,104,255,255,"CD Xelajú MC","Xelajú",963507,38,105,HIGH
1711,5395158,0x000EB4B5,33,255,255,"Antigua GFC","Antigua",963679,38,105,HIGH
1712,5410002,0x000EB561,33,255,255,"BCC Lions","BCC Lions",963851,38,105,HIGH
1713,5410013,0x000EB60D,33,255,255,"Ranchers Bees","Rancher Bees",964023,24,105,HIGH
1714,5410015,0x000EB6E9,132,255,255,"Stationary Stores","Stationary Stores",964195,54,105,HIGH
1715,5410568,0x000EB7AE,111,255,255,"FC Gomel","Gomel",964446,42,105,HIGH
1716,5430002,0x000EB85C,117,255,255,"Parmalat FC","Parmalat",964612,38,105,HIGH
1717,5430416,0x000EB928,117,255,255,"Inter Moengotapoe","Inter Moengotapoe",964786,38,105,HIGH
1718,5430419,0x000EB9DA,117,255,255,"House of Billiards","HOB",964990,38,105,HIGH
1719,5430420,0x000EBA9C,117,255,255,"Voorwaarts (SUR)","",965200,38,105,HIGH
1720,5430459,0x000EBB48,100,255,255,"Royal '95","Royal '95",965362,38,105,HIGH
1721,5430463,0x000EBC10,100,255,255,"CF Ciudad La Habana","Ciudad Habana",965534,38,105,HIGH
1722,5430471,0x000EBCC6,100,255,255,"Cienfuegos FC","Cienfuegos",965734,38,105,HIGH
1723,5430474,0x000EBD70,100,255,255,"C Granma FC","Granma",965916,38,105,HIGH
1724,5430477,0x000EBE26,100,255,255,"CD Guantánamo","Guantánamo",966086,38,105,HIGH
1725,5430483,0x000EBEF8,100,255,255,"CD Industriales La Habana","Industriales",966268,38,105,HIGH
1726,5430490,0x000EBFB2,113,255,255,"FC Villa Clara","Villa Clara",966478,38,105,HIGH
1727,5430566,0x000EC06A,113,255,255,"CAF Quintana","Quintana",966664,46,105,HIGH
1728,5430567,0x000EC124,113,255,255,"CF Lincoln-Bayamón","Bayamón",966848,38,105,HIGH
1729,5430568,0x000EC1CE,113,255,255,"CF Maunabo","Maunabo",967034,38,105,HIGH
1730,5430569,0x000EC280,113,255,255,"CF Roosevelt","Roosevelt",967204,38,105,HIGH
1731,5430570,0x000EC366,113,255,255,"C Atléticos de Río Piedras","Atléticos Río Piedras",967382,38,105,HIGH
1732,5430571,0x000EC43E,113,255,255,"CF Nacional de Carolina","Nacional Carolina",967612,38,105,HIGH
1733,5430572,0x000EC516,110,255,255,"C Sporting San Juan","Sporting San Juan",967828,46,105,HIGH
1734,5430606,0x000EC5CB,110,255,255,"UD Banda Abou","Undeba",968044,45,105,HIGH
1735,5430607,0x000EC68F,110,255,255,"CRSKV Jong Holland","Jong Holland",968225,38,105,HIGH
1736,5430609,0x000EC741,110,255,255,"SU Brion Trappers","SUBT",968421,38,105,HIGH
1737,5430610,0x000EC817,110,255,255,"RKSV Centro Dominguito","Centro Dominguito",968599,38,105,HIGH
1738,5430611,0x000EC8C3,110,255,255,"RKVFC Sithoc","Sithoc",968813,38,105,HIGH
1739,5430612,0x000EC96B,52,255,255,"CSD Barber","Barber",968985,38,105,HIGH
1740,5512110,0x000ECA27,4294967295,255,255,"Al Ahli (BHR)","Al Ahli (BHR)",969153,38,105,HIGH
1741,5512124,0x000ECAD0,53,255,255,"West Riffa","West Riffa",969341,31,105,HIGH
1742,5512125,0x000ECBBE,53,255,255,"Mohammedan Sporting Club Dhaka","Mohammedan SC (D)",969510,46,105,HIGH
1743,5512126,0x000ECCBF,59,255,255,"Muktijoddha Sangsad Krira Chakra Dhaka","Muktijoddha SKC",969748,53,105,HIGH
1744,5512191,0x000ECD82,195,255,255,"Sepahan Esfahan","Sepahan",970005,53,105,HIGH
1745,5512337,0x000ECE38,129,255,255,"CA Fénix","Fénix",970220,38,105,HIGH
1746,5602986,0x000ECEE6,74,255,255,"PSV SW Salzburg","SW Salzburg",970382,24,105,HIGH
1747,5621797,0x000ECF80,4294967295,255,255,"April 25","April 25",970556,24,105,HIGH
1748,5621798,0x000ED014,4294967295,255,255,"Taj Tehran","Taj",970710,24,105,HIGH
1749,5621978,0x000ED0BE,58,255,255,"Tiga Berlian","Tiga Berlian",970858,24,105,HIGH
1750,5622879,0x000ED173,90,255,255,"Persik Kediri","Persik",971028,45,105,HIGH
1751,5622890,0x000ED21F,77,255,255,"Binh Dinh","Binh Dinh",971209,38,105,HIGH
1752,5624425,0x000ED2D9,106,255,255,"Qatar Sports Club","Qatar SC",971381,38,105,HIGH
1753,5625245,0x000ED3A7,106,255,255,"Football Inter Club Association","FICA",971567,38,105,HIGH
1754,5625246,0x000ED479,106,255,255,"Baltimore Sportif Club","Baltimore (HAI)",971773,38,105,HIGH
1755,5625247,0x000ED539,106,255,255,"Carioca Football Club","Carioca",971983,38,105,HIGH
1756,5625248,0x000ED5F9,106,255,255,"Roulado Football Club","Roulado",972175,38,105,HIGH
1757,5625249,0x000ED6CD,119,255,255,"Association Sportive Capoise","AS Capoise",972367,38,105,HIGH
1758,5625306,0x000ED789,119,255,255,"Caledonia AIA","Caledonia AIA",972579,38,105,HIGH
1759,5625308,0x000ED850,119,255,255,"Doc's Khelwalaas FC","Doc's Khelwalaas",972767,31,105,HIGH
1760,5625309,0x000ED906,119,255,255,"Joe Public FC","Joe Public",972966,38,105,HIGH
1761,5625310,0x000ED9BD,117,255,255,"W Connection FC","W Connection",973148,31,105,HIGH
1762,5625939,0x000EDA7D,52,255,255,"Surinaams Nationaal Leger","SNL",973331,38,105,HIGH
1763,5626087,0x000EDB18,71,255,255,"Al Riffa","Riffa",973523,31,105,HIGH
1764,5626513,0x000EDBE2,54,255,255,"Island Football Club","IFC (MDV)",973678,46,105,HIGH
1765,5626771,0x000EDCAC,90,255,255,"Duli Pengiran Muda Mahkota FC","DPMM",973880,38,105,HIGH
1766,5627026,0x000EDD6B,77,255,255,"Hoang Anh Gia Lai","Gia Lai",974082,45,105,HIGH
1767,5627593,0x000EDE0F,4294967295,255,255,"Al Khor","Al Khor",974273,38,105,HIGH
1768,5627763,0x000EDEC5,29,255,255,"Al Shabab (IRQ)","Al Shabab (IRQ)",974437,24,105,HIGH
1769,5627775,0x000EDF8F,109,255,255,"Olympique Casablanca","Olympique Casablanca",974619,24,105,HIGH
1770,5666338,0x000EE066,109,255,255,"Club Dorados de Culiacán","Culiacán",974821,53,105,HIGH
1771,5666372,0x000EE110,68,255,255,"Club Colima","Colima",975036,38,105,HIGH
1772,5684556,0x000EE1D0,4294967295,255,255,"Olympic Beirut","Olympic Beirut",975206,38,105,HIGH
1773,5704248,0x000EE262,80,255,255,"Yangji","Yangji",975398,24,105,HIGH
1774,5705626,0x000EE304,152,255,255,"Daegu FC","Daegu",975544,38,105,HIGH
1775,5720002,0x000EE3D8,133,255,255,"FC Vaduz","Vaduz",975737,57,105,HIGH
1776,5756204,0x000EE4A5,145,255,255,"FK Modrica Maxima","Modrica Maxima",975918,45,105,HIGH
1777,6000000,0x000EE569,145,255,255,"FC Oberneuland","Oberneuland",976133,38,105,HIGH
1778,6000004,0x000EE62B,129,255,255,"FC Schönberg 95","Schönberg",976329,38,105,HIGH
1779,6002479,0x000EE6E1,131,255,255,"SW Bregenz","Bregenz",976513,50,105,HIGH
1780,6600031,0x000EE813,170,255,255,"Germinal Beerschot Antwerpen","Germinal Beerschot",976710,101,105,HIGH
1781,6706303,0x000EE8E9,0,255,255,"Alicante C.F.","Alicante",977009,66,105,HIGH
1782,7600156,0x000EE9D3,29,255,255,"Union Sportive Madinet Bel Abbès","USM Bel Abbès",977215,46,105,HIGH
1783,7600989,0x000EEA99,19,255,255,"Kénitra Athletic Club","Kénitra AC",977449,38,105,HIGH
1784,7601277,0x000EEB5C,107,255,255,"Jeunesse Club d'Abidjan","JC Abidjan",977647,31,105,HIGH
1785,7720037,0x000EEC32,149,255,255,"CD Honduras Salzburgo","Honduras Salzburgo",977842,38,105,HIGH
1786,7860421,0x000EECFF,215,255,255,"Hapoel Bnei Sakhnin","Bnei Sakhnin",978056,45,105,HIGH
1787,8427633,0x000EEDB8,215,255,255,"CS Case-Pilote","CS Case-Pilote",978261,31,105,HIGH
1788,8427634,0x000EEE65,215,255,255,"Golden Star","Golden Star",978446,31,105,HIGH
1789,8427635,0x000EEF06,215,255,255,"L'Aiglon","L'Aiglon",978619,31,105,HIGH
1790,8427636,0x000EEFA7,26,255,255,"L'Assaut","L'Assaut",978780,31,105,HIGH
1791,8626864,0x000EF06E,4294967295,255,255,"Cercle Olympique de Bamako","CO Bamako",978941,31,105,HIGH
1792,8628354,0x000EF124,4294967295,255,255,"Leventis United","Leventis United",979140,24,105,HIGH
1793,8628355,0x000EF1C2,17,255,255,"AS Sogara","AS Sogara",979322,24,105,HIGH
1794,8775012,0x000EF284,166,255,255,"Satellite FC (GUI)","Satellite FC (GUI)",979480,24,105,HIGH
1795,8800002,0x000EF33C,189,255,255,"Pennarossa","Pennarossa",979674,46,105,HIGH
1796,8825473,0x000EF3E2,189,255,255,"EC Tupy","Tupy",979858,46,105,HIGH
1797,8827034,0x000EF4A2,189,255,255,"Clube da Paz","Clube da Paz",980024,46,105,HIGH
1798,8832317,0x000EF560,189,255,255,"Luverdense EC","Luverdense",980216,46,105,HIGH
1799,8832320,0x000EF612,189,255,255,"Parecis SE","Parecis",980406,46,105,HIGH
1800,8832323,0x000EF6C4,189,255,255,"SC Tangará","Tangará",980584,46,105,HIGH
1801,8832325,0x000EF782,189,255,255,"CA Pimentense","Pimentense",980762,46,105,HIGH
1802,8832327,0x000EF838,189,255,255,"AA Coruripe","Coruripe",980952,46,105,HIGH
1803,8832329,0x000EF906,189,255,255,"SC Camaçariense","Camaçariense",981134,54,105,HIGH
1804,8832332,0x000EF9CC,189,255,255,"América FC (AL)","América (AL)",981340,46,105,HIGH
1805,8832334,0x000EFA82,189,255,255,"Paranoá EC","Paranoá",981542,46,105,HIGH
1806,8832336,0x000EFB64,189,255,255,"Atlético Linharense FC","Atlético Linharense",981720,46,105,HIGH
1807,8832339,0x000EFC2A,189,255,255,"Tocantins (GO)","",981978,46,105,HIGH
1808,8832342,0x000EFCF6,189,255,255,"Império Toledo F","Império Toledo",982144,46,105,HIGH
1809,8832344,0x000EFDA8,189,255,255,"Ubiratã EC","Ubiratã",982348,46,105,HIGH
1810,8832346,0x000EFE60,189,255,255,"SE Decisão FC","Decisão",982526,46,105,HIGH
1811,8832348,0x000EFF3E,189,255,255,"Grêmio LR Petrolândia","Grêmio Petrolândia",982710,46,105,HIGH
1812,8832350,0x000EFFF4,189,255,255,"Palmares FC","Palmares",982932,46,105,HIGH
1813,8832352,0x000F00BA,189,255,255,"Serrano FC (PE)","Serrano (PE)",983114,46,105,HIGH
1814,8832362,0x000F0174,189,255,255,"AE Sapiranga","Sapiranga",983312,46,105,HIGH
1815,8832363,0x000F0250,189,255,255,"Grêmio A Coariense","Grêmio Coari",983514,46,105,HIGH
1816,8832364,0x000F0314,189,255,255,"São Bento (SC)","",983748,46,105,HIGH
1817,8832365,0x000F03CE,189,255,255,"Concórdia FC","Concórdia",983914,46,105,HIGH
1818,8832366,0x000F0496,189,255,255,"CSE Camboriuense","Camboriuense",984100,46,105,HIGH
1819,8832369,0x000F0554,189,255,255,"União de Timbó","",984324,46,105,HIGH
1820,8832370,0x000F060E,189,255,255,"Vera Cruz EC","Vera Cruz",984490,46,105,HIGH
