display_name,person_database_id,internal_person_id,expected_club_database_id,expected_club_name,sample_group,reference_kind,reference_value,reference_offset,is_identity,previous_zero_run_distance,next_zero_run_distance,previous_reference_distance,next_reference_distance,signature_hash,structural_signature,context_hex
"Alessandro",3902245,69183,319,"SC Corinthians Paulista",SPECIAL_LST,INTERNAL_PERSON_ID,69183,0x00584706,True,-1,-1,9850,4,8256D65BEC2E4716,"S|B|I|I|I|I|I|I|I|I|I|B|REF|I|S|L|L|L|L|L|L|L|L|L|S|L|L|I|I|I|I|I|I|I|I|I|",000007000000540069006D00F300740065006F0000000100BD0000003D0E010007E10400000D0000004D006F00740061002000640061002000530069006C007600610000000100BD0000003E0E010008E10400001000000041006E006400720061006400650020004F006C0069007600650069007200610000000100BD0000003F0E0100258B3B00001000000043006100720064006F0073006F0020006400650020004A0065007300FA00730000000100BD000000400E0100F1863B00001200000046006500720072006500690072006100200064006500200041006700750069006100720000000100BD000000410E0100C6863B000005000000520069007A007A006F0000000100BD000000420E01000BE104000013000000640065002000410072006100FA006A006F00200052006F00640072006900670075006500730000000100BD000000430E01007B863B00000E0000004D006F007200610065007300200041006E006400720061006400650000000100BD000000440E010095853B00000C00
"Alessandro",3902245,69183,319,"SC Corinthians Paulista",SPECIAL_LST,INTERNAL_PERSON_ID,69183,0x008FB90E,False,71,111,18295,236,E714DB2EC4F7070B,"I|L|L|L|FF|L|L|L|S|L|FF|S|REF|S|L|S|S|S|L|B|I|I|L|S|S|Z|L|L|L|L|L|Z|L|B|I|I|",26000000000000000000430000F3BA040000000000000000000000000000000000000000000000000000000000000100000000000000003A01000000000000000000000100000000000013001300640000006400010000010400D4070400D407FFFFFFFF00FFFFFFFF00FFFFFFFF0007004D000000006C07FFFFFFFFCFBE00003F0E01000E2100009200B50700BD0000003A00000001000000FFFFFFFF0000006C078C000000010000D3070AD7160000000A00000000000000FFFFFFFF020001000000D1020000B2010000E5000000000000008C6600000001000100B130410057170000002C000000CB1200001E00D607070500000000000000000000D3073402E7FF00000001FFFFFFFF020400571700000030000000CB1200006D01D407030400000000000000000000D40764FF0AFF000000000105016112003200000001610D003A00000001610D002C000000016112003000000002610100BD0000000000000000D307000057170000258B3B000130113011B60361006D0003000000AE040000B2
"Alessandro",3902245,69183,319,"SC Corinthians Paulista",SPECIAL_LST,PERSON_DATABASE_ID,3902245,0x0058470A,True,-1,-1,4,1385,10279947FE743407,"B|I|I|I|I|I|I|I|I|I|B|I|REF|S|L|L|L|L|L|L|L|L|L|S|L|L|I|I|I|I|I|I|I|I|I|I|",0000540069006D00F300740065006F0000000100BD0000003D0E010007E10400000D0000004D006F00740061002000640061002000530069006C007600610000000100BD0000003E0E010008E10400001000000041006E006400720061006400650020004F006C0069007600650069007200610000000100BD0000003F0E0100258B3B00001000000043006100720064006F0073006F0020006400650020004A0065007300FA00730000000100BD000000400E0100F1863B00001200000046006500720072006500690072006100200064006500200041006700750069006100720000000100BD000000410E0100C6863B000005000000520069007A007A006F0000000100BD000000420E01000BE104000013000000640065002000410072006100FA006A006F00200052006F00640072006900670075006500730000000100BD000000430E01007B863B00000E0000004D006F007200610065007300200041006E006400720061006400650000000100BD000000440E010095853B00000C0000004200
"Alessandro",3902245,69183,319,"SC Corinthians Paulista",SPECIAL_LST,PERSON_DATABASE_ID,3902245,0x008FB9FA,False,16,-1,236,18666,22690EA7C705F2EF,"L|L|L|L|L|L|L|L|Z|Z|S|S|REF|L|L|L|L|L|L|L|L|I|B|FF|Z|FF|L|L|I|L|L|L|Z|FF|Z|I|",001E00D607070500000000000000000000D3073402E7FF00000001FFFFFFFF020400571700000030000000CB1200006D01D407030400000000000000000000D40764FF0AFF000000000105016112003200000001610D003A00000001610D002C000000016112003000000002610100BD0000000000000000D307000057170000258B3B000130113011B60361006D0003000000AE040000B2C2000041020100062800009B009B0700BD000000FFFFFFFF00000000FFFFFFFF0000006C07FFFFFFFF100400D40700D8160000FFFFFFFF0000000000FFFFFFFF0000000000000400D407000058170000298B3B0001F41AF41A4A158900AB0003000000AF04000051BF000052050100852300003D00A10700BD0000000C0100005E440000540000001000006C07FFFFFFFF100400D40700D9160000370400000000000000FFFFFFFF0000010303016400F910000001035A000C01000001035500330000000000000400D4070000591700003A8B3B0002DC1EDC1E6419A400AE0033120000FFFFFFFF04936B00
"André Bahia",311169,68196,322,"CR Flamengo",NORMAL,INTERNAL_PERSON_ID,68196,0x00578E29,True,-1,-1,32210,4,7876F5D0FBD25E50,"B|I|I|I|I|I|I|I|I|I|I|B|REF|I|S|L|L|S|L|L|L|S|B|I|I|I|I|I|I|I|B|L|L|L|L|L|",0000000100BD000000610A01008BBF04000006000000530069006D006F006E00690000000100BD000000620A01008ABF04000004000000530061006E007A0000000100BD000000630A010084BF04000012000000420061006800690061002000530061006E0074006F00730020005600690061006E00610000000100BD000000640A010081BF040000050000004B0061006C0069006C0000000100BD000000650A010080BF0400000F00000053006F00610072006500730020004F006C0069007600650069007200610000000100BD000000660A01007FBF0400000E00000054006500720072006100200041006C006200650072006F006E00690000000100BD000000670A010076BF0400000F0000004C006F00700065007300200052006F00640072006900670075006500730000000100BD000000680A010072BF0400001600000052006F0064007200690067007500650073002000530069006D006F006E0069002000460069006C0068006F0000000100BD000000690A010071BF0400000F000000
"André Bahia",311169,68196,322,"CR Flamengo",NORMAL,INTERNAL_PERSON_ID,68196,0x007F3CBF,False,71,64,96533,163,996EDBA26A321E96,"I|L|L|L|FF|L|L|L|S|L|FF|S|REF|S|L|S|L|L|I|S|I|I|L|S|S|Z|L|L|L|Z|Z|Z|L|L|L|B|",27000100000000000000480000D7E93400000000000000000000000000000000000000000000000000000000000001000000000000000042010000000000000000000001020002003B00020002003B003B003B00010000010400D4071000D407FFFFFFFF00FFFFFFFF00FFFFFFFF0002005A000000006C07FFFFFFFFF1BE0000640A0100072500004701BF0700BD000000FFFFFFFF00000100E30F00000100006C078F000000010000D1070A9A080000370400000000000000FFFFFFFF010001000000BB000000000000000000000000000000C74A000014010002030F000000000FA56E00E40800000033000000770100001E00D507030400000000000000000000D1072D024BFF00000000010101614400330000000000000000D1070000E408000081BF040001901A901A480D88008800000000000E020000ABBE0000630A0100FFFFFFFF8F00B00700BD000000FFFFFFFF00000000FFFFFFFF0000006C078F000000020000D1070A9B080000FFFFFFFF0000000000FFFFFFFF010001000000000000
"André Bahia",311169,68196,322,"CR Flamengo",NORMAL,PERSON_DATABASE_ID,311169,0x00578E2D,True,-1,-1,4,7849,2303CAF6CAFCD8D2,"I|I|I|I|I|I|I|I|I|I|B|I|REF|S|L|L|S|L|L|L|S|B|I|I|I|I|I|I|I|B|L|L|L|L|L|L|",00BD000000610A01008BBF04000006000000530069006D006F006E00690000000100BD000000620A01008ABF04000004000000530061006E007A0000000100BD000000630A010084BF04000012000000420061006800690061002000530061006E0074006F00730020005600690061006E00610000000100BD000000640A010081BF040000050000004B0061006C0069006C0000000100BD000000650A010080BF0400000F00000053006F00610072006500730020004F006C0069007600650069007200610000000100BD000000660A01007FBF0400000E00000054006500720072006100200041006C006200650072006F006E00690000000100BD000000670A010076BF0400000F0000004C006F00700065007300200052006F00640072006900670075006500730000000100BD000000680A010072BF0400001600000052006F0064007200690067007500650073002000530069006D006F006E0069002000460069006C0068006F0000000100BD000000690A010071BF0400000F0000004C006500
"André Bahia",311169,68196,322,"CR Flamengo",NORMAL,PERSON_DATABASE_ID,311169,0x0061A834,False,-1,-1,1128,5969,CB340C7057269FB5,"I|L|I|I|I|L|I|I|I|I|B|S|REF|S|L|L|L|L|L|S|L|L|L|S|B|I|I|I|I|B|S|I|S|L|L|L|",006E00690000000200BD0000000425000076BF04000009000000560061006E0064006500720073006F006E0000000200BD0000000525000090BC860000040000004D00610065006C0000000200BD00000006250000EFDC0400000B00000041006E0064007200E90020004200610068006900610000000200BD0000000725000081BF0400000B0000004A006F00E3006F002000530061006E0074006F00730000000200BD00000008250000E0DC040000060000004E0069006C006D006100720000000200BD00000009250000F6A9040000080000004300680069006E0069006E006800610000000200BD0000000A250000F8C60400000F0000004C00650061006E00640072006F0020004D00610063006800610064006F0000000200BD0000000B2500008FBF0400000F0000004D00610072006300750073002000570069006E006900630069007500730000000200BD0000000C2500008FBD8600000B0000004C00750069007A002000520065006E00610074006F0000000200BD0000000D250000A6D9
"André Bahia",311169,68196,322,"CR Flamengo",NORMAL,PERSON_DATABASE_ID,311169,0x007F3D62,False,16,87,163,4723,2C7F7BE5B5357CB1,"L|B|Z|L|L|B|L|L|Z|Z|S|S|REF|L|L|S|L|L|L|L|L|I|B|FF|Z|FF|L|S|S|L|L|L|Z|FF|I|Z|",000000010000D1070A9A080000370400000000000000FFFFFFFF010001000000BB000000000000000000000000000000C74A000014010002030F000000000FA56E00E40800000033000000770100001E00D507030400000000000000000000D1072D024BFF00000000010101614400330000000000000000D1070000E408000081BF040001901A901A480D88008800000000000E020000ABBE0000630A0100FFFFFFFF8F00B00700BD000000FFFFFFFF00000000FFFFFFFF0000006C078F000000020000D1070A9B080000FFFFFFFF0000000000FFFFFFFF0100010000000000000000000000000000000000000000000000A0020000E50800000033000000DD0200001E00D707040400000000000000000000D1072E0237FF00000000000000000000D1070000E508000084BF040001901A901A480D8800C200000000000F020000B2BE00007C020100FFFFFFFFAD00AB0700BD000000FFFFFFFF00000000FFFFFFFF0000006C078F0000000C0000D1070A9C080000FFFFFFFF0000000000FFFFFFFF01
"Andrezinho",302728,50407,322,"CR Flamengo",NORMAL,INTERNAL_PERSON_ID,50407,0x002F5A1D,True,-1,-1,2101,4,EB1DCEC18A80C325,"L|L|L|S|B|I|I|I|I|I|I|B|REF|I|S|L|L|L|L|S|L|L|I|I|I|I|I|I|I|L|I|B|L|L|L|L|",000000E4C40000D75E32000006000000420065006E0065006300790000000100BD000000E5C40000E35E3200000F00000041006E007400F4006E0069006F00200052006F006E0061006C0064006F0000000100BD000000E6C40000E55E3200000A00000041006E0064007200650020004C00750069007A0000000100BD000000E7C40000889E04000006000000560061006C006E006500690000000100BD000000E8C40000F15E32000010000000440065006E00ED006C0073006F006E00200041006E007400F4006E0069006F0000000100BD000000E9C40000F45E320000100000004C0065006F006E006100720064006F002000430061006500740061006E006F0000000100BD000000EAC40000F95E320000050000005200650067006900730000000100BD000000EBC40000FA5E320000100000004400EA006E006900730073006F006E0020005200690063006100720064006F0000000100BD000000ECC40000005F3200000A00000044006900760061006E0069006C0073006F006E0000000100
"Andrezinho",302728,50407,322,"CR Flamengo",NORMAL,INTERNAL_PERSON_ID,50407,0x004DAE38,False,-1,-1,1707,18110,B75FF35CA619CF79,"L|S|L|L|L|S|B|I|I|L|I|B|REF|I|S|L|L|L|L|L|S|L|L|I|I|I|I|L|I|B|S|I|S|L|L|S|",00060000004300650072006E006500610000000100A4000000E4C40000F113730000050000004400610072006900650000000100A4000000E5C40000E713730000090000005000EE0072006300E3006C0061006200750000000100A4000000E6C400004A1D7300000600000047006800650061007200E30000000100A4000000E7C40000E61C730000080000004E00690063006F006C0069007400E30000000100A4000000E8C40000E01373000007000000430075006C00650061006600E30000000100A4000000E9C40000DC137300000500000042006F0067006F00730000000100A4000000EAC40000DB13730000060000004D006900720069006300E30000000100A4000000EBC40000CF13730000090000004D0069006E00640069006C0065006100630000000100A4000000ECC40000CB13730000060000004D006100630061007200650000000100A4000000EDC40000E41C730000060000004C00610073006C00E300750000000100A4000000EEC40000B9137300000A0000005300E3006E00
"Andrezinho",302728,50407,322,"CR Flamengo",NORMAL,INTERNAL_PERSON_ID,50407,0x007993C1,False,67,120,6868,167,480A9A12F2C77CEE,"I|I|L|L|L|FF|L|L|L|S|L|FF|REF|I|S|L|S|L|L|I|S|I|L|L|S|S|Z|L|L|L|B|L|Z|L|L|L|",1A0000FD250001000000000000004700000A1C3E0000000000000000000000000000000000000000000000000000000000000100000000000000004201000000000000000000000103000300290007000700410029004100010000010400D4070800D407FFFFFFFF00FFFFFFFF00FFFFFFFF0002003C000000006C07FFFFFFFFE7C400003F0201000F220000D200BF0700BD000000FFFFFFFF00000100E30F00000100006C078F000000010400D4070A380300003E0400000000000000FFFFFFFF010001000000CC0200000000000051000000000000002464000094010002030F000000001F299900540300000033000000FE0700006C01D507030400000000000000000400D4072D020AFF00000000010101613200330000000000000400D407000054030000889E040002D606D606320054007600D0020000FFFFFFFF811000000A00A8160000102700000000000000000000000088430000000000000000000000000000000000000000000000000000000000000003000000000000000015990400
"Andrezinho",302728,50407,322,"CR Flamengo",NORMAL,PERSON_DATABASE_ID,302728,0x002F5A21,True,-1,-1,4,22444,EA28849F3165C385,"L|L|S|B|I|I|I|I|I|I|B|S|REF|S|L|L|L|L|S|L|L|I|I|I|I|I|I|I|L|I|B|L|L|L|L|L|",C40000D75E32000006000000420065006E0065006300790000000100BD000000E5C40000E35E3200000F00000041006E007400F4006E0069006F00200052006F006E0061006C0064006F0000000100BD000000E6C40000E55E3200000A00000041006E0064007200650020004C00750069007A0000000100BD000000E7C40000889E04000006000000560061006C006E006500690000000100BD000000E8C40000F15E32000010000000440065006E00ED006C0073006F006E00200041006E007400F4006E0069006F0000000100BD000000E9C40000F45E320000100000004C0065006F006E006100720064006F002000430061006500740061006E006F0000000100BD000000EAC40000F95E320000050000005200650067006900730000000100BD000000EBC40000FA5E320000100000004400EA006E006900730073006F006E0020005200690063006100720064006F0000000100BD000000ECC40000005F3200000A00000044006900760061006E0069006C0073006F006E0000000100BD000000
"Andrezinho",302728,50407,322,"CR Flamengo",NORMAL,PERSON_DATABASE_ID,302728,0x00799468,False,43,31,167,9093,F8787E50BCDC9F27,"L|B|Z|L|L|B|L|L|Z|I|S|S|REF|L|L|L|L|L|L|I|I|Z|Z|L|B|Z|Z|Z|Z|Z|Z|Z|B|Z|L|Z|",000000010400D4070A380300003E0400000000000000FFFFFFFF010001000000CC0200000000000051000000000000002464000094010002030F000000001F299900540300000033000000FE0700006C01D507030400000000000000000400D4072D020AFF00000000010101613200330000000000000400D407000054030000889E040002D606D606320054007600D0020000FFFFFFFF811000000A00A816000010270000000000000000000000008843000000000000000000000000000000000000000000000000000000000000000300000000000000001599040000000000000000000100000000000000000000150000001500010000010400D4070400D307FFFFFFFF00FFFFFFFF00FFFFFFFF0066005A000000006C07FFFFFFFFA8BE00006B0F0100C8290000B500B90700BD0000003300000000000000FFFFFFFF0000006C075B040000010400D4070A39030000370400000000000000FFFFFFFF010001000000000000000000000000000000030000000F000000E401000100855200005503
"Bruno Octávio",8832887,51299,319,"SC Corinthians Paulista",NORMAL,INTERNAL_PERSON_ID,51299,0x002FF567,True,-1,-1,2772,4,A8FA8E629AE10C56,"L|L|I|I|I|I|I|I|I|I|I|B|REF|I|S|L|L|L|L|L|S|L|L|L|S|B|I|I|I|I|I|I|I|I|I|B|",6F007300E90020004C0065006F006E006100720064006F0000000100BD00000061C8000074C78600000E0000004D006100720063006F00730020004C00650061006E00640072006F0000000100BD00000062C8000075C78600000D0000004200720075006E006F0020004F0063007400E100760069006F0000000100BD00000063C8000077C78600000B00000047006500720073006F006E0020004A006F007300E90000000100BD00000064C800007BC786000010000000570069006C006C00690061006D0020004600650072006E0061006E0064006F0000000100BD00000065C8000080C78600000B000000410066006F006E0073006F0020004A006F00E3006F0000000100BD00000066C8000081C78600000C00000041006E0064007200E90020004D00E1007200630069006F0000000100BD00000067C8000082C78600000A000000430065006C0073006F0020004C007500ED00730000000100BD00000068C8000083C78600000E0000004D0069006300680065006C00200050006C0061007400
"Bruno Octávio",8832887,51299,319,"SC Corinthians Paulista",NORMAL,INTERNAL_PERSON_ID,51299,0x004E2C4E,False,-1,-1,2252,551236,F8D2285000935311,"L|S|L|L|L|S|B|I|I|I|I|B|REF|I|S|L|L|L|S|L|L|L|S|B|I|I|I|I|B|L|L|L|L|L|L|L|",F12D7B00000500000041006B0068006200610000000200A500000060C80000F02D7B00000600000055006C0061006E006F00760000000200A500000061C80000B056070000070000004B006100730069006D006F00760000000200A500000062C800009B2D7B000006000000540072006F00790061006E0000000200A500000063C80000972D7B00000700000044006F00670075007A006F00760000000200A500000064C80000702D7B00000900000044006F006C0067006100630068006500760000000200A500000065C80000232D7B00000C00000041006E0064007200750073006300680065006E006B006F0000000200A500000066C80000C92C7B000009000000530068006F006C006F006B0068006F00760000000200A500000067C80000942C7B000006000000540072006100760069006E0000000200A500000068C8000021520700000800000041006C006500730068006B0069006E0000000200A500000069C80000DF2B7B000009000000470061006C006900740073006B006900790000
"Bruno Octávio",8832887,51299,319,"SC Corinthians Paulista",NORMAL,INTERNAL_PERSON_ID,51299,0x00953055,False,51,120,19466,158,D7B00C3CAE5AB78F,"Z|Z|L|L|L|FF|L|L|L|S|L|FF|REF|I|S|L|S|L|B|L|B|I|I|L|S|S|Z|L|L|L|Z|L|Z|L|B|L|",0001160000FFFFFFFFE76406000A000E180000F3260000000000000000004900002B820E0000000000000000000000000000000000000000000000000000000000000100000000000000003F010000000000000000000000010000010400D4070300D407FFFFFFFF00FFFFFFFF00FFFFFFFF00060036000000006C07FFFFFFFF63C80000BA110100DF2B0000D500C10700BD000000FFFFFFFF00000000FFFFFFFF0000006C078C000000010000D4070A961B0000F30800000000000000FFFFFFFF0100010000007D000000000000000C00000000000000B603000000010002030F000000003A581300391C00000030000000FA000000B600D607030400000000000000000000D4072E020AFF00000000000000000000D4070000391C000077C786000124132413920978009A0000000000A20500000DBF0000B3110100FFFFFFFF09009D0700BD000000FFFFFFFF00000000FFFFFFFF0000006C07C60200000C0000D1070A971B0000FFFFFFFF0000000000FFFFFFFF0100010000000000000000000000
"Bruno Octávio",8832887,51299,319,"SC Corinthians Paulista",NORMAL,INTERNAL_PERSON_ID,51299,0x00A98FAE,False,-1,-1,324,2484,87B4DBF1E0404F0B,"L|L|S|S|I|L|L|L|L|L|L|S|REF|I|L|L|L|L|L|L|S|S|I|L|L|L|L|L|L|S|S|I|L|L|L|L|",000053C80000011C2B000054C80000011E2B000055C8000001DB24000057C80000012121000058C8000001B02B000059C8000001E12A00005BC80000015F2100005CC8000001152500005DC8000001CB2000005EC80000018C2300005FC8000001AC2B000060C80000011D21000061C8000001EA20000062C8000001DE2B000063C8000001DF2B000065C8000001FB20000066C8000001E32B000068C8000001E52B000069C8000001E62B00006AC8000001172300006CC8000001E52100006DC8000001BE24000071C8000001EB2B000072C8000001F12A000073C80000010221000078C8000001F32B000079C8000001F42B00007CC8000001F62B00007DC8000001FA2B00007EC8000001F120000081C8000001FE2B000082C8000001FF2B000089C80000010C2C00008AC8000001132100008BC80000010E2C00008CC8000001242100008DC8000001102C00008EC80000017221000091C80000014221000093C80000013625000094C8000001142C000095C80000011321000096C8000001162C00
"Bruno Octávio",8832887,51299,319,"SC Corinthians Paulista",NORMAL,PERSON_DATABASE_ID,8832887,0x002FF56B,True,-1,-1,4,146003,47690FE634D459AC,"L|I|I|I|I|I|I|I|I|I|B|S|REF|S|L|L|L|L|L|S|L|L|L|S|B|I|I|I|I|I|I|I|I|I|B|S|",E90020004C0065006F006E006100720064006F0000000100BD00000061C8000074C78600000E0000004D006100720063006F00730020004C00650061006E00640072006F0000000100BD00000062C8000075C78600000D0000004200720075006E006F0020004F0063007400E100760069006F0000000100BD00000063C8000077C78600000B00000047006500720073006F006E0020004A006F007300E90000000100BD00000064C800007BC786000010000000570069006C006C00690061006D0020004600650072006E0061006E0064006F0000000100BD00000065C8000080C78600000B000000410066006F006E0073006F0020004A006F00E3006F0000000100BD00000066C8000081C78600000C00000041006E0064007200E90020004D00E1007200630069006F0000000100BD00000067C8000082C78600000A000000430065006C0073006F0020004C007500ED00730000000100BD00000068C8000083C78600000E0000004D0069006300680065006C00200050006C006100740069006E00
"Bruno Octávio",8832887,51299,319,"SC Corinthians Paulista",NORMAL,PERSON_DATABASE_ID,8832887,0x0058F06D,False,-1,-1,27137,9228,F4F63D3BEC92EF5A,"S|L|L|I|I|I|I|I|I|I|B|I|REF|S|L|L|L|L|L|L|S|L|L|I|I|L|I|I|I|L|B|L|L|L|L|L|",7200200042006100690074006C006500720000000100BD000000B81101002ABC86000013000000640065002000430061007300740072006F002000560061006C0065007200690061006E006F0000000100BD000000B91101002BBC860000090000004A006F00760061006E0065006C006C00690000000100BD000000BA11010077C78600000A000000430061007200700069006E0065006C006C00650000000100BD000000BB11010072C78600000C0000004F007300F300720069006F00200052006F006D00E3006F0000000100BD000000BC11010070C7860000050000005A00610074007400610000000100BD000000BD1101006FC78600001B0000004E0061007300630069006D0065006E0074006F00200064006F0073002000530061006E0074006F0073002000460069006C0068006F0000000100BD000000BE1101006EC78600000E00000064006500200053006F0075007A00610020004D00610067006E006F0000000100BD000000BF1101006CC78600000F00000044007500610072007400
"Bruno Octávio",8832887,51299,319,"SC Corinthians Paulista",NORMAL,PERSON_DATABASE_ID,8832887,0x0062C2B8,False,-1,-1,837,8460,EE9DE38182CA3FE9,"L|I|I|I|I|I|I|I|I|I|B|S|REF|S|L|L|L|L|L|L|L|S|I|L|I|I|I|B|L|L|L|L|L|L|L|L|",ED00730020004100750067007500730074006F0000000100BD000000DD2B000070C78600000E0000004D006100720063006F00730020004C00650061006E00640072006F0000000100BD000000DE2B000075C78600000D0000004200720075006E006F0020004F0063007400E100760069006F0000000100BD000000DF2B000077C78600000C00000047006500720073006F006E00200053006F0064007200E90000000100BD000000E02B00007BC7860000040000004B0061006800EA0000000100BD000000E12B00007CC786000008000000560061006C00640065006E006900720000000100BD000000E22B000051D504000006000000410066006F006E0073006F0000000100BD000000E32B000081C78600000D00000041006E0064007200E9002000420061007300730061006E00690000000100BD000000E42B000082C78600000A000000430065006C0073006F0020004C007500ED00730000000100BD000000E52B000083C78600000E0000004D0069006300680065006C00200050006C0061
"Bruno Octávio",8832887,51299,319,"SC Corinthians Paulista",NORMAL,PERSON_DATABASE_ID,8832887,0x009530F3,False,18,87,158,1564,9956EF61BB832729,"B|B|L|S|Z|Z|L|S|Z|Z|S|S|REF|L|L|S|L|L|L|L|L|I|B|FF|Z|FF|L|I|S|L|L|L|Z|FF|I|Z|",FFFFFF0000006C078C000000010000D4070A961B0000F30800000000000000FFFFFFFF0100010000007D000000000000000C00000000000000B603000000010002030F000000003A581300391C00000030000000FA000000B600D607030400000000000000000000D4072E020AFF00000000000000000000D4070000391C000077C786000124132413920978009A0000000000A20500000DBF0000B3110100FFFFFFFF09009D0700BD000000FFFFFFFF00000000FFFFFFFF0000006C07C60200000C0000D1070A971B0000FFFFFFFF0000000000FFFFFFFF0100010000000000000000000000000000000000000000000000000C00003A1C000000F2010000D80000001E00D907040400000000000000000000D107300237FF00000000000000000000D10700003A1C000078C7860002C800C80032003C008C0002160000FFFFFFFF790C00000A00E015900110270000000000000000000000005A0900000000000000000000000000000000000000000000000000000000000000010000000000000000
"Bruno Santos",8832815,11210,322,"CR Flamengo",SPECIAL_EMP,INTERNAL_PERSON_ID,11210,0x00079B22,False,25,6,30135,62633,54C9889A9702971E,"S|Z|S|I|L|I|Z|Z|B|B|Z|B|REF|I|S|Z|L|L|Z|L|L|L|S|B|Z|I|I|Z|L|L|L|L|Z|Z|S|S|",00000000000000960000000900000000000000FF000000C72B0000F6E379000004000000000000000000960000000900000000000000FF000000C82B0000F7E379000004000000000000000000960000000900000000000000FF000000C92B0000F8E379000004000000000000000000960000000900000000000000FF000000CA2B0000F9E379000004000000000000000000960000000900000000000000FF000000CB2B0000FAE379000004000000000000000000960000000900000000000000FF000000CC2B0000FBE379000004000000000000000000960000000900000000000000FF000000CD2B0000FCE379000004000034420000304100960000000900000000000000FF000000CE2B0000FDE379000004000000000000000000960000000900000000000000FF000000CF2B000000E479000004000000000000000000960000000900000000000000FF000000D02B000001E479000004000000000000000000960000000900000000000000FF000000D12B000002E4790000040000000000
"Bruno Santos",8832815,11210,322,"CR Flamengo",SPECIAL_EMP,INTERNAL_PERSON_ID,11210,0x001A39BA,False,-1,-1,30701,1374144,044E4F537254091D,"L|L|L|L|S|I|L|I|I|I|I|B|REF|I|S|L|L|L|S|L|L|L|S|B|I|I|I|I|B|S|I|S|L|L|L|L|",3D000000C62B000066F70B0000070000004B0065006900730075006B006500000016003D000000C72B000081F80B0000040000005900750079006100000015003D000000C82B0000CAFC0B0000060000004D0061007300610074006F00000014003D000000C92B000087883B000003000000520079006F00000014003D000000CA2B0000F5E90B0000070000005400650074007300750079006100000014003D000000CB2B0000D1D30B0000060000004D006100730061006B006900000013003D000000CC2B00001EF30B0000060000004B006F00730075006B006500000013003D000000CD2B000013873B0000060000004B0061007A0075006B006900000013003D000000CE2B000097EA0B0000080000004D00610073006100790075006B006900000013003D000000CF2B000050F70B0000060000005300680069006E006A006900000012003D000000D02B000089D40B0000050000004B006F00680065006900000012003D000000D12B00002CF40B00000500000059006F006800650069000000
"Bruno Santos",8832815,11210,322,"CR Flamengo",SPECIAL_EMP,INTERNAL_PERSON_ID,11210,0x00388E9B,False,-1,-1,31115,1376442,634D9820ACF21A12,"L|S|L|L|L|S|B|I|I|I|I|B|REF|I|S|L|L|L|L|S|I|L|I|I|I|I|B|I|L|L|L|L|L|L|L|S|",0B0000070000004F0068007400730075006B006100000007003D000000C72B000095883B0000060000004E0061006B0061006E006F00000007003D000000C82B0000FD853B000006000000480061006D00610064006100000007003D000000C92B0000E9EA0B0000060000004F0068006D006F0072006900000007003D000000CA2B000096566C0000060000004D0075007200610074006100000007003D000000CB2B000026D50B00000600000054006F006D00690074006100000007003D000000CC2B0000C3D30B0000050000004E006100670061006900000007003D000000CD2B000053FF0B0000070000004F006B0061006D006F0074006F00000007003D000000CE2B0000E3F60B0000060000004D0069006E0061006D006900000006003D000000CF2B0000CAD80B0000060000004E0061006B00610074006100000006003D000000D02B000001F80B000006000000540061006B0061006E006F00000006003D000000D12B0000CC853B00000A000000590061006E0061006700690073006100
"Bruno Santos",8832815,11210,322,"CR Flamengo",SPECIAL_EMP,INTERNAL_PERSON_ID,11210,0x0062BF6F,True,-1,-1,3090,4,C70841BB3B187CE2,"L|L|S|B|I|I|I|I|I|I|I|B|REF|I|S|L|L|L|L|S|L|L|L|S|B|I|I|I|I|L|I|I|B|S|I|S|",006E00670000000100BD000000C72B0000F1C6860000070000004900760061006E00640072006F0000000100BD000000C82B000039D5040000070000004C0061006D00620061007200690000000100BD000000C92B000029C78600000C0000004200720075006E006F002000530061006E0074006F00730000000100BD000000CA2B00002FC786000009000000430061006D0061007A007A006F006C00610000000100BD000000CB2B000045D50400000C000000460072006500640020004D0061006E006800E3006500730000000100BD000000CC2B000032C7860000090000004E006500670072006500690072006F00730000000100BD000000CD2B000034C78600000A00000041006E0064007200E90020004C0069006D00610000000100BD000000CE2B000038C78600000B000000460065006C00690070006500200041006400E3006F0000000100BD000000CF2B00003BC7860000070000004D0075007200690071007500690000000100BD000000D02B00003CC786000005000000520061006F
"Bruno Santos",8832815,11210,322,"CR Flamengo",SPECIAL_EMP,INTERNAL_PERSON_ID,11210,0x006B21B1,False,21,7,12869,90749,50389D0FE3C4C262,"S|I|I|Z|Z|L|I|Z|L|Z|S|FF|REF|I|I|Z|Z|L|I|Z|L|Z|S|FF|S|I|I|Z|Z|L|I|Z|L|Z|S|FF|",000000000000FFFFFFFF0500000000000000000200000000EF2D0000FFFFFFFFC82B000062A77E0000E8030000000000000000000000FFFFFFFF050000000000000000020000000005190000FFFFFFFFC92B000063A77E0000E8030000000000000000000000FFFFFFFF0500000000000000000200000000FE180000FFFFFFFFCA2B000064A77E0000E8030000000000000000000000FFFFFFFF0500000000000000000100000000F62D0000FFFFFFFFCB2B00008B087F0000E8030000000000000000000000FFFFFFFF0500000000000000000100000000F92D0000FFFFFFFFCC2B00008D087F0000EE020000000000000000000000FFFFFFFF0500000000000000000100000000F72D0000FFFFFFFFCD2B000091087F0000EE020000000000000000000000FFFFFFFF050000000000000000010000000025300000FFFFFFFFCE2B000093087F0000EE020000000000000000000000FFFFFFFF0500000000000000000100000000F82D0000FFFFFFFFCF2B000094087F0000EE02000000000000000000
"Bruno Santos",8832815,11210,322,"CR Flamengo",SPECIAL_EMP,INTERNAL_PERSON_ID,11210,0x00750DDC,False,196,134,317694,93979,7D8AB3105718E6B5,"S|S|S|S|S|S|S|S|S|S|S|S|REF|Z|L|FF|L|FF|L|FF|L|FF|L|Z|L|Z|I|L|S|I|L|B|L|L|L|FF|",FFFFFFFF00D407D5070200D407E8FFFFFFFF000000000000F03F00000000190081180000B32B0000B42B0000B52B0000B62B0000B72B0000B82B0000B92B0000BA2B0000BB2B0000BC2B0000BD2B0000BE2B0000BF2B0000C02B0000C12B0000C22B0000C32B0000C42B0000C52B0000C62B0000C72B0000C82B0000C92B0000CA2B00000000000000006C07FFFFFFFF0000FFFFFFFFFFFF00006C07FFFFFFFF0000FFFFFFFFFFFF120101C30000000000000020000000007AEF0F0000F7EAF5050B0000D4070F00D4071A1601000000000027060000F6030000FFFFFFFFFFFFFFFFFFFFFFFFFFFFFFFFFFFFFFFF00EDFFFFFFFF00D407D4076815ED0848FFFFFFFF000000000000F03F000000000000000004000800D4070A00D4078A0103140A00D4070C00D4078B0103140C00D4070E00D4078E0103140E00D4071000D4079001031400006C07FFFFFFFF0000FFFFFFFFFFFF00006C07FFFFFFFF0000FFFFFFFFFFFF090101C4000000000000008800000000A2F00F0000F8EAF5050B0000D4070C00
"Bruno Santos",8832815,11210,322,"CR Flamengo",SPECIAL_EMP,INTERNAL_PERSON_ID,11210,0x008A2221,False,142,109,76739,21370,F3091CF732E61C4B,"S|FF|L|S|L|B|L|B|L|I|L|S|REF|Z|L|L|L|I|L|S|L|I|L|I|L|S|L|I|Z|L|L|L|L|L|L|I|",320900000000010401036400F700000001045000F300000000450009FFFFFFFF01613400F7000000000000BE00D2070000B1120000DFAC0C0001401F401F2823A800B400030000000304000052800000A0A10000FFFFFFFF5A009A070096000000FFFFFFFF00000000FFFFFFFF0000006C07B2010000180000D1070A49120000CA2B00000000000000FFFFFFFF0000010603016400311200000301640004000000030264001C170000030264004812000001036400EF00000001036400010100000000000000D1070000B21200005EAE0C000288136419E8037C00A5004D0E0000FFFFFFFF2E7753000A001027000010270000000000000000004900005B3E750000000000000000000000000000000000000000000000000000000000000100000000000000007504000000000000000000000109000900390009000900390039003900010000010400D407AB00D407FFFFFFFF00FFFFFFFF00FFFFFFFF0066005A000000006C07FFFFFFFF98090000C80C0000FFFFFFFF1800BF070013000000FFFFFF
"Bruno Santos",8832815,11210,322,"CR Flamengo",SPECIAL_EMP,INTERNAL_PERSON_ID,11210,0x0094E3AC,False,59,112,46313,159,6EFFEB25824482AD,"L|L|L|FF|L|L|L|S|L|FF|S|I|REF|L|S|L|B|L|B|I|L|L|S|S|Z|L|L|L|L|L|Z|L|B|L|B|L|",FF03FF19000A007C1500001027000000000000000000480000C02C3700000000000000000000000000000000000000000000000000000000000001000000000000000042010000000000000000000000010000010400D4070400D307FFFFFFFF00FFFFFFFF00FFFFFFFF0066005A000000006C07FFFFFFFFCABE00006A020100CA2B00005900BF0700BD000000FFFFFFFF00000000FFFFFFFF0000006C078F00000001F300D2070A541B0000370400000000000000FFFFFFFF010001000000A40000002F00000017000000000000003C32000000010002030F000000009BDB8300F71B00000033000000D7010000F100D50705060000000000000000F300D2072B0200FF0000000001010161180033000000000000F300D2070000F71B00002FC78600021A041A0434002A009C00C5150000FFFFFFFF290C00000A00501990011027000000000000000000410000F10A00000000000000000000000000000000000000000000000000000000000000010000000000000000420100000000000000000000
"Bruno Santos",8832815,11210,322,"CR Flamengo",SPECIAL_EMP,INTERNAL_PERSON_ID,11210,0x009BC77B,False,-1,-1,16417,164108,01902016560DCB6E,"B|S|L|L|L|L|B|I|L|I|L|Z|REF|L|S|I|L|L|L|B|S|L|L|L|L|B|I|L|I|L|Z|S|L|S|I|L|",F6F505072E000000EF0F00000000C42B00000DF6F505072E000000EF0F00000000C52B00000EF6F505072E000000EF0F00000000C62B00000FF6F5050730000000EF0F00000000C72B000010F6F5050730000000EF0F00000000C82B000011F6F5050730000000EF0F00000000C92B000012F6F5050730000000EF0F00000000CA2B000013F6F5050724000000EB0F00000000CB2B000014F6F5050724000000EB0F00000000CC2B000015F6F5050724000000EB0F00000000CD2B000016F6F5050729000000EB0F00000000CE2B000017F6F5050729000000EB0F00000000CF2B000018F6F505072B000000EB0F00000000D02B000019F6F505072B000000EB0F00000000D12B00001AF6F505072A000000EB0F00000000D22B00001BF6F505072A000000EB0F00000000D32B00001CF6F505072A000000EB0F00000000D42B00001DF6F505072A000000EB0F00000000D52B00001EF6F505072A000000EB0F00000000D62B00001FF6F505072A000000EB0F00000000D72B000020F6F505072D000000
"Bruno Santos",8832815,11210,322,"CR Flamengo",SPECIAL_EMP,PERSON_DATABASE_ID,8832815,0x0062BF73,True,-1,-1,4,837,16F093AD1C7D2762,"L|S|B|I|I|I|I|I|I|I|B|S|REF|S|L|L|L|L|S|L|L|L|S|B|I|I|I|I|L|I|I|B|S|I|S|L|",0000000100BD000000C72B0000F1C6860000070000004900760061006E00640072006F0000000100BD000000C82B000039D5040000070000004C0061006D00620061007200690000000100BD000000C92B000029C78600000C0000004200720075006E006F002000530061006E0074006F00730000000100BD000000CA2B00002FC786000009000000430061006D0061007A007A006F006C00610000000100BD000000CB2B000045D50400000C000000460072006500640020004D0061006E006800E3006500730000000100BD000000CC2B000032C7860000090000004E006500670072006500690072006F00730000000100BD000000CD2B000034C78600000A00000041006E0064007200E90020004C0069006D00610000000100BD000000CE2B000038C78600000B000000460065006C00690070006500200041006400E3006F0000000100BD000000CF2B00003BC7860000070000004D0075007200690071007500690000000100BD000000D02B00003CC786000005000000520061006F006E0065
"Bruno Santos",8832815,11210,322,"CR Flamengo",SPECIAL_EMP,PERSON_DATABASE_ID,8832815,0x0094E44B,False,43,31,159,19466,75B120831EAA08D7,"L|B|Z|L|I|B|L|L|Z|L|S|S|REF|L|L|L|L|L|L|L|I|Z|Z|L|B|Z|Z|Z|Z|Z|Z|Z|B|Z|I|Z|",00000001F300D2070A541B0000370400000000000000FFFFFFFF010001000000A40000002F00000017000000000000003C32000000010002030F000000009BDB8300F71B00000033000000D7010000F100D50705060000000000000000F300D2072B0200FF0000000001010161180033000000000000F300D2070000F71B00002FC78600021A041A0434002A009C00C5150000FFFFFFFF290C00000A00501990011027000000000000000000410000F10A0000000000000000000000000000000000000000000000000000000000000001000000000000000042010000000000000000000000010000010400D4070700D407FFFFFFFF00FFFFFFFF00FFFFFFFF0006005A000000006C07FFFFFFFF2AC10000E11101008E2300007700C50700BD000000FFFFFFFF00000000FFFFFFFF0000006C07A8080000010000D1070A551B0000370400000000000000FFFFFFFF0100000000000B0000000300000001000000000000000000000000010002031900000000AA3C0000F81B0000003300000021000000
"Dimba",303048,50294,322,"CR Flamengo",NORMAL,INTERNAL_PERSON_ID,50294,0x002F467E,True,-1,-1,5376,4,9FCDC5C68E155DDD,"S|L|L|L|S|B|I|I|I|I|I|B|REF|I|S|L|L|L|L|L|L|L|L|S|L|L|I|I|I|I|I|I|I|I|I|I|",44006F007200690073006D00610072002000460065006C0069007000650000000100BD00000074C40000E45A3200001000000052006F006700E900720069006F0020004700650072007600E100730069006F0000000100BD00000075C4000008A0040000080000004500640069007400E100630069006F0000000100BD00000076C40000C89F0400000E0000004D0061007200630065006C006F002000540069006E00F40063006F0000000100BD00000077C40000275B3200000F0000004600720061006E0063006900730063006F0020004300E90073006100720000000100BD00000078C40000295B3200001000000043006C0065006F006E00E900730069006F0020004300610072006C006F00730000000100BD00000079C400002B5B3200000D000000C9006C0073006F006E00200052006F0062006500720074006F0000000100BD0000007AC40000365B3200000D000000C9006C0076006900730020004700750073007400610076006F0000000100BD0000007BC400003C5B3200000D000000
"Dimba",303048,50294,322,"CR Flamengo",NORMAL,INTERNAL_PERSON_ID,50294,0x004D9F1D,False,-1,-1,4040,2160,982BBAC0EF021BE8,"L|S|L|L|L|S|B|I|I|I|I|B|REF|I|S|L|L|L|L|L|S|L|L|I|I|I|I|B|L|L|L|L|L|L|L|S|",E524730000050000005A00650063006900750000000100A400000073C400002B1E73000009000000530074006F0069006300680069007400E30000000100A400000074C40000231E73000004000000530065007200620000000100A400000075C40000E8247300000600000053007400EE006E006700750000000100A400000076C40000E9247300000800000041006200720075006400650061006E0000000100A400000077C40000EA247300000600000050006C00690073006300610000000100A400000078C40000EB2473000006000000490061006D0062006F00720000000100A400000079C40000EC2473000006000000480061006C00610073007A0000000100A40000007AC40000ED24730000090000004300690075006200E3006E00630061006E0000000100A40000007BC40000EE2473000006000000430069006F0061007200E30000000100A40000007CC40000F024730000070000004E0065006700720069007400610000000100A40000007DC40000F1247300000500000043006F00
"Dimba",303048,50294,322,"CR Flamengo",NORMAL,INTERNAL_PERSON_ID,50294,0x0079B7ED,False,77,115,9093,186,BCF966BFDBE07310,"L|L|L|L|L|FF|L|L|L|S|L|FF|REF|I|S|L|S|I|Z|L|B|I|L|L|S|S|Z|L|L|L|L|L|Z|L|L|I|",1D000010270000000000000000004500002B3633000000000000000000000000000000000000000000000000000000000000010000000000000000420100000800000000000000010000000000005C005C00B1000000B100010000010400D4070700D407FFFFFFFF00FFFFFFFF00FFFFFFFF0006005A000000006C07FFFFFFFF76C4000045050100BE2900006B01B50700BD0000002702000000000000FFFFFFFF0000006C078F000000010400D4070A5B030000680600000000000000FFFFFFFF010001000000D7010000C60000006F000000000000001198000020010001008C0A5000770300000033000000480C0000B400D607010400000000000000000400D407280264FF000000000104016118007502000001613D00F201000001611B002702000002621B004E0000000000000400D407000077030000C89F0400028813881352036C007C00E9020000FFFFFFFF2C0B00000A00701700001027000000000000000000000000EE0200000000000000000000000000000000000000000000000000
"Dimba",303048,50294,322,"CR Flamengo",NORMAL,PERSON_DATABASE_ID,303048,0x002F4682,True,-1,-1,4,2914,BF251777C6D026FA,"L|L|L|S|B|I|I|I|I|I|B|S|REF|S|L|L|L|L|L|L|L|L|S|L|L|I|I|I|I|I|I|I|I|I|I|B|",7200690073006D00610072002000460065006C0069007000650000000100BD00000074C40000E45A3200001000000052006F006700E900720069006F0020004700650072007600E100730069006F0000000100BD00000075C4000008A0040000080000004500640069007400E100630069006F0000000100BD00000076C40000C89F0400000E0000004D0061007200630065006C006F002000540069006E00F40063006F0000000100BD00000077C40000275B3200000F0000004600720061006E0063006900730063006F0020004300E90073006100720000000100BD00000078C40000295B3200001000000043006C0065006F006E00E900730069006F0020004300610072006C006F00730000000100BD00000079C400002B5B3200000D000000C9006C0073006F006E00200052006F0062006500720074006F0000000100BD0000007AC40000365B3200000D000000C9006C0076006900730020004700750073007400610076006F0000000100BD0000007BC400003C5B3200000D0000004A006F00
"Dimba",303048,50294,322,"CR Flamengo",NORMAL,PERSON_DATABASE_ID,303048,0x00569592,False,-1,-1,551236,31429,D227BBE9F59CF179,"I|I|I|I|I|I|I|I|I|I|B|I|REF|S|L|L|L|L|S|L|L|I|I|I|I|I|I|I|I|I|B|L|L|L|L|L|",61002000530069006C007600610000000200BD0000004305010000AB8600000D00000047006F006D006500730020006400650020004D0065006C006F0000000200BD00000044050100C79F04000011000000560069006500690072006100200064006500200041006E006400720061006400650000000200BD00000045050100C89F04000006000000470072006500630063006F0000000200BD000000460501008EA986000010000000640061002000530069006C0076006100200046006F006E00730065006300610000000200BD000000470501006FA98600000600000042006C0061006E0063006F0000000200BD00000048050100D8A8860000070000004500640075006100720064006F0000000200BD000000490501009423760000070000004600690072006D0069006E006F0000000200BD0000004A0501006076380000130000006400650020004A0065007300FA007300200064006F0073002000530061006E0074006F00730000000200BD0000004B05010050023A00000E0000004F006C
"Dimba",303048,50294,322,"CR Flamengo",NORMAL,PERSON_DATABASE_ID,303048,0x00626A0B,False,-1,-1,11791,653,56928DA373FEF1BD,"L|L|S|I|L|I|I|I|I|I|B|S|REF|S|L|L|L|L|L|L|S|L|L|L|S|B|I|I|I|I|I|I|I|I|I|I|",00BB29000066A00400000C0000004D00E1007200630069006F0020005000650064007200610000000100BD000000BC2900005BA00400000D0000005000610075006C006F00200049007300690064006F0072006F0000000100BD000000BD29000054A004000005000000440069006D006200610000000100BD000000BE290000C89F0400000D0000004D006100720063006F00730020004A00610074006F006200E10000000100BD000000BF2900006C9F04000012000000420065006200650074006F0020006400650020004F006C0069007600650069007200610000000100BD000000C02900005E9F040000090000004C00E9006F0020004D00610063006100E90000000100BD000000C1290000419F040000040000005400E90069006F0000000100BD000000C2290000039F04000005000000570061006E0064006F0000000100BD000000C3290000009F040000070000004D0061006E006300750073006F0000000100BD000000C4290000FF9E040000050000005A006500740074006900000001
"Dimba",303048,50294,322,"CR Flamengo",NORMAL,PERSON_DATABASE_ID,303048,0x0079B8A7,False,67,31,186,42288,5014378F69076480,"L|L|L|L|L|L|L|L|Z|I|S|S|REF|L|L|L|L|L|L|I|I|Z|Z|L|B|Z|Z|Z|Z|Z|Z|Z|B|Z|I|Z|",000000FFFFFFFF010001000000D7010000C60000006F000000000000001198000020010001008C0A5000770300000033000000480C0000B400D607010400000000000000000400D407280264FF000000000104016118007502000001613D00F201000001611B002702000002621B004E0000000000000400D407000077030000C89F0400028813881352036C007C00E9020000FFFFFFFF2C0B00000A00701700001027000000000000000000000000EE02000000000000000000000000000000000000000000000000000000000000000100000000000000003C01000000000000000000000100000000070000000000070007000700010000010400D4070400D307FFFFFFFF00FFFFFFFF00FFFFFFFF0066005A000000006C07FFFFFFFF84C20000C802010014210000E600B20700BD000000FFFFFFFF00000000FFFFFFFF0000006C078A000000010000D1070A5C030000FFFFFFFF0000000000FFFFFFFF01000100000012000000000000000000000000000000FB0000007C01000100DC3700007803
"Dinélson",320774,51237,319,"SC Corinthians Paulista",NORMAL,INTERNAL_PERSON_ID,51237,0x002FEA8F,True,-1,-1,14526,4,A2BE9B882153031D,"S|L|L|L|S|B|I|L|I|I|I|B|REF|I|S|L|L|L|L|S|L|L|L|S|B|I|I|I|I|I|I|B|L|L|L|L|",006E0000000100BD00000022C80000FBE40400000C0000004A0075006C00690061006E006F0020004A006F00E3006F0000000100BD00000023C80000FDE404000007000000560069007400F300720069006F0000000100BD00000024C8000001E504000008000000440069006E00E9006C0073006F006E0000000100BD00000025C8000006E504000009000000450072006D006F006700E9006E006500730000000100BD00000026C8000007E50400000D0000004A006F00E3006F0020004C0069006E0064006F006D006100720000000100BD00000027C8000014E50400000B0000004D0069006700750065006C0020004C007500ED00730000000100BD00000028C8000058E50400000B0000004D006100690063006F006E0020004A006F00E3006F0000000100BD00000029C80000B6E50400000E000000440068006900650067006F00200052006F0062006500720074006F0000000100BD0000002AC80000D2E50400000D00000041006E0064007200E90020004C0075006300690061006E006F00
"Dinélson",320774,51237,319,"SC Corinthians Paulista",NORMAL,INTERNAL_PERSON_ID,51237,0x004E2382,False,-1,-1,11916,2252,958CF1689F33D76E,"L|S|L|L|I|I|I|I|I|I|I|B|REF|I|S|L|L|L|L|S|L|L|I|I|I|I|B|L|L|L|L|L|L|L|L|L|",00000056006500740072006F00760000000200A500000022C8000033560700000700000043006800610076006B0069006E0000000200A500000023C8000039560700000500000059006500730069006E0000000200A500000024C80000872F510000090000004E0069007A006F007600740073006500760000000200A500000025C800003B56070000060000004B006100640069006500760000000200A500000026C80000C947070000060000004B006100690074006F00760000000200A500000027C80000CB470700000A0000004B0065007200610073006800760069006C00690000000200A500000028C80000D4470700000A0000005200750064006B006F00760073006B006900790000000200A500000029C80000E24707000008000000530068006B006100720075007000610000000200A50000002AC80000E647070000070000004D006F006D006F0074006F00760000000200A50000002BC800000E480700000800000053006F006C006400610074006F00760000000200A50000002CC800
"Dinélson",320774,51237,319,"SC Corinthians Paulista",NORMAL,INTERNAL_PERSON_ID,51237,0x0088506D,False,67,76,34853,113,658E1A6756E3FC3E,"I|I|L|L|L|FF|L|L|L|S|L|FF|REF|I|S|L|S|S|Z|L|B|I|L|L|S|S|Z|L|L|L|Z|L|Z|Z|L|L|",1BC80010270000000000000000004100005AB6020000000000000000000000000000000000000000000000000000000000000100000000000000003F01000000000000000000000100000000000004000400180000001800010000010400D4070300D407FFFFFFFF00FFFFFFFF00FFFFFFFF00060036000000006C07FFFFFFFF25C80000880301009C2700005B00C20700BD0000003600000000000000FFFFFFFF0000006C078C000000010400D4070ACE1000006A3300000000000000FFFFFFFF010001000000620000000000000009000000000000000000000060010002030F0000000063CF0900181100000030000000C40000000300D707040400000000000000000400D407320200FF000000000102010355003600000001612400360000000000000400D40700001811000006E5040002F401F401320037009900160D0000FFFFFFFF283200000A007C15C80010270000000000000000000000004725000000000000000000000000000000000000000000000000000000000000000100000000
"Dinélson",320774,51237,319,"SC Corinthians Paulista",NORMAL,INTERNAL_PERSON_ID,51237,0x00A98E6A,False,-1,-1,1755,324,87B4DBF1E0404F0B,"L|L|S|S|I|L|L|L|L|L|L|S|REF|I|L|L|L|L|L|L|S|S|I|L|L|L|L|L|L|S|S|I|L|L|L|L|",00000EC80000018827000011C80000011721000012C8000001E520000013C80000015921000015C80000018D27000016C80000018E27000017C80000012F21000018C80000018F27000019C8000001802100001AC8000001902700001BC8000001912700001DC80000019627000020C8000001EE20000023C80000011B21000025C80000019C27000029C8000001732100002AC8000001A22700002FC8000001A927000030C8000001B323000032C8000001FE21000035C8000001B227000036C8000001B427000037C8000001B727000038C8000001412100003BC8000001BA2700003CC8000001BB2700003DC8000001DD21000041C8000001DA20000042C8000001C127000044C8000001C427000049C8000001072800004AC8000001772200004EC80000010D2B00004FC80000010F2B000050C80000011A22000052C8000001162B000053C80000011C2B000054C80000011E2B000055C8000001DB24000057C80000012121000058C8000001B02B000059C8000001E12A00005BC80000015F2100
"Dinélson",320774,51237,319,"SC Corinthians Paulista",NORMAL,PERSON_DATABASE_ID,320774,0x002FEA93,True,-1,-1,4,2772,5BD5F466466988E1,"L|L|L|S|B|I|L|I|I|I|B|S|REF|S|L|L|L|L|S|L|L|L|S|B|I|I|I|I|I|I|B|L|L|L|L|L|",000100BD00000022C80000FBE40400000C0000004A0075006C00690061006E006F0020004A006F00E3006F0000000100BD00000023C80000FDE404000007000000560069007400F300720069006F0000000100BD00000024C8000001E504000008000000440069006E00E9006C0073006F006E0000000100BD00000025C8000006E504000009000000450072006D006F006700E9006E006500730000000100BD00000026C8000007E50400000D0000004A006F00E3006F0020004C0069006E0064006F006D006100720000000100BD00000027C8000014E50400000B0000004D0069006700750065006C0020004C007500ED00730000000100BD00000028C8000058E50400000B0000004D006100690063006F006E0020004A006F00E3006F0000000100BD00000029C80000B6E50400000E000000440068006900650067006F00200052006F0062006500720074006F0000000100BD0000002AC80000D2E50400000D00000041006E0064007200E90020004C0075006300690061006E006F0000000100
"Dinélson",320774,51237,319,"SC Corinthians Paulista",NORMAL,PERSON_DATABASE_ID,320774,0x0062110F,False,-1,-1,11306,7557,02B13D61C5C552AC,"L|L|L|S|B|I|L|I|I|I|B|S|REF|S|L|L|L|S|I|L|I|I|I|I|I|I|B|L|L|L|L|L|L|L|L|S|",00460072006100730073006F006E0000000100BD0000009927000082E404000006000000460069006C006C006900700000000100BD0000009A270000F5E4040000050000004100620075006400610000000100BD0000009B270000FBE404000008000000440069006E00E9006C0073006F006E0000000100BD0000009C27000006E5040000040000004D006F006700690000000100BD0000009D27000007E50400000A0000004C00E9006F00200047007500650072007200610000000100BD0000009E27000080C1040000080000005A0069007100750069006E006800610000000100BD0000009F27000081C10400000600000046007500740075006300610000000100BD000000A027000082C104000004000000540065006300610000000100BD000000A1270000CEE504000006000000440068006900650067006F0000000100BD000000A2270000D2E50400000C0000004C00750069007A0020005200690063006100720064006F0000000100BD000000A3270000D3E50400000E00000057006900
"Dinélson",320774,51237,319,"SC Corinthians Paulista",NORMAL,PERSON_DATABASE_ID,320774,0x0088511C,False,51,31,62,42306,B385C54125582FA7,"Z|L|I|B|L|L|L|L|Z|I|S|S|REF|L|L|L|L|L|L|L|I|Z|Z|L|B|Z|Z|Z|Z|Z|Z|Z|B|Z|I|Z|",0ACE1000006A3300000000000000FFFFFFFF010001000000620000000000000009000000000000000000000060010002030F0000000063CF0900181100000030000000C40000000300D707040400000000000000000400D407320200FF000000000102010355003600000001612400360000000000000400D40700001811000006E5040002F401F401320037009900160D0000FFFFFFFF283200000A007C15C80010270000000000000000000000004725000000000000000000000000000000000000000000000000000000000000000100000000000000003F010000000000000000000000010000010400D4070400D307FFFFFFFF00FFFFFFFF00FFFFFFFF0066005A000000006C07FFFFFFFF26C80000D70E01009D2700002600C20700BD000000FFFFFFFF00000000FFFFFFFF0000006C07A2080000010000D1070ACF100000FFFFFFFF0000000000FFFFFFFF0100010000001C00000005000000020000000000000000000000B0010002031900000000B0D1000019110000003000000039000000
"Douglas Silva",3300410,10349,322,"CR Flamengo",NORMAL,INTERNAL_PERSON_ID,10349,0x0007256B,False,25,6,31500,30135,6AB52939084B0DAC,"S|Z|S|I|L|I|Z|L|B|B|Z|B|REF|I|S|Z|L|L|Z|L|L|L|S|L|L|I|I|Z|L|L|L|L|Z|Z|S|S|",28420000504106960000000900000000000000FF0000006A28000090CF79000004DEDD2342EFEE624106960000000900000000000000FF0000006B28000091CF79000004000000000000000006960000000900000000000000FF0000006C28000092CF79000004000000000000000006960000000900000000000000FF0000006D28000093CF79000004000000000000000006960000000900000000000000FF0000006E28000094CF79000004DEDD21428988104106960000000900000000000000FF0000006F28000095CF79000004000000000000000006960000000900000000000000FF0000007028000096CF79000004000000000000000006960000000900000000000000FF0000007128000097CF79000004000000000000000006960000000900000000000000FF0000007228000098CF79000004000000000000000006960000000900000000000000FF0000007328000099CF79000004000000000000000006960000000900000000000000FF000000742800009ACF79000004EFEE144200
"Douglas Silva",3300410,10349,322,"CR Flamengo",NORMAL,INTERNAL_PERSON_ID,10349,0x0019C1CD,False,-1,-1,31432,30701,A22329A731D9821D,"S|L|L|L|S|B|I|I|I|I|I|B|REF|I|S|L|L|L|L|L|L|L|L|S|I|L|I|I|I|I|B|I|L|L|L|L|",76000006000000530074006500760069006500000001003A0000006A2800005F217600000600000059006F006E0067006B007900000001003A0000006B2800005C2176000005000000410062006E0065007200000001003A0000006C2800005A2176000008000000470061006D0061006C00690075007300000001003A0000006D28000042257600000E00000049006400610020004200610067007500730020004700610067006100000001003A0000006E28000053217600000600000041006B006800790061007200000001003A0000006F2800004E21760000070000005300610068006A00750061006E00000001003A0000007028000078317600000500000059006F00740061006D00000001003A00000071280000122A760000080000004B006F00720069006E00740075007300000001003A00000072280000102A760000080000004700750073006E006100650064006900000001003A00000073280000A629760000060000004D0061007300720069006C00000001003A0000007428000041
"Douglas Silva",3300410,10349,322,"CR Flamengo",NORMAL,INTERNAL_PERSON_ID,10349,0x00381510,False,-1,-1,31196,31115,3C45BE09B3F090CC,"L|S|L|L|L|S|B|I|I|I|I|B|REF|I|S|L|L|L|S|L|L|L|S|B|I|I|B|I|L|L|L|L|L|L|S|L|",000076227600000500000059006100730069007200000001003A0000006A28000077227600000500000044006900720067006100000001003A0000006B2800007822760000070000005000650072006E0061006D006100000001003A0000006C2800007922760000060000004B0061006900660061007200000001003A0000006D280000B61B760000070000005700610068006900640069006E00000001003A0000006E2800007C22760000050000005A0061006D0069006E00000001003A0000006F2800008222760000060000004D0061007200770061006E00000001003A000000702800008622760000070000004D0061006E007300790075007200000001003A00000071280000B51B7600000A000000530075007000720069006A0061006E0074006F00000001003A000000722800008A227600000B0000005300750070007200690061006E007300790061006800000001003A00000073280000B41B760000070000004B0068006F006900620075007200000001003A000000742800005C2D52
"Douglas Silva",3300410,10349,322,"CR Flamengo",NORMAL,INTERNAL_PERSON_ID,10349,0x0062331E,True,-1,-1,1162,4,A2B07DBAEF5F20CB,"I|L|I|I|I|I|I|I|I|I|I|B|REF|I|S|L|L|L|L|L|L|L|S|I|L|I|I|I|I|I|I|I|I|B|L|L|",00004D0061007200630065006C006F0020004D006100720069006E0068006F0000000100BD0000006B280000B8C30400000A00000041006C00660072006500640069006E0068006F0000000100BD0000006C280000395C3200000D00000044006F00750067006C00610073002000530069006C007600610000000100BD0000006D2800003A5C3200000C0000004A006F00E3006F00200052006F0064007200690067006F0000000100BD0000006E2800003D5C3200000E00000052006F0064006F006C0066006F00200053006F00610072006500730000000100BD0000006F280000BBC30400000E0000004D0061007200630065006C006F0020004D006100740074006F00730000000100BD00000070280000BCC30400000A0000004A00650061006E0020004300610072006C006F0000000100BD00000071280000685C3200000C00000049006F006E006100790020006400610020004C0075007A0000000100BD00000072280000C0C3040000070000004A0061006E00640075006900720000000100
"Douglas Silva",3300410,10349,322,"CR Flamengo",NORMAL,INTERNAL_PERSON_ID,10349,0x006A8041,False,21,7,39321,28459,51325AEA7A2603E0,"S|I|I|Z|Z|L|I|Z|Z|Z|S|FF|REF|I|I|Z|Z|L|I|Z|Z|Z|S|FF|S|I|I|Z|Z|L|I|Z|Z|Z|S|FF|",000000000000FFFFFFFF05000000000000000000000000005F190000FFFFFFFF6B28000060A1770000E80300002C010000C819000000FFFFFFFF050000000000000000000000000062270000FFFFFFFF6C28000061A1770000EE020000000000000000000000FFFFFFFF05000000000000000000000000005F190000FFFFFFFF6D28000062A1770000EE020000000000000000000000FFFFFFFF050000000000000000000000000063270000FFFFFFFF6E28000063A1770000EE020000000000000000000000FFFFFFFF050000000000000000000000000064270000FFFFFFFF6F28000064A1770000EE020000000000000000000000FFFFFFFF050000000000000000000000000065270000FFFFFFFF7028000065A1770000EE020000000000000000000000FFFFFFFF05000000000000000000000000005E190000FFFFFFFF7128000066A1770000EE020000000000000000000000FFFFFFFF0500000000000000000000000000C01F0000FFFFFFFF7228000067A1770000EE02000000000000000000
"Douglas Silva",3300410,10349,322,"CR Flamengo",NORMAL,INTERNAL_PERSON_ID,10349,0x008CFEDD,False,85,112,18578,229,ECB7A6A417495F53,"L|L|L|FF|L|L|L|S|L|FF|S|I|REF|L|S|I|Z|L|B|I|L|L|S|S|Z|L|L|L|Z|L|Z|L|B|L|B|L|",00000000000047000058910E000000000000000000000000000000000000000000000000000000000000010000000000000000C6A2010000000000002000000100000000000002000200560000005600010000010400D4070700D407FFFFFFFF00FFFFFFFF00FFFFFFFF0006005A000000006C07FFFFFFFFEFBE00001A0201006D2800004A00BC0700BD0000000C02000000000000FFFFFFFF0000006C078F000000013901D3070A83140000370400000000000000FFFFFFFF020001000000CB0000000000000014000000000000000E1E000000010002030F0000000039344C00EF1400000038020000970100003901D507040400000000000000003901D307250200FF00000001FFFFFFFF020400EF1400000033000000970100006D01D407030400000000000000000B01D30764FF4BFF00000000010401034B0030000000010350000C020000016124003802000001610200330000000000003901D3070000EF1400003A5C320001B90BB90BDC057A007A00030000003A04000032BF0000DD110100
"Douglas Silva",3300410,10349,322,"CR Flamengo",NORMAL,INTERNAL_PERSON_ID,10349,0x009AF359,False,12,94,59510,37669,51927A5F53B4831B,"FF|L|L|S|L|FF|L|Z|FF|Z|Z|S|REF|L|L|L|L|L|S|Z|I|I|L|L|I|L|S|L|I|L|L|L|L|FF|B|L|",0000FFFFFFFF00000000000000006C0700006C280000ABF2F50504FFFFFFFF3B002800ED0309110101030F07000000000000002C380000AD390000FFFFFFFF9200A407004C000000FFFFFFFF00000000FFFFFFFF2000006C07FFFFFFFF2000006C0700FFFFFFFFFFFFFFFF0000000000FFFFFFFF00000000000000006C0700006D280000ACF2F50504FFFFFFFF09004A00A408141404090C0411000000000000002F380000AE390000FFFFFFFF0A01AC07004C000000FFFFFFFF00000000FFFFFFFF2000006C07FFFFFFFF2000006C0700FFFFFFFFFFFFFFFF0000000000FFFFFFFF00000000000000006C0700006E280000ADF2F50504FFFFFFFF5E001A0091080F0C1302020B1000000000000000E5380000643A0000FFFFFFFF2801A107004D000000FFFFFFFF00000000FFFFFFFF2000006C07FFFFFFFF2000006C0700FFFFFFFFFFFFFFFF0000000000FFFFFFFF00000000000000006C0700006F280000AEF2F50504FFFFFFFF0B003300D3000E090B0A09111300000000000000053900007F3A00
"Douglas Silva",3300410,10349,322,"CR Flamengo",NORMAL,INTERNAL_PERSON_ID,10349,0x00A9AF0A,False,-1,-1,2219,-1,30BA79EC2C5373DA,"L|B|S|S|I|I|L|L|L|L|B|S|REF|I|I|L|L|L|L|B|S|S|I|I|L|L|L|L|B|S|S|I|I|L|L|L|",00004328000000820B000045280000002C0C00004B280000002E0C000050280000002F0C00005228000000300C00005528000000310C00005628000000800B00005728000000320C00005828000000330C00005928000000340C00005D28000000360C00006028000000380C000068280000003A0C000069280000003B0C00006D280000007F0B00006E280000003D0C00006F280000003F0C000071280000007E0B000073280000007D0B00007C28000000420C000080280000007C0B00008A28000000430C00009128000000440C00009428000000460C00009928000000F10B0000A128000000480C0000A228000000490C0000A628000000E20B0000A8280000004B0C0000AB280000004C0C0000AE28000000E10B0000B3280000004F0C0000B628000000500C0000BA28000000DC0B0000BC28000000D60B0000BE28000000510C0000C728000000530C0000D028000000D50B0000DC28000000D10B0000DD28000000D00B0000E128000000CF0B0000EF28000000540C0000F228000000CE0B00
"Douglas Silva",3300410,10349,322,"CR Flamengo",NORMAL,PERSON_DATABASE_ID,3300410,0x00623322,True,-1,-1,4,2266,87BCB217229B4DC9,"L|I|I|I|I|I|I|I|I|I|B|S|REF|S|L|L|L|L|L|L|L|S|I|L|I|I|I|I|I|I|I|I|B|L|L|L|",61007200630065006C006F0020004D006100720069006E0068006F0000000100BD0000006B280000B8C30400000A00000041006C00660072006500640069006E0068006F0000000100BD0000006C280000395C3200000D00000044006F00750067006C00610073002000530069006C007600610000000100BD0000006D2800003A5C3200000C0000004A006F00E3006F00200052006F0064007200690067006F0000000100BD0000006E2800003D5C3200000E00000052006F0064006F006C0066006F00200053006F00610072006500730000000100BD0000006F280000BBC30400000E0000004D0061007200630065006C006F0020004D006100740074006F00730000000100BD00000070280000BCC30400000A0000004A00650061006E0020004300610072006C006F0000000100BD00000071280000685C3200000C00000049006F006E006100790020006400610020004C0075007A0000000100BD00000072280000C0C3040000070000004A0061006E00640075006900720000000100BD000000
"Douglas Silva",3300410,10349,322,"CR Flamengo",NORMAL,PERSON_DATABASE_ID,3300410,0x008CFFC2,False,67,85,229,4327,A9EF32D2BEEFF8EE,"L|L|L|L|L|L|L|L|Z|L|S|S|REF|L|L|L|L|L|L|L|L|I|B|FF|Z|FF|L|I|S|L|L|L|Z|FF|B|Z|",0038020000970100003901D507040400000000000000003901D307250200FF00000001FFFFFFFF020400EF1400000033000000970100006D01D407030400000000000000000B01D30764FF4BFF00000000010401034B0030000000010350000C020000016124003802000001610200330000000000003901D3070000EF1400003A5C320001B90BB90BDC057A007A00030000003A04000032BF0000DD110100FFFFFFFFAE00A30700BD000000FFFFFFFF00000000FFFFFFFF0000006C07E8020000020000D1070A84140000FFFFFFFF0000000000FFFFFFFF010000000000000000000000000000000000000000000000000048020000F0140000000C020000640000001E00D907020400000000000000000000D107290237FF00000000000000000000D1070000F01400003C5C320002DC05DC05320071008D0053100000FFFFFFFFD41C00000A00001900001027000000000000000000480000221500000000000000000000000000000000000000000000000000000000000000010000000000000000
"Édson Araújo",308345,50176,319,"SC Corinthians Paulista",NORMAL,INTERNAL_PERSON_ID,50176,0x0001B769,False,88,-1,-1,486,A069F628AB1A3DBC,"Z|L|L|L|L|L|L|S|S|Z|S|S|REF|L|L|L|B|B|Z|B|B|B|L|L|L|L|Z|L|L|L|Z|L|L|I|I|Z|",83A440068F0000000100000000000000FF000000B3000000C100000000049C443C424A0C62BF088F0000000000000000000000FF000000B4000000C20000000004BE1F3742CBA14540128F0000000300000000000000FF000000B5000000C300000000044CB73642A24536BE088F0000000300000000000000FF000000B6000000C40000000004E5504042643BEB40068F0000000100000000000000FF000000B7000000C500000000040A574242C1CA8D40068F0000000100000000000000FF000000B8000000C60000000004A69B494291ED3440068F0000000100000000000000FF000000B9000000C70000000004BCF43B42AE4761BE088F0000000100000000000000FF000000BA000000C800000000043D8A3A42DBF9A640088F0000000300000000000000FF000000BB000000C90000000004D9CE46429A999D40068F0000000100000000000000FF000000BC000000CA00000000044CB7474223DB893F068F0000000100000000000000FF000000BD000000CB0000000004E77B494291ED4440
"Édson Araújo",308345,50176,319,"SC Corinthians Paulista",NORMAL,INTERNAL_PERSON_ID,50176,0x0001B94F,False,154,192,486,33234,5F45048458BCD6F3,"I|Z|L|L|L|L|L|L|S|S|Z|S|REF|S|L|L|L|B|B|Z|B|B|B|L|L|L|L|Z|L|L|L|Z|L|L|I|I|",262D42D9CEAB400F8F0000000900000000000000FF000000C1000000CF0000000004CBA14A4210584940068F0000000100000000000000FF000000C2000000D00000000004A8C62D42B29DD7400A8F0000000900000000000000FF000000C3000000D100000000049A194442AAF1923F068F0000000100000000000000FF000000C4000000D2000000000460E54A426891CD3F068F0000000100000000000000FF000000C5000000D30000000004DF4F3C4273681940088F0000000300000000000000FF000000C6000000D400000000041F05434285EB11BF068F0000000100000000000000FF000000C7000000D50000000004A4703A427B148240088F0000000300000000000000FF000000C8000000D600000000044A0C2E42022B9F400A8F0000000900000000000000FF000000C9000000D70000000004D5F83E42D9CE57C0088F0000000000000000000000FF000000CA000000D80000000004DDA42D427368A1400A8F0000000900000000000000FF000000CB000000D90000000004DB794042
"Édson Araújo",308345,50176,319,"SC Corinthians Paulista",NORMAL,INTERNAL_PERSON_ID,50176,0x00023B21,False,-1,-1,33234,13860,50DC3E8D96699043,"S|L|L|L|I|Z|L|L|L|L|L|L|REF|S|Z|L|I|L|L|L|I|Z|B|Z|B|S|I|L|L|L|L|Z|L|L|L|S|",00FF662300760400005092010000041B2F0DC050CD9FC200C00000001100000000000000FF00000077040000529201000004A01A41C11D1A9AC212C20000001500000000000000FFF901007804000054920100000487960BC227B160C20DC30000000B00000000000000FF5F000079040000569201000004E7FB274193D885C200C40000001900000000000000FF0603007A0400005892010000047B141342E5D0424000000000000A00000000000000FF0000007B0400005A920100000425060DC177BE534100010000001900000000000000FF0000007C0400005B9201000004C74BCF407593284000020000000C00000000000000FF0000007D0400005C9201000004713DC5C17D3FCF4100030000001B00000000000000FF0000007E0400005D9201000004D9CE45410AD7C3BF00040000001400000000000000FF0000007F0400005E9201000004B29D57C00AD7EA4100050000001900000000000000FF000000800400005F920100000477BE7740A245384100060000000C00000000000000FF00
"Édson Araújo",308345,50176,319,"SC Corinthians Paulista",NORMAL,INTERNAL_PERSON_ID,50176,0x00027145,False,8,128,13860,35,600DF8FF8AE53039,"S|B|Z|L|I|Z|L|L|L|L|Z|Z|REF|S|Z|S|I|L|L|L|L|B|B|Z|I|S|I|L|L|L|L|Z|L|L|L|S|",00FF0000000206000049AA01000004000000000000000000A0000000FFFFFFFF00000000FF000000030600004AAA01000004000000000000000004A0000000FFFFFFFF00000000FF000000040600004BAA01000004000000000000000000C00000001100000000000000FF0000000506000082AA01000004000000000000000000C40000001900000000000000FF000000060600008AAA010000043333EB409C4477C200C40000001900000000000000FFEF0100070600008CAA01000004E3A50541A69B7AC200C40000001900000000000000FF160000080600008EAA01000004A8C64E42F0A70E40048B0000000100000000000000FF0000000906000098AA010000040000000000000000038B0000000100000000000000FF0000000A0600009EAA010000040000000000000000008B0000000100000000000000FF0000000B060000A0AA010000040000000000000000008B000000FFFFFFFF00000000FF0000000C060000A2AA010000040C025742D9CE17C0058B000000FFFFFFFF00000000FF00
"Édson Araújo",308345,50176,319,"SC Corinthians Paulista",NORMAL,INTERNAL_PERSON_ID,50176,0x00027168,False,43,93,35,35,CCBC46241816FD2C,"S|B|Z|L|I|Z|L|L|L|L|L|L|REF|S|Z|L|I|L|L|L|L|B|B|Z|S|S|I|L|L|L|L|Z|L|L|L|S|",00FF000000030600004AAA01000004000000000000000004A0000000FFFFFFFF00000000FF000000040600004BAA01000004000000000000000000C00000001100000000000000FF0000000506000082AA01000004000000000000000000C40000001900000000000000FF000000060600008AAA010000043333EB409C4477C200C40000001900000000000000FFEF0100070600008CAA01000004E3A50541A69B7AC200C40000001900000000000000FF160000080600008EAA01000004A8C64E42F0A70E40048B0000000100000000000000FF0000000906000098AA010000040000000000000000038B0000000100000000000000FF0000000A0600009EAA010000040000000000000000008B0000000100000000000000FF0000000B060000A0AA010000040000000000000000008B000000FFFFFFFF00000000FF0000000C060000A2AA010000040C025742D9CE17C0058B000000FFFFFFFF00000000FF0000000D060000A4AA010000046F92524246B6A33F038B0000000000000000000000FF00
"Édson Araújo",308345,50176,319,"SC Corinthians Paulista",NORMAL,INTERNAL_PERSON_ID,50176,0x0002718B,False,78,58,35,30800,80B6314CDB1A8DAB,"S|L|L|L|I|Z|L|L|L|L|L|L|REF|S|Z|I|I|L|L|L|L|B|B|Z|B|S|I|S|Z|L|L|Z|L|L|L|S|",00FF000000040600004BAA01000004000000000000000000C00000001100000000000000FF0000000506000082AA01000004000000000000000000C40000001900000000000000FF000000060600008AAA010000043333EB409C4477C200C40000001900000000000000FFEF0100070600008CAA01000004E3A50541A69B7AC200C40000001900000000000000FF160000080600008EAA01000004A8C64E42F0A70E40048B0000000100000000000000FF0000000906000098AA010000040000000000000000038B0000000100000000000000FF0000000A0600009EAA010000040000000000000000008B0000000100000000000000FF0000000B060000A0AA010000040000000000000000008B000000FFFFFFFF00000000FF0000000C060000A2AA010000040C025742D9CE17C0058B000000FFFFFFFF00000000FF0000000D060000A4AA010000046F92524246B6A33F038B0000000000000000000000FF0000000E06000074BB01000004AE475142000060C007AF0000000000000000000000FFE2
"Édson Araújo",308345,50176,319,"SC Corinthians Paulista",NORMAL,INTERNAL_PERSON_ID,50176,0x0002E9DB,False,8,23,30800,35,2E1C695FDD85E32A,"S|L|L|L|I|Z|L|L|L|L|Z|Z|REF|S|Z|S|I|L|I|Z|Z|B|B|Z|B|S|I|L|L|L|L|Z|L|L|L|S|",00FF72000074090000C1B30400000491ED09C2E55059C203C30000000B00000000000000FF5B000075090000C4B3040000042FDDFDC198EE5FC204C30000000B00000000000000FFCE010076090000C6B3040000046DE70AC248E160C205C30000000B00000000000000FF09010077090000C8B304000004000000000000000000C40000001900000000000000FF00000078090000CAB304000004000000000000000000C40000001900000000000000FF00000079090000CCB304000004A8C6E9C1355E4DC204BD0000002500000000000000FF080A007A0900000DB404000004000000000000000000680000001900000000000000FF0000007B09000020B404000004000000000000000000700000000C00000000000000FF0000007C09000028B404000004000000000000000000700000000C00000000000000FF0000007D0900002EB404000004000000000000000000660000001900000000000000FF0000007E09000041B404000004000000000000000000660000001900000000000000FF00
"Édson Araújo",308345,50176,319,"SC Corinthians Paulista",NORMAL,INTERNAL_PERSON_ID,50176,0x0002E9FE,False,8,58,35,191905,8A111A780961A999,"S|B|Z|L|I|Z|L|L|L|L|Z|Z|REF|S|Z|S|I|L|L|L|L|B|B|Z|I|S|I|S|Z|L|L|Z|L|L|L|S|",00FF5B000075090000C4B3040000042FDDFDC198EE5FC204C30000000B00000000000000FFCE010076090000C6B3040000046DE70AC248E160C205C30000000B00000000000000FF09010077090000C8B304000004000000000000000000C40000001900000000000000FF00000078090000CAB304000004000000000000000000C40000001900000000000000FF00000079090000CCB304000004A8C6E9C1355E4DC204BD0000002500000000000000FF080A007A0900000DB404000004000000000000000000680000001900000000000000FF0000007B09000020B404000004000000000000000000700000000C00000000000000FF0000007C09000028B404000004000000000000000000700000000C00000000000000FF0000007D0900002EB404000004000000000000000000660000001900000000000000FF0000007E09000041B404000004000000000000000000660000001900000000000000FF0000007F09000042B404000004000000000000000000660000001900000000000000FF00
"Édson Araújo",308345,50176,319,"SC Corinthians Paulista",NORMAL,INTERNAL_PERSON_ID,50176,0x0005D79F,False,8,23,191905,70,7FAE13CE3CAF08FA,"S|L|L|L|I|Z|L|L|L|L|Z|Z|REF|S|Z|S|I|L|I|Z|Z|B|B|Z|B|S|I|S|Z|L|L|Z|L|L|L|S|",00FFF91600E01E00005CBA50000004F8537DC1E5108CC204C20000001500000000000000FFCA3000E11E000064BA50000004A24550C164BB98C203C20000001500000000000000FFB40100E21E000077BA50000004C97692C0448BA2C204C20000001500000000000000FF2A0000E31E000079BA50000004000000000000000000C40000001900000000000000FF000000E41E000076DF50000004000000000000000000660000001900000000000000FF000000E51E0000E1DF50000004000000000000000000C40000001900000000000000FF000000E61E000001E050000004000000000000000000C40000001900000000000000FF000000E71E000004E0500000043D0A2141FCA98AC200C40000001900000000000000FF7B0700E81E00000AE050000004000000000000000000C40000001900000000000000FF000000E91E00008BE0500000049C443E429A99094205AE000000FFFFFFFF00000000FF4B0000EA1E0000F90651000004CF7742426666B24106AE000000FFFFFFFF00000000FF8C
"Édson Araújo",308345,50176,319,"SC Corinthians Paulista",NORMAL,INTERNAL_PERSON_ID,50176,0x0005D7E5,False,8,23,70,35,A4C5FBBEA2024568,"S|B|Z|I|I|Z|L|L|L|L|Z|Z|REF|S|Z|S|I|L|I|Z|Z|B|B|Z|B|S|I|L|L|L|L|Z|L|L|L|S|",00FFB40100E21E000077BA50000004C97692C0448BA2C204C20000001500000000000000FF2A0000E31E000079BA50000004000000000000000000C40000001900000000000000FF000000E41E000076DF50000004000000000000000000660000001900000000000000FF000000E51E0000E1DF50000004000000000000000000C40000001900000000000000FF000000E61E000001E050000004000000000000000000C40000001900000000000000FF000000E71E000004E0500000043D0A2141FCA98AC200C40000001900000000000000FF7B0700E81E00000AE050000004000000000000000000C40000001900000000000000FF000000E91E00008BE0500000049C443E429A99094205AE000000FFFFFFFF00000000FF4B0000EA1E0000F90651000004CF7742426666B24106AE000000FFFFFFFF00000000FF8C0100EB1E0000010B5100000431883A426666024206AE000000FFFFFFFF00000000FF550000EC1E00000F0B5100000414AE4242E77B044204AE0000003700000000000000FF72
"Édson Araújo",308345,50176,319,"SC Corinthians Paulista",NORMAL,INTERNAL_PERSON_ID,50176,0x0005D808,False,8,58,35,35,8A111A780961A999,"S|B|Z|L|I|Z|L|L|L|L|Z|Z|REF|S|Z|S|I|L|L|L|L|B|B|Z|I|S|I|S|Z|L|L|Z|L|L|L|S|",00FF2A0000E31E000079BA50000004000000000000000000C40000001900000000000000FF000000E41E000076DF50000004000000000000000000660000001900000000000000FF000000E51E0000E1DF50000004000000000000000000C40000001900000000000000FF000000E61E000001E050000004000000000000000000C40000001900000000000000FF000000E71E000004E0500000043D0A2141FCA98AC200C40000001900000000000000FF7B0700E81E00000AE050000004000000000000000000C40000001900000000000000FF000000E91E00008BE0500000049C443E429A99094205AE000000FFFFFFFF00000000FF4B0000EA1E0000F90651000004CF7742426666B24106AE000000FFFFFFFF00000000FF8C0100EB1E0000010B5100000431883A426666024206AE000000FFFFFFFF00000000FF550000EC1E00000F0B5100000414AE4242E77B044204AE0000003700000000000000FF720100ED1E0000110B5100000414AE4B42C5200B4205AE000000FFFFFFFF00000000FFFF
"Édson Araújo",308345,50176,319,"SC Corinthians Paulista",NORMAL,INTERNAL_PERSON_ID,50176,0x0005D82B,False,43,23,35,35,41CBC0E90C672C47,"S|B|Z|L|I|Z|L|L|L|L|L|L|REF|S|Z|L|I|L|I|Z|Z|B|B|Z|B|S|I|L|L|L|L|L|L|L|L|S|",00FF000000E41E000076DF50000004000000000000000000660000001900000000000000FF000000E51E0000E1DF50000004000000000000000000C40000001900000000000000FF000000E61E000001E050000004000000000000000000C40000001900000000000000FF000000E71E000004E0500000043D0A2141FCA98AC200C40000001900000000000000FF7B0700E81E00000AE050000004000000000000000000C40000001900000000000000FF000000E91E00008BE0500000049C443E429A99094205AE000000FFFFFFFF00000000FF4B0000EA1E0000F90651000004CF7742426666B24106AE000000FFFFFFFF00000000FF8C0100EB1E0000010B5100000431883A426666024206AE000000FFFFFFFF00000000FF550000EC1E00000F0B5100000414AE4242E77B044204AE0000003700000000000000FF720100ED1E0000110B5100000414AE4B42C5200B4205AE000000FFFFFFFF00000000FFFF0100EE1E0000460F51000004000049426811034206AE0000003700000000000000FFB0
"Édson Araújo",308345,50176,319,"SC Corinthians Paulista",NORMAL,INTERNAL_PERSON_ID,50176,0x0005D84E,False,8,-1,35,35542,F3F47796180F2DC0,"S|L|L|L|I|Z|L|L|L|L|Z|Z|REF|S|Z|S|I|L|L|L|L|B|FF|Z|S|S|I|L|L|L|L|L|L|L|L|S|",00FF000000E51E0000E1DF50000004000000000000000000C40000001900000000000000FF000000E61E000001E050000004000000000000000000C40000001900000000000000FF000000E71E000004E0500000043D0A2141FCA98AC200C40000001900000000000000FF7B0700E81E00000AE050000004000000000000000000C40000001900000000000000FF000000E91E00008BE0500000049C443E429A99094205AE000000FFFFFFFF00000000FF4B0000EA1E0000F90651000004CF7742426666B24106AE000000FFFFFFFF00000000FF8C0100EB1E0000010B5100000431883A426666024206AE000000FFFFFFFF00000000FF550000EC1E00000F0B5100000414AE4242E77B044204AE0000003700000000000000FF720100ED1E0000110B5100000414AE4B42C5200B4205AE000000FFFFFFFF00000000FFFF0100EE1E0000460F51000004000049426811034206AE0000003700000000000000FFB00100EF1E000097165100000427B141427F6A184205AE0000003700000000000000FFA3
"Édson Araújo",308345,50176,319,"SC Corinthians Paulista",NORMAL,INTERNAL_PERSON_ID,50176,0x00088FCB,False,8,23,62633,35,2E1C695FDD85E32A,"S|L|L|L|I|Z|L|L|L|L|Z|Z|REF|S|Z|S|I|L|I|Z|Z|B|B|Z|B|S|I|L|L|L|L|Z|L|L|L|S|",00FF000000C432000032AB86000004E7FB84C1086C91C201C20000001500000000000000FF9A0000C53200003BAB86000004333382C179E990C201C20000001500000000000000FF0B0800C63200003CAB8600000446B631C152389BC203C20000001500000000000000FFDB0000C73200003DAB86000004000000000000000000C40000001900000000000000FF000000C832000059AB86000004000000000000000000C40000001900000000000000FF000000C93200005AAB86000004C3F518416D678AC200C40000001900000000000000FF8C0200CA3200005BAB86000004000000000000000000C40000001900000000000000FF000000CB3200005CAB86000004B6F3014133337EC200C40000001900000000000000FFEF0000CC3200005DAB86000004000000000000000000C40000001900000000000000FF000000CD3200005EAB86000004000000000000000000C40000001900000000000000FF000000CE3200005FAB86000004000000000000000000BC0000001500000000000000FF00
"Édson Araújo",308345,50176,319,"SC Corinthians Paulista",NORMAL,INTERNAL_PERSON_ID,50176,0x00088FEE,False,8,58,35,35,8A111A780961A999,"S|B|Z|L|I|Z|L|L|L|L|Z|Z|REF|S|Z|S|I|L|L|L|L|B|B|Z|I|S|I|S|Z|L|L|Z|L|L|L|S|",00FF9A0000C53200003BAB86000004333382C179E990C201C20000001500000000000000FF0B0800C63200003CAB8600000446B631C152389BC203C20000001500000000000000FFDB0000C73200003DAB86000004000000000000000000C40000001900000000000000FF000000C832000059AB86000004000000000000000000C40000001900000000000000FF000000C93200005AAB86000004C3F518416D678AC200C40000001900000000000000FF8C0200CA3200005BAB86000004000000000000000000C40000001900000000000000FF000000CB3200005CAB86000004B6F3014133337EC200C40000001900000000000000FFEF0000CC3200005DAB86000004000000000000000000C40000001900000000000000FF000000CD3200005EAB86000004000000000000000000C40000001900000000000000FF000000CE3200005FAB86000004000000000000000000BC0000001500000000000000FF000000CF32000063AB86000004000000000000000000BB0000000B00000000000000FF00
"Édson Araújo",308345,50176,319,"SC Corinthians Paulista",NORMAL,INTERNAL_PERSON_ID,50176,0x00089011,False,43,23,35,35,F848D12A534A5C2F,"S|B|Z|L|I|Z|L|L|L|L|L|L|REF|S|Z|L|I|L|I|Z|Z|B|B|Z|B|S|I|L|L|L|L|Z|L|L|L|S|",00FF0B0800C63200003CAB8600000446B631C152389BC203C20000001500000000000000FFDB0000C73200003DAB86000004000000000000000000C40000001900000000000000FF000000C832000059AB86000004000000000000000000C40000001900000000000000FF000000C93200005AAB86000004C3F518416D678AC200C40000001900000000000000FF8C0200CA3200005BAB86000004000000000000000000C40000001900000000000000FF000000CB3200005CAB86000004B6F3014133337EC200C40000001900000000000000FFEF0000CC3200005DAB86000004000000000000000000C40000001900000000000000FF000000CD3200005EAB86000004000000000000000000C40000001900000000000000FF000000CE3200005FAB86000004000000000000000000BC0000001500000000000000FF000000CF32000063AB86000004000000000000000000BB0000000B00000000000000FF000000D03200006FAB86000004000000000000000000BC0000001500000000000000FF00
"Édson Araújo",308345,50176,319,"SC Corinthians Paulista",NORMAL,INTERNAL_PERSON_ID,50176,0x00089034,False,8,58,35,35,ACB0D1E26583ABAE,"S|L|L|L|I|Z|L|L|L|L|Z|Z|REF|S|Z|S|I|L|L|L|L|B|B|Z|S|S|I|S|Z|L|L|Z|L|L|L|S|",00FFDB0000C73200003DAB86000004000000000000000000C40000001900000000000000FF000000C832000059AB86000004000000000000000000C40000001900000000000000FF000000C93200005AAB86000004C3F518416D678AC200C40000001900000000000000FF8C0200CA3200005BAB86000004000000000000000000C40000001900000000000000FF000000CB3200005CAB86000004B6F3014133337EC200C40000001900000000000000FFEF0000CC3200005DAB86000004000000000000000000C40000001900000000000000FF000000CD3200005EAB86000004000000000000000000C40000001900000000000000FF000000CE3200005FAB86000004000000000000000000BC0000001500000000000000FF000000CF32000063AB86000004000000000000000000BB0000000B00000000000000FF000000D03200006FAB86000004000000000000000000BC0000001500000000000000FF000000D132000072AB86000004000000000000000000BC0000001500000000000000FF00
"Édson Araújo",308345,50176,319,"SC Corinthians Paulista",NORMAL,INTERNAL_PERSON_ID,50176,0x00089057,False,43,23,35,35,EF837BA65B221277,"S|B|Z|L|I|Z|L|L|L|L|L|L|REF|S|Z|L|I|L|I|Z|Z|B|B|Z|B|S|I|S|Z|L|L|Z|L|L|L|S|",00FF000000C832000059AB86000004000000000000000000C40000001900000000000000FF000000C93200005AAB86000004C3F518416D678AC200C40000001900000000000000FF8C0200CA3200005BAB86000004000000000000000000C40000001900000000000000FF000000CB3200005CAB86000004B6F3014133337EC200C40000001900000000000000FFEF0000CC3200005DAB86000004000000000000000000C40000001900000000000000FF000000CD3200005EAB86000004000000000000000000C40000001900000000000000FF000000CE3200005FAB86000004000000000000000000BC0000001500000000000000FF000000CF32000063AB86000004000000000000000000BB0000000B00000000000000FF000000D03200006FAB86000004000000000000000000BC0000001500000000000000FF000000D132000072AB86000004000000000000000000BC0000001500000000000000FF000000D232000073AB860000040000000000000000006D0000001100000000000000FF00
"Édson Araújo",308345,50176,319,"SC Corinthians Paulista",NORMAL,INTERNAL_PERSON_ID,50176,0x0008907A,False,8,23,35,35,7FAE13CE3CAF08FA,"S|L|L|L|I|Z|L|L|L|L|Z|Z|REF|S|Z|S|I|L|I|Z|Z|B|B|Z|B|S|I|S|Z|L|L|Z|L|L|L|S|",00FF000000C93200005AAB86000004C3F518416D678AC200C40000001900000000000000FF8C0200CA3200005BAB86000004000000000000000000C40000001900000000000000FF000000CB3200005CAB86000004B6F3014133337EC200C40000001900000000000000FFEF0000CC3200005DAB86000004000000000000000000C40000001900000000000000FF000000CD3200005EAB86000004000000000000000000C40000001900000000000000FF000000CE3200005FAB86000004000000000000000000BC0000001500000000000000FF000000CF32000063AB86000004000000000000000000BB0000000B00000000000000FF000000D03200006FAB86000004000000000000000000BC0000001500000000000000FF000000D132000072AB86000004000000000000000000BC0000001500000000000000FF000000D232000073AB860000040000000000000000006D0000001100000000000000FF000000D332000076AB86000004000000000000000000700000000C00000000000000FF00
"Édson Araújo",308345,50176,319,"SC Corinthians Paulista",NORMAL,INTERNAL_PERSON_ID,50176,0x0008909D,False,8,23,35,1925,BC274BC7AEC4BE1F,"S|B|Z|L|I|Z|L|L|L|L|Z|Z|REF|S|Z|S|I|L|I|Z|Z|B|B|Z|B|S|I|S|Z|L|L|Z|L|L|L|S|",00FF8C0200CA3200005BAB86000004000000000000000000C40000001900000000000000FF000000CB3200005CAB86000004B6F3014133337EC200C40000001900000000000000FFEF0000CC3200005DAB86000004000000000000000000C40000001900000000000000FF000000CD3200005EAB86000004000000000000000000C40000001900000000000000FF000000CE3200005FAB86000004000000000000000000BC0000001500000000000000FF000000CF32000063AB86000004000000000000000000BB0000000B00000000000000FF000000D03200006FAB86000004000000000000000000BC0000001500000000000000FF000000D132000072AB86000004000000000000000000BC0000001500000000000000FF000000D232000073AB860000040000000000000000006D0000001100000000000000FF000000D332000076AB86000004000000000000000000700000000C00000000000000FF000000D432000080AB86000004000000000000000000700000000C00000000000000FF00
"Édson Araújo",308345,50176,319,"SC Corinthians Paulista",NORMAL,INTERNAL_PERSON_ID,50176,0x00089822,False,8,23,1925,35,7FAE13CE3CAF08FA,"S|L|L|L|I|Z|L|L|L|L|Z|Z|REF|S|Z|S|I|L|I|Z|Z|B|B|Z|B|S|I|S|Z|L|L|Z|L|L|L|S|",00FF120A000133000022AE8600000489419CC0560EA2C201C20000001500000000000000FF2D00000233000032AE86000004AC1C06C1751395C203C20000001500000000000000FF0202000333000038AE860000046F12C3C1448B55C201BD0000002500000000000000FF43060004330000C4AE86000004000000000000000000C40000001900000000000000FF00000005330000C5AE86000004000000000000000000C40000001900000000000000FF00000006330000C6AE86000004000000000000000000C40000001900000000000000FF00000007330000C7AE86000004713DB640625099C204BF0000005D00000000000000FFE8000008330000C8AE86000004000000000000000000C40000001900000000000000FF00000009330000EEAE86000004000000000000000000C40000001900000000000000FF0000000A330000EFAE86000004000000000000000000C40000001900000000000000FF0000000B330000F0AE86000004000000000000000000C40000001900000000000000FF00
"Édson Araújo",308345,50176,319,"SC Corinthians Paulista",NORMAL,INTERNAL_PERSON_ID,50176,0x00089845,False,8,23,35,35,C0FE01B76ED9C0C8,"S|B|Z|L|I|Z|L|L|L|L|Z|Z|REF|S|Z|S|I|L|I|Z|Z|B|B|Z|B|S|I|L|L|L|L|Z|L|L|L|S|",00FF2D00000233000032AE86000004AC1C06C1751395C203C20000001500000000000000FF0202000333000038AE860000046F12C3C1448B55C201BD0000002500000000000000FF43060004330000C4AE86000004000000000000000000C40000001900000000000000FF00000005330000C5AE86000004000000000000000000C40000001900000000000000FF00000006330000C6AE86000004000000000000000000C40000001900000000000000FF00000007330000C7AE86000004713DB640625099C204BF0000005D00000000000000FFE8000008330000C8AE86000004000000000000000000C40000001900000000000000FF00000009330000EEAE86000004000000000000000000C40000001900000000000000FF0000000A330000EFAE86000004000000000000000000C40000001900000000000000FF0000000B330000F0AE86000004000000000000000000C40000001900000000000000FF0000000C330000F1AE86000004D5782741815580C200C40000001900000000000000FFC8
"Édson Araújo",308345,50176,319,"SC Corinthians Paulista",NORMAL,INTERNAL_PERSON_ID,50176,0x00089868,False,8,58,35,70,7D184F3FF2B69D05,"S|B|Z|L|I|Z|L|L|L|L|Z|Z|REF|S|Z|S|I|L|L|L|L|B|B|Z|S|S|I|S|Z|L|L|Z|L|L|L|S|",00FF0202000333000038AE860000046F12C3C1448B55C201BD0000002500000000000000FF43060004330000C4AE86000004000000000000000000C40000001900000000000000FF00000005330000C5AE86000004000000000000000000C40000001900000000000000FF00000006330000C6AE86000004000000000000000000C40000001900000000000000FF00000007330000C7AE86000004713DB640625099C204BF0000005D00000000000000FFE8000008330000C8AE86000004000000000000000000C40000001900000000000000FF00000009330000EEAE86000004000000000000000000C40000001900000000000000FF0000000A330000EFAE86000004000000000000000000C40000001900000000000000FF0000000B330000F0AE86000004000000000000000000C40000001900000000000000FF0000000C330000F1AE86000004D5782741815580C200C40000001900000000000000FFC800000D330000FFAE86000004000000000000000000C40000001900000000000000FF00
"Édson Araújo",308345,50176,319,"SC Corinthians Paulista",NORMAL,INTERNAL_PERSON_ID,50176,0x000898AE,False,8,23,70,35,7FAE13CE3CAF08FA,"S|L|L|L|I|Z|L|L|L|L|Z|Z|REF|S|Z|S|I|L|I|Z|Z|B|B|Z|B|S|I|S|Z|L|L|Z|L|L|L|S|",00FF00000005330000C5AE86000004000000000000000000C40000001900000000000000FF00000006330000C6AE86000004000000000000000000C40000001900000000000000FF00000007330000C7AE86000004713DB640625099C204BF0000005D00000000000000FFE8000008330000C8AE86000004000000000000000000C40000001900000000000000FF00000009330000EEAE86000004000000000000000000C40000001900000000000000FF0000000A330000EFAE86000004000000000000000000C40000001900000000000000FF0000000B330000F0AE86000004000000000000000000C40000001900000000000000FF0000000C330000F1AE86000004D5782741815580C200C40000001900000000000000FFC800000D330000FFAE86000004000000000000000000C40000001900000000000000FF0000000E33000000AF8600000491EDB1C1CDCC2EC204BD0000000C00000000000000FF2C07000F33000004AF8600000479E9ADC1F8D329C201BD0000002600000000000000FFCB
"Édson Araújo",308345,50176,319,"SC Corinthians Paulista",NORMAL,INTERNAL_PERSON_ID,50176,0x000898D1,False,8,23,35,35,BC274BC7AEC4BE1F,"S|B|Z|L|I|Z|L|L|L|L|Z|Z|REF|S|Z|S|I|L|I|Z|Z|B|B|Z|B|S|I|S|Z|L|L|Z|L|L|L|S|",00FF00000006330000C6AE86000004000000000000000000C40000001900000000000000FF00000007330000C7AE86000004713DB640625099C204BF0000005D00000000000000FFE8000008330000C8AE86000004000000000000000000C40000001900000000000000FF00000009330000EEAE86000004000000000000000000C40000001900000000000000FF0000000A330000EFAE86000004000000000000000000C40000001900000000000000FF0000000B330000F0AE86000004000000000000000000C40000001900000000000000FF0000000C330000F1AE86000004D5782741815580C200C40000001900000000000000FFC800000D330000FFAE86000004000000000000000000C40000001900000000000000FF0000000E33000000AF8600000491EDB1C1CDCC2EC204BD0000000C00000000000000FF2C07000F33000004AF8600000479E9ADC1F8D329C201BD0000002600000000000000FFCB02001033000005AF860000044C37B3C1CBA12EC203BD0000000C00000000000000FF8F
"Édson Araújo",308345,50176,319,"SC Corinthians Paulista",NORMAL,INTERNAL_PERSON_ID,50176,0x000898F4,False,8,23,35,35,C0FE01B76ED9C0C8,"S|B|Z|L|I|Z|L|L|L|L|Z|Z|REF|S|Z|S|I|L|I|Z|Z|B|B|Z|B|S|I|L|L|L|L|Z|L|L|L|S|",00FF00000007330000C7AE86000004713DB640625099C204BF0000005D00000000000000FFE8000008330000C8AE86000004000000000000000000C40000001900000000000000FF00000009330000EEAE86000004000000000000000000C40000001900000000000000FF0000000A330000EFAE86000004000000000000000000C40000001900000000000000FF0000000B330000F0AE86000004000000000000000000C40000001900000000000000FF0000000C330000F1AE86000004D5782741815580C200C40000001900000000000000FFC800000D330000FFAE86000004000000000000000000C40000001900000000000000FF0000000E33000000AF8600000491EDB1C1CDCC2EC204BD0000000C00000000000000FF2C07000F33000004AF8600000479E9ADC1F8D329C201BD0000002600000000000000FFCB02001033000005AF860000044C37B3C1CBA12EC203BD0000000C00000000000000FF8F05001133000006AF860000048716AFC1DFCF2AC203BD0000002600000000000000FFCB
"Édson Araújo",308345,50176,319,"SC Corinthians Paulista",NORMAL,INTERNAL_PERSON_ID,50176,0x00089917,False,8,58,35,35,462B3BA2FF603F42,"S|B|Z|L|I|Z|L|L|L|L|Z|Z|REF|S|Z|S|I|L|L|L|L|B|B|Z|S|S|I|S|Z|L|L|Z|L|L|B|S|",00FFE8000008330000C8AE86000004000000000000000000C40000001900000000000000FF00000009330000EEAE86000004000000000000000000C40000001900000000000000FF0000000A330000EFAE86000004000000000000000000C40000001900000000000000FF0000000B330000F0AE86000004000000000000000000C40000001900000000000000FF0000000C330000F1AE86000004D5782741815580C200C40000001900000000000000FFC800000D330000FFAE86000004000000000000000000C40000001900000000000000FF0000000E33000000AF8600000491EDB1C1CDCC2EC204BD0000000C00000000000000FF2C07000F33000004AF8600000479E9ADC1F8D329C201BD0000002600000000000000FFCB02001033000005AF860000044C37B3C1CBA12EC203BD0000000C00000000000000FF8F05001133000006AF860000048716AFC1DFCF2AC203BD0000002600000000000000FFCB01001233000007AF8600000483C0B3C1BA492FC204BD0000000C00000000000000FFA6
"Édson Araújo",308345,50176,319,"SC Corinthians Paulista",NORMAL,INTERNAL_PERSON_ID,50176,0x0008993A,False,43,23,35,35,F848D12A534A5C2F,"S|B|Z|L|I|Z|L|L|L|L|L|L|REF|S|Z|L|I|L|I|Z|Z|B|B|Z|B|S|I|L|L|L|L|Z|L|L|L|S|",00FF00000009330000EEAE86000004000000000000000000C40000001900000000000000FF0000000A330000EFAE86000004000000000000000000C40000001900000000000000FF0000000B330000F0AE86000004000000000000000000C40000001900000000000000FF0000000C330000F1AE86000004D5782741815580C200C40000001900000000000000FFC800000D330000FFAE86000004000000000000000000C40000001900000000000000FF0000000E33000000AF8600000491EDB1C1CDCC2EC204BD0000000C00000000000000FF2C07000F33000004AF8600000479E9ADC1F8D329C201BD0000002600000000000000FFCB02001033000005AF860000044C37B3C1CBA12EC203BD0000000C00000000000000FF8F05001133000006AF860000048716AFC1DFCF2AC203BD0000002600000000000000FFCB01001233000007AF8600000483C0B3C1BA492FC204BD0000000C00000000000000FFA604001333000008AF860000040000000000000000006B0000001900000000000000FF00
"Édson Araújo",308345,50176,319,"SC Corinthians Paulista",NORMAL,INTERNAL_PERSON_ID,50176,0x0008995D,False,8,198,35,6335,D87FB4B1B8036125,"S|L|L|L|I|Z|L|L|L|L|Z|Z|REF|S|Z|S|I|L|L|L|L|B|B|Z|I|S|I|L|L|L|L|Z|L|L|L|S|",00FF0000000A330000EFAE86000004000000000000000000C40000001900000000000000FF0000000B330000F0AE86000004000000000000000000C40000001900000000000000FF0000000C330000F1AE86000004D5782741815580C200C40000001900000000000000FFC800000D330000FFAE86000004000000000000000000C40000001900000000000000FF0000000E33000000AF8600000491EDB1C1CDCC2EC204BD0000000C00000000000000FF2C07000F33000004AF8600000479E9ADC1F8D329C201BD0000002600000000000000FFCB02001033000005AF860000044C37B3C1CBA12EC203BD0000000C00000000000000FF8F05001133000006AF860000048716AFC1DFCF2AC203BD0000002600000000000000FFCB01001233000007AF8600000483C0B3C1BA492FC204BD0000000C00000000000000FFA604001333000008AF860000040000000000000000006B0000001900000000000000FF000000143300000BAF860000040000000000000000006B0000001900000000000000FF00
"Édson Araújo",308345,50176,319,"SC Corinthians Paulista",NORMAL,INTERNAL_PERSON_ID,50176,0x0008B21C,False,11,55,6335,70,10B6D5E308F4075F,"S|L|L|L|I|Z|L|L|L|B|Z|Z|REF|S|Z|S|I|L|L|L|L|B|B|Z|I|S|I|Z|Z|L|L|Z|L|L|L|S|",00FF000000BF33000088B986000000CB2106C29A9963C203C30000000B00000000000000FFA00100C033000089B986000000666600C2C3755BC205C30000000B00000000000000FF720100C13300008BB98600000031880AC2DB7962C201C30000000B00000000000000FF860000C23300008CB986000000000000000000000000C40000001900000000000000FF000000C3330000C9BA860000003789A1409C0497C203BF0000005F00000000000000FF9D1700C4330000DBBA86000000000000000000000000C40000001900000000000000FF000000C5330000DDBA86000000000000000000000000C40000001900000000000000FF000000C6330000E3BA86000000000000000000000000C40000001900000000000000FF000000C7330000EABA86000000000000000000000000C10000000B00000000000000FF000000C8330000EDBA86000000000000000000000000C40000001900000000000000FF000000C9330000F2BA86000000000000000000000000BC0000001500000000000000FF00
"Édson Araújo",308345,50176,319,"SC Corinthians Paulista",NORMAL,INTERNAL_PERSON_ID,50176,0x0008B262,False,11,20,70,35,96E9C0AEF032F82A,"S|L|L|L|I|Z|L|L|L|B|Z|Z|REF|S|Z|S|I|L|Z|Z|Z|B|B|Z|B|S|I|Z|Z|L|L|Z|L|L|L|S|",00FF720100C13300008BB98600000031880AC2DB7962C201C30000000B00000000000000FF860000C23300008CB986000000000000000000000000C40000001900000000000000FF000000C3330000C9BA860000003789A1409C0497C203BF0000005F00000000000000FF9D1700C4330000DBBA86000000000000000000000000C40000001900000000000000FF000000C5330000DDBA86000000000000000000000000C40000001900000000000000FF000000C6330000E3BA86000000000000000000000000C40000001900000000000000FF000000C7330000EABA86000000000000000000000000C10000000B00000000000000FF000000C8330000EDBA86000000000000000000000000C40000001900000000000000FF000000C9330000F2BA86000000000000000000000000BC0000001500000000000000FF000000CA33000045BB86000000000000000000000000BC0000001500000000000000FF000000CB33000047BB86000000000000000000000000BC0000001500000000000000FF00
"Édson Araújo",308345,50176,319,"SC Corinthians Paulista",NORMAL,INTERNAL_PERSON_ID,50176,0x0008B285,False,11,20,35,35,20FB76DB7C678159,"S|Z|Z|L|I|Z|L|L|L|B|Z|Z|REF|S|Z|S|I|L|Z|Z|Z|B|B|Z|B|S|I|Z|Z|L|L|Z|L|L|L|S|",00FF860000C23300008CB986000000000000000000000000C40000001900000000000000FF000000C3330000C9BA860000003789A1409C0497C203BF0000005F00000000000000FF9D1700C4330000DBBA86000000000000000000000000C40000001900000000000000FF000000C5330000DDBA86000000000000000000000000C40000001900000000000000FF000000C6330000E3BA86000000000000000000000000C40000001900000000000000FF000000C7330000EABA86000000000000000000000000C10000000B00000000000000FF000000C8330000EDBA86000000000000000000000000C40000001900000000000000FF000000C9330000F2BA86000000000000000000000000BC0000001500000000000000FF000000CA33000045BB86000000000000000000000000BC0000001500000000000000FF000000CB33000047BB86000000000000000000000000BC0000001500000000000000FF000000CC33000048BB86000000000000000000000000BC0000001500000000000000FF00
"Édson Araújo",308345,50176,319,"SC Corinthians Paulista",NORMAL,INTERNAL_PERSON_ID,50176,0x0008B2A8,False,11,20,35,70,20FB76DB7C678159,"S|Z|Z|L|I|Z|L|L|L|B|Z|Z|REF|S|Z|S|I|L|Z|Z|Z|B|B|Z|B|S|I|Z|Z|L|L|Z|L|L|L|S|",00FF000000C3330000C9BA860000003789A1409C0497C203BF0000005F00000000000000FF9D1700C4330000DBBA86000000000000000000000000C40000001900000000000000FF000000C5330000DDBA86000000000000000000000000C40000001900000000000000FF000000C6330000E3BA86000000000000000000000000C40000001900000000000000FF000000C7330000EABA86000000000000000000000000C10000000B00000000000000FF000000C8330000EDBA86000000000000000000000000C40000001900000000000000FF000000C9330000F2BA86000000000000000000000000BC0000001500000000000000FF000000CA33000045BB86000000000000000000000000BC0000001500000000000000FF000000CB33000047BB86000000000000000000000000BC0000001500000000000000FF000000CC33000048BB86000000000000000000000000BC0000001500000000000000FF000000CD3300004CBB860000003F35ACC1568E2AC204BD0000002600000000000000FFB7
"Édson Araújo",308345,50176,319,"SC Corinthians Paulista",NORMAL,INTERNAL_PERSON_ID,50176,0x0008B2EE,False,11,20,70,71758,20FB76DB7C678159,"S|Z|Z|L|I|Z|L|L|L|B|Z|Z|REF|S|Z|S|I|L|Z|Z|Z|B|B|Z|B|S|I|Z|Z|L|L|Z|L|L|L|S|",00FF000000C5330000DDBA86000000000000000000000000C40000001900000000000000FF000000C6330000E3BA86000000000000000000000000C40000001900000000000000FF000000C7330000EABA86000000000000000000000000C10000000B00000000000000FF000000C8330000EDBA86000000000000000000000000C40000001900000000000000FF000000C9330000F2BA86000000000000000000000000BC0000001500000000000000FF000000CA33000045BB86000000000000000000000000BC0000001500000000000000FF000000CB33000047BB86000000000000000000000000BC0000001500000000000000FF000000CC33000048BB86000000000000000000000000BC0000001500000000000000FF000000CD3300004CBB860000003F35ACC1568E2AC204BD0000002600000000000000FFB70200CE3300004DBB86000000000000000000000000BC0000001500000000000000FF000000CF33000051BB86000000000000000000000000BC0000001500000000000000FF00
"Édson Araújo",308345,50176,319,"SC Corinthians Paulista",NORMAL,INTERNAL_PERSON_ID,50176,0x0009CB3C,False,19,52,71758,14042,0CDA10C3CFF2BD8C,"I|L|L|L|S|S|I|B|Z|Z|Z|Z|REF|I|I|L|L|Z|L|L|L|L|L|L|Z|L|Z|Z|L|L|L|Z|L|B|L|S|",00000000001000000031002E00460043002000530061006100720062007200FC0063006B0065006E0000000B000000530061006100720062007200FC0063006B0065006E0000000200005A0100000B0000C07F00000102750100002307000002051700000E15000001056400C00000000000000000000000000000000000000000C4000000B50300000091000000FF00000000FF000000000D0D017C640000983A0000589800000E00FFFFFFFF00F316000000000040625D000000000000000000000001000000020000000300000000000002031B0000000461C08400010000BE9F8241C73F000005450E0000B125000066110000C80B0000130600000000001000000054005300560020004D0075006E0069007100750065002000310038003600300000000C0000004D0075006E00690071007500650020003100380036003000000002FF7F1F33FF7F0CC56E8C00C56E010276010000DE0200000305170000D724000003026400D911000001056400B6000000000000000000000000000000000000
"Édson Araújo",308345,50176,319,"SC Corinthians Paulista",NORMAL,INTERNAL_PERSON_ID,50176,0x000A0216,False,26,182,14042,83592,A238E56B6D330713,"I|L|L|S|L|S|Z|I|L|L|L|L|REF|I|I|L|L|L|B|I|I|I|I|I|I|I|I|I|I|L|L|L|L|I|L|L|",64000401000001056400F8000000010564000701000001056400F20000000000000A00000000000000000003040804FD000000740400000096000000FF00000000FF000000000F120119400000EC240000DF7C00000D00FFFFFFFF00BD120000000000407031000000000000000001000B04000100000002000000030000000200C40000009F020000030300D407010600D407010D00D407010000000000050000004C0065006300630065000000050000004C0065006300630065000000030070C07F00700B0070FF7FC07F02C07F060200700201AF010000030105550000010000010546000701000001054B00040100000E060D0B0E0703100C060F0F0E03040204FE000000750400000096000000FF00000000FF00000000040A01983A0000401F0000204E00000700FFFFFFFF00FFFFFFFF00000010AF1300000000000000000000000100000002000000030000000000000000000000060000004D006F00640065006E0061000000060000004D006F00640065006E0061000000038C00407F8C00
"Édson Araújo",308345,50176,319,"SC Corinthians Paulista",NORMAL,INTERNAL_PERSON_ID,50176,0x000B489E,False,28,43,83592,178,2D886E2A81134A17,"I|I|L|S|L|Z|Z|Z|Z|Z|S|I|REF|S|L|L|L|I|L|I|FF|L|B|I|Z|Z|I|I|I|Z|Z|I|I|I|I|I|",010600D407010D00D4070100000000000C000000420061007200630065006C006F006E00610020005300430000000F000000420061007200630065006C006F006E0061002000280045004300550029000000020000C07F000000407FFF7F0000000135030000000000000000000000000000000000000000550200007CAA010000C4000000FF00000000FF000000000B0C01FA00000096000000B03600000900FFFFFFFF00FFFFFFFF000000C05C15000000000000000000000001000000020000000300000000000000000000000A0000004300610072006100630061007300200046004300000007000000430061007200610063006100730000000200004048FF7F004048FF7F404800013603000001010541007102000000000000000000000000000000000000005602000084AA010000C4000000FF00000000FF00000000090901FA00000096000000803E00000800FFFFFFFF00FFFFFFFF000000801A060000000000000000000000010000000200000003000000000000000000020218000000
"Édson Araújo",308345,50176,319,"SC Corinthians Paulista",NORMAL,INTERNAL_PERSON_ID,50176,0x000B4950,False,27,43,178,234,4B098FDAE338C86A,"L|L|L|L|L|B|Z|Z|Z|Z|S|I|REF|S|L|L|L|I|L|I|FF|L|B|I|Z|Z|I|I|I|Z|Z|I|I|I|I|I|",000000000000000001000000020000000300000000000000000000000A0000004300610072006100630061007300200046004300000007000000430061007200610063006100730000000200004048FF7F004048FF7F404800013603000001010541007102000000000000000000000000000000000000005602000084AA010000C4000000FF00000000FF00000000090901FA00000096000000803E00000800FFFFFFFF00FFFFFFFF000000801A06000000000000000000000001000000020000000300000000000000000002021800000045007300740075006400690061006E0074006500730020006400650020004D00E900720069006400610020004600430000001500000045007300740075006400690061006E0074006500730020006400650020004D00E9007200690064006100000002D4000070FF7F00FF7FD40000700001370300000101053C005802000000000000000000000000000000000000005702000085AA010000C4000000FF00000000FF00000000080801FA00000096000000
"Édson Araújo",308345,50176,319,"SC Corinthians Paulista",NORMAL,INTERNAL_PERSON_ID,50176,0x000B4A3A,False,27,43,234,246,4B098FDAE338C86A,"L|L|L|L|L|B|Z|Z|Z|Z|S|I|REF|S|L|L|L|I|L|I|FF|L|B|I|Z|Z|I|I|I|Z|Z|I|I|I|I|I|",6400650020004D00E900720069006400610020004600430000001500000045007300740075006400690061006E0074006500730020006400650020004D00E9007200690064006100000002D4000070FF7F00FF7FD40000700001370300000101053C005802000000000000000000000000000000000000005702000085AA010000C4000000FF00000000FF00000000080801FA00000096000000803E00000800FFFFFFFF00FFFFFFFF00000090D003000000000000000000000001000000020000000300000000000000000000001B00000055006E0069007600650072007300690064006100640020006400650020006C006F007300200041006E0064006500730020004600430000001800000055006E0069007600650072007300690064006100640020006400650020006C006F007300200041006E006400650073000000025A01FF7F5A0100FF7F5A01FF7F0001380300000101053C005702000000000000000000000000000000000000005802000087AA010000C4000000FF00000000FF000000
"Édson Araújo",308345,50176,319,"SC Corinthians Paulista",NORMAL,INTERNAL_PERSON_ID,50176,0x000B4B30,False,27,43,246,4523,4B098FDAE338C86A,"L|L|L|L|L|B|Z|Z|Z|Z|S|I|REF|S|L|L|L|I|L|I|FF|L|B|I|Z|Z|I|I|I|Z|Z|I|I|I|I|I|",200041006E0064006500730020004600430000001800000055006E0069007600650072007300690064006100640020006400650020006C006F007300200041006E006400650073000000025A01FF7F5A0100FF7F5A01FF7F0001380300000101053C005702000000000000000000000000000000000000005802000087AA010000C4000000FF00000000FF00000000070701FA00000096000000983A00000400FFFFFFFF00FFFFFFFF000000F0490200000000000000000000000100000002000000030000000000000000000202150000004100440020004D0069006E00650072006F0073002000640065002000470075006100790061006E0061000000120000004D0069006E00650072006F0073002000640065002000470075006100790061006E0061000000025A010000FF7F00FF7FD400FF7F0001390300000000000000000000000000000000000000005902000088AA010000AF000000FF00000000FF00000000040402A601000096000000102700000500FFFFFFFF00FFFFFFFF00000050C3
"Édson Araújo",308345,50176,319,"SC Corinthians Paulista",NORMAL,INTERNAL_PERSON_ID,50176,0x000B5CDB,False,27,43,4523,182,4B098FDAE338C86A,"L|L|L|L|L|B|Z|Z|Z|Z|S|I|REF|S|L|L|L|I|L|I|FF|L|B|I|Z|Z|I|I|I|Z|Z|I|I|I|I|I|",7200690065006E0074006500200050006500740072006F006C00650072006F000000110000004F007200690065006E0074006500200050006500740072006F006C00650072006F00000002FF7F8601FF7F008601FF7F860100014F03000001010550003706000000000000000000000000000000000000006E0200009FD8010000C4000000FF00000000FF00000000020201FA00000096000000B88800000400FFFFFFFF00FFFFFFFF000000F04902000000000000000000000001000000020000000300000000000000000000000B0000005A0075006C00690061006E006F0073002000460043000000080000005A0075006C00690061006E006F007300000002C07F0C30C07F000C30C07F0C3000015003000001010537005F06000000000000000000000000000000000000006F020000A2D8010000C4000000FF00000000FF000000000B0B01FA000000960000006C6B00000900FFFFFFFF00FFFFFFFF00000020A10700000000000000000000000100000002000000030000000000000000000000
"Édson Araújo",308345,50176,319,"SC Corinthians Paulista",NORMAL,INTERNAL_PERSON_ID,50176,0x000B5D91,False,27,43,182,210,4B098FDAE338C86A,"L|L|L|L|L|B|Z|Z|Z|Z|S|I|REF|S|L|L|L|I|L|I|FF|L|B|I|Z|Z|I|I|I|Z|Z|I|I|I|I|I|",0000000001000000020000000300000000000000000000000B0000005A0075006C00690061006E006F0073002000460043000000080000005A0075006C00690061006E006F007300000002C07F0C30C07F000C30C07F0C3000015003000001010537005F06000000000000000000000000000000000000006F020000A2D8010000C4000000FF00000000FF000000000B0B01FA000000960000006C6B00000900FFFFFFFF00FFFFFFFF00000020A10700000000000000000000000100000002000000030000000000000000000000140000004400650070006F0072007400690076006F0020005400E100630068006900720061002000460043000000110000004400650070006F0072007400690076006F0020005400E100630068006900720061000000020000407F000000407F0000407F00015103000000000000000000000000000000000000000070020000A6D8010000C4000000FF00000000FF00000000090C01FA00000096000000B03600000A00FFFFFFFF00FFFFFFFF000000801A06000000
"Édson Araújo",308345,50176,319,"SC Corinthians Paulista",NORMAL,INTERNAL_PERSON_ID,50176,0x000B5E63,False,28,43,210,203172,89D2406B68C25B52,"I|I|L|L|L|Z|Z|Z|Z|Z|S|I|REF|S|L|L|L|I|L|I|FF|L|B|I|Z|Z|I|I|I|Z|Z|I|I|I|I|I|",4400650070006F0072007400690076006F0020005400E100630068006900720061002000460043000000110000004400650070006F0072007400690076006F0020005400E100630068006900720061000000020000407F000000407F0000407F00015103000000000000000000000000000000000000000070020000A6D8010000C4000000FF00000000FF00000000090C01FA00000096000000B03600000A00FFFFFFFF00FFFFFFFF000000801A060000000000000000000000010000000200000003000000000000000000000016000000430020004400650070006F0072007400690076006F0020004900740061006C00430068006100630061006F000000140000004400650070006F0072007400690076006F0020004900740061006C00430068006100630061006F00000002FF7F5A01FF7F005A01FF7F5A01000152030000010105410056020000000000000000000000000000000000000071020000AAD801000091000000FF00000000FF00000000080802FC080000E8030000102700000800
"Édson Araújo",308345,50176,319,"SC Corinthians Paulista",NORMAL,INTERNAL_PERSON_ID,50176,0x000E7807,False,28,43,203172,186,651C0E9CC29EE886,"L|L|L|L|L|Z|Z|Z|Z|Z|S|I|REF|S|L|L|L|I|L|I|FF|L|B|I|Z|Z|I|I|I|Z|Z|I|I|I|I|I|",6500730020006400650020004D00650064006900630069006E00610000001700000045007300740075006400690061006E0074006500730020006400650020004D00650064006900630069006E006100000002FF7F8C00FF7F010070FF7F007002019D0700000000000000000000000000000000000000005D060000CDB8500000C4000000FF00000000FF00000000060601FA00000096000000102700000500FFFFFFFF00FFFFFFFF000000400D03000000000000000000000001000000020000000300000000000000000000000E0000004300440020005400720075006A0069006C006C0061006E006F00730000000B0000005400720075006A0069006C006C0061006E006F007300000002C07F0041C07F000041C07F004100019F0700000000000000000000000000000000000000005E0600008CE0500000C4000000FF00000000FF00000000060601FA00000096000000B88800000600FFFFFFFF00FFFFFFFF000000C02709000000000000000000000001000000020000000300000000000000
"Édson Araújo",308345,50176,319,"SC Corinthians Paulista",NORMAL,INTERNAL_PERSON_ID,50176,0x000E78C1,False,28,43,186,52021,651C0E9CC29EE886,"L|L|L|L|L|Z|Z|Z|Z|Z|S|I|REF|S|L|L|L|I|L|I|FF|L|B|I|Z|Z|I|I|I|Z|Z|I|I|I|I|I|",01000000020000000300000000000000000000000E0000004300440020005400720075006A0069006C006C0061006E006F00730000000B0000005400720075006A0069006C006C0061006E006F007300000002C07F0041C07F000041C07F004100019F0700000000000000000000000000000000000000005E0600008CE0500000C4000000FF00000000FF00000000060601FA00000096000000B88800000600FFFFFFFF00FFFFFFFF000000C02709000000000000000000000001000000020000000300000000000000000000000C0000005500410020004D0061007200610063006100690062006F000000090000004D0061007200610063006100690062006F00000002D4000058C07F00C07FD40000580001A007000001010537006F02000000000000000000000000000000000000005F06000093E050000000000000FF00000000FF000000000C0B01A861000010270000A08601000900FFFFFFFF00FFFFFFFF000000009F24000000000000000000000001000000020000000300000000000000
"Édson Araújo",308345,50176,319,"SC Corinthians Paulista",NORMAL,INTERNAL_PERSON_ID,50176,0x000F43F6,False,-1,-1,52021,55147,F02DBE296B22F95B,"L|Z|S|I|Z|I|L|Z|S|S|L|S|REF|L|L|L|L|B|S|L|L|L|L|L|Z|S|I|Z|L|L|Z|S|S|L|S|S|",C1B9040000010100FF7F8C0000000008000000006405000000BD000000FFFFFFFFC4000000C2000000004E010000C7B9040000010100FF7F8C000000000B000000006405000000BD000000FFFFFFFFC5000000C3000000004F010000CBB9040000000000FF7F8C000000000D000000006405000000BD000000FFFFFFFFC6000000C40000000050010000CEB9040000010100FF7F8C0000000009000000006405000000BD000000FFFFFFFFC7000000C5000000005101000040C2040000000000C07F06025A010004000000000005000000BD000000FFFFFFFFC8000000C6000000005201000068C7040000010100FF7F8C0000000001000000000105000000BD000000FFFFFFFFFFFFFFFFFFFFFFFF005301000069C7040000000000407F0602407F0008000000000005000000BD000000FFFFFFFFC9000000C700000000540100006AC7040000010100FF7F8C0000000003000000000105000000BD000000FFFFFFFFFFFFFFFFFFFFFFFF00550100006BC70400000000008601FF7FC07F000700000000
"Édson Araújo",308345,50176,319,"SC Corinthians Paulista",NORMAL,INTERNAL_PERSON_ID,50176,0x00101B61,False,45,36,55147,128606,26C231562BBC0462,"I|Z|Z|Z|Z|Z|Z|Z|Z|L|I|S|REF|Z|L|L|L|L|L|L|S|L|Z|Z|Z|Z|Z|Z|Z|Z|Z|L|I|L|Z|L|",0069007300000000010800000000000000000000000000000000000000000000000000000000000000000000000002024500000089000000C30000000000000000FF0400000047006F0061006C0000000002080000000000000000000000000000000000000000000000000000000000000000000000000504FC0200008A000000C40000000000000000FF0A000000540069007000730062006C00610064006500740000000002080000000000000000000000000000000000000000000000000000000000000000000000000504FC0200008B000000C50000000000000000FF020000005600470000000001080000000000000000000000000000000000000000000000000000000000000000000000000204120300008C000000C60000000000000000FF0900000044006100670062006C00610064006500740000000001080000000000000000000000000000000000000000000000000000000000000000000000000204120300008D000000C70000000000000000FF1100000044007A0069006500
"Édson Araújo",308345,50176,319,"SC Corinthians Paulista",NORMAL,INTERNAL_PERSON_ID,50176,0x001211BF,False,-1,-1,128606,126003,F2128E31DBCF6BFF,"L|L|L|L|L|L|L|L|S|I|I|I|REF|L|S|B|S|S|S|S|S|S|S|S|B|B|S|S|B|L|L|L|L|L|L|L|",14000E0000004E0000001A040000C92900001C00000002007903430C0000FF6666263F00003472000007870000B6170000EC03000025040000300000000001000008C700C700C700C700C700C700C700C7000006A2450A415C8F2441000018410000E440DF4FFD40000058410000641905E8000000450100008111000017170000C40000007C150FE61600005E000000331700003701000085110000E5160000E1160000DB1600005701000024130000CF0000002F0000007911000011010000920000005E1A0FD1130000D5000000E1000000D916000056010000E21600007A110000821100005A000000C00000000E130000E01600001D130000D4160000EA000000881309EB000000EC00000013130000CF130000CF160000D7160000E316000009180000D918000010270064190124130000881305B81200000D130000121300001D13000021130000881302131300000918000010270064190124130000881303B812000012130000211300007C150113130000010009310000006C00A6070E0029
"Édson Araújo",308345,50176,319,"SC Corinthians Paulista",NORMAL,INTERNAL_PERSON_ID,50176,0x0013FDF2,False,-1,98,126003,2525,CB627046D482C5E0,"I|I|I|B|L|L|L|L|S|S|S|L|REF|L|S|L|S|L|L|L|S|L|L|L|Z|S|S|I|S|L|I|S|I|S|I|FF|",006F007A006100000000000000060003D7FE01001F0C171602010108010E00050000000B000000750400000117000000000101010800000043006F006C00F4006D0062006900610000000800000043006F006C00F4006D00620069006100000002D400407FD40002FF7FD400FF7F02032E020000E60F0000E70F00000302066400C400000002066400BD00000002066400C00000000A0F050F0A0A0A05050A050A0A00000000BF00000075060000000A00000000000500000044000000360200005F00000031008402BD040000FF0000803E0100D2CE0000FB180100FFFFFFFF1C0200008C01000000000000000000000891009100910091009100910091009100012100D4070000001027003A2001440200003C0F01591800006009036202000040170000581800001027001027003C0F0159180000600901581800001027001027003C0F015918000060090158180000010009BBC801006F0096D801001A000400000049007600E1006E000000070000004800750072007400610064006F0000000700
"Édson Araújo",308345,50176,319,"SC Corinthians Paulista",NORMAL,INTERNAL_PERSON_ID,50176,0x001407CF,False,-1,3,2525,16620,DFC9E4515C0193E3,"I|I|L|L|L|L|I|B|L|L|L|B|REF|I|Z|Z|Z|B|Z|B|L|S|L|L|L|L|L|L|L|Z|L|I|I|I|I|Z|",010303010D00050000000B0000007A04000001170000000001010109000000560065006E0065007A00750065006C006100000009000000560065006E0065007A00750065006C006100000002FF7F0440FF7F020000FF7F0000020333020000F00F0000F10F00000102066400BF0000000A0F050F0A0A0A05050A050A0A00000000C40000007A06000000000000000000000000000C000000000000006400000080008C01B6200000FF0000803E000097D70000B8230100B22C00002D000000350000000200000000000000085A005A005A005A005A005A005A005A00000000001027001027001027001027001027001027001027001027001027001027001027001027000100093623500002003623500002000700000052006F0062006500720074006F000000070000004B006500740074006C0075006E0000000700000052006F0062006500720074006F000000070000004B006500740074006C0075006E0000000000010005000000590065006800790061000000040000005A0065006900640000
"Édson Araújo",308345,50176,319,"SC Corinthians Paulista",NORMAL,INTERNAL_PERSON_ID,50176,0x001448BB,False,-1,-1,16620,309123,3035BD3D0D19DF7B,"I|B|B|L|L|L|L|L|L|L|L|Z|REF|L|I|I|I|I|I|Z|B|I|S|L|L|L|L|L|L|L|L|Z|S|L|I|I|",000000ADC95100000500000041006E007400610072000000020000000000C1000000CDF7730000060000004F00750061006800610062000000020000000000C2000000F6C95100000500000052006100680069006D000000020000000000C300000038CA5100000700000044006A0069006C0061006C0069000000020000000000C4000000629F83000005000000590061007A00690064000000020000000000C500000040CA5100000E0000004D006F00680061006D006500640020005300650067006800690072000000020000000000C60000005F9E83000008000000420065006C006B006100630065006D000000020000000000C7000000617C510000060000004C006F0075006E00650073000000020000000000C8000000CD7B5100000B0000005A00610068006500720065006400640069006E0065000000010000000000C900000058CA51000005000000520061006D007A0069000000010000000000CA0000008D9F8300000900000041006200640065006C00610074006900660000000100
"Édson Araújo",308345,50176,319,"SC Corinthians Paulista",NORMAL,INTERNAL_PERSON_ID,50176,0x002F317A,True,-1,-1,1374144,4,143E4442DB091C24,"L|L|S|B|I|I|I|I|L|I|I|B|REF|I|S|L|L|L|S|L|L|L|S|B|I|I|I|I|I|B|L|L|L|L|L|L|",77006500720074006F006E0020004C00650061006E00640072006F0000000100BD000000FEC300006EB40400000D000000520061006E00690065006C006C00690020004A006F007300E90000000100BD000000FFC300006FB40400000C000000C900640073006F006E002000410072006100FA006A006F0000000100BD00000000C4000079B404000007000000560061006C006B006D006100720000000100BD00000001C40000ADB40400000B000000440061006E00690065006C0020004C00750069007A0000000100BD00000002C40000B4B404000005000000C9006C0073006F006E0000000100BD00000003C40000B7B40400000E0000004300610072006C006F00730020005200F3006200730074006F006E0000000100BD00000004C40000B9B40400000E0000004300ED006300650072006F0020005200690063006100720064006F0000000100BD00000005C40000BDB4040000110000005200690063006100720064006F002000460072006500640065007200690063006F0000000100BD00
"Édson Araújo",308345,50176,319,"SC Corinthians Paulista",NORMAL,INTERNAL_PERSON_ID,50176,0x00322FBE,False,-1,-1,146003,39,62273766229A8D33,"I|I|I|I|B|S|I|S|L|L|L|L|REF|L|L|I|I|I|I|I|I|I|B|S|I|S|L|L|S|L|L|L|S|B|I|I|",00007A1D540000110000005300650062006100730074006900E1006E0020004E00690063006F006C00E100730000000100C300000039D6000080B80400000D0000004D006100720069006F002000450072006E006500730074006F0000000100C30000003AD60000120B850000060000004300610072006C006F00730000000A00C40000003BD60000EBAE860000090000004A006F007300E90020004C0075006900730000000800C40000003CD600006CE05000000500000050006500640072006F0000000700C40000003DD60000ABE050000006000000520061006600610065006C0000000700C40000003ED60000D6DF5000000B0000004A00750061006E0020004300610072006C006F00730000000600C40000003FD60000872F400000090000004600720061006E0063006900730063006F0000000600C400000040D600000CBB860000040000004A006F007300E90000000500C400000041D6000002E1500000060000004A006100760069006500720000000500C400000042D6000042DF5000
"Édson Araújo",308345,50176,319,"SC Corinthians Paulista",NORMAL,INTERNAL_PERSON_ID,50176,0x00322FE5,False,-1,-1,39,31,B31AB6249BBD522E,"I|B|L|L|L|L|L|L|L|L|L|L|REF|L|L|I|I|I|I|I|B|S|I|S|L|L|L|L|S|L|L|I|I|I|I|I|",6C00E100730000000100C300000039D6000080B80400000D0000004D006100720069006F002000450072006E006500730074006F0000000100C30000003AD60000120B850000060000004300610072006C006F00730000000A00C40000003BD60000EBAE860000090000004A006F007300E90020004C0075006900730000000800C40000003CD600006CE05000000500000050006500640072006F0000000700C40000003DD60000ABE050000006000000520061006600610065006C0000000700C40000003ED60000D6DF5000000B0000004A00750061006E0020004300610072006C006F00730000000600C40000003FD60000872F400000090000004600720061006E0063006900730063006F0000000600C400000040D600000CBB860000040000004A006F007300E90000000500C400000041D6000002E1500000060000004A006100760069006500720000000500C400000042D6000042DF500000060000005600ED00630074006F00720000000500C400000043D60000BFE0500000050000004A
"Édson Araújo",308345,50176,319,"SC Corinthians Paulista",NORMAL,INTERNAL_PERSON_ID,50176,0x00323004,False,-1,-1,31,33,4216236D15CEB604,"L|I|I|B|L|L|L|L|L|L|L|L|REF|L|L|I|I|I|I|B|L|L|L|L|L|L|L|L|L|L|L|S|L|L|I|I|",720069006F002000450072006E006500730074006F0000000100C30000003AD60000120B850000060000004300610072006C006F00730000000A00C40000003BD60000EBAE860000090000004A006F007300E90020004C0075006900730000000800C40000003CD600006CE05000000500000050006500640072006F0000000700C40000003DD60000ABE050000006000000520061006600610065006C0000000700C40000003ED60000D6DF5000000B0000004A00750061006E0020004300610072006C006F00730000000600C40000003FD60000872F400000090000004600720061006E0063006900730063006F0000000600C400000040D600000CBB860000040000004A006F007300E90000000500C400000041D6000002E1500000060000004A006100760069006500720000000500C400000042D6000042DF500000060000005600ED00630074006F00720000000500C400000043D60000BFE0500000050000004A006F0072006700650000000500C400000044D60000FABA8600000600000044
"Édson Araújo",308345,50176,319,"SC Corinthians Paulista",NORMAL,INTERNAL_PERSON_ID,50176,0x00323025,False,-1,-1,33,43,5FD1451127098496,"I|I|I|I|B|S|I|S|L|L|L|L|REF|L|L|I|I|I|I|I|I|I|I|B|S|I|S|L|L|L|L|S|L|L|L|S|",00120B850000060000004300610072006C006F00730000000A00C40000003BD60000EBAE860000090000004A006F007300E90020004C0075006900730000000800C40000003CD600006CE05000000500000050006500640072006F0000000700C40000003DD60000ABE050000006000000520061006600610065006C0000000700C40000003ED60000D6DF5000000B0000004A00750061006E0020004300610072006C006F00730000000600C40000003FD60000872F400000090000004600720061006E0063006900730063006F0000000600C400000040D600000CBB860000040000004A006F007300E90000000500C400000041D6000002E1500000060000004A006100760069006500720000000500C400000042D6000042DF500000060000005600ED00630074006F00720000000500C400000043D60000BFE0500000050000004A006F0072006700650000000500C400000044D60000FABA86000006000000440061006E00690065006C0000000500C400000045D6000066DF5000000500000041
"Édson Araújo",308345,50176,319,"SC Corinthians Paulista",NORMAL,INTERNAL_PERSON_ID,50176,0x00323050,False,-1,-1,43,39,C92A492CF417681F,"B|L|L|L|L|L|L|L|L|L|L|L|REF|L|L|I|I|I|I|I|I|I|B|S|I|S|L|L|L|S|L|L|I|I|I|I|",4A006F007300E90020004C0075006900730000000800C40000003CD600006CE05000000500000050006500640072006F0000000700C40000003DD60000ABE050000006000000520061006600610065006C0000000700C40000003ED60000D6DF5000000B0000004A00750061006E0020004300610072006C006F00730000000600C40000003FD60000872F400000090000004600720061006E0063006900730063006F0000000600C400000040D600000CBB860000040000004A006F007300E90000000500C400000041D6000002E1500000060000004A006100760069006500720000000500C400000042D6000042DF500000060000005600ED00630074006F00720000000500C400000043D60000BFE0500000050000004A006F0072006700650000000500C400000044D60000FABA86000006000000440061006E00690065006C0000000500C400000045D6000066DF5000000500000041006E00670065006C0000000500C400000046D60000F8BA860000040000004C0075006900730000000500C4
"Édson Araújo",308345,50176,319,"SC Corinthians Paulista",NORMAL,INTERNAL_PERSON_ID,50176,0x00323077,False,-1,-1,39,29,71D46C92D47CCA49,"I|B|L|L|L|L|L|L|L|L|L|L|REF|L|L|I|I|I|B|L|L|L|L|L|L|L|S|L|L|L|S|B|L|I|I|I|",50006500640072006F0000000700C40000003DD60000ABE050000006000000520061006600610065006C0000000700C40000003ED60000D6DF5000000B0000004A00750061006E0020004300610072006C006F00730000000600C40000003FD60000872F400000090000004600720061006E0063006900730063006F0000000600C400000040D600000CBB860000040000004A006F007300E90000000500C400000041D6000002E1500000060000004A006100760069006500720000000500C400000042D6000042DF500000060000005600ED00630074006F00720000000500C400000043D60000BFE0500000050000004A006F0072006700650000000500C400000044D60000FABA86000006000000440061006E00690065006C0000000500C400000045D6000066DF5000000500000041006E00670065006C0000000500C400000046D60000F8BA860000040000004C0075006900730000000500C400000047D600009CE05000000700000041006C0066007200650064006F0000000400C400000048
"Édson Araújo",308345,50176,319,"SC Corinthians Paulista",NORMAL,INTERNAL_PERSON_ID,50176,0x00323094,False,-1,-1,29,33,988F0950D93292E9,"I|I|I|I|I|B|S|I|S|L|L|L|REF|L|L|I|I|I|I|B|L|L|L|L|L|L|L|S|L|L|L|S|B|I|I|B|",0000520061006600610065006C0000000700C40000003ED60000D6DF5000000B0000004A00750061006E0020004300610072006C006F00730000000600C40000003FD60000872F400000090000004600720061006E0063006900730063006F0000000600C400000040D600000CBB860000040000004A006F007300E90000000500C400000041D6000002E1500000060000004A006100760069006500720000000500C400000042D6000042DF500000060000005600ED00630074006F00720000000500C400000043D60000BFE0500000050000004A006F0072006700650000000500C400000044D60000FABA86000006000000440061006E00690065006C0000000500C400000045D6000066DF5000000500000041006E00670065006C0000000500C400000046D60000F8BA860000040000004C0075006900730000000500C400000047D600009CE05000000700000041006C0066007200650064006F0000000400C400000048D60000ADE050000007000000570069006C006C00690061006D00000004
"Édson Araújo",308345,50176,319,"SC Corinthians Paulista",NORMAL,INTERNAL_PERSON_ID,50176,0x003230B5,False,-1,-1,33,33,E882746A3C070917,"B|I|L|I|B|S|I|S|L|L|L|L|REF|L|L|I|I|I|I|B|L|L|L|L|L|L|L|L|S|L|L|I|I|I|I|B|",00004A00750061006E0020004300610072006C006F00730000000600C40000003FD60000872F400000090000004600720061006E0063006900730063006F0000000600C400000040D600000CBB860000040000004A006F007300E90000000500C400000041D6000002E1500000060000004A006100760069006500720000000500C400000042D6000042DF500000060000005600ED00630074006F00720000000500C400000043D60000BFE0500000050000004A006F0072006700650000000500C400000044D60000FABA86000006000000440061006E00690065006C0000000500C400000045D6000066DF5000000500000041006E00670065006C0000000500C400000046D60000F8BA860000040000004C0075006900730000000500C400000047D600009CE05000000700000041006C0066007200650064006F0000000400C400000048D60000ADE050000007000000570069006C006C00690061006D0000000400C400000049D6000095DF500000070000004F0072006C0061006E0064006F0000
"Édson Araújo",308345,50176,319,"SC Corinthians Paulista",NORMAL,INTERNAL_PERSON_ID,50176,0x003230D6,False,-1,-1,33,31,FFD105C64AC2FC2B,"I|I|I|I|B|S|I|S|L|L|L|L|REF|L|L|I|I|I|I|I|B|S|I|S|L|L|L|L|S|L|L|I|I|I|I|I|",D60000872F400000090000004600720061006E0063006900730063006F0000000600C400000040D600000CBB860000040000004A006F007300E90000000500C400000041D6000002E1500000060000004A006100760069006500720000000500C400000042D6000042DF500000060000005600ED00630074006F00720000000500C400000043D60000BFE0500000050000004A006F0072006700650000000500C400000044D60000FABA86000006000000440061006E00690065006C0000000500C400000045D6000066DF5000000500000041006E00670065006C0000000500C400000046D60000F8BA860000040000004C0075006900730000000500C400000047D600009CE05000000700000041006C0066007200650064006F0000000400C400000048D60000ADE050000007000000570069006C006C00690061006D0000000400C400000049D6000095DF500000070000004F0072006C0061006E0064006F0000000400C40000004AD6000014BB860000070000004700650072006100720064006F
"Édson Araújo",308345,50176,319,"SC Corinthians Paulista",NORMAL,INTERNAL_PERSON_ID,50176,0x003230F5,False,-1,-1,31,33,0FE1502563E64644,"I|I|I|B|L|L|L|L|L|L|L|L|REF|L|L|I|I|I|I|B|L|L|L|L|L|L|L|L|S|L|L|I|I|I|B|L|",000600C400000040D600000CBB860000040000004A006F007300E90000000500C400000041D6000002E1500000060000004A006100760069006500720000000500C400000042D6000042DF500000060000005600ED00630074006F00720000000500C400000043D60000BFE0500000050000004A006F0072006700650000000500C400000044D60000FABA86000006000000440061006E00690065006C0000000500C400000045D6000066DF5000000500000041006E00670065006C0000000500C400000046D60000F8BA860000040000004C0075006900730000000500C400000047D600009CE05000000700000041006C0066007200650064006F0000000400C400000048D60000ADE050000007000000570069006C006C00690061006D0000000400C400000049D6000095DF500000070000004F0072006C0061006E0064006F0000000400C40000004AD6000014BB860000070000004700650072006100720064006F0000000400C40000004BD600000BE0500000080000004600720061006E006B
"Édson Araújo",308345,50176,319,"SC Corinthians Paulista",NORMAL,INTERNAL_PERSON_ID,50176,0x00323116,False,-1,-1,33,31,123A8541E1F853B4,"I|I|I|I|B|S|I|S|L|L|L|L|REF|L|L|I|I|I|I|I|B|S|I|S|L|L|L|S|L|L|I|I|I|I|I|I|",00000041D6000002E1500000060000004A006100760069006500720000000500C400000042D6000042DF500000060000005600ED00630074006F00720000000500C400000043D60000BFE0500000050000004A006F0072006700650000000500C400000044D60000FABA86000006000000440061006E00690065006C0000000500C400000045D6000066DF5000000500000041006E00670065006C0000000500C400000046D60000F8BA860000040000004C0075006900730000000500C400000047D600009CE05000000700000041006C0066007200650064006F0000000400C400000048D60000ADE050000007000000570069006C006C00690061006D0000000400C400000049D6000095DF500000070000004F0072006C0061006E0064006F0000000400C40000004AD6000014BB860000070000004700650072006100720064006F0000000400C40000004BD600000BE0500000080000004600720061006E006B006C0069006E0000000400C40000004CD60000CBE05000000700000041006E0074
"Édson Araújo",308345,50176,319,"SC Corinthians Paulista",NORMAL,INTERNAL_PERSON_ID,50176,0x00323135,False,-1,-1,31,29,85770085030E5B6D,"I|I|I|B|L|L|L|L|L|L|L|L|REF|L|L|I|I|I|B|L|L|L|L|L|L|L|L|L|S|L|L|I|I|I|I|I|",00C400000042D6000042DF500000060000005600ED00630074006F00720000000500C400000043D60000BFE0500000050000004A006F0072006700650000000500C400000044D60000FABA86000006000000440061006E00690065006C0000000500C400000045D6000066DF5000000500000041006E00670065006C0000000500C400000046D60000F8BA860000040000004C0075006900730000000500C400000047D600009CE05000000700000041006C0066007200650064006F0000000400C400000048D60000ADE050000007000000570069006C006C00690061006D0000000400C400000049D6000095DF500000070000004F0072006C0061006E0064006F0000000400C40000004AD6000014BB860000070000004700650072006100720064006F0000000400C40000004BD600000BE0500000080000004600720061006E006B006C0069006E0000000400C40000004CD60000CBE05000000700000041006E0074006F006E0069006F0000000400C40000004DD600006ADF5000000900000047
"Édson Araújo",308345,50176,319,"SC Corinthians Paulista",NORMAL,INTERNAL_PERSON_ID,50176,0x00323152,False,-1,-1,29,35,6C532620176A9168,"I|I|I|I|I|B|S|I|S|L|L|L|REF|L|L|I|I|I|I|I|I|B|S|I|S|L|L|L|S|L|L|L|S|B|I|I|",0000000500C400000043D60000BFE0500000050000004A006F0072006700650000000500C400000044D60000FABA86000006000000440061006E00690065006C0000000500C400000045D6000066DF5000000500000041006E00670065006C0000000500C400000046D60000F8BA860000040000004C0075006900730000000500C400000047D600009CE05000000700000041006C0066007200650064006F0000000400C400000048D60000ADE050000007000000570069006C006C00690061006D0000000400C400000049D6000095DF500000070000004F0072006C0061006E0064006F0000000400C40000004AD6000014BB860000070000004700650072006100720064006F0000000400C40000004BD600000BE0500000080000004600720061006E006B006C0069006E0000000400C40000004CD60000CBE05000000700000041006E0074006F006E0069006F0000000400C40000004DD600006ADF500000090000004700750069006C006C00650072006D006F0000000400C40000004ED60000
"Édson Araújo",308345,50176,319,"SC Corinthians Paulista",NORMAL,INTERNAL_PERSON_ID,50176,0x00323175,False,-1,-1,35,35,F8B9F6BF21A37E30,"I|I|B|L|L|L|L|L|L|L|L|L|REF|L|L|I|I|I|I|I|I|B|S|I|S|L|L|L|S|L|L|L|S|B|I|I|",00C400000044D60000FABA86000006000000440061006E00690065006C0000000500C400000045D6000066DF5000000500000041006E00670065006C0000000500C400000046D60000F8BA860000040000004C0075006900730000000500C400000047D600009CE05000000700000041006C0066007200650064006F0000000400C400000048D60000ADE050000007000000570069006C006C00690061006D0000000400C400000049D6000095DF500000070000004F0072006C0061006E0064006F0000000400C40000004AD6000014BB860000070000004700650072006100720064006F0000000400C40000004BD600000BE0500000080000004600720061006E006B006C0069006E0000000400C40000004CD60000CBE05000000700000041006E0074006F006E0069006F0000000400C40000004DD600006ADF500000090000004700750069006C006C00650072006D006F0000000400C40000004ED6000068DF5000000900000041006C0065006A0061006E00640072006F0000000400C4000000
"Édson Araújo",308345,50176,319,"SC Corinthians Paulista",NORMAL,INTERNAL_PERSON_ID,50176,0x00323198,False,-1,-1,35,35,F8B9F6BF21A37E30,"I|I|B|L|L|L|L|L|L|L|L|L|REF|L|L|I|I|I|I|I|I|B|S|I|S|L|L|L|S|L|L|L|S|B|I|I|",00000045D6000066DF5000000500000041006E00670065006C0000000500C400000046D60000F8BA860000040000004C0075006900730000000500C400000047D600009CE05000000700000041006C0066007200650064006F0000000400C400000048D60000ADE050000007000000570069006C006C00690061006D0000000400C400000049D6000095DF500000070000004F0072006C0061006E0064006F0000000400C40000004AD6000014BB860000070000004700650072006100720064006F0000000400C40000004BD600000BE0500000080000004600720061006E006B006C0069006E0000000400C40000004CD60000CBE05000000700000041006E0074006F006E0069006F0000000400C40000004DD600006ADF500000090000004700750069006C006C00650072006D006F0000000400C40000004ED6000068DF5000000900000041006C0065006A0061006E00640072006F0000000400C40000004FD60000DDE0500000070000005200690063006100720064006F0000000400C4000000
"Édson Araújo",308345,50176,319,"SC Corinthians Paulista",NORMAL,INTERNAL_PERSON_ID,50176,0x003231BB,False,-1,-1,35,35,F1CBD8C5224F1C8C,"I|I|B|L|L|L|L|L|L|L|L|L|REF|L|L|I|I|I|I|I|I|B|S|I|S|L|L|L|L|L|S|L|L|I|I|I|",D60000F8BA860000040000004C0075006900730000000500C400000047D600009CE05000000700000041006C0066007200650064006F0000000400C400000048D60000ADE050000007000000570069006C006C00690061006D0000000400C400000049D6000095DF500000070000004F0072006C0061006E0064006F0000000400C40000004AD6000014BB860000070000004700650072006100720064006F0000000400C40000004BD600000BE0500000080000004600720061006E006B006C0069006E0000000400C40000004CD60000CBE05000000700000041006E0074006F006E0069006F0000000400C40000004DD600006ADF500000090000004700750069006C006C00650072006D006F0000000400C40000004ED6000068DF5000000900000041006C0065006A0061006E00640072006F0000000400C40000004FD60000DDE0500000070000005200690063006100720064006F0000000400C400000050D600004BDF5000000B0000004C0075006900730020004D0061006E00750065006C00
"Édson Araújo",308345,50176,319,"SC Corinthians Paulista",NORMAL,INTERNAL_PERSON_ID,50176,0x003231DE,False,-1,-1,35,37,EB17B80AE3E4DA57,"I|I|B|L|L|L|L|L|L|L|L|L|REF|L|L|I|I|I|I|I|B|L|L|L|L|L|L|L|L|L|S|L|L|I|I|I|",00000700000041006C0066007200650064006F0000000400C400000048D60000ADE050000007000000570069006C006C00690061006D0000000400C400000049D6000095DF500000070000004F0072006C0061006E0064006F0000000400C40000004AD6000014BB860000070000004700650072006100720064006F0000000400C40000004BD600000BE0500000080000004600720061006E006B006C0069006E0000000400C40000004CD60000CBE05000000700000041006E0074006F006E0069006F0000000400C40000004DD600006ADF500000090000004700750069006C006C00650072006D006F0000000400C40000004ED6000068DF5000000900000041006C0065006A0061006E00640072006F0000000400C40000004FD60000DDE0500000070000005200690063006100720064006F0000000400C400000050D600004BDF5000000B0000004C0075006900730020004D0061006E00750065006C0000000300C400000051D6000022DF5000000700000041006C0062006500720074006F00
"Édson Araújo",308345,50176,319,"SC Corinthians Paulista",NORMAL,INTERNAL_PERSON_ID,50176,0x00323203,False,-1,-1,37,35,4CFDBD47D858BE3D,"I|I|I|B|S|I|S|L|L|L|L|L|REF|L|L|I|I|I|I|I|I|B|S|I|S|L|L|L|L|S|L|L|L|S|B|I|",07000000570069006C006C00690061006D0000000400C400000049D6000095DF500000070000004F0072006C0061006E0064006F0000000400C40000004AD6000014BB860000070000004700650072006100720064006F0000000400C40000004BD600000BE0500000080000004600720061006E006B006C0069006E0000000400C40000004CD60000CBE05000000700000041006E0074006F006E0069006F0000000400C40000004DD600006ADF500000090000004700750069006C006C00650072006D006F0000000400C40000004ED6000068DF5000000900000041006C0065006A0061006E00640072006F0000000400C40000004FD60000DDE0500000070000005200690063006100720064006F0000000400C400000050D600004BDF5000000B0000004C0075006900730020004D0061006E00750065006C0000000300C400000051D6000022DF5000000700000041006C0062006500720074006F0000000300C400000052D6000020E0500000070000004700610062007200690065006C000000
"Édson Araújo",308345,50176,319,"SC Corinthians Paulista",NORMAL,INTERNAL_PERSON_ID,50176,0x00323226,False,-1,-1,35,39,8FA82A017C9CFD03,"I|I|B|L|L|L|L|L|L|L|L|L|REF|L|L|I|I|I|I|I|I|I|B|S|I|S|L|L|L|L|S|L|L|L|S|B|",070000004F0072006C0061006E0064006F0000000400C40000004AD6000014BB860000070000004700650072006100720064006F0000000400C40000004BD600000BE0500000080000004600720061006E006B006C0069006E0000000400C40000004CD60000CBE05000000700000041006E0074006F006E0069006F0000000400C40000004DD600006ADF500000090000004700750069006C006C00650072006D006F0000000400C40000004ED6000068DF5000000900000041006C0065006A0061006E00640072006F0000000400C40000004FD60000DDE0500000070000005200690063006100720064006F0000000400C400000050D600004BDF5000000B0000004C0075006900730020004D0061006E00750065006C0000000300C400000051D6000022DF5000000700000041006C0062006500720074006F0000000300C400000052D6000020E0500000070000004700610062007200690065006C0000000300C400000053D60000D1940D00000C0000004D0069006700750065006C0020004100
"Édson Araújo",308345,50176,319,"SC Corinthians Paulista",NORMAL,INTERNAL_PERSON_ID,50176,0x0032324D,False,-1,-1,39,39,40F245A1CCA44760,"I|B|L|L|L|L|L|L|L|L|L|L|REF|L|L|I|I|I|I|I|I|I|B|S|I|S|L|L|L|S|L|L|L|S|B|I|",4700650072006100720064006F0000000400C40000004BD600000BE0500000080000004600720061006E006B006C0069006E0000000400C40000004CD60000CBE05000000700000041006E0074006F006E0069006F0000000400C40000004DD600006ADF500000090000004700750069006C006C00650072006D006F0000000400C40000004ED6000068DF5000000900000041006C0065006A0061006E00640072006F0000000400C40000004FD60000DDE0500000070000005200690063006100720064006F0000000400C400000050D600004BDF5000000B0000004C0075006900730020004D0061006E00750065006C0000000300C400000051D6000022DF5000000700000041006C0062006500720074006F0000000300C400000052D6000020E0500000070000004700610062007200690065006C0000000300C400000053D60000D1940D00000C0000004D0069006700750065006C00200041006E00670065006C0000000300C400000054D600009A980E00000700000047007200650067006F00
"Édson Araújo",308345,50176,319,"SC Corinthians Paulista",NORMAL,INTERNAL_PERSON_ID,50176,0x00323274,False,-1,-1,39,35,B8A320A31B034BE2,"I|B|L|L|L|L|L|L|L|L|L|L|REF|L|L|I|I|I|I|I|I|B|S|I|S|L|L|L|L|L|S|L|L|L|S|B|",61006E006B006C0069006E0000000400C40000004CD60000CBE05000000700000041006E0074006F006E0069006F0000000400C40000004DD600006ADF500000090000004700750069006C006C00650072006D006F0000000400C40000004ED6000068DF5000000900000041006C0065006A0061006E00640072006F0000000400C40000004FD60000DDE0500000070000005200690063006100720064006F0000000400C400000050D600004BDF5000000B0000004C0075006900730020004D0061006E00750065006C0000000300C400000051D6000022DF5000000700000041006C0062006500720074006F0000000300C400000052D6000020E0500000070000004700610062007200690065006C0000000300C400000053D60000D1940D00000C0000004D0069006700750065006C00200041006E00670065006C0000000300C400000054D600009A980E00000700000047007200650067006F007200790000000300C400000055D600005EDF500000050000004400610076006900640000000300
"Édson Araújo",308345,50176,319,"SC Corinthians Paulista",NORMAL,INTERNAL_PERSON_ID,50176,0x00323297,False,-1,-1,35,43,32BBF67423B6AF68,"I|I|B|L|L|L|L|L|L|L|L|L|REF|L|L|I|I|I|I|I|I|I|I|B|S|I|S|L|L|L|S|L|L|L|S|B|",6E0074006F006E0069006F0000000400C40000004DD600006ADF500000090000004700750069006C006C00650072006D006F0000000400C40000004ED6000068DF5000000900000041006C0065006A0061006E00640072006F0000000400C40000004FD60000DDE0500000070000005200690063006100720064006F0000000400C400000050D600004BDF5000000B0000004C0075006900730020004D0061006E00750065006C0000000300C400000051D6000022DF5000000700000041006C0062006500720074006F0000000300C400000052D6000020E0500000070000004700610062007200690065006C0000000300C400000053D60000D1940D00000C0000004D0069006700750065006C00200041006E00670065006C0000000300C400000054D600009A980E00000700000047007200650067006F007200790000000300C400000055D600005EDF500000050000004400610076006900640000000300C400000056D60000A7D801000005000000520075006200E9006E0000000300C4000000
"Édson Araújo",308345,50176,319,"SC Corinthians Paulista",NORMAL,INTERNAL_PERSON_ID,50176,0x003232C2,False,-1,-1,43,35,9CC66459846478A2,"B|L|L|L|L|L|L|L|L|L|L|L|REF|L|L|I|I|I|I|I|I|B|S|I|S|L|L|L|S|L|L|L|S|B|I|I|",650072006D006F0000000400C40000004ED6000068DF5000000900000041006C0065006A0061006E00640072006F0000000400C40000004FD60000DDE0500000070000005200690063006100720064006F0000000400C400000050D600004BDF5000000B0000004C0075006900730020004D0061006E00750065006C0000000300C400000051D6000022DF5000000700000041006C0062006500720074006F0000000300C400000052D6000020E0500000070000004700610062007200690065006C0000000300C400000053D60000D1940D00000C0000004D0069006700750065006C00200041006E00670065006C0000000300C400000054D600009A980E00000700000047007200650067006F007200790000000300C400000055D600005EDF500000050000004400610076006900640000000300C400000056D60000A7D801000005000000520075006200E9006E0000000300C400000057D600003CDF500000060000004A006F0068006E006E00790000000300C400000058D600002CDF50000007
"Édson Araújo",308345,50176,319,"SC Corinthians Paulista",NORMAL,INTERNAL_PERSON_ID,50176,0x003232E5,False,-1,-1,35,35,D31094790FF6EE7E,"I|I|B|L|L|L|L|L|L|L|L|L|REF|L|L|I|I|I|I|I|I|B|S|I|S|L|L|L|L|L|L|L|S|L|L|I|",6A0061006E00640072006F0000000400C40000004FD60000DDE0500000070000005200690063006100720064006F0000000400C400000050D600004BDF5000000B0000004C0075006900730020004D0061006E00750065006C0000000300C400000051D6000022DF5000000700000041006C0062006500720074006F0000000300C400000052D6000020E0500000070000004700610062007200690065006C0000000300C400000053D60000D1940D00000C0000004D0069006700750065006C00200041006E00670065006C0000000300C400000054D600009A980E00000700000047007200650067006F007200790000000300C400000055D600005EDF500000050000004400610076006900640000000300C400000056D60000A7D801000005000000520075006200E9006E0000000300C400000057D600003CDF500000060000004A006F0068006E006E00790000000300C400000058D600002CDF500000070000004500640075006100720064006F0000000300C400000059D600002ADF50000006
"Édson Araújo",308345,50176,319,"SC Corinthians Paulista",NORMAL,INTERNAL_PERSON_ID,50176,0x00323308,False,-1,-1,35,45,2AC7FCF5A7207BE5,"I|I|B|L|L|L|L|L|L|L|L|L|REF|L|L|I|I|I|I|I|I|I|B|L|L|L|L|L|L|L|L|L|S|L|L|I|",690063006100720064006F0000000400C400000050D600004BDF5000000B0000004C0075006900730020004D0061006E00750065006C0000000300C400000051D6000022DF5000000700000041006C0062006500720074006F0000000300C400000052D6000020E0500000070000004700610062007200690065006C0000000300C400000053D60000D1940D00000C0000004D0069006700750065006C00200041006E00670065006C0000000300C400000054D600009A980E00000700000047007200650067006F007200790000000300C400000055D600005EDF500000050000004400610076006900640000000300C400000056D60000A7D801000005000000520075006200E9006E0000000300C400000057D600003CDF500000060000004A006F0068006E006E00790000000300C400000058D600002CDF500000070000004500640075006100720064006F0000000300C400000059D600002ADF500000060000004D0061006E00750065006C0000000300C40000005AD60000CCBA8600000D0000
"Édson Araújo",308345,50176,319,"SC Corinthians Paulista",NORMAL,INTERNAL_PERSON_ID,50176,0x00323335,False,-1,-1,45,35,78D4226ABEFFDAD9,"I|B|S|I|S|L|L|L|L|L|L|L|REF|L|L|I|I|I|I|I|I|B|S|I|S|L|L|S|L|L|L|S|B|I|L|B|",61006E00750065006C0000000300C400000051D6000022DF5000000700000041006C0062006500720074006F0000000300C400000052D6000020E0500000070000004700610062007200690065006C0000000300C400000053D60000D1940D00000C0000004D0069006700750065006C00200041006E00670065006C0000000300C400000054D600009A980E00000700000047007200650067006F007200790000000300C400000055D600005EDF500000050000004400610076006900640000000300C400000056D60000A7D801000005000000520075006200E9006E0000000300C400000057D600003CDF500000060000004A006F0068006E006E00790000000300C400000058D600002CDF500000070000004500640075006100720064006F0000000300C400000059D600002ADF500000060000004D0061006E00750065006C0000000300C40000005AD60000CCBA8600000D0000004A006F007300E900200047007200650067006F00720069006F0000000300C40000005BD600009FDF5000000B
"Édson Araújo",308345,50176,319,"SC Corinthians Paulista",NORMAL,INTERNAL_PERSON_ID,50176,0x00323358,False,-1,-1,35,31,62220D981B077697,"I|I|B|L|L|L|L|L|L|L|L|L|REF|L|L|I|I|I|I|I|B|S|I|S|L|L|S|L|L|L|S|B|I|I|I|I|",62006500720074006F0000000300C400000052D6000020E0500000070000004700610062007200690065006C0000000300C400000053D60000D1940D00000C0000004D0069006700750065006C00200041006E00670065006C0000000300C400000054D600009A980E00000700000047007200650067006F007200790000000300C400000055D600005EDF500000050000004400610076006900640000000300C400000056D60000A7D801000005000000520075006200E9006E0000000300C400000057D600003CDF500000060000004A006F0068006E006E00790000000300C400000058D600002CDF500000070000004500640075006100720064006F0000000300C400000059D600002ADF500000060000004D0061006E00750065006C0000000300C40000005AD60000CCBA8600000D0000004A006F007300E900200047007200650067006F00720069006F0000000300C40000005BD600009FDF5000000B00000041006C00650078006900730020004A006F007300E90000000300C40000005CD6
"Édson Araújo",308345,50176,319,"SC Corinthians Paulista",NORMAL,INTERNAL_PERSON_ID,50176,0x00323377,False,-1,-1,31,31,C473654D452763E5,"I|I|I|B|L|L|L|L|L|L|L|L|REF|L|L|I|I|I|I|I|B|S|I|S|L|L|L|L|S|L|L|I|I|I|I|I|",4700610062007200690065006C0000000300C400000053D60000D1940D00000C0000004D0069006700750065006C00200041006E00670065006C0000000300C400000054D600009A980E00000700000047007200650067006F007200790000000300C400000055D600005EDF500000050000004400610076006900640000000300C400000056D60000A7D801000005000000520075006200E9006E0000000300C400000057D600003CDF500000060000004A006F0068006E006E00790000000300C400000058D600002CDF500000070000004500640075006100720064006F0000000300C400000059D600002ADF500000060000004D0061006E00750065006C0000000300C40000005AD60000CCBA8600000D0000004A006F007300E900200047007200650067006F00720069006F0000000300C40000005BD600009FDF5000000B00000041006C00650078006900730020004A006F007300E90000000300C40000005CD600005EE050000008000000470069006F00760061006E006E00790000000300
"Édson Araújo",308345,50176,319,"SC Corinthians Paulista",NORMAL,INTERNAL_PERSON_ID,50176,0x00323396,False,-1,-1,31,33,D64F43B25B8DF735,"B|I|I|B|L|L|L|L|L|L|L|L|REF|L|L|I|I|I|I|B|L|L|L|L|L|L|L|L|L|S|L|L|I|I|I|I|",0C0000004D0069006700750065006C00200041006E00670065006C0000000300C400000054D600009A980E00000700000047007200650067006F007200790000000300C400000055D600005EDF500000050000004400610076006900640000000300C400000056D60000A7D801000005000000520075006200E9006E0000000300C400000057D600003CDF500000060000004A006F0068006E006E00790000000300C400000058D600002CDF500000070000004500640075006100720064006F0000000300C400000059D600002ADF500000060000004D0061006E00750065006C0000000300C40000005AD60000CCBA8600000D0000004A006F007300E900200047007200650067006F00720069006F0000000300C40000005BD600009FDF5000000B00000041006C00650078006900730020004A006F007300E90000000300C40000005CD600005EE050000008000000470069006F00760061006E006E00790000000300C40000005DD6000082E0500000050000004A0065007300FA00730000000300
"Édson Araújo",308345,50176,319,"SC Corinthians Paulista",NORMAL,INTERNAL_PERSON_ID,50176,0x003233B7,False,-1,-1,33,35,8E324A009BC3040C,"I|I|I|I|B|S|I|S|L|L|L|L|REF|L|L|I|I|I|I|I|I|B|S|I|S|L|L|L|L|S|L|L|I|I|I|I|",00000054D600009A980E00000700000047007200650067006F007200790000000300C400000055D600005EDF500000050000004400610076006900640000000300C400000056D60000A7D801000005000000520075006200E9006E0000000300C400000057D600003CDF500000060000004A006F0068006E006E00790000000300C400000058D600002CDF500000070000004500640075006100720064006F0000000300C400000059D600002ADF500000060000004D0061006E00750065006C0000000300C40000005AD60000CCBA8600000D0000004A006F007300E900200047007200650067006F00720069006F0000000300C40000005BD600009FDF5000000B00000041006C00650078006900730020004A006F007300E90000000300C40000005CD600005EE050000008000000470069006F00760061006E006E00790000000300C40000005DD6000082E0500000050000004A0065007300FA00730000000300C40000005ED60000FFBA860000080000004A006F006E0061007400680061006E00
"Édson Araújo",308345,50176,319,"SC Corinthians Paulista",NORMAL,INTERNAL_PERSON_ID,50176,0x003233DA,False,-1,-1,35,33,418FCBACA1835843,"I|I|B|L|L|L|L|L|L|L|L|L|REF|L|L|I|I|I|I|B|L|L|L|L|L|L|L|L|L|L|L|L|S|L|L|I|",00000055D600005EDF500000050000004400610076006900640000000300C400000056D60000A7D801000005000000520075006200E9006E0000000300C400000057D600003CDF500000060000004A006F0068006E006E00790000000300C400000058D600002CDF500000070000004500640075006100720064006F0000000300C400000059D600002ADF500000060000004D0061006E00750065006C0000000300C40000005AD60000CCBA8600000D0000004A006F007300E900200047007200650067006F00720069006F0000000300C40000005BD600009FDF5000000B00000041006C00650078006900730020004A006F007300E90000000300C40000005CD600005EE050000008000000470069006F00760061006E006E00790000000300C40000005DD6000082E0500000050000004A0065007300FA00730000000300C40000005ED60000FFBA860000080000004A006F006E0061007400680061006E0000000300C40000005FD60000F8DF5000000700000052006F006C0061006E0064006F00
"Édson Araújo",308345,50176,319,"SC Corinthians Paulista",NORMAL,INTERNAL_PERSON_ID,50176,0x003233FB,False,-1,-1,33,47,A17982FF624788D1,"I|I|I|I|B|S|I|S|L|L|L|L|REF|L|L|I|I|I|I|I|I|I|I|I|B|S|I|S|L|L|L|L|L|S|L|L|",0056D60000A7D801000005000000520075006200E9006E0000000300C400000057D600003CDF500000060000004A006F0068006E006E00790000000300C400000058D600002CDF500000070000004500640075006100720064006F0000000300C400000059D600002ADF500000060000004D0061006E00750065006C0000000300C40000005AD60000CCBA8600000D0000004A006F007300E900200047007200650067006F00720069006F0000000300C40000005BD600009FDF5000000B00000041006C00650078006900730020004A006F007300E90000000300C40000005CD600005EE050000008000000470069006F00760061006E006E00790000000300C40000005DD6000082E0500000050000004A0065007300FA00730000000300C40000005ED60000FFBA860000080000004A006F006E0061007400680061006E0000000300C40000005FD60000F8DF5000000700000052006F006C0061006E0064006F0000000200C400000060D600002DDF5000000C0000004C0075006900730020004500
"Édson Araújo",308345,50176,319,"SC Corinthians Paulista",NORMAL,INTERNAL_PERSON_ID,50176,0x0032342A,False,-1,-1,47,43,4C2389EB39F7CD82,"L|L|L|L|L|L|L|L|L|L|L|L|REF|L|L|I|I|I|I|I|I|L|I|B|S|I|S|L|L|L|L|L|S|L|L|I|",6F0068006E006E00790000000300C400000058D600002CDF500000070000004500640075006100720064006F0000000300C400000059D600002ADF500000060000004D0061006E00750065006C0000000300C40000005AD60000CCBA8600000D0000004A006F007300E900200047007200650067006F00720069006F0000000300C40000005BD600009FDF5000000B00000041006C00650078006900730020004A006F007300E90000000300C40000005CD600005EE050000008000000470069006F00760061006E006E00790000000300C40000005DD6000082E0500000050000004A0065007300FA00730000000300C40000005ED60000FFBA860000080000004A006F006E0061007400680061006E0000000300C40000005FD60000F8DF5000000700000052006F006C0061006E0064006F0000000200C400000060D600002DDF5000000C0000004C00750069007300200045006E007200690071007500650000000200C400000061D6000090DF5000000B0000004A00750061006E0020004D006100
"Édson Araújo",308345,50176,319,"SC Corinthians Paulista",NORMAL,INTERNAL_PERSON_ID,50176,0x00323455,False,-1,-1,43,37,B99A6FE5376E5EC7,"B|L|L|L|L|L|L|L|L|L|L|L|REF|L|L|I|I|I|I|I|B|L|L|L|L|L|L|L|L|S|L|L|I|I|I|I|",6F0000000300C400000059D600002ADF500000060000004D0061006E00750065006C0000000300C40000005AD60000CCBA8600000D0000004A006F007300E900200047007200650067006F00720069006F0000000300C40000005BD600009FDF5000000B00000041006C00650078006900730020004A006F007300E90000000300C40000005CD600005EE050000008000000470069006F00760061006E006E00790000000300C40000005DD6000082E0500000050000004A0065007300FA00730000000300C40000005ED60000FFBA860000080000004A006F006E0061007400680061006E0000000300C40000005FD60000F8DF5000000700000052006F006C0061006E0064006F0000000200C400000060D600002DDF5000000C0000004C00750069007300200045006E007200690071007500650000000200C400000061D6000090DF5000000B0000004A00750061006E0020004D0061006E00750065006C0000000200C400000062D6000089DF500000090000004A00750061006E0020004A006F00
"Édson Araújo",308345,50176,319,"SC Corinthians Paulista",NORMAL,INTERNAL_PERSON_ID,50176,0x0032347A,False,-1,-1,37,31,11968D51AB22ABF7,"I|L|I|B|S|I|S|L|L|L|L|L|REF|L|L|I|I|I|I|I|B|S|I|S|L|L|L|L|L|S|L|L|I|I|I|I|",0300C40000005AD60000CCBA8600000D0000004A006F007300E900200047007200650067006F00720069006F0000000300C40000005BD600009FDF5000000B00000041006C00650078006900730020004A006F007300E90000000300C40000005CD600005EE050000008000000470069006F00760061006E006E00790000000300C40000005DD6000082E0500000050000004A0065007300FA00730000000300C40000005ED60000FFBA860000080000004A006F006E0061007400680061006E0000000300C40000005FD60000F8DF5000000700000052006F006C0061006E0064006F0000000200C400000060D600002DDF5000000C0000004C00750069007300200045006E007200690071007500650000000200C400000061D6000090DF5000000B0000004A00750061006E0020004D0061006E00750065006C0000000200C400000062D6000089DF500000090000004A00750061006E0020004A006F007300E90000000200C400000063D600007BDF5000000A00000050006500640072006F002000
"Édson Araújo",308345,50176,319,"SC Corinthians Paulista",NORMAL,INTERNAL_PERSON_ID,50176,0x00323499,False,-1,-1,31,37,77FC1ECB69E1DFB5,"I|I|I|B|L|L|L|L|L|L|L|L|REF|L|L|I|I|I|I|I|B|L|L|L|L|L|L|L|L|L|S|L|L|I|I|I|",7200650067006F00720069006F0000000300C40000005BD600009FDF5000000B00000041006C00650078006900730020004A006F007300E90000000300C40000005CD600005EE050000008000000470069006F00760061006E006E00790000000300C40000005DD6000082E0500000050000004A0065007300FA00730000000300C40000005ED60000FFBA860000080000004A006F006E0061007400680061006E0000000300C40000005FD60000F8DF5000000700000052006F006C0061006E0064006F0000000200C400000060D600002DDF5000000C0000004C00750069007300200045006E007200690071007500650000000200C400000061D6000090DF5000000B0000004A00750061006E0020004D0061006E00750065006C0000000200C400000062D6000089DF500000090000004A00750061006E0020004A006F007300E90000000200C400000063D600007BDF5000000A00000050006500640072006F0020004A006F007300E90000000200C400000064D6000077DF500000070000004F00
"Édson Araújo",308345,50176,319,"SC Corinthians Paulista",NORMAL,INTERNAL_PERSON_ID,50176,0x003234BE,False,-1,-1,37,35,1BB8236965D3519E,"I|I|I|B|S|I|S|L|L|L|L|L|REF|L|L|I|I|I|I|I|I|B|S|I|S|L|L|L|L|L|L|L|S|L|L|I|",6C00650078006900730020004A006F007300E90000000300C40000005CD600005EE050000008000000470069006F00760061006E006E00790000000300C40000005DD6000082E0500000050000004A0065007300FA00730000000300C40000005ED60000FFBA860000080000004A006F006E0061007400680061006E0000000300C40000005FD60000F8DF5000000700000052006F006C0061006E0064006F0000000200C400000060D600002DDF5000000C0000004C00750069007300200045006E007200690071007500650000000200C400000061D6000090DF5000000B0000004A00750061006E0020004D0061006E00750065006C0000000200C400000062D6000089DF500000090000004A00750061006E0020004A006F007300E90000000200C400000063D600007BDF5000000A00000050006500640072006F0020004A006F007300E90000000200C400000064D6000077DF500000070000004F007300770061006C0064006F0000000200C400000065D6000063DF5000000700000041007200
"Édson Araújo",308345,50176,319,"SC Corinthians Paulista",NORMAL,INTERNAL_PERSON_ID,50176,0x003234E1,False,-1,-1,35,45,204EA6CEA58FACD7,"I|I|B|L|L|L|L|L|L|L|L|L|REF|L|L|I|I|I|I|I|I|I|B|L|L|L|L|L|L|L|L|L|L|L|S|L|",000008000000470069006F00760061006E006E00790000000300C40000005DD6000082E0500000050000004A0065007300FA00730000000300C40000005ED60000FFBA860000080000004A006F006E0061007400680061006E0000000300C40000005FD60000F8DF5000000700000052006F006C0061006E0064006F0000000200C400000060D600002DDF5000000C0000004C00750069007300200045006E007200690071007500650000000200C400000061D6000090DF5000000B0000004A00750061006E0020004D0061006E00750065006C0000000200C400000062D6000089DF500000090000004A00750061006E0020004A006F007300E90000000200C400000063D600007BDF5000000A00000050006500640072006F0020004A006F007300E90000000200C400000064D6000077DF500000070000004F007300770061006C0064006F0000000200C400000065D6000063DF50000007000000410072006D0061006E0064006F0000000200C400000066D6000064F30E0000060000004A007500
"Édson Araújo",308345,50176,319,"SC Corinthians Paulista",NORMAL,INTERNAL_PERSON_ID,50176,0x0032350E,False,-1,-1,45,43,65F8FAB7A56196CF,"I|B|S|I|S|L|L|L|L|L|L|L|REF|L|L|I|I|I|I|I|I|I|I|B|S|I|S|L|L|L|L|S|L|L|L|S|",65007300FA00730000000300C40000005ED60000FFBA860000080000004A006F006E0061007400680061006E0000000300C40000005FD60000F8DF5000000700000052006F006C0061006E0064006F0000000200C400000060D600002DDF5000000C0000004C00750069007300200045006E007200690071007500650000000200C400000061D6000090DF5000000B0000004A00750061006E0020004D0061006E00750065006C0000000200C400000062D6000089DF500000090000004A00750061006E0020004A006F007300E90000000200C400000063D600007BDF5000000A00000050006500640072006F0020004A006F007300E90000000200C400000064D6000077DF500000070000004F007300770061006C0064006F0000000200C400000065D6000063DF50000007000000410072006D0061006E0064006F0000000200C400000066D6000064F30E0000060000004A0075006E0069006F00720000000200C400000067D600005FDF5000000B0000005600ED00630074006F00720020004A00
"Édson Araújo",308345,50176,319,"SC Corinthians Paulista",NORMAL,INTERNAL_PERSON_ID,50176,0x00323539,False,-1,-1,43,39,796EC440C2FD91A3,"B|L|L|L|L|L|L|L|L|L|L|L|REF|L|L|I|I|I|I|I|L|I|B|S|I|S|L|L|L|L|L|L|S|L|L|I|",6E0000000300C40000005FD60000F8DF5000000700000052006F006C0061006E0064006F0000000200C400000060D600002DDF5000000C0000004C00750069007300200045006E007200690071007500650000000200C400000061D6000090DF5000000B0000004A00750061006E0020004D0061006E00750065006C0000000200C400000062D6000089DF500000090000004A00750061006E0020004A006F007300E90000000200C400000063D600007BDF5000000A00000050006500640072006F0020004A006F007300E90000000200C400000064D6000077DF500000070000004F007300770061006C0064006F0000000200C400000065D6000063DF50000007000000410072006D0061006E0064006F0000000200C400000066D6000064F30E0000060000004A0075006E0069006F00720000000200C400000067D600005FDF5000000B0000005600ED00630074006F00720020004A006F007300E90000000200C400000068D600005CDF5000000900000041006C006500780061006E0064006500
"Édson Araújo",308345,50176,319,"SC Corinthians Paulista",NORMAL,INTERNAL_PERSON_ID,50176,0x00323560,False,-1,-1,39,41,3C320F04EA36BA09,"I|B|L|L|L|L|L|L|L|L|L|L|REF|L|L|I|I|I|I|I|I|B|L|L|L|L|L|L|L|L|L|S|L|L|I|I|",0200C400000060D600002DDF5000000C0000004C00750069007300200045006E007200690071007500650000000200C400000061D6000090DF5000000B0000004A00750061006E0020004D0061006E00750065006C0000000200C400000062D6000089DF500000090000004A00750061006E0020004A006F007300E90000000200C400000063D600007BDF5000000A00000050006500640072006F0020004A006F007300E90000000200C400000064D6000077DF500000070000004F007300770061006C0064006F0000000200C400000065D6000063DF50000007000000410072006D0061006E0064006F0000000200C400000066D6000064F30E0000060000004A0075006E0069006F00720000000200C400000067D600005FDF5000000B0000005600ED00630074006F00720020004A006F007300E90000000200C400000068D600005CDF5000000900000041006C006500780061006E0064006500720000000200C400000069D600003DDF500000040000004A00750061006E0000000200C4000000
"Édson Araújo",308345,50176,319,"SC Corinthians Paulista",NORMAL,INTERNAL_PERSON_ID,50176,0x00323589,False,-1,-1,41,35,24D4812DA6916CFD,"L|I|B|S|I|S|L|L|L|L|L|L|REF|L|L|I|I|I|I|I|I|B|S|I|S|L|L|L|S|L|L|L|S|B|I|I|",650000000200C400000061D6000090DF5000000B0000004A00750061006E0020004D0061006E00750065006C0000000200C400000062D6000089DF500000090000004A00750061006E0020004A006F007300E90000000200C400000063D600007BDF5000000A00000050006500640072006F0020004A006F007300E90000000200C400000064D6000077DF500000070000004F007300770061006C0064006F0000000200C400000065D6000063DF50000007000000410072006D0061006E0064006F0000000200C400000066D6000064F30E0000060000004A0075006E0069006F00720000000200C400000067D600005FDF5000000B0000005600ED00630074006F00720020004A006F007300E90000000200C400000068D600005CDF5000000900000041006C006500780061006E0064006500720000000200C400000069D600003DDF500000040000004A00750061006E0000000200C40000006AD6000036DF5000000400000052006100FA006C0000000200C40000006BD60000CEE0500000070000
"Édson Araújo",308345,50176,319,"SC Corinthians Paulista",NORMAL,INTERNAL_PERSON_ID,50176,0x003235AC,False,-1,-1,35,35,0772A67342A7710C,"I|I|B|L|L|L|L|L|L|L|L|L|REF|L|L|I|I|I|I|I|I|B|S|I|S|L|L|L|L|S|L|L|I|I|I|I|",61006E00750065006C0000000200C400000062D6000089DF500000090000004A00750061006E0020004A006F007300E90000000200C400000063D600007BDF5000000A00000050006500640072006F0020004A006F007300E90000000200C400000064D6000077DF500000070000004F007300770061006C0064006F0000000200C400000065D6000063DF50000007000000410072006D0061006E0064006F0000000200C400000066D6000064F30E0000060000004A0075006E0069006F00720000000200C400000067D600005FDF5000000B0000005600ED00630074006F00720020004A006F007300E90000000200C400000068D600005CDF5000000900000041006C006500780061006E0064006500720000000200C400000069D600003DDF500000040000004A00750061006E0000000200C40000006AD6000036DF5000000400000052006100FA006C0000000200C40000006BD60000CEE050000007000000520069006300680061007200640000000200C40000006CD600003EDF5000000C0000
"Édson Araújo",308345,50176,319,"SC Corinthians Paulista",NORMAL,INTERNAL_PERSON_ID,50176,0x003235CF,False,-1,-1,35,33,9CC18CC69B3FCE7D,"I|I|B|L|L|L|L|L|L|L|L|L|REF|L|L|I|I|I|I|B|L|L|L|L|L|L|L|L|L|L|L|S|L|L|I|I|",61006E0020004A006F007300E90000000200C400000063D600007BDF5000000A00000050006500640072006F0020004A006F007300E90000000200C400000064D6000077DF500000070000004F007300770061006C0064006F0000000200C400000065D6000063DF50000007000000410072006D0061006E0064006F0000000200C400000066D6000064F30E0000060000004A0075006E0069006F00720000000200C400000067D600005FDF5000000B0000005600ED00630074006F00720020004A006F007300E90000000200C400000068D600005CDF5000000900000041006C006500780061006E0064006500720000000200C400000069D600003DDF500000040000004A00750061006E0000000200C40000006AD6000036DF5000000400000052006100FA006C0000000200C40000006BD60000CEE050000007000000520069006300680061007200640000000200C40000006CD600003EDF5000000C0000004C00750069007300200041006C0062006500720074006F0000000200C40000006DD6
"Édson Araújo",308345,50176,319,"SC Corinthians Paulista",NORMAL,INTERNAL_PERSON_ID,50176,0x003235F0,False,-1,-1,33,43,E9FB825CC2D904A5,"I|I|I|I|B|S|I|S|L|L|L|L|REF|L|L|I|I|I|I|I|I|L|I|B|S|I|S|L|L|L|L|S|L|L|L|S|",000050006500640072006F0020004A006F007300E90000000200C400000064D6000077DF500000070000004F007300770061006C0064006F0000000200C400000065D6000063DF50000007000000410072006D0061006E0064006F0000000200C400000066D6000064F30E0000060000004A0075006E0069006F00720000000200C400000067D600005FDF5000000B0000005600ED00630074006F00720020004A006F007300E90000000200C400000068D600005CDF5000000900000041006C006500780061006E0064006500720000000200C400000069D600003DDF500000040000004A00750061006E0000000200C40000006AD6000036DF5000000400000052006100FA006C0000000200C40000006BD60000CEE050000007000000520069006300680061007200640000000200C40000006CD600003EDF5000000C0000004C00750069007300200041006C0062006500720074006F0000000200C40000006DD6000023DF500000050000004300E90073006100720000000200C40000006ED60000
"Édson Araújo",308345,50176,319,"SC Corinthians Paulista",NORMAL,INTERNAL_PERSON_ID,50176,0x0032361B,False,-1,-1,43,39,E97D76806358EDC7,"B|L|L|L|L|L|L|L|L|L|L|L|REF|L|L|I|I|I|I|I|I|I|B|S|I|S|L|L|L|S|L|L|I|I|L|B|",4F007300770061006C0064006F0000000200C400000065D6000063DF50000007000000410072006D0061006E0064006F0000000200C400000066D6000064F30E0000060000004A0075006E0069006F00720000000200C400000067D600005FDF5000000B0000005600ED00630074006F00720020004A006F007300E90000000200C400000068D600005CDF5000000900000041006C006500780061006E0064006500720000000200C400000069D600003DDF500000040000004A00750061006E0000000200C40000006AD6000036DF5000000400000052006100FA006C0000000200C40000006BD60000CEE050000007000000520069006300680061007200640000000200C40000006CD600003EDF5000000C0000004C00750069007300200041006C0062006500720074006F0000000200C40000006DD6000023DF500000050000004300E90073006100720000000200C40000006ED60000D8BA8600000600000041006C00650078006900730000000200C40000006FD6000016BB8600000800000047
"Édson Araújo",308345,50176,319,"SC Corinthians Paulista",NORMAL,INTERNAL_PERSON_ID,50176,0x00323642,False,-1,-1,39,29,149F9DA4EC2B1CEB,"I|B|L|L|L|L|L|L|L|L|L|L|REF|L|L|I|I|I|B|L|L|L|L|L|L|S|L|L|L|S|B|I|I|I|B|L|",6D0061006E0064006F0000000200C400000066D6000064F30E0000060000004A0075006E0069006F00720000000200C400000067D600005FDF5000000B0000005600ED00630074006F00720020004A006F007300E90000000200C400000068D600005CDF5000000900000041006C006500780061006E0064006500720000000200C400000069D600003DDF500000040000004A00750061006E0000000200C40000006AD6000036DF5000000400000052006100FA006C0000000200C40000006BD60000CEE050000007000000520069006300680061007200640000000200C40000006CD600003EDF5000000C0000004C00750069007300200041006C0062006500720074006F0000000200C40000006DD6000023DF500000050000004300E90073006100720000000200C40000006ED60000D8BA8600000600000041006C00650078006900730000000200C40000006FD6000016BB86000008000000470069006F00760061006E006E00690000000200C400000070D600006052120000060000004C0065
"Édson Araújo",308345,50176,319,"SC Corinthians Paulista",NORMAL,INTERNAL_PERSON_ID,50176,0x0032365F,False,-1,-1,29,29,1465CC6FA121AE73,"I|I|I|I|I|B|S|I|S|L|L|L|REF|L|L|I|I|L|B|L|L|L|L|L|L|L|L|L|S|L|L|I|I|I|I|I|",00004A0075006E0069006F00720000000200C400000067D600005FDF5000000B0000005600ED00630074006F00720020004A006F007300E90000000200C400000068D600005CDF5000000900000041006C006500780061006E0064006500720000000200C400000069D600003DDF500000040000004A00750061006E0000000200C40000006AD6000036DF5000000400000052006100FA006C0000000200C40000006BD60000CEE050000007000000520069006300680061007200640000000200C40000006CD600003EDF5000000C0000004C00750069007300200041006C0062006500720074006F0000000200C40000006DD6000023DF500000050000004300E90073006100720000000200C40000006ED60000D8BA8600000600000041006C00650078006900730000000200C40000006FD6000016BB86000008000000470069006F00760061006E006E00690000000200C400000070D600006052120000060000004C0065006F006E0065006C0000000200C400000071D60000E9DF500000100000
"Édson Araújo",308345,50176,319,"SC Corinthians Paulista",NORMAL,INTERNAL_PERSON_ID,50176,0x0032367C,False,-1,-1,29,35,4CA2FF9E68AC495E,"S|B|I|I|I|B|S|I|S|L|L|L|REF|L|L|I|I|I|I|I|I|B|S|I|S|L|L|L|L|L|L|L|S|L|L|I|",00000B0000005600ED00630074006F00720020004A006F007300E90000000200C400000068D600005CDF5000000900000041006C006500780061006E0064006500720000000200C400000069D600003DDF500000040000004A00750061006E0000000200C40000006AD6000036DF5000000400000052006100FA006C0000000200C40000006BD60000CEE050000007000000520069006300680061007200640000000200C40000006CD600003EDF5000000C0000004C00750069007300200041006C0062006500720074006F0000000200C40000006DD6000023DF500000050000004300E90073006100720000000200C40000006ED60000D8BA8600000600000041006C00650078006900730000000200C40000006FD6000016BB86000008000000470069006F00760061006E006E00690000000200C400000070D600006052120000060000004C0065006F006E0065006C0000000200C400000071D60000E9DF500000100000004D0061006E00750065006C00200041006C0065006A0061006E006400
"Édson Araújo",308345,50176,319,"SC Corinthians Paulista",NORMAL,INTERNAL_PERSON_ID,50176,0x0032369F,False,-1,-1,35,45,318B8DE1B3D8EC15,"I|L|B|L|L|L|L|L|L|L|L|L|REF|L|L|I|I|I|I|I|I|I|B|L|L|L|L|L|L|L|L|S|L|L|I|I|",0068D600005CDF5000000900000041006C006500780061006E0064006500720000000200C400000069D600003DDF500000040000004A00750061006E0000000200C40000006AD6000036DF5000000400000052006100FA006C0000000200C40000006BD60000CEE050000007000000520069006300680061007200640000000200C40000006CD600003EDF5000000C0000004C00750069007300200041006C0062006500720074006F0000000200C40000006DD6000023DF500000050000004300E90073006100720000000200C40000006ED60000D8BA8600000600000041006C00650078006900730000000200C40000006FD6000016BB86000008000000470069006F00760061006E006E00690000000200C400000070D600006052120000060000004C0065006F006E0065006C0000000200C400000071D60000E9DF500000100000004D0061006E00750065006C00200041006C0065006A0061006E00640072006F0000000200C400000072D6000057E0500000050000004600E9006C0069007800
"Édson Araújo",308345,50176,319,"SC Corinthians Paulista",NORMAL,INTERNAL_PERSON_ID,50176,0x003236CC,False,-1,-1,45,31,FEAC5D0EB068486E,"I|B|S|I|S|L|L|L|L|L|L|L|REF|L|L|I|I|I|I|I|B|S|I|S|L|L|L|L|S|L|L|I|I|I|I|I|",DF500000040000004A00750061006E0000000200C40000006AD6000036DF5000000400000052006100FA006C0000000200C40000006BD60000CEE050000007000000520069006300680061007200640000000200C40000006CD600003EDF5000000C0000004C00750069007300200041006C0062006500720074006F0000000200C40000006DD6000023DF500000050000004300E90073006100720000000200C40000006ED60000D8BA8600000600000041006C00650078006900730000000200C40000006FD6000016BB86000008000000470069006F00760061006E006E00690000000200C400000070D600006052120000060000004C0065006F006E0065006C0000000200C400000071D60000E9DF500000100000004D0061006E00750065006C00200041006C0065006A0061006E00640072006F0000000200C400000072D6000057E0500000050000004600E9006C006900780000000200C400000073D6000000E15000000B0000004E00E900730074006F00720020004A006F007300E9000000
"Édson Araújo",308345,50176,319,"SC Corinthians Paulista",NORMAL,INTERNAL_PERSON_ID,50176,0x003236EB,False,-1,-1,31,33,78BCBF0AF3643FC5,"I|I|I|B|L|L|L|L|L|L|L|L|REF|L|L|I|I|I|I|B|L|L|L|L|L|L|L|L|S|L|L|L|S|B|I|I|",00000400000052006100FA006C0000000200C40000006BD60000CEE050000007000000520069006300680061007200640000000200C40000006CD600003EDF5000000C0000004C00750069007300200041006C0062006500720074006F0000000200C40000006DD6000023DF500000050000004300E90073006100720000000200C40000006ED60000D8BA8600000600000041006C00650078006900730000000200C40000006FD6000016BB86000008000000470069006F00760061006E006E00690000000200C400000070D600006052120000060000004C0065006F006E0065006C0000000200C400000071D60000E9DF500000100000004D0061006E00750065006C00200041006C0065006A0061006E00640072006F0000000200C400000072D6000057E0500000050000004600E9006C006900780000000200C400000073D6000000E15000000B0000004E00E900730074006F00720020004A006F007300E90000000200C400000074D6000011BB8600000600000045006D0069006C0069006F00
"Édson Araújo",308345,50176,319,"SC Corinthians Paulista",NORMAL,INTERNAL_PERSON_ID,50176,0x0032370C,False,-1,-1,33,37,30FE2467EA054EA4,"I|I|I|I|B|S|I|S|L|L|L|L|REF|L|L|I|I|I|I|I|B|L|L|L|L|L|L|L|S|L|L|L|S|B|I|I|",0000520069006300680061007200640000000200C40000006CD600003EDF5000000C0000004C00750069007300200041006C0062006500720074006F0000000200C40000006DD6000023DF500000050000004300E90073006100720000000200C40000006ED60000D8BA8600000600000041006C00650078006900730000000200C40000006FD6000016BB86000008000000470069006F00760061006E006E00690000000200C400000070D600006052120000060000004C0065006F006E0065006C0000000200C400000071D60000E9DF500000100000004D0061006E00750065006C00200041006C0065006A0061006E00640072006F0000000200C400000072D6000057E0500000050000004600E9006C006900780000000200C400000073D6000000E15000000B0000004E00E900730074006F00720020004A006F007300E90000000200C400000074D6000011BB8600000600000045006D0069006C0069006F0000000200C400000075D6000052C10100000B0000004A00650061006E0020004300
"Édson Araújo",308345,50176,319,"SC Corinthians Paulista",NORMAL,INTERNAL_PERSON_ID,50176,0x00323731,False,-1,-1,37,33,2EE613F670BCC33A,"I|I|I|B|S|I|S|L|L|L|L|L|REF|L|L|I|I|I|I|B|L|L|L|L|L|L|L|L|L|L|L|L|S|L|L|L|",4C00750069007300200041006C0062006500720074006F0000000200C40000006DD6000023DF500000050000004300E90073006100720000000200C40000006ED60000D8BA8600000600000041006C00650078006900730000000200C40000006FD6000016BB86000008000000470069006F00760061006E006E00690000000200C400000070D600006052120000060000004C0065006F006E0065006C0000000200C400000071D60000E9DF500000100000004D0061006E00750065006C00200041006C0065006A0061006E00640072006F0000000200C400000072D6000057E0500000050000004600E9006C006900780000000200C400000073D6000000E15000000B0000004E00E900730074006F00720020004A006F007300E90000000200C400000074D6000011BB8600000600000045006D0069006C0069006F0000000200C400000075D6000052C10100000B0000004A00650061006E0020004300610072006C006F00730000000200C400000076D6000061E050000007000000410072006E00
"Édson Araújo",308345,50176,319,"SC Corinthians Paulista",NORMAL,INTERNAL_PERSON_ID,50176,0x00323752,False,-1,-1,33,53,510E6CABD229B3B9,"I|I|I|I|B|S|I|S|L|L|L|L|REF|L|L|I|I|I|I|I|I|I|I|I|B|L|L|L|L|L|L|L|L|S|L|L|",D6000023DF500000050000004300E90073006100720000000200C40000006ED60000D8BA8600000600000041006C00650078006900730000000200C40000006FD6000016BB86000008000000470069006F00760061006E006E00690000000200C400000070D600006052120000060000004C0065006F006E0065006C0000000200C400000071D60000E9DF500000100000004D0061006E00750065006C00200041006C0065006A0061006E00640072006F0000000200C400000072D6000057E0500000050000004600E9006C006900780000000200C400000073D6000000E15000000B0000004E00E900730074006F00720020004A006F007300E90000000200C400000074D6000011BB8600000600000045006D0069006C0069006F0000000200C400000075D6000052C10100000B0000004A00650061006E0020004300610072006C006F00730000000200C400000076D6000061E050000007000000410072006E0061006C0064006F0000000200C400000077D60000EBDF5000000B0000004A006F00
"Édson Araújo",308345,50176,319,"SC Corinthians Paulista",NORMAL,INTERNAL_PERSON_ID,50176,0x00323787,False,-1,-1,53,31,4A34DEE8D60F2B94,"S|I|S|L|L|L|L|L|L|L|L|L|REF|L|L|I|I|I|I|I|B|S|I|S|L|L|L|L|L|S|L|L|L|S|B|I|",730000000200C40000006FD6000016BB86000008000000470069006F00760061006E006E00690000000200C400000070D600006052120000060000004C0065006F006E0065006C0000000200C400000071D60000E9DF500000100000004D0061006E00750065006C00200041006C0065006A0061006E00640072006F0000000200C400000072D6000057E0500000050000004600E9006C006900780000000200C400000073D6000000E15000000B0000004E00E900730074006F00720020004A006F007300E90000000200C400000074D6000011BB8600000600000045006D0069006C0069006F0000000200C400000075D6000052C10100000B0000004A00650061006E0020004300610072006C006F00730000000200C400000076D6000061E050000007000000410072006E0061006C0064006F0000000200C400000077D60000EBDF5000000B0000004A006F007300E90020004D0061006E00750065006C0000000200C400000078D6000075E0500000080000004600650072006E0061006E006400
"Édson Araújo",308345,50176,319,"SC Corinthians Paulista",NORMAL,INTERNAL_PERSON_ID,50176,0x003237A6,False,-1,-1,31,43,97BD6F42C0C5BEE9,"I|I|I|B|L|L|L|L|L|L|L|L|REF|L|L|I|I|I|I|I|I|L|I|B|S|I|S|L|L|L|L|S|L|L|I|I|",61006E006E00690000000200C400000070D600006052120000060000004C0065006F006E0065006C0000000200C400000071D60000E9DF500000100000004D0061006E00750065006C00200041006C0065006A0061006E00640072006F0000000200C400000072D6000057E0500000050000004600E9006C006900780000000200C400000073D6000000E15000000B0000004E00E900730074006F00720020004A006F007300E90000000200C400000074D6000011BB8600000600000045006D0069006C0069006F0000000200C400000075D6000052C10100000B0000004A00650061006E0020004300610072006C006F00730000000200C400000076D6000061E050000007000000410072006E0061006C0064006F0000000200C400000077D60000EBDF5000000B0000004A006F007300E90020004D0061006E00750065006C0000000200C400000078D6000075E0500000080000004600650072006E0061006E0064006F0000000200C400000079D60000FEE0500000060000004E0065006C007300
"Édson Araújo",308345,50176,319,"SC Corinthians Paulista",NORMAL,INTERNAL_PERSON_ID,50176,0x003237D1,False,-1,-1,43,33,8FE8413C9EF9BF8B,"B|L|L|L|L|L|L|L|L|L|L|L|REF|L|L|I|I|I|I|B|L|L|L|L|L|L|L|L|L|L|L|S|L|L|I|I|",0200C400000071D60000E9DF500000100000004D0061006E00750065006C00200041006C0065006A0061006E00640072006F0000000200C400000072D6000057E0500000050000004600E9006C006900780000000200C400000073D6000000E15000000B0000004E00E900730074006F00720020004A006F007300E90000000200C400000074D6000011BB8600000600000045006D0069006C0069006F0000000200C400000075D6000052C10100000B0000004A00650061006E0020004300610072006C006F00730000000200C400000076D6000061E050000007000000410072006E0061006C0064006F0000000200C400000077D60000EBDF5000000B0000004A006F007300E90020004D0061006E00750065006C0000000200C400000078D6000075E0500000080000004600650072006E0061006E0064006F0000000200C400000079D60000FEE0500000060000004E0065006C0073006F006E0000000200C40000007AD6000006BB86000008000000480075006D0062006500720074006F000000
"Édson Araújo",308345,50176,319,"SC Corinthians Paulista",NORMAL,INTERNAL_PERSON_ID,50176,0x003237F2,False,-1,-1,33,43,B9E8E5664A3F1ECF,"I|I|L|I|B|S|I|S|L|L|L|L|REF|L|L|I|I|I|I|I|I|I|I|B|S|I|S|L|L|L|S|L|L|L|S|B|",41006C0065006A0061006E00640072006F0000000200C400000072D6000057E0500000050000004600E9006C006900780000000200C400000073D6000000E15000000B0000004E00E900730074006F00720020004A006F007300E90000000200C400000074D6000011BB8600000600000045006D0069006C0069006F0000000200C400000075D6000052C10100000B0000004A00650061006E0020004300610072006C006F00730000000200C400000076D6000061E050000007000000410072006E0061006C0064006F0000000200C400000077D60000EBDF5000000B0000004A006F007300E90020004D0061006E00750065006C0000000200C400000078D6000075E0500000080000004600650072006E0061006E0064006F0000000200C400000079D60000FEE0500000060000004E0065006C0073006F006E0000000200C40000007AD6000006BB86000008000000480075006D0062006500720074006F0000000200C40000007BD6000098E05000000E000000520061006600610065006C002000
"Édson Araújo",308345,50176,319,"SC Corinthians Paulista",NORMAL,INTERNAL_PERSON_ID,50176,0x0032381D,False,-1,-1,43,35,89DC439D596EA85B,"B|L|L|L|L|L|L|L|L|L|L|L|REF|L|L|I|I|I|I|I|I|B|S|I|S|L|L|L|L|L|S|L|L|L|S|B|",6C006900780000000200C400000073D6000000E15000000B0000004E00E900730074006F00720020004A006F007300E90000000200C400000074D6000011BB8600000600000045006D0069006C0069006F0000000200C400000075D6000052C10100000B0000004A00650061006E0020004300610072006C006F00730000000200C400000076D6000061E050000007000000410072006E0061006C0064006F0000000200C400000077D60000EBDF5000000B0000004A006F007300E90020004D0061006E00750065006C0000000200C400000078D6000075E0500000080000004600650072006E0061006E0064006F0000000200C400000079D60000FEE0500000060000004E0065006C0073006F006E0000000200C40000007AD6000006BB86000008000000480075006D0062006500720074006F0000000200C40000007BD6000098E05000000E000000520061006600610065006C00200045006E007200690071007500650000000200C40000007CD600001BAA8600000B0000004A006F007300E900
"Édson Araújo",308345,50176,319,"SC Corinthians Paulista",NORMAL,INTERNAL_PERSON_ID,50176,0x00323840,False,-1,-1,35,43,E340B27059799313,"I|I|B|L|L|L|L|L|L|L|L|L|REF|L|L|I|I|I|I|I|I|I|I|B|S|I|S|L|L|L|L|L|S|L|L|I|",6F00720020004A006F007300E90000000200C400000074D6000011BB8600000600000045006D0069006C0069006F0000000200C400000075D6000052C10100000B0000004A00650061006E0020004300610072006C006F00730000000200C400000076D6000061E050000007000000410072006E0061006C0064006F0000000200C400000077D60000EBDF5000000B0000004A006F007300E90020004D0061006E00750065006C0000000200C400000078D6000075E0500000080000004600650072006E0061006E0064006F0000000200C400000079D60000FEE0500000060000004E0065006C0073006F006E0000000200C40000007AD6000006BB86000008000000480075006D0062006500720074006F0000000200C40000007BD6000098E05000000E000000520061006600610065006C00200045006E007200690071007500650000000200C40000007CD600001BAA8600000B0000004A006F007300E9002000520061006600610065006C0000000200C40000007DD60000D2073A000007000000
"Édson Araújo",308345,50176,319,"SC Corinthians Paulista",NORMAL,INTERNAL_PERSON_ID,50176,0x0032386B,False,-1,-1,43,37,F3F348C12A2627CE,"B|L|L|L|L|L|L|L|L|L|L|L|REF|L|L|I|I|I|I|I|B|L|L|L|L|L|L|L|S|L|L|L|S|B|I|I|",69006F0000000200C400000075D6000052C10100000B0000004A00650061006E0020004300610072006C006F00730000000200C400000076D6000061E050000007000000410072006E0061006C0064006F0000000200C400000077D60000EBDF5000000B0000004A006F007300E90020004D0061006E00750065006C0000000200C400000078D6000075E0500000080000004600650072006E0061006E0064006F0000000200C400000079D60000FEE0500000060000004E0065006C0073006F006E0000000200C40000007AD6000006BB86000008000000480075006D0062006500720074006F0000000200C40000007BD6000098E05000000E000000520061006600610065006C00200045006E007200690071007500650000000200C40000007CD600001BAA8600000B0000004A006F007300E9002000520061006600610065006C0000000200C40000007DD60000D2073A00000700000045006E007200690071007500650000000200C40000007ED600009FE0500000040000004800750067006F00
"Édson Araújo",308345,50176,319,"SC Corinthians Paulista",NORMAL,INTERNAL_PERSON_ID,50176,0x00323890,False,-1,-1,37,33,E7D4B6E1840CA800,"I|I|I|B|S|I|S|L|L|L|L|L|REF|L|L|I|I|I|I|B|L|L|L|L|L|L|L|L|S|L|L|L|S|B|I|I|",610072006C006F00730000000200C400000076D6000061E050000007000000410072006E0061006C0064006F0000000200C400000077D60000EBDF5000000B0000004A006F007300E90020004D0061006E00750065006C0000000200C400000078D6000075E0500000080000004600650072006E0061006E0064006F0000000200C400000079D60000FEE0500000060000004E0065006C0073006F006E0000000200C40000007AD6000006BB86000008000000480075006D0062006500720074006F0000000200C40000007BD6000098E05000000E000000520061006600610065006C00200045006E007200690071007500650000000200C40000007CD600001BAA8600000B0000004A006F007300E9002000520061006600610065006C0000000200C40000007DD60000D2073A00000700000045006E007200690071007500650000000200C40000007ED600009FE0500000040000004800750067006F0000000200C40000007FD60000A2E0500000050000004A0075006C0069006F0000000200C400
"Édson Araújo",308345,50176,319,"SC Corinthians Paulista",NORMAL,INTERNAL_PERSON_ID,50176,0x003238B1,False,-1,-1,33,37,2C3EBB53252AB87A,"I|I|I|I|B|S|I|S|L|L|L|L|REF|L|L|I|I|I|I|I|B|L|L|L|L|L|L|L|L|L|L|L|S|L|L|L|",72006E0061006C0064006F0000000200C400000077D60000EBDF5000000B0000004A006F007300E90020004D0061006E00750065006C0000000200C400000078D6000075E0500000080000004600650072006E0061006E0064006F0000000200C400000079D60000FEE0500000060000004E0065006C0073006F006E0000000200C40000007AD6000006BB86000008000000480075006D0062006500720074006F0000000200C40000007BD6000098E05000000E000000520061006600610065006C00200045006E007200690071007500650000000200C40000007CD600001BAA8600000B0000004A006F007300E9002000520061006600610065006C0000000200C40000007DD60000D2073A00000700000045006E007200690071007500650000000200C40000007ED600009FE0500000040000004800750067006F0000000200C40000007FD60000A2E0500000050000004A0075006C0069006F0000000200C400000080D60000F8E0500000060000004600720061006E0063006F0000000200C400
"Édson Araújo",308345,50176,319,"SC Corinthians Paulista",NORMAL,INTERNAL_PERSON_ID,50176,0x003238D6,False,-1,-1,37,49,D3D8C166DEB14D48,"I|I|I|B|S|I|S|L|L|L|L|L|REF|L|L|I|I|I|I|I|I|I|I|B|L|L|L|L|L|L|L|L|L|L|L|S|",7300E90020004D0061006E00750065006C0000000200C400000078D6000075E0500000080000004600650072006E0061006E0064006F0000000200C400000079D60000FEE0500000060000004E0065006C0073006F006E0000000200C40000007AD6000006BB86000008000000480075006D0062006500720074006F0000000200C40000007BD6000098E05000000E000000520061006600610065006C00200045006E007200690071007500650000000200C40000007CD600001BAA8600000B0000004A006F007300E9002000520061006600610065006C0000000200C40000007DD60000D2073A00000700000045006E007200690071007500650000000200C40000007ED600009FE0500000040000004800750067006F0000000200C40000007FD60000A2E0500000050000004A0075006C0069006F0000000200C400000080D60000F8E0500000060000004600720061006E0063006F0000000200C400000081D6000058F24D000006000000440069006C006D006100720000000100C400000082D6
"Édson Araújo",308345,50176,319,"SC Corinthians Paulista",NORMAL,INTERNAL_PERSON_ID,50176,0x00323907,False,-1,-1,49,43,A8AFD195180A9B32,"B|S|I|S|L|L|L|L|L|L|L|L|REF|L|L|I|I|I|I|I|I|I|I|B|S|I|S|L|L|L|S|L|L|L|S|B|",6E0064006F0000000200C400000079D60000FEE0500000060000004E0065006C0073006F006E0000000200C40000007AD6000006BB86000008000000480075006D0062006500720074006F0000000200C40000007BD6000098E05000000E000000520061006600610065006C00200045006E007200690071007500650000000200C40000007CD600001BAA8600000B0000004A006F007300E9002000520061006600610065006C0000000200C40000007DD60000D2073A00000700000045006E007200690071007500650000000200C40000007ED600009FE0500000040000004800750067006F0000000200C40000007FD60000A2E0500000050000004A0075006C0069006F0000000200C400000080D60000F8E0500000060000004600720061006E0063006F0000000200C400000081D6000058F24D000006000000440069006C006D006100720000000100C400000082D60000C9E0500000100000005200650069006E0061006C0064006F00200041006C0066006F006E0073006F0000000100C400
"Édson Araújo",308345,50176,319,"SC Corinthians Paulista",NORMAL,INTERNAL_PERSON_ID,50176,0x00323932,False,-1,-1,43,35,D7CC871B828CE27E,"B|L|L|L|L|L|L|L|L|L|L|L|REF|L|L|I|I|I|I|I|I|B|S|I|S|L|L|L|S|L|L|I|I|I|I|I|",C40000007AD6000006BB86000008000000480075006D0062006500720074006F0000000200C40000007BD6000098E05000000E000000520061006600610065006C00200045006E007200690071007500650000000200C40000007CD600001BAA8600000B0000004A006F007300E9002000520061006600610065006C0000000200C40000007DD60000D2073A00000700000045006E007200690071007500650000000200C40000007ED600009FE0500000040000004800750067006F0000000200C40000007FD60000A2E0500000050000004A0075006C0069006F0000000200C400000080D60000F8E0500000060000004600720061006E0063006F0000000200C400000081D6000058F24D000006000000440069006C006D006100720000000100C400000082D60000C9E0500000100000005200650069006E0061006C0064006F00200041006C0066006F006E0073006F0000000100C400000083D60000F7DF500000050000005900650072006C00690000000100C400000084D60000C8E05000000E
"Édson Araújo",308345,50176,319,"SC Corinthians Paulista",NORMAL,INTERNAL_PERSON_ID,50176,0x00323955,False,-1,-1,35,29,55865DE79624638C,"I|I|B|L|L|L|L|L|L|L|L|L|REF|L|L|I|I|I|B|L|L|L|L|L|L|L|L|S|L|L|I|I|I|I|B|L|",0200C40000007BD6000098E05000000E000000520061006600610065006C00200045006E007200690071007500650000000200C40000007CD600001BAA8600000B0000004A006F007300E9002000520061006600610065006C0000000200C40000007DD60000D2073A00000700000045006E007200690071007500650000000200C40000007ED600009FE0500000040000004800750067006F0000000200C40000007FD60000A2E0500000050000004A0075006C0069006F0000000200C400000080D60000F8E0500000060000004600720061006E0063006F0000000200C400000081D6000058F24D000006000000440069006C006D006100720000000100C400000082D60000C9E0500000100000005200650069006E0061006C0064006F00200041006C0066006F006E0073006F0000000100C400000083D60000F7DF500000050000005900650072006C00690000000100C400000084D60000C8E05000000E0000004A006F007300E900200041006C006500780061006E0064006500720000000100
"Édson Araújo",308345,50176,319,"SC Corinthians Paulista",NORMAL,INTERNAL_PERSON_ID,50176,0x00323972,False,-1,-1,29,31,FCCCE5F9CBF26290,"I|I|I|I|I|B|S|I|S|L|L|L|REF|L|L|I|I|I|I|I|B|S|I|S|L|L|L|L|S|L|L|I|I|I|I|B|",6C00200045006E007200690071007500650000000200C40000007CD600001BAA8600000B0000004A006F007300E9002000520061006600610065006C0000000200C40000007DD60000D2073A00000700000045006E007200690071007500650000000200C40000007ED600009FE0500000040000004800750067006F0000000200C40000007FD60000A2E0500000050000004A0075006C0069006F0000000200C400000080D60000F8E0500000060000004600720061006E0063006F0000000200C400000081D6000058F24D000006000000440069006C006D006100720000000100C400000082D60000C9E0500000100000005200650069006E0061006C0064006F00200041006C0066006F006E0073006F0000000100C400000083D60000F7DF500000050000005900650072006C00690000000100C400000084D60000C8E05000000E0000004A006F007300E900200041006C006500780061006E0064006500720000000100C400000085D60000F6DF50000006000000440075007300740069006E00
"Édson Araújo",308345,50176,319,"SC Corinthians Paulista",NORMAL,INTERNAL_PERSON_ID,50176,0x00323991,False,-1,-1,31,33,799597072CB27512,"I|I|I|B|L|L|L|L|L|L|L|L|REF|L|L|I|I|I|I|B|L|L|L|L|L|L|L|S|L|L|L|S|B|I|I|I|",AA8600000B0000004A006F007300E9002000520061006600610065006C0000000200C40000007DD60000D2073A00000700000045006E007200690071007500650000000200C40000007ED600009FE0500000040000004800750067006F0000000200C40000007FD60000A2E0500000050000004A0075006C0069006F0000000200C400000080D60000F8E0500000060000004600720061006E0063006F0000000200C400000081D6000058F24D000006000000440069006C006D006100720000000100C400000082D60000C9E0500000100000005200650069006E0061006C0064006F00200041006C0066006F006E0073006F0000000100C400000083D60000F7DF500000050000005900650072006C00690000000100C400000084D60000C8E05000000E0000004A006F007300E900200041006C006500780061006E0064006500720000000100C400000085D60000F6DF50000006000000440075007300740069006E0000000100C400000086D60000C5E05000000500000052006F006E006E007900
"Édson Araújo",308345,50176,319,"SC Corinthians Paulista",NORMAL,INTERNAL_PERSON_ID,50176,0x003239B2,False,-1,-1,33,33,696D98005BBA8B17,"I|I|I|I|B|S|I|S|L|L|L|L|REF|L|L|I|I|I|I|B|L|L|L|L|L|L|L|L|L|L|L|L|S|L|L|L|",00C40000007DD60000D2073A00000700000045006E007200690071007500650000000200C40000007ED600009FE0500000040000004800750067006F0000000200C40000007FD60000A2E0500000050000004A0075006C0069006F0000000200C400000080D60000F8E0500000060000004600720061006E0063006F0000000200C400000081D6000058F24D000006000000440069006C006D006100720000000100C400000082D60000C9E0500000100000005200650069006E0061006C0064006F00200041006C0066006F006E0073006F0000000100C400000083D60000F7DF500000050000005900650072006C00690000000100C400000084D60000C8E05000000E0000004A006F007300E900200041006C006500780061006E0064006500720000000100C400000085D60000F6DF50000006000000440075007300740069006E0000000100C400000086D60000C5E05000000500000052006F006E006E00790000000100C400000087D60000C1E05000000F00000052006F00620069006E007300
"Édson Araújo",308345,50176,319,"SC Corinthians Paulista",NORMAL,INTERNAL_PERSON_ID,50176,0x003239D3,False,-1,-1,33,53,510E6CABD229B3B9,"I|I|I|I|B|S|I|S|L|L|L|L|REF|L|L|I|I|I|I|I|I|I|I|I|B|L|L|L|L|L|L|L|L|S|L|L|",000200C40000007ED600009FE0500000040000004800750067006F0000000200C40000007FD60000A2E0500000050000004A0075006C0069006F0000000200C400000080D60000F8E0500000060000004600720061006E0063006F0000000200C400000081D6000058F24D000006000000440069006C006D006100720000000100C400000082D60000C9E0500000100000005200650069006E0061006C0064006F00200041006C0066006F006E0073006F0000000100C400000083D60000F7DF500000050000005900650072006C00690000000100C400000084D60000C8E05000000E0000004A006F007300E900200041006C006500780061006E0064006500720000000100C400000085D60000F6DF50000006000000440075007300740069006E0000000100C400000086D60000C5E05000000500000052006F006E006E00790000000100C400000087D60000C1E05000000F00000052006F00620069006E0073006F006E002000440061006E00690065006C0000000100C400000088D6000017AA86
"Édson Araújo",308345,50176,319,"SC Corinthians Paulista",NORMAL,INTERNAL_PERSON_ID,50176,0x00323A08,False,-1,-1,53,31,27D48558EC319463,"S|I|S|L|L|L|L|L|L|L|L|L|REF|L|L|I|I|I|I|I|B|S|I|S|L|L|L|L|L|L|L|L|S|L|L|I|",6C0069006F0000000200C400000080D60000F8E0500000060000004600720061006E0063006F0000000200C400000081D6000058F24D000006000000440069006C006D006100720000000100C400000082D60000C9E0500000100000005200650069006E0061006C0064006F00200041006C0066006F006E0073006F0000000100C400000083D60000F7DF500000050000005900650072006C00690000000100C400000084D60000C8E05000000E0000004A006F007300E900200041006C006500780061006E0064006500720000000100C400000085D60000F6DF50000006000000440075007300740069006E0000000100C400000086D60000C5E05000000500000052006F006E006E00790000000100C400000087D60000C1E05000000F00000052006F00620069006E0073006F006E002000440061006E00690065006C0000000100C400000088D6000017AA86000005000000450073006D006900670000000100C400000089D60000BBE05000000700000041006C0066006F006E0073006F000000
"Édson Araújo",308345,50176,319,"SC Corinthians Paulista",NORMAL,INTERNAL_PERSON_ID,50176,0x00323A27,False,-1,-1,31,49,1E1C1809E7047D27,"I|I|I|B|L|L|L|L|L|L|L|L|REF|L|L|I|I|I|I|I|I|I|I|B|L|L|L|L|L|L|L|S|L|L|L|S|",61006E0063006F0000000200C400000081D6000058F24D000006000000440069006C006D006100720000000100C400000082D60000C9E0500000100000005200650069006E0061006C0064006F00200041006C0066006F006E0073006F0000000100C400000083D60000F7DF500000050000005900650072006C00690000000100C400000084D60000C8E05000000E0000004A006F007300E900200041006C006500780061006E0064006500720000000100C400000085D60000F6DF50000006000000440075007300740069006E0000000100C400000086D60000C5E05000000500000052006F006E006E00790000000100C400000087D60000C1E05000000F00000052006F00620069006E0073006F006E002000440061006E00690065006C0000000100C400000088D6000017AA86000005000000450073006D006900670000000100C400000089D60000BBE05000000700000041006C0066006F006E0073006F0000000100C40000008AD60000B8E05000000A0000004100720075006E0061002000
"Édson Araújo",308345,50176,319,"SC Corinthians Paulista",NORMAL,INTERNAL_PERSON_ID,50176,0x00323A58,False,-1,-1,49,33,4DDE9B3C981D9624,"B|S|I|S|L|L|L|L|L|L|L|L|REF|L|L|I|I|I|I|B|L|L|L|L|L|L|L|L|S|L|L|I|I|I|I|I|",82D60000C9E0500000100000005200650069006E0061006C0064006F00200041006C0066006F006E0073006F0000000100C400000083D60000F7DF500000050000005900650072006C00690000000100C400000084D60000C8E05000000E0000004A006F007300E900200041006C006500780061006E0064006500720000000100C400000085D60000F6DF50000006000000440075007300740069006E0000000100C400000086D60000C5E05000000500000052006F006E006E00790000000100C400000087D60000C1E05000000F00000052006F00620069006E0073006F006E002000440061006E00690065006C0000000100C400000088D6000017AA86000005000000450073006D006900670000000100C400000089D60000BBE05000000700000041006C0066006F006E0073006F0000000100C40000008AD60000B8E05000000A0000004100720075006E00610020004A006F007300E90000000100C40000008BD6000020465000000800000045007600610072006900730074006F0000000100
"Édson Araújo",308345,50176,319,"SC Corinthians Paulista",NORMAL,INTERNAL_PERSON_ID,50176,0x00323A79,False,-1,-1,33,31,04464AA7E3268BC8,"I|I|I|I|B|S|I|S|L|L|L|L|REF|L|L|I|I|I|I|I|B|S|I|S|L|L|L|L|L|L|L|S|L|L|L|S|",6C0066006F006E0073006F0000000100C400000083D60000F7DF500000050000005900650072006C00690000000100C400000084D60000C8E05000000E0000004A006F007300E900200041006C006500780061006E0064006500720000000100C400000085D60000F6DF50000006000000440075007300740069006E0000000100C400000086D60000C5E05000000500000052006F006E006E00790000000100C400000087D60000C1E05000000F00000052006F00620069006E0073006F006E002000440061006E00690065006C0000000100C400000088D6000017AA86000005000000450073006D006900670000000100C400000089D60000BBE05000000700000041006C0066006F006E0073006F0000000100C40000008AD60000B8E05000000A0000004100720075006E00610020004A006F007300E90000000100C40000008BD6000020465000000800000045007600610072006900730074006F0000000100C40000008CD60000B4E0500000080000004C00610075007200650061006E006F00
"Édson Araújo",308345,50176,319,"SC Corinthians Paulista",NORMAL,INTERNAL_PERSON_ID,50176,0x00323A98,False,-1,-1,31,51,585FCD5A0B60A702,"I|I|I|B|L|L|L|L|L|L|L|L|REF|L|L|I|I|I|I|I|I|I|I|I|I|B|S|I|S|L|L|S|L|L|L|S|",00005900650072006C00690000000100C400000084D60000C8E05000000E0000004A006F007300E900200041006C006500780061006E0064006500720000000100C400000085D60000F6DF50000006000000440075007300740069006E0000000100C400000086D60000C5E05000000500000052006F006E006E00790000000100C400000087D60000C1E05000000F00000052006F00620069006E0073006F006E002000440061006E00690065006C0000000100C400000088D6000017AA86000005000000450073006D006900670000000100C400000089D60000BBE05000000700000041006C0066006F006E0073006F0000000100C40000008AD60000B8E05000000A0000004100720075006E00610020004A006F007300E90000000100C40000008BD6000020465000000800000045007600610072006900730074006F0000000100C40000008CD60000B4E0500000080000004C00610075007200650061006E006F0000000100C40000008DD60000B3E0500000090000004A0065007300FA007300
"Édson Araújo",308345,50176,319,"SC Corinthians Paulista",NORMAL,INTERNAL_PERSON_ID,50176,0x00323ACB,False,-1,-1,51,31,C473CD677F3011B2,"L|L|L|L|L|L|L|L|L|L|L|L|REF|L|L|I|I|I|I|I|B|S|I|S|L|L|L|S|L|L|L|S|B|I|I|I|",61006E0064006500720000000100C400000085D60000F6DF50000006000000440075007300740069006E0000000100C400000086D60000C5E05000000500000052006F006E006E00790000000100C400000087D60000C1E05000000F00000052006F00620069006E0073006F006E002000440061006E00690065006C0000000100C400000088D6000017AA86000005000000450073006D006900670000000100C400000089D60000BBE05000000700000041006C0066006F006E0073006F0000000100C40000008AD60000B8E05000000A0000004100720075006E00610020004A006F007300E90000000100C40000008BD6000020465000000800000045007600610072006900730074006F0000000100C40000008CD60000B4E0500000080000004C00610075007200650061006E006F0000000100C40000008DD60000B3E0500000090000004A0065007300FA007300200041006C00ED0000000100C40000008ED60000FBBA860000050000004A006F006E006100790000000100C40000008FD60000
"Édson Araújo",308345,50176,319,"SC Corinthians Paulista",NORMAL,INTERNAL_PERSON_ID,50176,0x00323AEA,False,-1,-1,31,35,CCD8F2B50DE76F3D,"I|I|I|B|L|L|L|L|L|L|L|L|REF|L|L|I|I|I|I|I|I|B|S|I|S|L|L|L|L|L|L|S|L|L|I|I|",440075007300740069006E0000000100C400000086D60000C5E05000000500000052006F006E006E00790000000100C400000087D60000C1E05000000F00000052006F00620069006E0073006F006E002000440061006E00690065006C0000000100C400000088D6000017AA86000005000000450073006D006900670000000100C400000089D60000BBE05000000700000041006C0066006F006E0073006F0000000100C40000008AD60000B8E05000000A0000004100720075006E00610020004A006F007300E90000000100C40000008BD6000020465000000800000045007600610072006900730074006F0000000100C40000008CD60000B4E0500000080000004C00610075007200650061006E006F0000000100C40000008DD60000B3E0500000090000004A0065007300FA007300200041006C00ED0000000100C40000008ED60000FBBA860000050000004A006F006E006100790000000100C40000008FD600001C6A4F0000060000004A00610072007200ED006E0000000100C400000090D6
"Édson Araújo",308345,50176,319,"SC Corinthians Paulista",NORMAL,INTERNAL_PERSON_ID,50176,0x00323B0D,False,-1,-1,35,41,B253B025132EE81C,"I|I|B|L|L|L|L|L|L|L|L|L|REF|L|L|I|I|I|I|I|I|B|L|L|L|L|L|L|L|L|S|L|L|L|S|B|",6F006E006E00790000000100C400000087D60000C1E05000000F00000052006F00620069006E0073006F006E002000440061006E00690065006C0000000100C400000088D6000017AA86000005000000450073006D006900670000000100C400000089D60000BBE05000000700000041006C0066006F006E0073006F0000000100C40000008AD60000B8E05000000A0000004100720075006E00610020004A006F007300E90000000100C40000008BD6000020465000000800000045007600610072006900730074006F0000000100C40000008CD60000B4E0500000080000004C00610075007200650061006E006F0000000100C40000008DD60000B3E0500000090000004A0065007300FA007300200041006C00ED0000000100C40000008ED60000FBBA860000050000004A006F006E006100790000000100C40000008FD600001C6A4F0000060000004A00610072007200ED006E0000000100C400000090D60000FCBA8600000D0000004A006F0072006700650020004F0072006C0061006E006400
"Édson Araújo",308345,50176,319,"SC Corinthians Paulista",NORMAL,INTERNAL_PERSON_ID,50176,0x00323B36,False,-1,-1,41,37,1C7A0BC13B25CBBB,"I|I|B|S|I|S|L|L|L|L|L|L|REF|L|L|I|I|I|I|I|B|L|L|L|L|L|L|L|L|S|L|L|L|S|B|I|",6F006E002000440061006E00690065006C0000000100C400000088D6000017AA86000005000000450073006D006900670000000100C400000089D60000BBE05000000700000041006C0066006F006E0073006F0000000100C40000008AD60000B8E05000000A0000004100720075006E00610020004A006F007300E90000000100C40000008BD6000020465000000800000045007600610072006900730074006F0000000100C40000008CD60000B4E0500000080000004C00610075007200650061006E006F0000000100C40000008DD60000B3E0500000090000004A0065007300FA007300200041006C00ED0000000100C40000008ED60000FBBA860000050000004A006F006E006100790000000100C40000008FD600001C6A4F0000060000004A00610072007200ED006E0000000100C400000090D60000FCBA8600000D0000004A006F0072006700650020004F0072006C0061006E0064006F0000000100C400000091D6000016AA8600000D0000004D00610072007400ED006E0020004A006100
"Édson Araújo",308345,50176,319,"SC Corinthians Paulista",NORMAL,INTERNAL_PERSON_ID,50176,0x00323B5B,False,-1,-1,37,37,81AEA284DF669765,"I|L|I|B|S|I|S|L|L|L|L|L|REF|L|L|I|I|I|I|I|B|L|L|L|L|L|L|L|L|L|L|S|L|L|I|I|",0000450073006D006900670000000100C400000089D60000BBE05000000700000041006C0066006F006E0073006F0000000100C40000008AD60000B8E05000000A0000004100720075006E00610020004A006F007300E90000000100C40000008BD6000020465000000800000045007600610072006900730074006F0000000100C40000008CD60000B4E0500000080000004C00610075007200650061006E006F0000000100C40000008DD60000B3E0500000090000004A0065007300FA007300200041006C00ED0000000100C40000008ED60000FBBA860000050000004A006F006E006100790000000100C40000008FD600001C6A4F0000060000004A00610072007200ED006E0000000100C400000090D60000FCBA8600000D0000004A006F0072006700650020004F0072006C0061006E0064006F0000000100C400000091D6000016AA8600000D0000004D00610072007400ED006E0020004A006100760069006500720000000100C400000092D60000CCE0500000060000004700610062006900
"Édson Araújo",308345,50176,319,"SC Corinthians Paulista",NORMAL,INTERNAL_PERSON_ID,50176,0x00323B80,False,-1,-1,37,39,B040F7BEF32553A9,"I|I|I|B|S|I|S|L|L|L|L|L|REF|L|L|I|I|I|I|I|L|I|B|S|I|S|L|L|S|L|L|L|S|B|I|I|",66006F006E0073006F0000000100C40000008AD60000B8E05000000A0000004100720075006E00610020004A006F007300E90000000100C40000008BD6000020465000000800000045007600610072006900730074006F0000000100C40000008CD60000B4E0500000080000004C00610075007200650061006E006F0000000100C40000008DD60000B3E0500000090000004A0065007300FA007300200041006C00ED0000000100C40000008ED60000FBBA860000050000004A006F006E006100790000000100C40000008FD600001C6A4F0000060000004A00610072007200ED006E0000000100C400000090D60000FCBA8600000D0000004A006F0072006700650020004F0072006C0061006E0064006F0000000100C400000091D6000016AA8600000D0000004D00610072007400ED006E0020004A006100760069006500720000000100C400000092D60000CCE05000000600000047006100620069006E006F0000000100C400000093D60000B1E0500000050000004600720061006E006B000000
"Édson Araújo",308345,50176,319,"SC Corinthians Paulista",NORMAL,INTERNAL_PERSON_ID,50176,0x00323BA7,False,-1,-1,39,31,B31AB6249BBD522E,"I|B|L|L|L|L|L|L|L|L|L|L|REF|L|L|I|I|I|I|I|B|S|I|S|L|L|L|L|S|L|L|I|I|I|I|I|",610020004A006F007300E90000000100C40000008BD6000020465000000800000045007600610072006900730074006F0000000100C40000008CD60000B4E0500000080000004C00610075007200650061006E006F0000000100C40000008DD60000B3E0500000090000004A0065007300FA007300200041006C00ED0000000100C40000008ED60000FBBA860000050000004A006F006E006100790000000100C40000008FD600001C6A4F0000060000004A00610072007200ED006E0000000100C400000090D60000FCBA8600000D0000004A006F0072006700650020004F0072006C0061006E0064006F0000000100C400000091D6000016AA8600000D0000004D00610072007400ED006E0020004A006100760069006500720000000100C400000092D60000CCE05000000600000047006100620069006E006F0000000100C400000093D60000B1E0500000050000004600720061006E006B0000000100C400000094D6000001BB8600000A0000004300680072006900730074006F00660065007200
"Édson Araújo",308345,50176,319,"SC Corinthians Paulista",NORMAL,INTERNAL_PERSON_ID,50176,0x00323BC6,False,-1,-1,31,33,1F84D21751C97E0F,"L|I|I|B|L|L|L|L|L|L|L|L|REF|L|L|I|I|I|L|B|L|L|L|L|L|L|L|L|L|L|L|L|S|L|L|I|",000045007600610072006900730074006F0000000100C40000008CD60000B4E0500000080000004C00610075007200650061006E006F0000000100C40000008DD60000B3E0500000090000004A0065007300FA007300200041006C00ED0000000100C40000008ED60000FBBA860000050000004A006F006E006100790000000100C40000008FD600001C6A4F0000060000004A00610072007200ED006E0000000100C400000090D60000FCBA8600000D0000004A006F0072006700650020004F0072006C0061006E0064006F0000000100C400000091D6000016AA8600000D0000004D00610072007400ED006E0020004A006100760069006500720000000100C400000092D60000CCE05000000600000047006100620069006E006F0000000100C400000093D60000B1E0500000050000004600720061006E006B0000000100C400000094D6000001BB8600000A0000004300680072006900730074006F0066006500720000000100C400000095D6000003BB8600000300000041006C00ED0000000100
"Édson Araújo",308345,50176,319,"SC Corinthians Paulista",NORMAL,INTERNAL_PERSON_ID,50176,0x00323BE7,False,-1,-1,33,47,227B29199BFB649A,"I|I|I|I|B|S|I|S|L|L|L|L|REF|L|L|I|I|I|I|I|I|I|I|I|B|S|I|S|L|L|L|L|L|L|S|L|",0000080000004C00610075007200650061006E006F0000000100C40000008DD60000B3E0500000090000004A0065007300FA007300200041006C00ED0000000100C40000008ED60000FBBA860000050000004A006F006E006100790000000100C40000008FD600001C6A4F0000060000004A00610072007200ED006E0000000100C400000090D60000FCBA8600000D0000004A006F0072006700650020004F0072006C0061006E0064006F0000000100C400000091D6000016AA8600000D0000004D00610072007400ED006E0020004A006100760069006500720000000100C400000092D60000CCE05000000600000047006100620069006E006F0000000100C400000093D60000B1E0500000050000004600720061006E006B0000000100C400000094D6000001BB8600000A0000004300680072006900730074006F0066006500720000000100C400000095D6000003BB8600000300000041006C00ED0000000100C400000096D60000B0E05000001100000041006C0065006A0061006E0064007200
"Édson Araújo",308345,50176,319,"SC Corinthians Paulista",NORMAL,INTERNAL_PERSON_ID,50176,0x00323C16,False,-1,-1,47,47,80820E45AB4AEA3D,"L|L|L|L|L|L|L|L|L|L|L|L|REF|L|L|I|I|I|L|I|I|I|I|I|B|S|I|S|L|L|L|L|S|L|L|I|",7300FA007300200041006C00ED0000000100C40000008ED60000FBBA860000050000004A006F006E006100790000000100C40000008FD600001C6A4F0000060000004A00610072007200ED006E0000000100C400000090D60000FCBA8600000D0000004A006F0072006700650020004F0072006C0061006E0064006F0000000100C400000091D6000016AA8600000D0000004D00610072007400ED006E0020004A006100760069006500720000000100C400000092D60000CCE05000000600000047006100620069006E006F0000000100C400000093D60000B1E0500000050000004600720061006E006B0000000100C400000094D6000001BB8600000A0000004300680072006900730074006F0066006500720000000100C400000095D6000003BB8600000300000041006C00ED0000000100C400000096D60000B0E05000001100000041006C0065006A0061006E00640072006F00200041006D00E9007200690063006F0000000100C400000097D60000224240000006000000490073006D006100
"Édson Araújo",308345,50176,319,"SC Corinthians Paulista",NORMAL,INTERNAL_PERSON_ID,50176,0x00323C45,False,-1,-1,47,33,B55DA1815EBC2481,"L|L|L|L|L|L|L|L|L|L|L|L|REF|L|L|I|I|I|I|B|L|L|L|L|L|L|L|L|S|L|L|I|I|I|I|I|",0100C40000008FD600001C6A4F0000060000004A00610072007200ED006E0000000100C400000090D60000FCBA8600000D0000004A006F0072006700650020004F0072006C0061006E0064006F0000000100C400000091D6000016AA8600000D0000004D00610072007400ED006E0020004A006100760069006500720000000100C400000092D60000CCE05000000600000047006100620069006E006F0000000100C400000093D60000B1E0500000050000004600720061006E006B0000000100C400000094D6000001BB8600000A0000004300680072006900730074006F0066006500720000000100C400000095D6000003BB8600000300000041006C00ED0000000100C400000096D60000B0E05000001100000041006C0065006A0061006E00640072006F00200041006D00E9007200690063006F0000000100C400000097D60000224240000006000000490073006D00610065006C0000000100C400000098D60000AFE05000000600000052006F00690073006300790000000100C400000099D6
"Édson Araújo",308345,50176,319,"SC Corinthians Paulista",NORMAL,INTERNAL_PERSON_ID,50176,0x00323C66,False,-1,-1,33,31,12E7F45E943F6835,"I|I|I|I|B|S|I|S|L|L|L|L|REF|L|L|I|I|I|I|I|B|S|I|S|L|L|L|L|L|L|S|L|L|I|I|L|",0100C400000090D60000FCBA8600000D0000004A006F0072006700650020004F0072006C0061006E0064006F0000000100C400000091D6000016AA8600000D0000004D00610072007400ED006E0020004A006100760069006500720000000100C400000092D60000CCE05000000600000047006100620069006E006F0000000100C400000093D60000B1E0500000050000004600720061006E006B0000000100C400000094D6000001BB8600000A0000004300680072006900730074006F0066006500720000000100C400000095D6000003BB8600000300000041006C00ED0000000100C400000096D60000B0E05000001100000041006C0065006A0061006E00640072006F00200041006D00E9007200690063006F0000000100C400000097D60000224240000006000000490073006D00610065006C0000000100C400000098D60000AFE05000000600000052006F00690073006300790000000100C400000099D60000AEE05000000F00000050006C00E1006300690064006F002000460072006F00
"Édson Araújo",308345,50176,319,"SC Corinthians Paulista",NORMAL,INTERNAL_PERSON_ID,50176,0x00323C85,False,-1,-1,31,41,B0D360930D0A5873,"I|I|I|B|L|L|L|L|L|L|L|L|REF|L|L|I|I|I|I|I|I|B|L|L|L|L|L|L|L|S|L|L|I|I|I|I|",4F0072006C0061006E0064006F0000000100C400000091D6000016AA8600000D0000004D00610072007400ED006E0020004A006100760069006500720000000100C400000092D60000CCE05000000600000047006100620069006E006F0000000100C400000093D60000B1E0500000050000004600720061006E006B0000000100C400000094D6000001BB8600000A0000004300680072006900730074006F0066006500720000000100C400000095D6000003BB8600000300000041006C00ED0000000100C400000096D60000B0E05000001100000041006C0065006A0061006E00640072006F00200041006D00E9007200690063006F0000000100C400000097D60000224240000006000000490073006D00610065006C0000000100C400000098D60000AFE05000000600000052006F00690073006300790000000100C400000099D60000AEE05000000F00000050006C00E1006300690064006F002000460072006F0069006C00E1006E0000000100C40000009AD6000018AA860000060000004500
"Édson Araújo",308345,50176,319,"SC Corinthians Paulista",NORMAL,INTERNAL_PERSON_ID,50176,0x00323CAE,False,-1,-1,41,27,FC9D58A2DFB6FF65,"I|I|B|S|I|S|L|L|L|L|L|L|REF|L|L|I|I|L|I|B|S|I|S|L|L|L|L|L|L|L|L|S|L|L|L|S|",7400ED006E0020004A006100760069006500720000000100C400000092D60000CCE05000000600000047006100620069006E006F0000000100C400000093D60000B1E0500000050000004600720061006E006B0000000100C400000094D6000001BB8600000A0000004300680072006900730074006F0066006500720000000100C400000095D6000003BB8600000300000041006C00ED0000000100C400000096D60000B0E05000001100000041006C0065006A0061006E00640072006F00200041006D00E9007200690063006F0000000100C400000097D60000224240000006000000490073006D00610065006C0000000100C400000098D60000AFE05000000600000052006F00690073006300790000000100C400000099D60000AEE05000000F00000050006C00E1006300690064006F002000460072006F0069006C00E1006E0000000100C40000009AD6000018AA8600000600000045006400770061007200640000000100C40000009BD60000EEDF5000000F0000004A006F007300E9002000
"Édson Araújo",308345,50176,319,"SC Corinthians Paulista",NORMAL,INTERNAL_PERSON_ID,50176,0x00323CC9,False,-1,-1,27,55,B8C6230972ADCC6D,"I|I|I|I|B|L|L|L|L|L|L|L|REF|L|L|I|I|I|I|I|I|I|L|I|I|I|B|S|I|S|L|L|L|L|S|L|",0092D60000CCE05000000600000047006100620069006E006F0000000100C400000093D60000B1E0500000050000004600720061006E006B0000000100C400000094D6000001BB8600000A0000004300680072006900730074006F0066006500720000000100C400000095D6000003BB8600000300000041006C00ED0000000100C400000096D60000B0E05000001100000041006C0065006A0061006E00640072006F00200041006D00E9007200690063006F0000000100C400000097D60000224240000006000000490073006D00610065006C0000000100C400000098D60000AFE05000000600000052006F00690073006300790000000100C400000099D60000AEE05000000F00000050006C00E1006300690064006F002000460072006F0069006C00E1006E0000000100C40000009AD6000018AA8600000600000045006400770061007200640000000100C40000009BD60000EEDF5000000F0000004A006F007300E900200043006F006E0063006500700063006900F3006E0000000100C40000
"Édson Araújo",308345,50176,319,"SC Corinthians Paulista",NORMAL,INTERNAL_PERSON_ID,50176,0x00323D00,False,-1,-1,55,33,41CB81B36DA8D6A4,"L|L|L|L|L|L|L|L|L|L|L|L|REF|L|L|I|I|I|I|B|L|L|L|L|L|L|L|S|L|L|L|S|B|I|I|I|",6B0000000100C400000094D6000001BB8600000A0000004300680072006900730074006F0066006500720000000100C400000095D6000003BB8600000300000041006C00ED0000000100C400000096D60000B0E05000001100000041006C0065006A0061006E00640072006F00200041006D00E9007200690063006F0000000100C400000097D60000224240000006000000490073006D00610065006C0000000100C400000098D60000AFE05000000600000052006F00690073006300790000000100C400000099D60000AEE05000000F00000050006C00E1006300690064006F002000460072006F0069006C00E1006E0000000100C40000009AD6000018AA8600000600000045006400770061007200640000000100C40000009BD60000EEDF5000000F0000004A006F007300E900200043006F006E0063006500700063006900F3006E0000000100C40000009CD600001AAA860000050000005000610062006C006F0000000100C40000009DD60000A3E05000000600000044006500720077006900
"Édson Araújo",308345,50176,319,"SC Corinthians Paulista",NORMAL,INTERNAL_PERSON_ID,50176,0x00323D21,False,-1,-1,33,33,CCAC27FFB498FBD2,"L|I|I|I|B|S|I|S|L|L|L|L|REF|L|L|I|I|I|I|B|L|L|L|L|L|L|L|L|L|L|L|L|L|S|L|L|",74006F0066006500720000000100C400000095D6000003BB8600000300000041006C00ED0000000100C400000096D60000B0E05000001100000041006C0065006A0061006E00640072006F00200041006D00E9007200690063006F0000000100C400000097D60000224240000006000000490073006D00610065006C0000000100C400000098D60000AFE05000000600000052006F00690073006300790000000100C400000099D60000AEE05000000F00000050006C00E1006300690064006F002000460072006F0069006C00E1006E0000000100C40000009AD6000018AA8600000600000045006400770061007200640000000100C40000009BD60000EEDF5000000F0000004A006F007300E900200043006F006E0063006500700063006900F3006E0000000100C40000009CD600001AAA860000050000005000610062006C006F0000000100C40000009DD60000A3E050000006000000440065007200770069006E0000000100C40000009ED60000CDE050000005000000440061007200ED006F00
"Édson Araújo",308345,50176,319,"SC Corinthians Paulista",NORMAL,INTERNAL_PERSON_ID,50176,0x00323D42,False,-1,-1,33,51,398645C988A000E3,"I|I|I|I|B|S|I|S|L|L|L|L|REF|L|L|I|I|L|I|I|I|I|I|I|I|B|S|I|S|L|L|L|L|S|L|L|",6C00ED0000000100C400000096D60000B0E05000001100000041006C0065006A0061006E00640072006F00200041006D00E9007200690063006F0000000100C400000097D60000224240000006000000490073006D00610065006C0000000100C400000098D60000AFE05000000600000052006F00690073006300790000000100C400000099D60000AEE05000000F00000050006C00E1006300690064006F002000460072006F0069006C00E1006E0000000100C40000009AD6000018AA8600000600000045006400770061007200640000000100C40000009BD60000EEDF5000000F0000004A006F007300E900200043006F006E0063006500700063006900F3006E0000000100C40000009CD600001AAA860000050000005000610062006C006F0000000100C40000009DD60000A3E050000006000000440065007200770069006E0000000100C40000009ED60000CDE050000005000000440061007200ED006F0000000100C40000009FD6000004BB860000080000004100730064007200FA006200
"Édson Araújo",308345,50176,319,"SC Corinthians Paulista",NORMAL,INTERNAL_PERSON_ID,50176,0x00323D75,False,-1,-1,51,33,86F1893955F7E3C2,"L|L|L|L|L|L|L|L|L|L|L|L|REF|L|L|I|I|I|I|B|L|L|L|L|L|L|L|L|L|L|L|L|L|S|L|L|",7200690063006F0000000100C400000097D60000224240000006000000490073006D00610065006C0000000100C400000098D60000AFE05000000600000052006F00690073006300790000000100C400000099D60000AEE05000000F00000050006C00E1006300690064006F002000460072006F0069006C00E1006E0000000100C40000009AD6000018AA8600000600000045006400770061007200640000000100C40000009BD60000EEDF5000000F0000004A006F007300E900200043006F006E0063006500700063006900F3006E0000000100C40000009CD600001AAA860000050000005000610062006C006F0000000100C40000009DD60000A3E050000006000000440065007200770069006E0000000100C40000009ED60000CDE050000005000000440061007200ED006F0000000100C40000009FD6000004BB860000080000004100730064007200FA00620061006C0000000100C4000000A0D60000A0E05000000D00000045006400690078006F006E0020005600690073006D0061007200
"Édson Araújo",308345,50176,319,"SC Corinthians Paulista",NORMAL,INTERNAL_PERSON_ID,50176,0x00323D96,False,-1,-1,33,51,337AB6C244B53788,"I|I|I|I|B|S|I|S|L|L|L|L|REF|L|L|I|I|I|I|I|I|I|I|I|I|B|S|I|S|L|L|S|L|L|L|S|",6D00610065006C0000000100C400000098D60000AFE05000000600000052006F00690073006300790000000100C400000099D60000AEE05000000F00000050006C00E1006300690064006F002000460072006F0069006C00E1006E0000000100C40000009AD6000018AA8600000600000045006400770061007200640000000100C40000009BD60000EEDF5000000F0000004A006F007300E900200043006F006E0063006500700063006900F3006E0000000100C40000009CD600001AAA860000050000005000610062006C006F0000000100C40000009DD60000A3E050000006000000440065007200770069006E0000000100C40000009ED60000CDE050000005000000440061007200ED006F0000000100C40000009FD6000004BB860000080000004100730064007200FA00620061006C0000000100C4000000A0D60000A0E05000000D00000045006400690078006F006E0020005600690073006D006100720000000100C4000000A1D6000015AA8600000700000041006C006300ED0064006500
"Édson Araújo",308345,50176,319,"SC Corinthians Paulista",NORMAL,INTERNAL_PERSON_ID,50176,0x00323DC9,False,-1,-1,51,31,90B455CA1D22B760,"L|L|L|L|L|L|L|L|L|L|L|L|REF|L|L|I|I|I|I|I|B|S|I|S|L|L|L|L|S|L|L|I|I|I|I|I|",0000AEE05000000F00000050006C00E1006300690064006F002000460072006F0069006C00E1006E0000000100C40000009AD6000018AA8600000600000045006400770061007200640000000100C40000009BD60000EEDF5000000F0000004A006F007300E900200043006F006E0063006500700063006900F3006E0000000100C40000009CD600001AAA860000050000005000610062006C006F0000000100C40000009DD60000A3E050000006000000440065007200770069006E0000000100C40000009ED60000CDE050000005000000440061007200ED006F0000000100C40000009FD6000004BB860000080000004100730064007200FA00620061006C0000000100C4000000A0D60000A0E05000000D00000045006400690078006F006E0020005600690073006D006100720000000100C4000000A1D6000015AA8600000700000041006C006300ED0064006500730000000100C4000000A2D600009EE0500000040000004E006F0065006C0000000100C4000000A3D600009DE0500000080000
"Édson Araújo",308345,50176,319,"SC Corinthians Paulista",NORMAL,INTERNAL_PERSON_ID,50176,0x00323DE8,False,-1,-1,31,33,5214A3826ABED9B4,"I|I|L|B|L|L|L|L|L|L|L|L|REF|L|L|I|I|I|I|B|L|L|L|L|L|L|L|L|S|L|L|I|I|I|L|I|",6F0069006C00E1006E0000000100C40000009AD6000018AA8600000600000045006400770061007200640000000100C40000009BD60000EEDF5000000F0000004A006F007300E900200043006F006E0063006500700063006900F3006E0000000100C40000009CD600001AAA860000050000005000610062006C006F0000000100C40000009DD60000A3E050000006000000440065007200770069006E0000000100C40000009ED60000CDE050000005000000440061007200ED006F0000000100C40000009FD6000004BB860000080000004100730064007200FA00620061006C0000000100C4000000A0D60000A0E05000000D00000045006400690078006F006E0020005600690073006D006100720000000100C4000000A1D6000015AA8600000700000041006C006300ED0064006500730000000100C4000000A2D600009EE0500000040000004E006F0065006C0000000100C4000000A3D600009DE05000000800000056006C006100640069006D006900720000000100C4000000A4D60000F7E0
"Édson Araújo",308345,50176,319,"SC Corinthians Paulista",NORMAL,INTERNAL_PERSON_ID,50176,0x00323E09,False,-1,-1,33,31,4192F96610C7D50B,"I|I|I|I|B|S|I|S|L|L|L|L|REF|L|L|I|I|I|I|I|B|S|I|S|L|L|L|L|L|S|L|L|I|I|I|I|",6400770061007200640000000100C40000009BD60000EEDF5000000F0000004A006F007300E900200043006F006E0063006500700063006900F3006E0000000100C40000009CD600001AAA860000050000005000610062006C006F0000000100C40000009DD60000A3E050000006000000440065007200770069006E0000000100C40000009ED60000CDE050000005000000440061007200ED006F0000000100C40000009FD6000004BB860000080000004100730064007200FA00620061006C0000000100C4000000A0D60000A0E05000000D00000045006400690078006F006E0020005600690073006D006100720000000100C4000000A1D6000015AA8600000700000041006C006300ED0064006500730000000100C4000000A2D600009EE0500000040000004E006F0065006C0000000100C4000000A3D600009DE05000000800000056006C006100640069006D006900720000000100C4000000A4D60000F7E05000000400000054006F006E00790000000100C4000000A5D60000F5BA86000005
"Édson Araújo",308345,50176,319,"SC Corinthians Paulista",NORMAL,INTERNAL_PERSON_ID,50176,0x00323E28,False,-1,-1,31,37,F5C9B86AF4B1379E,"I|I|I|B|L|L|L|L|L|L|L|L|REF|L|L|I|I|I|L|I|B|L|L|L|L|L|L|L|L|L|L|L|L|S|L|L|",4A006F007300E900200043006F006E0063006500700063006900F3006E0000000100C40000009CD600001AAA860000050000005000610062006C006F0000000100C40000009DD60000A3E050000006000000440065007200770069006E0000000100C40000009ED60000CDE050000005000000440061007200ED006F0000000100C40000009FD6000004BB860000080000004100730064007200FA00620061006C0000000100C4000000A0D60000A0E05000000D00000045006400690078006F006E0020005600690073006D006100720000000100C4000000A1D6000015AA8600000700000041006C006300ED0064006500730000000100C4000000A2D600009EE0500000040000004E006F0065006C0000000100C4000000A3D600009DE05000000800000056006C006100640069006D006900720000000100C4000000A4D60000F7E05000000400000054006F006E00790000000100C4000000A5D60000F5BA860000050000004B006100720069006D0000000100C4000000A6D600009BE050000009
"Édson Araújo",308345,50176,319,"SC Corinthians Paulista",NORMAL,INTERNAL_PERSON_ID,50176,0x00323E4D,False,-1,-1,37,47,6EEAA8F6A06C23B5,"I|I|I|B|S|I|S|L|L|L|L|L|REF|L|L|I|I|I|I|I|I|I|I|I|B|S|I|S|L|L|L|S|L|L|L|S|",009CD600001AAA860000050000005000610062006C006F0000000100C40000009DD60000A3E050000006000000440065007200770069006E0000000100C40000009ED60000CDE050000005000000440061007200ED006F0000000100C40000009FD6000004BB860000080000004100730064007200FA00620061006C0000000100C4000000A0D60000A0E05000000D00000045006400690078006F006E0020005600690073006D006100720000000100C4000000A1D6000015AA8600000700000041006C006300ED0064006500730000000100C4000000A2D600009EE0500000040000004E006F0065006C0000000100C4000000A3D600009DE05000000800000056006C006100640069006D006900720000000100C4000000A4D60000F7E05000000400000054006F006E00790000000100C4000000A5D60000F5BA860000050000004B006100720069006D0000000100C4000000A6D600009BE0500000090000004A006F007300E90020004100620065006C0000000100C4000000A7D600000D370000
"Édson Araújo",308345,50176,319,"SC Corinthians Paulista",NORMAL,INTERNAL_PERSON_ID,50176,0x00323E7C,False,-1,-1,47,35,7E1592EAC4A85D49,"L|L|L|L|L|L|L|L|L|L|L|L|REF|L|L|I|I|I|I|I|I|B|S|I|S|L|L|L|S|L|L|I|I|I|I|I|",65007200770069006E0000000100C40000009ED60000CDE050000005000000440061007200ED006F0000000100C40000009FD6000004BB860000080000004100730064007200FA00620061006C0000000100C4000000A0D60000A0E05000000D00000045006400690078006F006E0020005600690073006D006100720000000100C4000000A1D6000015AA8600000700000041006C006300ED0064006500730000000100C4000000A2D600009EE0500000040000004E006F0065006C0000000100C4000000A3D600009DE05000000800000056006C006100640069006D006900720000000100C4000000A4D60000F7E05000000400000054006F006E00790000000100C4000000A5D60000F5BA860000050000004B006100720069006D0000000100C4000000A6D600009BE0500000090000004A006F007300E90020004100620065006C0000000100C4000000A7D600000D370000000F0000004300E900730061007200200041006C0065006A0061006E00640072006F0000000100C4000000A8D60000
"Édson Araújo",308345,50176,319,"SC Corinthians Paulista",NORMAL,INTERNAL_PERSON_ID,50176,0x00323E9F,False,-1,-1,35,29,E68FA880C4175E5E,"I|I|B|L|L|L|L|L|L|L|L|L|REF|L|L|I|I|I|B|L|L|L|L|L|L|L|L|S|L|L|L|S|B|I|I|I|",7200ED006F0000000100C40000009FD6000004BB860000080000004100730064007200FA00620061006C0000000100C4000000A0D60000A0E05000000D00000045006400690078006F006E0020005600690073006D006100720000000100C4000000A1D6000015AA8600000700000041006C006300ED0064006500730000000100C4000000A2D600009EE0500000040000004E006F0065006C0000000100C4000000A3D600009DE05000000800000056006C006100640069006D006900720000000100C4000000A4D60000F7E05000000400000054006F006E00790000000100C4000000A5D60000F5BA860000050000004B006100720069006D0000000100C4000000A6D600009BE0500000090000004A006F007300E90020004100620065006C0000000100C4000000A7D600000D370000000F0000004300E900730061007200200041006C0065006A0061006E00640072006F0000000100C4000000A8D6000092E0500000070000004D0061007300730069006D006F0000000100C4000000A9D60000
"Édson Araújo",308345,50176,319,"SC Corinthians Paulista",NORMAL,INTERNAL_PERSON_ID,50176,0x00323EBC,False,-1,-1,29,37,97D03218C264B07E,"I|I|I|I|I|B|S|I|S|L|L|L|REF|L|L|I|I|I|I|I|B|L|L|L|L|L|L|S|L|L|L|S|B|I|I|B|",730064007200FA00620061006C0000000100C4000000A0D60000A0E05000000D00000045006400690078006F006E0020005600690073006D006100720000000100C4000000A1D6000015AA8600000700000041006C006300ED0064006500730000000100C4000000A2D600009EE0500000040000004E006F0065006C0000000100C4000000A3D600009DE05000000800000056006C006100640069006D006900720000000100C4000000A4D60000F7E05000000400000054006F006E00790000000100C4000000A5D60000F5BA860000050000004B006100720069006D0000000100C4000000A6D600009BE0500000090000004A006F007300E90020004100620065006C0000000100C4000000A7D600000D370000000F0000004300E900730061007200200041006C0065006A0061006E00640072006F0000000100C4000000A8D6000092E0500000070000004D0061007300730069006D006F0000000100C4000000A9D600000A2C00000006000000570061006C0074006500720000000100C4000000
"Édson Araújo",308345,50176,319,"SC Corinthians Paulista",NORMAL,INTERNAL_PERSON_ID,50176,0x00323EE1,False,-1,-1,37,29,8483E2FE46539B18,"I|I|I|B|S|I|S|L|L|L|L|L|REF|L|L|I|I|I|B|L|L|L|L|L|L|L|L|S|L|L|I|I|I|I|I|I|",6400690078006F006E0020005600690073006D006100720000000100C4000000A1D6000015AA8600000700000041006C006300ED0064006500730000000100C4000000A2D600009EE0500000040000004E006F0065006C0000000100C4000000A3D600009DE05000000800000056006C006100640069006D006900720000000100C4000000A4D60000F7E05000000400000054006F006E00790000000100C4000000A5D60000F5BA860000050000004B006100720069006D0000000100C4000000A6D600009BE0500000090000004A006F007300E90020004100620065006C0000000100C4000000A7D600000D370000000F0000004300E900730061007200200041006C0065006A0061006E00640072006F0000000100C4000000A8D6000092E0500000070000004D0061007300730069006D006F0000000100C4000000A9D600000A2C00000006000000570061006C0074006500720000000100C4000000AAD6000090E050000006000000420065006E00690074006F0000000100C4000000ABD60000
"Édson Araújo",308345,50176,319,"SC Corinthians Paulista",NORMAL,INTERNAL_PERSON_ID,50176,0x00323EFE,False,-1,-1,29,31,645411A2216CA21E,"I|I|I|I|I|B|S|I|S|L|L|L|REF|L|L|I|I|I|I|I|B|S|I|S|L|L|L|L|S|L|L|L|B|B|L|I|",000000A1D6000015AA8600000700000041006C006300ED0064006500730000000100C4000000A2D600009EE0500000040000004E006F0065006C0000000100C4000000A3D600009DE05000000800000056006C006100640069006D006900720000000100C4000000A4D60000F7E05000000400000054006F006E00790000000100C4000000A5D60000F5BA860000050000004B006100720069006D0000000100C4000000A6D600009BE0500000090000004A006F007300E90020004100620065006C0000000100C4000000A7D600000D370000000F0000004300E900730061007200200041006C0065006A0061006E00640072006F0000000100C4000000A8D6000092E0500000070000004D0061007300730069006D006F0000000100C4000000A9D600000A2C00000006000000570061006C0074006500720000000100C4000000AAD6000090E050000006000000420065006E00690074006F0000000100C4000000ABD6000086E0500000060000004D006500690064006500720000000100C4000000
"Édson Araújo",308345,50176,319,"SC Corinthians Paulista",NORMAL,INTERNAL_PERSON_ID,50176,0x00323F1D,False,-1,-1,31,39,58B15B5CB97C04B9,"I|I|I|B|L|L|L|L|L|L|L|L|REF|L|L|I|I|I|I|I|I|I|B|S|S|S|L|L|L|L|L|L|L|S|L|L|",000100C4000000A2D600009EE0500000040000004E006F0065006C0000000100C4000000A3D600009DE05000000800000056006C006100640069006D006900720000000100C4000000A4D60000F7E05000000400000054006F006E00790000000100C4000000A5D60000F5BA860000050000004B006100720069006D0000000100C4000000A6D600009BE0500000090000004A006F007300E90020004100620065006C0000000100C4000000A7D600000D370000000F0000004300E900730061007200200041006C0065006A0061006E00640072006F0000000100C4000000A8D6000092E0500000070000004D0061007300730069006D006F0000000100C4000000A9D600000A2C00000006000000570061006C0074006500720000000100C4000000AAD6000090E050000006000000420065006E00690074006F0000000100C4000000ABD6000086E0500000060000004D006500690064006500720000000100C4000000ACD6000085E05000000600000041006E0064007200E900730000000100C400
"Édson Araújo",308345,50176,319,"SC Corinthians Paulista",NORMAL,INTERNAL_PERSON_ID,50176,0x00323F44,False,-1,-1,39,51,0C1C373EF964F6E1,"I|B|L|L|L|L|L|L|L|L|L|L|REF|L|I|I|I|I|I|I|I|I|I|I|I|B|S|I|S|L|L|L|S|L|L|L|",009DE05000000800000056006C006100640069006D006900720000000100C4000000A4D60000F7E05000000400000054006F006E00790000000100C4000000A5D60000F5BA860000050000004B006100720069006D0000000100C4000000A6D600009BE0500000090000004A006F007300E90020004100620065006C0000000100C4000000A7D600000D370000000F0000004300E900730061007200200041006C0065006A0061006E00640072006F0000000100C4000000A8D6000092E0500000070000004D0061007300730069006D006F0000000100C4000000A9D600000A2C00000006000000570061006C0074006500720000000100C4000000AAD6000090E050000006000000420065006E00690074006F0000000100C4000000ABD6000086E0500000060000004D006500690064006500720000000100C4000000ACD6000085E05000000600000041006E0064007200E900730000000100C4000000ADD6000084E0500000070000004700720065006E0064006400790000000100C4000000AED6
"Édson Araújo",308345,50176,319,"SC Corinthians Paulista",NORMAL,INTERNAL_PERSON_ID,50176,0x00323F77,False,-1,-1,51,35,ECBFCFF3247894C3,"L|L|L|L|L|L|L|L|L|L|L|L|REF|L|L|I|I|I|I|I|I|B|S|S|S|L|L|L|L|S|L|L|I|I|I|I|",6E00790000000100C4000000A5D60000F5BA860000050000004B006100720069006D0000000100C4000000A6D600009BE0500000090000004A006F007300E90020004100620065006C0000000100C4000000A7D600000D370000000F0000004300E900730061007200200041006C0065006A0061006E00640072006F0000000100C4000000A8D6000092E0500000070000004D0061007300730069006D006F0000000100C4000000A9D600000A2C00000006000000570061006C0074006500720000000100C4000000AAD6000090E050000006000000420065006E00690074006F0000000100C4000000ABD6000086E0500000060000004D006500690064006500720000000100C4000000ACD6000085E05000000600000041006E0064007200E900730000000100C4000000ADD6000084E0500000070000004700720065006E0064006400790000000100C4000000AED60000F4BA8600000D000000520065006E006E007900200056006900630065006E007400650000000100C4000000AFD600007DE0
"Édson Araújo",308345,50176,319,"SC Corinthians Paulista",NORMAL,INTERNAL_PERSON_ID,50176,0x00323F9A,False,-1,-1,35,33,594CE9F76E57072C,"I|I|B|L|L|L|L|L|L|L|L|L|REF|L|I|I|I|I|I|B|L|L|L|L|L|L|L|S|L|L|L|S|B|I|I|I|",00000100C4000000A6D600009BE0500000090000004A006F007300E90020004100620065006C0000000100C4000000A7D600000D370000000F0000004300E900730061007200200041006C0065006A0061006E00640072006F0000000100C4000000A8D6000092E0500000070000004D0061007300730069006D006F0000000100C4000000A9D600000A2C00000006000000570061006C0074006500720000000100C4000000AAD6000090E050000006000000420065006E00690074006F0000000100C4000000ABD6000086E0500000060000004D006500690064006500720000000100C4000000ACD6000085E05000000600000041006E0064007200E900730000000100C4000000ADD6000084E0500000070000004700720065006E0064006400790000000100C4000000AED60000F4BA8600000D000000520065006E006E007900200056006900630065006E007400650000000100C4000000AFD600007DE05000000D0000004300E90073006100720020004500640075006100720064006F000000
"Édson Araújo",308345,50176,319,"SC Corinthians Paulista",NORMAL,INTERNAL_PERSON_ID,50176,0x00323FBB,False,-1,-1,33,33,7B830753BBDEF0BB,"I|I|I|I|B|S|S|S|L|L|L|L|REF|L|L|I|I|I|I|B|L|L|L|L|L|L|L|S|L|L|L|S|B|I|I|I|",620065006C0000000100C4000000A7D600000D370000000F0000004300E900730061007200200041006C0065006A0061006E00640072006F0000000100C4000000A8D6000092E0500000070000004D0061007300730069006D006F0000000100C4000000A9D600000A2C00000006000000570061006C0074006500720000000100C4000000AAD6000090E050000006000000420065006E00690074006F0000000100C4000000ABD6000086E0500000060000004D006500690064006500720000000100C4000000ACD6000085E05000000600000041006E0064007200E900730000000100C4000000ADD6000084E0500000070000004700720065006E0064006400790000000100C4000000AED60000F4BA8600000D000000520065006E006E007900200056006900630065006E007400650000000100C4000000AFD600007DE05000000D0000004300E90073006100720020004500640075006100720064006F0000000100C4000000B0D60000EDDF50000008000000470069006C006200650072007400
"Édson Araújo",308345,50176,319,"SC Corinthians Paulista",NORMAL,INTERNAL_PERSON_ID,50176,0x00323FDC,False,-1,-1,33,33,9C7BFFFF224EFCCC,"I|I|I|I|B|S|I|S|L|L|L|L|REF|L|L|I|I|I|I|B|L|L|L|L|L|L|L|S|L|L|L|S|B|I|I|I|",61007200200041006C0065006A0061006E00640072006F0000000100C4000000A8D6000092E0500000070000004D0061007300730069006D006F0000000100C4000000A9D600000A2C00000006000000570061006C0074006500720000000100C4000000AAD6000090E050000006000000420065006E00690074006F0000000100C4000000ABD6000086E0500000060000004D006500690064006500720000000100C4000000ACD6000085E05000000600000041006E0064007200E900730000000100C4000000ADD6000084E0500000070000004700720065006E0064006400790000000100C4000000AED60000F4BA8600000D000000520065006E006E007900200056006900630065006E007400650000000100C4000000AFD600007DE05000000D0000004300E90073006100720020004500640075006100720064006F0000000100C4000000B0D60000EDDF50000008000000470069006C0062006500720074006F0000000100C4000000B1D6000003502F00000E00000045006400770069006E00
"Édson Araújo",308345,50176,319,"SC Corinthians Paulista",NORMAL,INTERNAL_PERSON_ID,50176,0x00323FFD,False,-1,-1,33,33,3A757E27370E7084,"I|I|I|I|B|S|I|S|L|L|L|L|REF|L|L|I|I|I|L|B|L|L|L|L|L|L|L|L|L|S|L|L|I|I|I|I|",D6000092E0500000070000004D0061007300730069006D006F0000000100C4000000A9D600000A2C00000006000000570061006C0074006500720000000100C4000000AAD6000090E050000006000000420065006E00690074006F0000000100C4000000ABD6000086E0500000060000004D006500690064006500720000000100C4000000ACD6000085E05000000600000041006E0064007200E900730000000100C4000000ADD6000084E0500000070000004700720065006E0064006400790000000100C4000000AED60000F4BA8600000D000000520065006E006E007900200056006900630065006E007400650000000100C4000000AFD600007DE05000000D0000004300E90073006100720020004500640075006100720064006F0000000100C4000000B0D60000EDDF50000008000000470069006C0062006500720074006F0000000100C4000000B1D6000003502F00000E00000045006400770069006E002000480075006D0062006500720074006F0000000100C4000000B2D600007AE050
"Édson Araújo",308345,50176,319,"SC Corinthians Paulista",NORMAL,INTERNAL_PERSON_ID,50176,0x0032401E,False,-1,-1,33,35,2AFF862B1694FB71,"I|I|I|I|B|S|I|S|L|L|L|L|REF|L|L|I|I|I|I|I|I|B|S|I|S|L|L|L|L|L|L|S|L|L|L|S|",00A9D600000A2C00000006000000570061006C0074006500720000000100C4000000AAD6000090E050000006000000420065006E00690074006F0000000100C4000000ABD6000086E0500000060000004D006500690064006500720000000100C4000000ACD6000085E05000000600000041006E0064007200E900730000000100C4000000ADD6000084E0500000070000004700720065006E0064006400790000000100C4000000AED60000F4BA8600000D000000520065006E006E007900200056006900630065006E007400650000000100C4000000AFD600007DE05000000D0000004300E90073006100720020004500640075006100720064006F0000000100C4000000B0D60000EDDF50000008000000470069006C0062006500720074006F0000000100C4000000B1D6000003502F00000E00000045006400770069006E002000480075006D0062006500720074006F0000000100C4000000B2D600007AE05000000800000057006C006100640069006D006900720000000100C4000000B3D600
"Édson Araújo",308345,50176,319,"SC Corinthians Paulista",NORMAL,INTERNAL_PERSON_ID,50176,0x00324041,False,-1,-1,35,47,188A05116FE0DEE3,"I|L|B|L|L|L|L|L|L|L|L|L|REF|L|L|I|I|I|I|I|I|I|I|I|B|S|I|S|L|L|L|L|L|L|S|L|",D6000090E050000006000000420065006E00690074006F0000000100C4000000ABD6000086E0500000060000004D006500690064006500720000000100C4000000ACD6000085E05000000600000041006E0064007200E900730000000100C4000000ADD6000084E0500000070000004700720065006E0064006400790000000100C4000000AED60000F4BA8600000D000000520065006E006E007900200056006900630065006E007400650000000100C4000000AFD600007DE05000000D0000004300E90073006100720020004500640075006100720064006F0000000100C4000000B0D60000EDDF50000008000000470069006C0062006500720074006F0000000100C4000000B1D6000003502F00000E00000045006400770069006E002000480075006D0062006500720074006F0000000100C4000000B2D600007AE05000000800000057006C006100640069006D006900720000000100C4000000B3D60000ECDF5000000D0000004A0065007300FA007300200041006C0062006100720069006F
"Édson Araújo",308345,50176,319,"SC Corinthians Paulista",NORMAL,INTERNAL_PERSON_ID,50176,0x00324070,False,-1,-1,47,47,3C2D5423FFBEABCA,"L|L|L|L|L|L|L|L|L|L|L|L|REF|L|L|I|I|I|I|I|I|I|I|I|B|S|I|S|L|L|L|L|L|S|L|L|",6500690064006500720000000100C4000000ACD6000085E05000000600000041006E0064007200E900730000000100C4000000ADD6000084E0500000070000004700720065006E0064006400790000000100C4000000AED60000F4BA8600000D000000520065006E006E007900200056006900630065006E007400650000000100C4000000AFD600007DE05000000D0000004300E90073006100720020004500640075006100720064006F0000000100C4000000B0D60000EDDF50000008000000470069006C0062006500720074006F0000000100C4000000B1D6000003502F00000E00000045006400770069006E002000480075006D0062006500720074006F0000000100C4000000B2D600007AE05000000800000057006C006100640069006D006900720000000100C4000000B3D60000ECDF5000000D0000004A0065007300FA007300200041006C0062006100720069006F0000000100C4000000B4D6000077E05000000900000045006E00670065006C00620065007200740000000100C40000
"Édson Araújo",308345,50176,319,"SC Corinthians Paulista",NORMAL,INTERNAL_PERSON_ID,50176,0x0032409F,False,-1,-1,47,37,A586A37B83F811D5,"L|L|L|L|L|L|L|L|L|L|L|L|REF|L|L|I|I|I|I|I|B|L|L|L|L|L|L|L|L|L|L|L|S|L|L|L|",C4000000ADD6000084E0500000070000004700720065006E0064006400790000000100C4000000AED60000F4BA8600000D000000520065006E006E007900200056006900630065006E007400650000000100C4000000AFD600007DE05000000D0000004300E90073006100720020004500640075006100720064006F0000000100C4000000B0D60000EDDF50000008000000470069006C0062006500720074006F0000000100C4000000B1D6000003502F00000E00000045006400770069006E002000480075006D0062006500720074006F0000000100C4000000B2D600007AE05000000800000057006C006100640069006D006900720000000100C4000000B3D60000ECDF5000000D0000004A0065007300FA007300200041006C0062006100720069006F0000000100C4000000B4D6000077E05000000900000045006E00670065006C00620065007200740000000100C4000000B5D6000008BB8600000500000045006400770069006E0000000100C4000000B6D6000080CE1E0000070000004400
"Édson Araújo",308345,50176,319,"SC Corinthians Paulista",NORMAL,INTERNAL_PERSON_ID,50176,0x003240C4,False,-1,-1,37,49,8E4E96BF063450A5,"I|I|I|B|S|I|S|L|L|L|L|L|REF|L|L|I|I|I|I|I|I|I|I|B|L|L|L|L|L|L|L|L|S|L|L|L|",0000AED60000F4BA8600000D000000520065006E006E007900200056006900630065006E007400650000000100C4000000AFD600007DE05000000D0000004300E90073006100720020004500640075006100720064006F0000000100C4000000B0D60000EDDF50000008000000470069006C0062006500720074006F0000000100C4000000B1D6000003502F00000E00000045006400770069006E002000480075006D0062006500720074006F0000000100C4000000B2D600007AE05000000800000057006C006100640069006D006900720000000100C4000000B3D60000ECDF5000000D0000004A0065007300FA007300200041006C0062006100720069006F0000000100C4000000B4D6000077E05000000900000045006E00670065006C00620065007200740000000100C4000000B5D6000008BB8600000500000045006400770069006E0000000100C4000000B6D6000080CE1E0000070000004400690063006B0073006F006E0000000100C4000000B7D60000F1BA8600000E00000057006100
"Édson Araújo",308345,50176,319,"SC Corinthians Paulista",NORMAL,INTERNAL_PERSON_ID,50176,0x003240F5,False,-1,-1,49,37,4E6F9FADEED65F4A,"B|S|I|S|L|L|L|L|L|L|L|L|REF|L|L|I|I|I|I|I|B|L|L|L|L|L|L|L|L|L|L|L|L|S|L|L|",AFD600007DE05000000D0000004300E90073006100720020004500640075006100720064006F0000000100C4000000B0D60000EDDF50000008000000470069006C0062006500720074006F0000000100C4000000B1D6000003502F00000E00000045006400770069006E002000480075006D0062006500720074006F0000000100C4000000B2D600007AE05000000800000057006C006100640069006D006900720000000100C4000000B3D60000ECDF5000000D0000004A0065007300FA007300200041006C0062006100720069006F0000000100C4000000B4D6000077E05000000900000045006E00670065006C00620065007200740000000100C4000000B5D6000008BB8600000500000045006400770069006E0000000100C4000000B6D6000080CE1E0000070000004400690063006B0073006F006E0000000100C4000000B7D60000F1BA8600000E000000570061006C007400650072002000410072006E006F006C0064006F0000000100C4000000B8D6000074E05000000D0000004A007500
"Édson Araújo",308345,50176,319,"SC Corinthians Paulista",NORMAL,INTERNAL_PERSON_ID,50176,0x0032411A,False,-1,-1,37,47,CDB5B99CFF75815D,"I|I|I|B|S|I|S|L|L|L|L|L|REF|L|L|I|I|I|I|I|I|I|I|I|B|S|I|S|L|L|L|L|S|L|L|L|",6F0000000100C4000000B0D60000EDDF50000008000000470069006C0062006500720074006F0000000100C4000000B1D6000003502F00000E00000045006400770069006E002000480075006D0062006500720074006F0000000100C4000000B2D600007AE05000000800000057006C006100640069006D006900720000000100C4000000B3D60000ECDF5000000D0000004A0065007300FA007300200041006C0062006100720069006F0000000100C4000000B4D6000077E05000000900000045006E00670065006C00620065007200740000000100C4000000B5D6000008BB8600000500000045006400770069006E0000000100C4000000B6D6000080CE1E0000070000004400690063006B0073006F006E0000000100C4000000B7D60000F1BA8600000E000000570061006C007400650072002000410072006E006F006C0064006F0000000100C4000000B8D6000074E05000000D0000004A007500760065006E00630069006F0020004A006F007300E90000000100C4000000B9D6000073E050
"Édson Araújo",308345,50176,319,"SC Corinthians Paulista",NORMAL,INTERNAL_PERSON_ID,50176,0x00324149,False,-1,-1,47,39,1AFC994D39C54447,"L|L|L|L|L|L|L|L|L|L|L|L|REF|L|L|I|I|I|I|I|I|I|B|S|I|S|L|L|S|L|L|L|S|B|I|I|",B1D6000003502F00000E00000045006400770069006E002000480075006D0062006500720074006F0000000100C4000000B2D600007AE05000000800000057006C006100640069006D006900720000000100C4000000B3D60000ECDF5000000D0000004A0065007300FA007300200041006C0062006100720069006F0000000100C4000000B4D6000077E05000000900000045006E00670065006C00620065007200740000000100C4000000B5D6000008BB8600000500000045006400770069006E0000000100C4000000B6D6000080CE1E0000070000004400690063006B0073006F006E0000000100C4000000B7D60000F1BA8600000E000000570061006C007400650072002000410072006E006F006C0064006F0000000100C4000000B8D6000074E05000000D0000004A007500760065006E00630069006F0020004A006F007300E90000000100C4000000B9D6000073E05000000A0000004A006F0068006E0020004600720065006400790000000100C4000000BAD6000072E05000000E000000
"Édson Araújo",308345,50176,319,"SC Corinthians Paulista",NORMAL,INTERNAL_PERSON_ID,50176,0x00324170,False,-1,-1,39,31,CD40A1C59586F327,"I|B|L|L|L|L|L|L|L|L|L|L|REF|L|L|I|I|I|I|I|B|S|I|S|L|L|L|S|L|L|L|S|B|I|I|I|",6F0000000100C4000000B2D600007AE05000000800000057006C006100640069006D006900720000000100C4000000B3D60000ECDF5000000D0000004A0065007300FA007300200041006C0062006100720069006F0000000100C4000000B4D6000077E05000000900000045006E00670065006C00620065007200740000000100C4000000B5D6000008BB8600000500000045006400770069006E0000000100C4000000B6D6000080CE1E0000070000004400690063006B0073006F006E0000000100C4000000B7D60000F1BA8600000E000000570061006C007400650072002000410072006E006F006C0064006F0000000100C4000000B8D6000074E05000000D0000004A007500760065006E00630069006F0020004A006F007300E90000000100C4000000B9D6000073E05000000A0000004A006F0068006E0020004600720065006400790000000100C4000000BAD6000072E05000000E0000004E00E900730074006F007200200045006C00690073006D006900720000000100C4000000BBD600
"Édson Araújo",308345,50176,319,"SC Corinthians Paulista",NORMAL,INTERNAL_PERSON_ID,50176,0x0032418F,False,-1,-1,31,35,F1F6CB704AAB5223,"I|I|I|B|L|L|L|L|L|L|L|L|REF|L|L|I|I|I|I|I|I|B|S|I|S|L|L|L|L|L|L|L|L|S|L|L|",69006D006900720000000100C4000000B3D60000ECDF5000000D0000004A0065007300FA007300200041006C0062006100720069006F0000000100C4000000B4D6000077E05000000900000045006E00670065006C00620065007200740000000100C4000000B5D6000008BB8600000500000045006400770069006E0000000100C4000000B6D6000080CE1E0000070000004400690063006B0073006F006E0000000100C4000000B7D60000F1BA8600000E000000570061006C007400650072002000410072006E006F006C0064006F0000000100C4000000B8D6000074E05000000D0000004A007500760065006E00630069006F0020004A006F007300E90000000100C4000000B9D6000073E05000000A0000004A006F0068006E0020004600720065006400790000000100C4000000BAD6000072E05000000E0000004E00E900730074006F007200200045006C00690073006D006900720000000100C4000000BBD6000071E05000001100000041006E0074006F006E0069006F00200041006C0065
"Édson Araújo",308345,50176,319,"SC Corinthians Paulista",NORMAL,INTERNAL_PERSON_ID,50176,0x003241B2,False,-1,-1,35,49,50857B83387D46CD,"I|I|B|L|L|L|L|L|L|L|L|L|REF|L|L|I|I|I|I|I|I|I|I|B|L|L|L|L|L|L|L|L|L|L|L|L|",FA007300200041006C0062006100720069006F0000000100C4000000B4D6000077E05000000900000045006E00670065006C00620065007200740000000100C4000000B5D6000008BB8600000500000045006400770069006E0000000100C4000000B6D6000080CE1E0000070000004400690063006B0073006F006E0000000100C4000000B7D60000F1BA8600000E000000570061006C007400650072002000410072006E006F006C0064006F0000000100C4000000B8D6000074E05000000D0000004A007500760065006E00630069006F0020004A006F007300E90000000100C4000000B9D6000073E05000000A0000004A006F0068006E0020004600720065006400790000000100C4000000BAD6000072E05000000E0000004E00E900730074006F007200200045006C00690073006D006900720000000100C4000000BBD6000071E05000001100000041006E0074006F006E0069006F00200041006C006500780061006E0064006500720000000100C4000000BCD6000070E05000000D0000004F
"Édson Araújo",308345,50176,319,"SC Corinthians Paulista",NORMAL,INTERNAL_PERSON_ID,50176,0x003241E3,False,-1,-1,49,47,93667F0D9A24793D,"B|S|I|S|L|L|L|L|L|L|L|L|REF|L|L|I|I|I|I|I|I|I|L|I|B|S|I|S|L|L|L|L|L|L|S|L|",6C00620065007200740000000100C4000000B5D6000008BB8600000500000045006400770069006E0000000100C4000000B6D6000080CE1E0000070000004400690063006B0073006F006E0000000100C4000000B7D60000F1BA8600000E000000570061006C007400650072002000410072006E006F006C0064006F0000000100C4000000B8D6000074E05000000D0000004A007500760065006E00630069006F0020004A006F007300E90000000100C4000000B9D6000073E05000000A0000004A006F0068006E0020004600720065006400790000000100C4000000BAD6000072E05000000E0000004E00E900730074006F007200200045006C00690073006D006900720000000100C4000000BBD6000071E05000001100000041006E0074006F006E0069006F00200041006C006500780061006E0064006500720000000100C4000000BCD6000070E05000000D0000004F00730063006100720020004700650072006100720064006F0000000100C4000000BDD600006FE05000000D000000430061
"Édson Araújo",308345,50176,319,"SC Corinthians Paulista",NORMAL,INTERNAL_PERSON_ID,50176,0x00324212,False,-1,-1,47,41,2C977E2546FC3AAE,"L|L|L|L|L|L|L|L|L|L|L|L|REF|L|L|I|I|I|I|I|I|B|L|L|L|L|L|L|L|L|L|L|L|S|L|L|",0000B6D6000080CE1E0000070000004400690063006B0073006F006E0000000100C4000000B7D60000F1BA8600000E000000570061006C007400650072002000410072006E006F006C0064006F0000000100C4000000B8D6000074E05000000D0000004A007500760065006E00630069006F0020004A006F007300E90000000100C4000000B9D6000073E05000000A0000004A006F0068006E0020004600720065006400790000000100C4000000BAD6000072E05000000E0000004E00E900730074006F007200200045006C00690073006D006900720000000100C4000000BBD6000071E05000001100000041006E0074006F006E0069006F00200041006C006500780061006E0064006500720000000100C4000000BCD6000070E05000000D0000004F00730063006100720020004700650072006100720064006F0000000100C4000000BDD600006FE05000000D0000004300610072006C006F00730020004A006100760069006500720000000100C4000000BED600006EE05000000F000000570069
"Édson Araújo",308345,50176,319,"SC Corinthians Paulista",NORMAL,INTERNAL_PERSON_ID,50176,0x0032423B,False,-1,-1,41,49,998E0BFC6EB10B10,"L|I|B|S|I|S|L|L|L|L|L|L|REF|L|L|I|I|I|I|I|I|I|I|B|L|L|L|L|L|L|L|L|L|L|L|L|",F1BA8600000E000000570061006C007400650072002000410072006E006F006C0064006F0000000100C4000000B8D6000074E05000000D0000004A007500760065006E00630069006F0020004A006F007300E90000000100C4000000B9D6000073E05000000A0000004A006F0068006E0020004600720065006400790000000100C4000000BAD6000072E05000000E0000004E00E900730074006F007200200045006C00690073006D006900720000000100C4000000BBD6000071E05000001100000041006E0074006F006E0069006F00200041006C006500780061006E0064006500720000000100C4000000BCD6000070E05000000D0000004F00730063006100720020004700650072006100720064006F0000000100C4000000BDD600006FE05000000D0000004300610072006C006F00730020004A006100760069006500720000000100C4000000BED600006EE05000000F000000570069006C006C00690061006D0020004F0072006C0061006E0064006F0000000100C4000000BFD600006DE0
"Édson Araújo",308345,50176,319,"SC Corinthians Paulista",NORMAL,INTERNAL_PERSON_ID,50176,0x0032426C,False,-1,-1,49,55,7FCDB5986579FFCC,"B|S|I|S|L|L|L|L|L|L|L|L|REF|L|L|I|I|I|I|I|I|I|I|I|I|I|B|S|I|S|L|L|L|L|L|L|",74E05000000D0000004A007500760065006E00630069006F0020004A006F007300E90000000100C4000000B9D6000073E05000000A0000004A006F0068006E0020004600720065006400790000000100C4000000BAD6000072E05000000E0000004E00E900730074006F007200200045006C00690073006D006900720000000100C4000000BBD6000071E05000001100000041006E0074006F006E0069006F00200041006C006500780061006E0064006500720000000100C4000000BCD6000070E05000000D0000004F00730063006100720020004700650072006100720064006F0000000100C4000000BDD600006FE05000000D0000004300610072006C006F00730020004A006100760069006500720000000100C4000000BED600006EE05000000F000000570069006C006C00690061006D0020004F0072006C0061006E0064006F0000000100C4000000BFD600006DE050000007000000450072006E006500730074006F0000000100C4000000C0D60000EFBA8600000B00000041007200740075
"Édson Araújo",308345,50176,319,"SC Corinthians Paulista",NORMAL,INTERNAL_PERSON_ID,50176,0x003242A3,False,-1,-1,55,47,EDAD471AD9E991F1,"L|L|L|L|L|L|L|L|L|L|L|L|REF|L|L|I|I|I|I|I|I|I|I|I|B|S|I|S|L|L|L|L|L|L|S|L|",004A006F0068006E0020004600720065006400790000000100C4000000BAD6000072E05000000E0000004E00E900730074006F007200200045006C00690073006D006900720000000100C4000000BBD6000071E05000001100000041006E0074006F006E0069006F00200041006C006500780061006E0064006500720000000100C4000000BCD6000070E05000000D0000004F00730063006100720020004700650072006100720064006F0000000100C4000000BDD600006FE05000000D0000004300610072006C006F00730020004A006100760069006500720000000100C4000000BED600006EE05000000F000000570069006C006C00690061006D0020004F0072006C0061006E0064006F0000000100C4000000BFD600006DE050000007000000450072006E006500730074006F0000000100C4000000C0D60000EFBA8600000B000000410072007400750072006F0020004A006F007300E90000000100C4000000C1D600006BE05000000E000000440061006E00690065006C0020004E00690063
"Édson Araújo",308345,50176,319,"SC Corinthians Paulista",NORMAL,INTERNAL_PERSON_ID,50176,0x003242D2,False,-1,-1,47,47,11ECFCE8351F7370,"L|L|L|L|L|L|L|L|L|L|L|L|REF|L|L|I|I|I|I|I|I|I|I|I|B|S|I|S|L|L|L|L|L|L|L|S|",0074006F007200200045006C00690073006D006900720000000100C4000000BBD6000071E05000001100000041006E0074006F006E0069006F00200041006C006500780061006E0064006500720000000100C4000000BCD6000070E05000000D0000004F00730063006100720020004700650072006100720064006F0000000100C4000000BDD600006FE05000000D0000004300610072006C006F00730020004A006100760069006500720000000100C4000000BED600006EE05000000F000000570069006C006C00690061006D0020004F0072006C0061006E0064006F0000000100C4000000BFD600006DE050000007000000450072006E006500730074006F0000000100C4000000C0D60000EFBA8600000B000000410072007400750072006F0020004A006F007300E90000000100C4000000C1D600006BE05000000E000000440061006E00690065006C0020004E00690063006F006C00E100730000000100C4000000C2D600006AE05000000C0000004A006F007300E900200045007500670065
"Édson Araújo",308345,50176,319,"SC Corinthians Paulista",NORMAL,INTERNAL_PERSON_ID,50176,0x00324301,False,-1,-1,47,51,985FED07D08CBBA4,"L|L|L|L|L|L|L|L|L|L|L|L|REF|L|L|I|I|I|I|I|I|I|I|I|I|B|S|I|S|L|L|L|S|L|L|L|",0074006F006E0069006F00200041006C006500780061006E0064006500720000000100C4000000BCD6000070E05000000D0000004F00730063006100720020004700650072006100720064006F0000000100C4000000BDD600006FE05000000D0000004300610072006C006F00730020004A006100760069006500720000000100C4000000BED600006EE05000000F000000570069006C006C00690061006D0020004F0072006C0061006E0064006F0000000100C4000000BFD600006DE050000007000000450072006E006500730074006F0000000100C4000000C0D60000EFBA8600000B000000410072007400750072006F0020004A006F007300E90000000100C4000000C1D600006BE05000000E000000440061006E00690065006C0020004E00690063006F006C00E100730000000100C4000000C2D600006AE05000000C0000004A006F007300E900200045007500670065006E0069006F0000000100C4000000C3D6000066E05000000C0000004700650072006100720064006F0020004A006F
"Édson Araújo",308345,50176,319,"SC Corinthians Paulista",NORMAL,INTERNAL_PERSON_ID,50176,0x00324334,False,-1,-1,51,35,3BEA5546377D353E,"L|L|L|L|L|L|L|L|L|L|L|L|REF|L|L|I|I|I|I|I|I|B|S|I|S|L|L|L|L|L|S|L|L|L|S|B|",004F00730063006100720020004700650072006100720064006F0000000100C4000000BDD600006FE05000000D0000004300610072006C006F00730020004A006100760069006500720000000100C4000000BED600006EE05000000F000000570069006C006C00690061006D0020004F0072006C0061006E0064006F0000000100C4000000BFD600006DE050000007000000450072006E006500730074006F0000000100C4000000C0D60000EFBA8600000B000000410072007400750072006F0020004A006F007300E90000000100C4000000C1D600006BE05000000E000000440061006E00690065006C0020004E00690063006F006C00E100730000000100C4000000C2D600006AE05000000C0000004A006F007300E900200045007500670065006E0069006F0000000100C4000000C3D6000066E05000000C0000004700650072006100720064006F0020004A006F007300E90000000100C4000000C4D6000064E05000000F0000004F0072006C0061006E0064006F00200041006C007600650069
"Édson Araújo",308345,50176,319,"SC Corinthians Paulista",NORMAL,INTERNAL_PERSON_ID,50176,0x00324357,False,-1,-1,35,43,B313EC25DB54FD88,"I|I|B|L|L|L|L|L|L|L|L|L|REF|L|L|I|I|I|I|I|I|L|I|B|S|I|S|L|L|L|L|L|L|L|L|S|",BDD600006FE05000000D0000004300610072006C006F00730020004A006100760069006500720000000100C4000000BED600006EE05000000F000000570069006C006C00690061006D0020004F0072006C0061006E0064006F0000000100C4000000BFD600006DE050000007000000450072006E006500730074006F0000000100C4000000C0D60000EFBA8600000B000000410072007400750072006F0020004A006F007300E90000000100C4000000C1D600006BE05000000E000000440061006E00690065006C0020004E00690063006F006C00E100730000000100C4000000C2D600006AE05000000C0000004A006F007300E900200045007500670065006E0069006F0000000100C4000000C3D6000066E05000000C0000004700650072006100720064006F0020004A006F007300E90000000100C4000000C4D6000064E05000000F0000004F0072006C0061006E0064006F00200041006C0076006500690072006F0000000100C4000000C5D6000063E05000000D00000047007200650067006F
"Édson Araújo",308345,50176,319,"SC Corinthians Paulista",NORMAL,INTERNAL_PERSON_ID,50176,0x00324382,False,-1,-1,43,49,83559321C8C5A0FE,"B|L|L|L|L|L|L|L|L|L|L|L|REF|L|L|I|I|I|I|I|I|I|L|B|L|L|L|L|L|L|L|L|L|L|S|L|",C4000000BED600006EE05000000F000000570069006C006C00690061006D0020004F0072006C0061006E0064006F0000000100C4000000BFD600006DE050000007000000450072006E006500730074006F0000000100C4000000C0D60000EFBA8600000B000000410072007400750072006F0020004A006F007300E90000000100C4000000C1D600006BE05000000E000000440061006E00690065006C0020004E00690063006F006C00E100730000000100C4000000C2D600006AE05000000C0000004A006F007300E900200045007500670065006E0069006F0000000100C4000000C3D6000066E05000000C0000004700650072006100720064006F0020004A006F007300E90000000100C4000000C4D6000064E05000000F0000004F0072006C0061006E0064006F00200041006C0076006500690072006F0000000100C4000000C5D6000063E05000000D00000047007200650067006F00720069006F0020004A006F007300E90000000100C4000000C6D6000062E050000005000000530061006D
"Édson Araújo",308345,50176,319,"SC Corinthians Paulista",NORMAL,INTERNAL_PERSON_ID,50176,0x003243B3,False,-1,-1,49,45,CB3F05810CD2EF0D,"B|S|I|S|L|L|L|L|L|L|L|L|REF|L|L|I|I|I|I|I|I|I|B|L|L|L|L|L|L|L|L|L|L|S|L|L|",0100C4000000BFD600006DE050000007000000450072006E006500730074006F0000000100C4000000C0D60000EFBA8600000B000000410072007400750072006F0020004A006F007300E90000000100C4000000C1D600006BE05000000E000000440061006E00690065006C0020004E00690063006F006C00E100730000000100C4000000C2D600006AE05000000C0000004A006F007300E900200045007500670065006E0069006F0000000100C4000000C3D6000066E05000000C0000004700650072006100720064006F0020004A006F007300E90000000100C4000000C4D6000064E05000000F0000004F0072006C0061006E0064006F00200041006C0076006500690072006F0000000100C4000000C5D6000063E05000000D00000047007200650067006F00720069006F0020004A006F007300E90000000100C4000000C6D6000062E050000005000000530061006D006900720000000100C4000000C7D60000EEBA8600000C0000004A006F007300E900200041006C0062006500720074006F
"Édson Araújo",308345,50176,319,"SC Corinthians Paulista",NORMAL,INTERNAL_PERSON_ID,50176,0x003243E0,False,-1,-1,45,45,0D6C6BC89F47E929,"I|B|S|I|S|L|L|L|L|L|L|L|REF|L|L|I|I|I|I|I|I|I|B|L|L|L|L|L|L|L|L|L|L|L|L|L|",EFBA8600000B000000410072007400750072006F0020004A006F007300E90000000100C4000000C1D600006BE05000000E000000440061006E00690065006C0020004E00690063006F006C00E100730000000100C4000000C2D600006AE05000000C0000004A006F007300E900200045007500670065006E0069006F0000000100C4000000C3D6000066E05000000C0000004700650072006100720064006F0020004A006F007300E90000000100C4000000C4D6000064E05000000F0000004F0072006C0061006E0064006F00200041006C0076006500690072006F0000000100C4000000C5D6000063E05000000D00000047007200650067006F00720069006F0020004A006F007300E90000000100C4000000C6D6000062E050000005000000530061006D006900720000000100C4000000C7D60000EEBA8600000C0000004A006F007300E900200041006C0062006500720074006F0000000100C4000000C8D6000009BB860000050000004A006F00680061006E0000000100C4000000C9D600000A
"Édson Araújo",308345,50176,319,"SC Corinthians Paulista",NORMAL,INTERNAL_PERSON_ID,50176,0x0032440D,False,-1,-1,45,51,4EB3CA1281791FED,"I|B|S|I|S|L|L|L|L|L|L|L|REF|L|L|I|I|I|I|I|I|I|I|I|I|B|S|I|S|L|L|L|L|L|L|S|",5000000E000000440061006E00690065006C0020004E00690063006F006C00E100730000000100C4000000C2D600006AE05000000C0000004A006F007300E900200045007500670065006E0069006F0000000100C4000000C3D6000066E05000000C0000004700650072006100720064006F0020004A006F007300E90000000100C4000000C4D6000064E05000000F0000004F0072006C0061006E0064006F00200041006C0076006500690072006F0000000100C4000000C5D6000063E05000000D00000047007200650067006F00720069006F0020004A006F007300E90000000100C4000000C6D6000062E050000005000000530061006D006900720000000100C4000000C7D60000EEBA8600000C0000004A006F007300E900200041006C0062006500720074006F0000000100C4000000C8D6000009BB860000050000004A006F00680061006E0000000100C4000000C9D600000ABB860000070000004700750073007400610076006F0000000100C4000000CAD60000EADF500000060000004100
"Édson Araújo",308345,50176,319,"SC Corinthians Paulista",NORMAL,INTERNAL_PERSON_ID,50176,0x00324440,False,-1,-1,51,47,2F4C4B7E166DD9F4,"L|L|L|L|L|L|L|L|L|L|L|L|REF|L|L|I|I|I|I|I|I|I|L|I|B|S|I|S|L|L|S|L|L|L|S|B|",000C0000004A006F007300E900200045007500670065006E0069006F0000000100C4000000C3D6000066E05000000C0000004700650072006100720064006F0020004A006F007300E90000000100C4000000C4D6000064E05000000F0000004F0072006C0061006E0064006F00200041006C0076006500690072006F0000000100C4000000C5D6000063E05000000D00000047007200650067006F00720069006F0020004A006F007300E90000000100C4000000C6D6000062E050000005000000530061006D006900720000000100C4000000C7D60000EEBA8600000C0000004A006F007300E900200041006C0062006500720074006F0000000100C4000000C8D6000009BB860000050000004A006F00680061006E0000000100C4000000C9D600000ABB860000070000004700750073007400610076006F0000000100C4000000CAD60000EADF5000000600000041006E0064007200E900650000000100C4000000CBD600003CC10100000B0000005000610075006C0020004A006100760069006500
"Édson Araújo",308345,50176,319,"SC Corinthians Paulista",NORMAL,INTERNAL_PERSON_ID,50176,0x0032446F,False,-1,-1,47,31,D2CA0449346D17AD,"L|L|L|L|L|L|L|L|L|L|L|L|REF|L|L|I|I|I|I|I|B|S|I|S|L|L|L|L|L|L|L|S|L|L|I|I|",0000004700650072006100720064006F0020004A006F007300E90000000100C4000000C4D6000064E05000000F0000004F0072006C0061006E0064006F00200041006C0076006500690072006F0000000100C4000000C5D6000063E05000000D00000047007200650067006F00720069006F0020004A006F007300E90000000100C4000000C6D6000062E050000005000000530061006D006900720000000100C4000000C7D60000EEBA8600000C0000004A006F007300E900200041006C0062006500720074006F0000000100C4000000C8D6000009BB860000050000004A006F00680061006E0000000100C4000000C9D600000ABB860000070000004700750073007400610076006F0000000100C4000000CAD60000EADF5000000600000041006E0064007200E900650000000100C4000000CBD600003CC10100000B0000005000610075006C0020004A006100760069006500720000000100C4000000CCD600000DBB86000004000000440069006E006F0000000100C4000000CDD60000ECBA8600
"Édson Araújo",308345,50176,319,"SC Corinthians Paulista",NORMAL,INTERNAL_PERSON_ID,50176,0x0032448E,False,-1,-1,31,45,A33F3DE6100CFC8E,"I|I|I|B|L|L|L|L|L|L|L|L|REF|L|L|I|I|I|I|I|I|I|B|L|L|L|L|L|L|L|L|S|L|L|I|I|",C4000000C4D6000064E05000000F0000004F0072006C0061006E0064006F00200041006C0076006500690072006F0000000100C4000000C5D6000063E05000000D00000047007200650067006F00720069006F0020004A006F007300E90000000100C4000000C6D6000062E050000005000000530061006D006900720000000100C4000000C7D60000EEBA8600000C0000004A006F007300E900200041006C0062006500720074006F0000000100C4000000C8D6000009BB860000050000004A006F00680061006E0000000100C4000000C9D600000ABB860000070000004700750073007400610076006F0000000100C4000000CAD60000EADF5000000600000041006E0064007200E900650000000100C4000000CBD600003CC10100000B0000005000610075006C0020004A006100760069006500720000000100C4000000CCD600000DBB86000004000000440069006E006F0000000100C4000000CDD60000ECBA8600000500000046006900640065006C0000000100C4000000CED6000010BB8600
"Édson Araújo",308345,50176,319,"SC Corinthians Paulista",NORMAL,INTERNAL_PERSON_ID,50176,0x003244BB,False,-1,-1,45,31,663AEB39FB20A36D,"I|B|S|I|S|L|L|L|L|L|L|L|REF|L|L|I|I|I|I|I|B|S|I|S|L|L|L|S|L|L|L|S|B|I|I|I|",6F0000000100C4000000C5D6000063E05000000D00000047007200650067006F00720069006F0020004A006F007300E90000000100C4000000C6D6000062E050000005000000530061006D006900720000000100C4000000C7D60000EEBA8600000C0000004A006F007300E900200041006C0062006500720074006F0000000100C4000000C8D6000009BB860000050000004A006F00680061006E0000000100C4000000C9D600000ABB860000070000004700750073007400610076006F0000000100C4000000CAD60000EADF5000000600000041006E0064007200E900650000000100C4000000CBD600003CC10100000B0000005000610075006C0020004A006100760069006500720000000100C4000000CCD600000DBB86000004000000440069006E006F0000000100C4000000CDD60000ECBA8600000500000046006900640065006C0000000100C4000000CED6000010BB86000006000000410072007400750072006F0000000100C4000000CFD60000E9BA8600000D000000440069006F006E
"Édson Araújo",308345,50176,319,"SC Corinthians Paulista",NORMAL,INTERNAL_PERSON_ID,50176,0x003244DA,False,-1,-1,31,35,5AB065DCC6063EA7,"I|I|I|B|L|L|L|L|L|L|L|L|REF|L|L|I|I|I|I|I|I|B|S|I|S|L|L|L|L|S|L|L|I|I|I|I|",6F00720069006F0020004A006F007300E90000000100C4000000C6D6000062E050000005000000530061006D006900720000000100C4000000C7D60000EEBA8600000C0000004A006F007300E900200041006C0062006500720074006F0000000100C4000000C8D6000009BB860000050000004A006F00680061006E0000000100C4000000C9D600000ABB860000070000004700750073007400610076006F0000000100C4000000CAD60000EADF5000000600000041006E0064007200E900650000000100C4000000CBD600003CC10100000B0000005000610075006C0020004A006100760069006500720000000100C4000000CCD600000DBB86000004000000440069006E006F0000000100C4000000CDD60000ECBA8600000500000046006900640065006C0000000100C4000000CED6000010BB86000006000000410072007400750072006F0000000100C4000000CFD60000E9BA8600000D000000440069006F006E006E007900200041006E00670065006C00790000000100C4000000D0D60000
"Édson Araújo",308345,50176,319,"SC Corinthians Paulista",NORMAL,INTERNAL_PERSON_ID,50176,0x003244FD,False,-1,-1,35,33,E4462C51F2559041,"I|I|B|L|L|L|L|L|L|L|L|L|REF|L|L|I|I|I|L|B|L|L|L|L|L|L|L|L|L|L|L|S|L|L|I|I|",05000000530061006D006900720000000100C4000000C7D60000EEBA8600000C0000004A006F007300E900200041006C0062006500720074006F0000000100C4000000C8D6000009BB860000050000004A006F00680061006E0000000100C4000000C9D600000ABB860000070000004700750073007400610076006F0000000100C4000000CAD60000EADF5000000600000041006E0064007200E900650000000100C4000000CBD600003CC10100000B0000005000610075006C0020004A006100760069006500720000000100C4000000CCD600000DBB86000004000000440069006E006F0000000100C4000000CDD60000ECBA8600000500000046006900640065006C0000000100C4000000CED6000010BB86000006000000410072007400750072006F0000000100C4000000CFD60000E9BA8600000D000000440069006F006E006E007900200041006E00670065006C00790000000100C4000000D0D6000012BB8600000B00000050006500640072006F0020004300E90073006100720000000100
"Édson Araújo",308345,50176,319,"SC Corinthians Paulista",NORMAL,INTERNAL_PERSON_ID,50176,0x0032451E,False,-1,-1,33,43,E30787839C4955A4,"I|I|I|I|B|S|I|S|L|L|L|L|REF|L|L|I|I|I|I|I|I|I|I|B|S|I|S|L|L|L|S|L|L|I|I|I|",00004A006F007300E900200041006C0062006500720074006F0000000100C4000000C8D6000009BB860000050000004A006F00680061006E0000000100C4000000C9D600000ABB860000070000004700750073007400610076006F0000000100C4000000CAD60000EADF5000000600000041006E0064007200E900650000000100C4000000CBD600003CC10100000B0000005000610075006C0020004A006100760069006500720000000100C4000000CCD600000DBB86000004000000440069006E006F0000000100C4000000CDD60000ECBA8600000500000046006900640065006C0000000100C4000000CED6000010BB86000006000000410072007400750072006F0000000100C4000000CFD60000E9BA8600000D000000440069006F006E006E007900200041006E00670065006C00790000000100C4000000D0D6000012BB8600000B00000050006500640072006F0020004300E90073006100720000000100C4000000D1D6000060E05000000D00000045006C00750069006400200041006C00
"Édson Araújo",308345,50176,319,"SC Corinthians Paulista",NORMAL,INTERNAL_PERSON_ID,50176,0x00324549,False,-1,-1,43,29,DA09976BAEFC34A4,"B|L|L|L|L|L|L|L|L|L|L|L|REF|L|L|I|I|I|B|L|L|L|L|L|L|L|L|S|L|L|I|I|I|I|B|L|",050000004A006F00680061006E0000000100C4000000C9D600000ABB860000070000004700750073007400610076006F0000000100C4000000CAD60000EADF5000000600000041006E0064007200E900650000000100C4000000CBD600003CC10100000B0000005000610075006C0020004A006100760069006500720000000100C4000000CCD600000DBB86000004000000440069006E006F0000000100C4000000CDD60000ECBA8600000500000046006900640065006C0000000100C4000000CED6000010BB86000006000000410072007400750072006F0000000100C4000000CFD60000E9BA8600000D000000440069006F006E006E007900200041006E00670065006C00790000000100C4000000D0D6000012BB8600000B00000050006500640072006F0020004300E90073006100720000000100C4000000D1D6000060E05000000D00000045006C00750069006400200041006C0062006500720074006F0000000100C4000000D2D600005FE0500000070000004E00690063006F006C00E100
"Édson Araújo",308345,50176,319,"SC Corinthians Paulista",NORMAL,INTERNAL_PERSON_ID,50176,0x00324566,False,-1,-1,29,31,058AE09FF9F94BDF,"I|I|I|I|I|B|S|I|S|L|L|L|REF|L|L|I|I|I|I|I|B|S|I|S|L|L|L|L|S|L|L|I|I|I|I|I|",0000070000004700750073007400610076006F0000000100C4000000CAD60000EADF5000000600000041006E0064007200E900650000000100C4000000CBD600003CC10100000B0000005000610075006C0020004A006100760069006500720000000100C4000000CCD600000DBB86000004000000440069006E006F0000000100C4000000CDD60000ECBA8600000500000046006900640065006C0000000100C4000000CED6000010BB86000006000000410072007400750072006F0000000100C4000000CFD60000E9BA8600000D000000440069006F006E006E007900200041006E00670065006C00790000000100C4000000D0D6000012BB8600000B00000050006500640072006F0020004300E90073006100720000000100C4000000D1D6000060E05000000D00000045006C00750069006400200041006C0062006500720074006F0000000100C4000000D2D600005FE0500000070000004E00690063006F006C00E100730000000100C4000000D3D60000BEEE1600000B0000004C0075006900
"Édson Araújo",308345,50176,319,"SC Corinthians Paulista",NORMAL,INTERNAL_PERSON_ID,50176,0x00324585,False,-1,-1,31,33,3D00D28C6BCCD1DD,"I|I|I|B|L|L|L|L|L|L|L|L|REF|L|L|I|I|I|I|B|L|L|L|L|L|L|L|L|L|L|L|L|S|L|L|I|",00EADF5000000600000041006E0064007200E900650000000100C4000000CBD600003CC10100000B0000005000610075006C0020004A006100760069006500720000000100C4000000CCD600000DBB86000004000000440069006E006F0000000100C4000000CDD60000ECBA8600000500000046006900640065006C0000000100C4000000CED6000010BB86000006000000410072007400750072006F0000000100C4000000CFD60000E9BA8600000D000000440069006F006E006E007900200041006E00670065006C00790000000100C4000000D0D6000012BB8600000B00000050006500640072006F0020004300E90073006100720000000100C4000000D1D6000060E05000000D00000045006C00750069006400200041006C0062006500720074006F0000000100C4000000D2D600005FE0500000070000004E00690063006F006C00E100730000000100C4000000D3D60000BEEE1600000B0000004C0075006900730020004D0069006700750065006C0000000100C4000000D4D600005BED16
"Édson Araújo",308345,50176,319,"SC Corinthians Paulista",NORMAL,INTERNAL_PERSON_ID,50176,0x003245A6,False,-1,-1,33,47,A17982FF624788D1,"I|I|I|I|B|S|I|S|L|L|L|L|REF|L|L|I|I|I|I|I|I|I|I|I|B|S|I|S|L|L|L|L|L|S|L|L|",003CC10100000B0000005000610075006C0020004A006100760069006500720000000100C4000000CCD600000DBB86000004000000440069006E006F0000000100C4000000CDD60000ECBA8600000500000046006900640065006C0000000100C4000000CED6000010BB86000006000000410072007400750072006F0000000100C4000000CFD60000E9BA8600000D000000440069006F006E006E007900200041006E00670065006C00790000000100C4000000D0D6000012BB8600000B00000050006500640072006F0020004300E90073006100720000000100C4000000D1D6000060E05000000D00000045006C00750069006400200041006C0062006500720074006F0000000100C4000000D2D600005FE0500000070000004E00690063006F006C00E100730000000100C4000000D3D60000BEEE1600000B0000004C0075006900730020004D0069006700750065006C0000000100C4000000D4D600005BED1600000E0000004700750073007400610076006F002000520061006600610065006C
"Édson Araújo",308345,50176,319,"SC Corinthians Paulista",NORMAL,INTERNAL_PERSON_ID,50176,0x003245D5,False,-1,-1,47,43,23150B4BCB0F4AAD,"L|L|L|L|L|L|L|L|L|L|L|L|REF|L|L|I|I|I|I|I|I|I|I|B|S|I|S|L|L|L|L|L|L|S|L|L|",000004000000440069006E006F0000000100C4000000CDD60000ECBA8600000500000046006900640065006C0000000100C4000000CED6000010BB86000006000000410072007400750072006F0000000100C4000000CFD60000E9BA8600000D000000440069006F006E006E007900200041006E00670065006C00790000000100C4000000D0D6000012BB8600000B00000050006500640072006F0020004300E90073006100720000000100C4000000D1D6000060E05000000D00000045006C00750069006400200041006C0062006500720074006F0000000100C4000000D2D600005FE0500000070000004E00690063006F006C00E100730000000100C4000000D3D60000BEEE1600000B0000004C0075006900730020004D0069006700750065006C0000000100C4000000D4D600005BED1600000E0000004700750073007400610076006F002000520061006600610065006C0000000100C4000000D5D60000E2BA8600000E00000052006900630068006100720064002000520061006600610065
"Édson Araújo",308345,50176,319,"SC Corinthians Paulista",NORMAL,INTERNAL_PERSON_ID,50176,0x00324600,False,-1,-1,43,47,97215ED74EED0BF4,"B|L|L|L|L|L|L|L|L|L|L|L|REF|L|L|I|I|I|I|I|I|I|I|I|B|S|I|S|L|L|L|S|L|L|L|S|",6C0000000100C4000000CED6000010BB86000006000000410072007400750072006F0000000100C4000000CFD60000E9BA8600000D000000440069006F006E006E007900200041006E00670065006C00790000000100C4000000D0D6000012BB8600000B00000050006500640072006F0020004300E90073006100720000000100C4000000D1D6000060E05000000D00000045006C00750069006400200041006C0062006500720074006F0000000100C4000000D2D600005FE0500000070000004E00690063006F006C00E100730000000100C4000000D3D60000BEEE1600000B0000004C0075006900730020004D0069006700750065006C0000000100C4000000D4D600005BED1600000E0000004700750073007400610076006F002000520061006600610065006C0000000100C4000000D5D60000E2BA8600000E00000052006900630068006100720064002000520061006600610065006C0000000100C4000000D6D600005DE0500000050000004D006100740065006F0000000100C4000000D7
"Édson Araújo",308345,50176,319,"SC Corinthians Paulista",NORMAL,INTERNAL_PERSON_ID,50176,0x0032462F,False,-1,-1,47,35,3BEA5546377D353E,"L|L|L|L|L|L|L|L|L|L|L|L|REF|L|L|I|I|I|I|I|I|B|S|I|S|L|L|L|L|L|S|L|L|L|S|B|",E9BA8600000D000000440069006F006E006E007900200041006E00670065006C00790000000100C4000000D0D6000012BB8600000B00000050006500640072006F0020004300E90073006100720000000100C4000000D1D6000060E05000000D00000045006C00750069006400200041006C0062006500720074006F0000000100C4000000D2D600005FE0500000070000004E00690063006F006C00E100730000000100C4000000D3D60000BEEE1600000B0000004C0075006900730020004D0069006700750065006C0000000100C4000000D4D600005BED1600000E0000004700750073007400610076006F002000520061006600610065006C0000000100C4000000D5D60000E2BA8600000E00000052006900630068006100720064002000520061006600610065006C0000000100C4000000D6D600005DE0500000050000004D006100740065006F0000000100C4000000D7D60000E0BA8600000A00000050006500640072006F0020004C0075006900730000000100C4000000D8D6000056E050
"Édson Araújo",308345,50176,319,"SC Corinthians Paulista",NORMAL,INTERNAL_PERSON_ID,50176,0x00324652,False,-1,-1,35,43,398AFAC8A9212B79,"I|I|B|L|L|L|L|L|L|L|L|L|REF|L|L|I|I|I|I|I|I|I|I|B|S|I|S|L|L|L|L|L|L|L|L|S|",00000100C4000000D0D6000012BB8600000B00000050006500640072006F0020004300E90073006100720000000100C4000000D1D6000060E05000000D00000045006C00750069006400200041006C0062006500720074006F0000000100C4000000D2D600005FE0500000070000004E00690063006F006C00E100730000000100C4000000D3D60000BEEE1600000B0000004C0075006900730020004D0069006700750065006C0000000100C4000000D4D600005BED1600000E0000004700750073007400610076006F002000520061006600610065006C0000000100C4000000D5D60000E2BA8600000E00000052006900630068006100720064002000520061006600610065006C0000000100C4000000D6D600005DE0500000050000004D006100740065006F0000000100C4000000D7D60000E0BA8600000A00000050006500640072006F0020004C0075006900730000000100C4000000D8D6000056E05000000C00000041006E0064007200E900730020004A0065007300FA00730000000100C4
"Édson Araújo",308345,50176,319,"SC Corinthians Paulista",NORMAL,INTERNAL_PERSON_ID,50176,0x0032467D,False,-1,-1,43,49,63F0C99F94CEDC19,"B|L|L|L|L|L|L|L|L|L|L|L|REF|L|L|I|I|I|I|I|I|I|I|B|L|L|L|L|L|L|L|L|L|L|L|S|",00000100C4000000D1D6000060E05000000D00000045006C00750069006400200041006C0062006500720074006F0000000100C4000000D2D600005FE0500000070000004E00690063006F006C00E100730000000100C4000000D3D60000BEEE1600000B0000004C0075006900730020004D0069006700750065006C0000000100C4000000D4D600005BED1600000E0000004700750073007400610076006F002000520061006600610065006C0000000100C4000000D5D60000E2BA8600000E00000052006900630068006100720064002000520061006600610065006C0000000100C4000000D6D600005DE0500000050000004D006100740065006F0000000100C4000000D7D60000E0BA8600000A00000050006500640072006F0020004C0075006900730000000100C4000000D8D6000056E05000000C00000041006E0064007200E900730020004A0065007300FA00730000000100C4000000D9D60000DFBA8600000A0000004A006F007300E90020004D0061007200ED00610000000100C40000
"Édson Araújo",308345,50176,319,"SC Corinthians Paulista",NORMAL,INTERNAL_PERSON_ID,50176,0x003246AE,False,-1,-1,49,49,B88316B6630B8BAF,"B|S|I|S|L|L|L|L|L|L|L|L|REF|L|L|I|I|I|I|I|I|I|I|B|L|L|L|L|L|L|L|L|S|L|L|I|",0100C4000000D2D600005FE0500000070000004E00690063006F006C00E100730000000100C4000000D3D60000BEEE1600000B0000004C0075006900730020004D0069006700750065006C0000000100C4000000D4D600005BED1600000E0000004700750073007400610076006F002000520061006600610065006C0000000100C4000000D5D60000E2BA8600000E00000052006900630068006100720064002000520061006600610065006C0000000100C4000000D6D600005DE0500000050000004D006100740065006F0000000100C4000000D7D60000E0BA8600000A00000050006500640072006F0020004C0075006900730000000100C4000000D8D6000056E05000000C00000041006E0064007200E900730020004A0065007300FA00730000000100C4000000D9D60000DFBA8600000A0000004A006F007300E90020004D0061007200ED00610000000100C4000000DAD60000E8DF5000000600000041006E00670065006C006F0000000100C4000000DBD60000E7DF500000090000004700
"Édson Araújo",308345,50176,319,"SC Corinthians Paulista",NORMAL,INTERNAL_PERSON_ID,50176,0x003246DF,False,-1,-1,49,31,01210B01B19A7BFB,"B|S|I|S|L|L|L|L|L|L|L|L|REF|L|L|I|I|I|I|I|B|S|I|S|L|L|L|L|L|L|S|L|L|I|I|I|",000B0000004C0075006900730020004D0069006700750065006C0000000100C4000000D4D600005BED1600000E0000004700750073007400610076006F002000520061006600610065006C0000000100C4000000D5D60000E2BA8600000E00000052006900630068006100720064002000520061006600610065006C0000000100C4000000D6D600005DE0500000050000004D006100740065006F0000000100C4000000D7D60000E0BA8600000A00000050006500640072006F0020004C0075006900730000000100C4000000D8D6000056E05000000C00000041006E0064007200E900730020004A0065007300FA00730000000100C4000000D9D60000DFBA8600000A0000004A006F007300E90020004D0061007200ED00610000000100C4000000DAD60000E8DF5000000600000041006E00670065006C006F0000000100C4000000DBD60000E7DF500000090000004700690061006E006300610072006C006F0000000100C4000000DCD60000E6DF5000000B0000004A00750061006E0020004D00
"Édson Araújo",308345,50176,319,"SC Corinthians Paulista",NORMAL,INTERNAL_PERSON_ID,50176,0x003246FE,False,-1,-1,31,41,75D99A6F23DAFCEC,"I|I|I|B|L|L|L|L|L|L|L|L|REF|L|L|I|I|I|I|I|I|B|L|L|L|L|L|L|L|L|L|L|S|L|L|L|",C4000000D4D600005BED1600000E0000004700750073007400610076006F002000520061006600610065006C0000000100C4000000D5D60000E2BA8600000E00000052006900630068006100720064002000520061006600610065006C0000000100C4000000D6D600005DE0500000050000004D006100740065006F0000000100C4000000D7D60000E0BA8600000A00000050006500640072006F0020004C0075006900730000000100C4000000D8D6000056E05000000C00000041006E0064007200E900730020004A0065007300FA00730000000100C4000000D9D60000DFBA8600000A0000004A006F007300E90020004D0061007200ED00610000000100C4000000DAD60000E8DF5000000600000041006E00670065006C006F0000000100C4000000DBD60000E7DF500000090000004700690061006E006300610072006C006F0000000100C4000000DCD60000E6DF5000000B0000004A00750061006E0020004D00610072007400ED006E0000000100C4000000DDD6000055E050000009000000
"Édson Araújo",308345,50176,319,"SC Corinthians Paulista",NORMAL,INTERNAL_PERSON_ID,50176,0x00324727,False,-1,-1,41,45,49A508E721568261,"I|I|B|S|I|S|L|L|L|L|L|L|REF|L|L|I|I|I|L|I|I|L|B|L|L|L|L|L|L|L|L|L|S|L|L|L|",65006C0000000100C4000000D5D60000E2BA8600000E00000052006900630068006100720064002000520061006600610065006C0000000100C4000000D6D600005DE0500000050000004D006100740065006F0000000100C4000000D7D60000E0BA8600000A00000050006500640072006F0020004C0075006900730000000100C4000000D8D6000056E05000000C00000041006E0064007200E900730020004A0065007300FA00730000000100C4000000D9D60000DFBA8600000A0000004A006F007300E90020004D0061007200ED00610000000100C4000000DAD60000E8DF5000000600000041006E00670065006C006F0000000100C4000000DBD60000E7DF500000090000004700690061006E006300610072006C006F0000000100C4000000DCD60000E6DF5000000B0000004A00750061006E0020004D00610072007400ED006E0000000100C4000000DDD6000055E0500000090000004500750072006F00200049007600E1006E0000000100C4000000DED6000054E05000000D0000004A00
"Édson Araújo",308345,50176,319,"SC Corinthians Paulista",NORMAL,INTERNAL_PERSON_ID,50176,0x00324754,False,-1,-1,45,41,BFBD44E22A8625B5,"I|B|S|I|S|L|L|L|L|L|L|L|REF|L|L|I|I|I|I|I|L|B|L|L|L|L|L|L|L|S|L|L|L|S|B|I|",6600610065006C0000000100C4000000D6D600005DE0500000050000004D006100740065006F0000000100C4000000D7D60000E0BA8600000A00000050006500640072006F0020004C0075006900730000000100C4000000D8D6000056E05000000C00000041006E0064007200E900730020004A0065007300FA00730000000100C4000000D9D60000DFBA8600000A0000004A006F007300E90020004D0061007200ED00610000000100C4000000DAD60000E8DF5000000600000041006E00670065006C006F0000000100C4000000DBD60000E7DF500000090000004700690061006E006300610072006C006F0000000100C4000000DCD60000E6DF5000000B0000004A00750061006E0020004D00610072007400ED006E0000000100C4000000DDD6000055E0500000090000004500750072006F00200049007600E1006E0000000100C4000000DED6000054E05000000D0000004A006F007300E9002000560061006C0065006E007400ED006E0000000100C4000000DFD6000053E05000000E000000
"Édson Araújo",308345,50176,319,"SC Corinthians Paulista",NORMAL,INTERNAL_PERSON_ID,50176,0x0032477D,False,-1,-1,41,33,72F609D46C9B35E2,"I|I|B|S|I|S|L|L|L|L|L|L|REF|L|L|I|I|I|I|B|L|L|L|L|L|L|L|L|L|L|S|L|L|I|I|I|",0100C4000000D7D60000E0BA8600000A00000050006500640072006F0020004C0075006900730000000100C4000000D8D6000056E05000000C00000041006E0064007200E900730020004A0065007300FA00730000000100C4000000D9D60000DFBA8600000A0000004A006F007300E90020004D0061007200ED00610000000100C4000000DAD60000E8DF5000000600000041006E00670065006C006F0000000100C4000000DBD60000E7DF500000090000004700690061006E006300610072006C006F0000000100C4000000DCD60000E6DF5000000B0000004A00750061006E0020004D00610072007400ED006E0000000100C4000000DDD6000055E0500000090000004500750072006F00200049007600E1006E0000000100C4000000DED6000054E05000000D0000004A006F007300E9002000560061006C0065006E007400ED006E0000000100C4000000DFD6000053E05000000E0000004A006F006C006600720065006400790020004A0065007300FA00730000000100C4000000E0D6000052
"Édson Araújo",308345,50176,319,"SC Corinthians Paulista",NORMAL,INTERNAL_PERSON_ID,50176,0x0032479E,False,-1,-1,33,39,0DBC10ED298B355D,"I|I|I|I|B|S|I|S|L|L|L|L|REF|L|L|I|I|I|I|I|I|I|B|S|I|S|L|L|L|L|L|S|L|L|L|S|",75006900730000000100C4000000D8D6000056E05000000C00000041006E0064007200E900730020004A0065007300FA00730000000100C4000000D9D60000DFBA8600000A0000004A006F007300E90020004D0061007200ED00610000000100C4000000DAD60000E8DF5000000600000041006E00670065006C006F0000000100C4000000DBD60000E7DF500000090000004700690061006E006300610072006C006F0000000100C4000000DCD60000E6DF5000000B0000004A00750061006E0020004D00610072007400ED006E0000000100C4000000DDD6000055E0500000090000004500750072006F00200049007600E1006E0000000100C4000000DED6000054E05000000D0000004A006F007300E9002000560061006C0065006E007400ED006E0000000100C4000000DFD6000053E05000000E0000004A006F006C006600720065006400790020004A0065007300FA00730000000100C4000000E0D6000052E05000000600000046007200650064006400790000000100C4000000E1D60000DE
"Édson Araújo",308345,50176,319,"SC Corinthians Paulista",NORMAL,INTERNAL_PERSON_ID,50176,0x003247C5,False,-1,-1,39,43,7E4FCD279ABA6174,"I|B|L|L|L|L|L|L|L|L|L|L|REF|L|L|I|I|I|I|I|I|I|I|B|S|I|S|L|L|L|L|S|L|L|L|S|",20004A0065007300FA00730000000100C4000000D9D60000DFBA8600000A0000004A006F007300E90020004D0061007200ED00610000000100C4000000DAD60000E8DF5000000600000041006E00670065006C006F0000000100C4000000DBD60000E7DF500000090000004700690061006E006300610072006C006F0000000100C4000000DCD60000E6DF5000000B0000004A00750061006E0020004D00610072007400ED006E0000000100C4000000DDD6000055E0500000090000004500750072006F00200049007600E1006E0000000100C4000000DED6000054E05000000D0000004A006F007300E9002000560061006C0065006E007400ED006E0000000100C4000000DFD6000053E05000000E0000004A006F006C006600720065006400790020004A0065007300FA00730000000100C4000000E0D6000052E05000000600000046007200650064006400790000000100C4000000E1D60000DEBA8600000500000045006C006B0069006E0000000100C4000000E2D6000013BB8600000E000000
"Édson Araújo",308345,50176,319,"SC Corinthians Paulista",NORMAL,INTERNAL_PERSON_ID,50176,0x003247F0,False,-1,-1,43,39,D66DBE94750C3020,"B|L|L|L|L|L|L|L|L|L|L|L|REF|L|L|I|I|I|I|I|I|I|B|S|I|S|L|L|L|L|L|L|S|L|L|L|",4D0061007200ED00610000000100C4000000DAD60000E8DF5000000600000041006E00670065006C006F0000000100C4000000DBD60000E7DF500000090000004700690061006E006300610072006C006F0000000100C4000000DCD60000E6DF5000000B0000004A00750061006E0020004D00610072007400ED006E0000000100C4000000DDD6000055E0500000090000004500750072006F00200049007600E1006E0000000100C4000000DED6000054E05000000D0000004A006F007300E9002000560061006C0065006E007400ED006E0000000100C4000000DFD6000053E05000000E0000004A006F006C006600720065006400790020004A0065007300FA00730000000100C4000000E0D6000052E05000000600000046007200650064006400790000000100C4000000E1D60000DEBA8600000500000045006C006B0069006E0000000100C4000000E2D6000013BB8600000E00000045006E0072006900710075006500200041006E0064007200E900730000000100C4000000E3D60000E5DF50
"Édson Araújo",308345,50176,319,"SC Corinthians Paulista",NORMAL,INTERNAL_PERSON_ID,50176,0x00324817,False,-1,-1,39,47,A349D54B3012D794,"L|B|L|L|L|L|L|L|L|L|L|L|REF|L|L|I|I|I|I|I|I|I|I|I|B|S|I|S|L|L|L|L|L|L|L|L|",6C006F0000000100C4000000DBD60000E7DF500000090000004700690061006E006300610072006C006F0000000100C4000000DCD60000E6DF5000000B0000004A00750061006E0020004D00610072007400ED006E0000000100C4000000DDD6000055E0500000090000004500750072006F00200049007600E1006E0000000100C4000000DED6000054E05000000D0000004A006F007300E9002000560061006C0065006E007400ED006E0000000100C4000000DFD6000053E05000000E0000004A006F006C006600720065006400790020004A0065007300FA00730000000100C4000000E0D6000052E05000000600000046007200650064006400790000000100C4000000E1D60000DEBA8600000500000045006C006B0069006E0000000100C4000000E2D6000013BB8600000E00000045006E0072006900710075006500200041006E0064007200E900730000000100C4000000E3D60000E5DF5000000A0000004A006F0068006E0020004A006100690072006F0000000100C4000000E4D6000015
"Édson Araújo",308345,50176,319,"SC Corinthians Paulista",NORMAL,INTERNAL_PERSON_ID,50176,0x00324846,False,-1,-1,47,49,556B97A128F9152F,"L|L|L|L|L|L|L|L|L|L|L|L|REF|L|L|I|I|I|I|I|I|I|L|B|L|L|L|L|L|L|L|S|L|L|L|S|",C4000000DCD60000E6DF5000000B0000004A00750061006E0020004D00610072007400ED006E0000000100C4000000DDD6000055E0500000090000004500750072006F00200049007600E1006E0000000100C4000000DED6000054E05000000D0000004A006F007300E9002000560061006C0065006E007400ED006E0000000100C4000000DFD6000053E05000000E0000004A006F006C006600720065006400790020004A0065007300FA00730000000100C4000000E0D6000052E05000000600000046007200650064006400790000000100C4000000E1D60000DEBA8600000500000045006C006B0069006E0000000100C4000000E2D6000013BB8600000E00000045006E0072006900710075006500200041006E0064007200E900730000000100C4000000E3D60000E5DF5000000A0000004A006F0068006E0020004A006100690072006F0000000100C4000000E4D6000015BB860000050000004C0065006E00ED006E0000000100C4000000E5D60000DABA8600000A00000045006C00ED006100
"Édson Araújo",308345,50176,319,"SC Corinthians Paulista",NORMAL,INTERNAL_PERSON_ID,50176,0x00324877,False,-1,-1,49,33,4DDE9B3C981D9624,"B|S|I|S|L|L|L|L|L|L|L|L|REF|L|L|I|I|I|I|B|L|L|L|L|L|L|L|L|S|L|L|I|I|I|I|I|",000055E0500000090000004500750072006F00200049007600E1006E0000000100C4000000DED6000054E05000000D0000004A006F007300E9002000560061006C0065006E007400ED006E0000000100C4000000DFD6000053E05000000E0000004A006F006C006600720065006400790020004A0065007300FA00730000000100C4000000E0D6000052E05000000600000046007200650064006400790000000100C4000000E1D60000DEBA8600000500000045006C006B0069006E0000000100C4000000E2D6000013BB8600000E00000045006E0072006900710075006500200041006E0064007200E900730000000100C4000000E3D60000E5DF5000000A0000004A006F0068006E0020004A006100690072006F0000000100C4000000E4D6000015BB860000050000004C0065006E00ED006E0000000100C4000000E5D60000DABA8600000A00000045006C00ED006100730020004A006F007300E90000000100C4000000E6D6000017BB86000007000000520065006E006E006900650072000000
"Édson Araújo",308345,50176,319,"SC Corinthians Paulista",NORMAL,INTERNAL_PERSON_ID,50176,0x00324898,False,-1,-1,33,31,8D71F23B9FD861CD,"I|I|I|I|B|S|I|S|L|L|L|L|REF|L|L|I|I|I|I|I|B|S|I|S|L|L|L|L|L|L|L|L|S|L|L|I|",C4000000DED6000054E05000000D0000004A006F007300E9002000560061006C0065006E007400ED006E0000000100C4000000DFD6000053E05000000E0000004A006F006C006600720065006400790020004A0065007300FA00730000000100C4000000E0D6000052E05000000600000046007200650064006400790000000100C4000000E1D60000DEBA8600000500000045006C006B0069006E0000000100C4000000E2D6000013BB8600000E00000045006E0072006900710075006500200041006E0064007200E900730000000100C4000000E3D60000E5DF5000000A0000004A006F0068006E0020004A006100690072006F0000000100C4000000E4D6000015BB860000050000004C0065006E00ED006E0000000100C4000000E5D60000DABA8600000A00000045006C00ED006100730020004A006F007300E90000000100C4000000E6D6000017BB86000007000000520065006E006E0069006500720000000100C4000000E7D60000D2BB8600000A0000004600720061006E006B0020004A00
"Édson Araújo",308345,50176,319,"SC Corinthians Paulista",NORMAL,INTERNAL_PERSON_ID,50176,0x003248B7,False,-1,-1,31,49,9FFF26FE76857FED,"I|I|I|B|L|L|L|L|L|L|L|L|REF|L|L|I|I|I|I|I|I|I|L|B|L|L|L|L|L|L|L|L|L|S|L|L|",6C0065006E007400ED006E0000000100C4000000DFD6000053E05000000E0000004A006F006C006600720065006400790020004A0065007300FA00730000000100C4000000E0D6000052E05000000600000046007200650064006400790000000100C4000000E1D60000DEBA8600000500000045006C006B0069006E0000000100C4000000E2D6000013BB8600000E00000045006E0072006900710075006500200041006E0064007200E900730000000100C4000000E3D60000E5DF5000000A0000004A006F0068006E0020004A006100690072006F0000000100C4000000E4D6000015BB860000050000004C0065006E00ED006E0000000100C4000000E5D60000DABA8600000A00000045006C00ED006100730020004A006F007300E90000000100C4000000E6D6000017BB86000007000000520065006E006E0069006500720000000100C4000000E7D60000D2BB8600000A0000004600720061006E006B0020004A006F007300E90000000100C4000000E8D6000020DF5000000900000047007500
"Édson Araújo",308345,50176,319,"SC Corinthians Paulista",NORMAL,INTERNAL_PERSON_ID,50176,0x003248E8,False,-1,-1,49,41,FB24A096EEAA36B6,"B|S|I|S|L|L|L|L|L|L|L|L|REF|L|L|I|I|I|I|I|I|B|L|L|L|L|L|L|L|L|S|L|L|I|I|L|",20004A0065007300FA00730000000100C4000000E0D6000052E05000000600000046007200650064006400790000000100C4000000E1D60000DEBA8600000500000045006C006B0069006E0000000100C4000000E2D6000013BB8600000E00000045006E0072006900710075006500200041006E0064007200E900730000000100C4000000E3D60000E5DF5000000A0000004A006F0068006E0020004A006100690072006F0000000100C4000000E4D6000015BB860000050000004C0065006E00ED006E0000000100C4000000E5D60000DABA8600000A00000045006C00ED006100730020004A006F007300E90000000100C4000000E6D6000017BB86000007000000520065006E006E0069006500720000000100C4000000E7D60000D2BB8600000A0000004600720061006E006B0020004A006F007300E90000000100C4000000E8D6000020DF500000090000004700750061006C0062006500720074006F0000000100C4000000E9D6000001E15000000700000052006F0064006F006C0066006F00
"Édson Araújo",308345,50176,319,"SC Corinthians Paulista",NORMAL,INTERNAL_PERSON_ID,50176,0x00324911,False,-1,-1,41,31,C0D25A194A2BFC01,"I|I|B|S|I|S|L|L|L|L|L|L|REF|L|L|I|I|I|I|I|B|S|I|S|L|L|L|L|L|L|S|L|L|I|I|I|",6400790000000100C4000000E1D60000DEBA8600000500000045006C006B0069006E0000000100C4000000E2D6000013BB8600000E00000045006E0072006900710075006500200041006E0064007200E900730000000100C4000000E3D60000E5DF5000000A0000004A006F0068006E0020004A006100690072006F0000000100C4000000E4D6000015BB860000050000004C0065006E00ED006E0000000100C4000000E5D60000DABA8600000A00000045006C00ED006100730020004A006F007300E90000000100C4000000E6D6000017BB86000007000000520065006E006E0069006500720000000100C4000000E7D60000D2BB8600000A0000004600720061006E006B0020004A006F007300E90000000100C4000000E8D6000020DF500000090000004700750061006C0062006500720074006F0000000100C4000000E9D6000001E15000000700000052006F0064006F006C0066006F0000000100C4000000EAD60000D0BA8600000C0000004300E9007300610072002000520065006E006100
"Édson Araújo",308345,50176,319,"SC Corinthians Paulista",NORMAL,INTERNAL_PERSON_ID,50176,0x00324930,False,-1,-1,31,41,414B7677A74C3DB8,"I|I|I|B|L|L|L|L|L|L|L|L|REF|L|L|I|I|L|I|I|I|B|L|L|L|L|L|L|L|L|L|S|L|L|I|I|",69006E0000000100C4000000E2D6000013BB8600000E00000045006E0072006900710075006500200041006E0064007200E900730000000100C4000000E3D60000E5DF5000000A0000004A006F0068006E0020004A006100690072006F0000000100C4000000E4D6000015BB860000050000004C0065006E00ED006E0000000100C4000000E5D60000DABA8600000A00000045006C00ED006100730020004A006F007300E90000000100C4000000E6D6000017BB86000007000000520065006E006E0069006500720000000100C4000000E7D60000D2BB8600000A0000004600720061006E006B0020004A006F007300E90000000100C4000000E8D6000020DF500000090000004700750061006C0062006500720074006F0000000100C4000000E9D6000001E15000000700000052006F0064006F006C0066006F0000000100C4000000EAD60000D0BA8600000C0000004300E9007300610072002000520065006E00610074006F0000000100C4000000EBD6000026DF5000000D0000004A006F007300
"Édson Araújo",308345,50176,319,"SC Corinthians Paulista",NORMAL,INTERNAL_PERSON_ID,50176,0x00324959,False,-1,-1,41,35,D789FFFE70BAAC21,"I|I|B|S|I|S|L|L|L|L|L|L|REF|L|L|I|I|I|I|I|I|B|S|I|S|L|L|L|L|L|L|S|L|L|I|I|",41006E0064007200E900730000000100C4000000E3D60000E5DF5000000A0000004A006F0068006E0020004A006100690072006F0000000100C4000000E4D6000015BB860000050000004C0065006E00ED006E0000000100C4000000E5D60000DABA8600000A00000045006C00ED006100730020004A006F007300E90000000100C4000000E6D6000017BB86000007000000520065006E006E0069006500720000000100C4000000E7D60000D2BB8600000A0000004600720061006E006B0020004A006F007300E90000000100C4000000E8D6000020DF500000090000004700750061006C0062006500720074006F0000000100C4000000E9D6000001E15000000700000052006F0064006F006C0066006F0000000100C4000000EAD60000D0BA8600000C0000004300E9007300610072002000520065006E00610074006F0000000100C4000000EBD6000026DF5000000D0000004A006F007300E90020004C0065006F006E006100720064006F0000000100C4000000ECD6000028DF50000006000000
"Édson Araújo",308345,50176,319,"SC Corinthians Paulista",NORMAL,INTERNAL_PERSON_ID,50176,0x0032497C,False,-1,-1,35,41,5DF9C0CAC0DA97B8,"I|I|B|L|L|L|L|L|L|L|L|L|REF|L|L|I|I|I|I|I|I|B|L|L|L|L|L|L|L|L|L|L|S|L|L|I|",6F0068006E0020004A006100690072006F0000000100C4000000E4D6000015BB860000050000004C0065006E00ED006E0000000100C4000000E5D60000DABA8600000A00000045006C00ED006100730020004A006F007300E90000000100C4000000E6D6000017BB86000007000000520065006E006E0069006500720000000100C4000000E7D60000D2BB8600000A0000004600720061006E006B0020004A006F007300E90000000100C4000000E8D6000020DF500000090000004700750061006C0062006500720074006F0000000100C4000000E9D6000001E15000000700000052006F0064006F006C0066006F0000000100C4000000EAD60000D0BA8600000C0000004300E9007300610072002000520065006E00610074006F0000000100C4000000EBD6000026DF5000000D0000004A006F007300E90020004C0065006F006E006100720064006F0000000100C4000000ECD6000028DF500000060000004800650072006E00E1006E0000000100C4000000EDD6000003E1500000080000004300
"Édson Araújo",308345,50176,319,"SC Corinthians Paulista",NORMAL,INTERNAL_PERSON_ID,50176,0x003249A5,False,-1,-1,41,39,525B7F7F4B6489F5,"I|I|B|S|I|S|L|L|L|L|L|L|REF|L|L|I|I|I|I|I|I|I|B|S|I|S|L|L|L|S|L|L|L|S|B|L|",65006E00ED006E0000000100C4000000E5D60000DABA8600000A00000045006C00ED006100730020004A006F007300E90000000100C4000000E6D6000017BB86000007000000520065006E006E0069006500720000000100C4000000E7D60000D2BB8600000A0000004600720061006E006B0020004A006F007300E90000000100C4000000E8D6000020DF500000090000004700750061006C0062006500720074006F0000000100C4000000E9D6000001E15000000700000052006F0064006F006C0066006F0000000100C4000000EAD60000D0BA8600000C0000004300E9007300610072002000520065006E00610074006F0000000100C4000000EBD6000026DF5000000D0000004A006F007300E90020004C0065006F006E006100720064006F0000000100C4000000ECD6000028DF500000060000004800650072006E00E1006E0000000100C4000000EDD6000003E1500000080000004300650066006500720069006E006F0000000100C4000000EED600002BDF50000006000000470065006F00
"Édson Araújo",308345,50176,319,"SC Corinthians Paulista",NORMAL,INTERNAL_PERSON_ID,50176,0x003249CC,False,-1,-1,39,35,D5080B90B15F16FC,"I|B|L|L|L|L|L|L|L|L|L|L|REF|L|L|I|I|I|I|I|I|B|S|I|S|L|L|L|L|L|L|L|S|L|L|I|",20004A006F007300E90000000100C4000000E6D6000017BB86000007000000520065006E006E0069006500720000000100C4000000E7D60000D2BB8600000A0000004600720061006E006B0020004A006F007300E90000000100C4000000E8D6000020DF500000090000004700750061006C0062006500720074006F0000000100C4000000E9D6000001E15000000700000052006F0064006F006C0066006F0000000100C4000000EAD60000D0BA8600000C0000004300E9007300610072002000520065006E00610074006F0000000100C4000000EBD6000026DF5000000D0000004A006F007300E90020004C0065006F006E006100720064006F0000000100C4000000ECD6000028DF500000060000004800650072006E00E1006E0000000100C4000000EDD6000003E1500000080000004300650066006500720069006E006F0000000100C4000000EED600002BDF50000006000000470065006F0072006700650000000100C4000000EFD6000004E150000005000000480065006400650072000000
"Édson Araújo",308345,50176,319,"SC Corinthians Paulista",NORMAL,INTERNAL_PERSON_ID,50176,0x003249EF,False,-1,-1,35,45,4394FAE3DEB5565E,"I|I|B|L|L|L|L|L|L|L|L|L|REF|L|L|I|I|I|I|I|I|I|B|L|L|L|L|L|L|L|L|L|L|L|L|S|",6E006E0069006500720000000100C4000000E7D60000D2BB8600000A0000004600720061006E006B0020004A006F007300E90000000100C4000000E8D6000020DF500000090000004700750061006C0062006500720074006F0000000100C4000000E9D6000001E15000000700000052006F0064006F006C0066006F0000000100C4000000EAD60000D0BA8600000C0000004300E9007300610072002000520065006E00610074006F0000000100C4000000EBD6000026DF5000000D0000004A006F007300E90020004C0065006F006E006100720064006F0000000100C4000000ECD6000028DF500000060000004800650072006E00E1006E0000000100C4000000EDD6000003E1500000080000004300650066006500720069006E006F0000000100C4000000EED600002BDF50000006000000470065006F0072006700650000000100C4000000EFD6000004E1500000050000004800650064006500720000000100C4000000F0D60000CFBA8600000500000043006800610065006C0000000100C400
"Édson Araújo",308345,50176,319,"SC Corinthians Paulista",NORMAL,INTERNAL_PERSON_ID,50176,0x00324A1C,False,-1,-1,45,47,EB801A61B1B9054B,"I|B|S|I|S|L|L|L|L|L|L|L|REF|L|L|I|I|I|I|I|I|I|I|I|B|S|I|S|L|L|L|L|S|L|L|I|",6F007300E90000000100C4000000E8D6000020DF500000090000004700750061006C0062006500720074006F0000000100C4000000E9D6000001E15000000700000052006F0064006F006C0066006F0000000100C4000000EAD60000D0BA8600000C0000004300E9007300610072002000520065006E00610074006F0000000100C4000000EBD6000026DF5000000D0000004A006F007300E90020004C0065006F006E006100720064006F0000000100C4000000ECD6000028DF500000060000004800650072006E00E1006E0000000100C4000000EDD6000003E1500000080000004300650066006500720069006E006F0000000100C4000000EED600002BDF50000006000000470065006F0072006700650000000100C4000000EFD6000004E1500000050000004800650064006500720000000100C4000000F0D60000CFBA8600000500000043006800610065006C0000000100C4000000F1D60000ADBE8600000700000047006900610063006F006D006F0000000100C4000000F2D60000E3DF5000
"Édson Araújo",308345,50176,319,"SC Corinthians Paulista",NORMAL,INTERNAL_PERSON_ID,50176,0x00324A4B,False,-1,-1,47,33,D8B31CCFCFDE727E,"L|L|L|L|L|L|L|L|L|L|L|L|REF|L|L|I|I|I|L|B|L|L|L|L|L|L|L|L|S|L|L|L|S|B|I|I|",0100C4000000E9D6000001E15000000700000052006F0064006F006C0066006F0000000100C4000000EAD60000D0BA8600000C0000004300E9007300610072002000520065006E00610074006F0000000100C4000000EBD6000026DF5000000D0000004A006F007300E90020004C0065006F006E006100720064006F0000000100C4000000ECD6000028DF500000060000004800650072006E00E1006E0000000100C4000000EDD6000003E1500000080000004300650066006500720069006E006F0000000100C4000000EED600002BDF50000006000000470065006F0072006700650000000100C4000000EFD6000004E1500000050000004800650064006500720000000100C4000000F0D60000CFBA8600000500000043006800610065006C0000000100C4000000F1D60000ADBE8600000700000047006900610063006F006D006F0000000100C4000000F2D60000E3DF500000070000004A006F00620061006E006E00790000000100C4000000F3D600002FDF500000060000004800E900630074
"Édson Araújo",308345,50176,319,"SC Corinthians Paulista",NORMAL,INTERNAL_PERSON_ID,50176,0x00324A6C,False,-1,-1,33,37,30FE2467EA054EA4,"I|I|I|I|B|S|I|S|L|L|L|L|REF|L|L|I|I|I|I|I|B|L|L|L|L|L|L|L|S|L|L|L|S|B|I|I|",00000100C4000000EAD60000D0BA8600000C0000004300E9007300610072002000520065006E00610074006F0000000100C4000000EBD6000026DF5000000D0000004A006F007300E90020004C0065006F006E006100720064006F0000000100C4000000ECD6000028DF500000060000004800650072006E00E1006E0000000100C4000000EDD6000003E1500000080000004300650066006500720069006E006F0000000100C4000000EED600002BDF50000006000000470065006F0072006700650000000100C4000000EFD6000004E1500000050000004800650064006500720000000100C4000000F0D60000CFBA8600000500000043006800610065006C0000000100C4000000F1D60000ADBE8600000700000047006900610063006F006D006F0000000100C4000000F2D60000E3DF500000070000004A006F00620061006E006E00790000000100C4000000F3D600002FDF500000060000004800E900630074006F00720000000100C4000000F4D6000030DF5000000C00000044006F006D0069
"Édson Araújo",308345,50176,319,"SC Corinthians Paulista",NORMAL,INTERNAL_PERSON_ID,50176,0x00324A91,False,-1,-1,37,33,B4893FEF589317D2,"I|I|I|B|S|I|S|L|L|L|L|L|REF|L|L|I|I|I|I|B|L|L|L|L|L|L|L|L|S|L|L|I|I|I|I|I|",6E00610074006F0000000100C4000000EBD6000026DF5000000D0000004A006F007300E90020004C0065006F006E006100720064006F0000000100C4000000ECD6000028DF500000060000004800650072006E00E1006E0000000100C4000000EDD6000003E1500000080000004300650066006500720069006E006F0000000100C4000000EED600002BDF50000006000000470065006F0072006700650000000100C4000000EFD6000004E1500000050000004800650064006500720000000100C4000000F0D60000CFBA8600000500000043006800610065006C0000000100C4000000F1D60000ADBE8600000700000047006900610063006F006D006F0000000100C4000000F2D60000E3DF500000070000004A006F00620061006E006E00790000000100C4000000F3D600002FDF500000060000004800E900630074006F00720000000100C4000000F4D6000030DF5000000C00000044006F006D0069006E0067006F0020004A006F007300E90000000100C4000000F5D6000031DF5000000B0000
"Édson Araújo",308345,50176,319,"SC Corinthians Paulista",NORMAL,INTERNAL_PERSON_ID,50176,0x00324AB2,False,-1,-1,33,31,75C487368BE0FFC5,"I|I|I|I|B|S|I|S|L|L|L|L|REF|L|L|I|I|I|I|I|B|S|I|S|L|L|S|L|L|L|S|B|I|I|I|B|",7300E90020004C0065006F006E006100720064006F0000000100C4000000ECD6000028DF500000060000004800650072006E00E1006E0000000100C4000000EDD6000003E1500000080000004300650066006500720069006E006F0000000100C4000000EED600002BDF50000006000000470065006F0072006700650000000100C4000000EFD6000004E1500000050000004800650064006500720000000100C4000000F0D60000CFBA8600000500000043006800610065006C0000000100C4000000F1D60000ADBE8600000700000047006900610063006F006D006F0000000100C4000000F2D60000E3DF500000070000004A006F00620061006E006E00790000000100C4000000F3D600002FDF500000060000004800E900630074006F00720000000100C4000000F4D6000030DF5000000C00000044006F006D0069006E0067006F0020004A006F007300E90000000100C4000000F5D6000031DF5000000B0000004D006100720063006F00730020004A006F007300E90000000100C4000000F6D6
"Édson Araújo",308345,50176,319,"SC Corinthians Paulista",NORMAL,INTERNAL_PERSON_ID,50176,0x00324AD1,False,-1,-1,31,31,A716A7397F783F8B,"I|I|I|B|L|L|L|L|L|L|L|L|REF|L|L|I|I|I|I|I|B|S|I|S|L|L|L|S|L|L|L|S|B|I|I|I|",D6000028DF500000060000004800650072006E00E1006E0000000100C4000000EDD6000003E1500000080000004300650066006500720069006E006F0000000100C4000000EED600002BDF50000006000000470065006F0072006700650000000100C4000000EFD6000004E1500000050000004800650064006500720000000100C4000000F0D60000CFBA8600000500000043006800610065006C0000000100C4000000F1D60000ADBE8600000700000047006900610063006F006D006F0000000100C4000000F2D60000E3DF500000070000004A006F00620061006E006E00790000000100C4000000F3D600002FDF500000060000004800E900630074006F00720000000100C4000000F4D6000030DF5000000C00000044006F006D0069006E0067006F0020004A006F007300E90000000100C4000000F5D6000031DF5000000B0000004D006100720063006F00730020004A006F007300E90000000100C4000000F6D6000034DF5000000D0000004A006F00720067006500200045006E0072006900
"Édson Araújo",308345,50176,319,"SC Corinthians Paulista",NORMAL,INTERNAL_PERSON_ID,50176,0x00324AF0,False,-1,-1,31,35,A2C5BC5507A6E933,"B|I|I|B|L|L|L|L|L|L|L|L|REF|L|L|I|I|I|I|I|I|B|S|I|S|L|L|L|S|L|L|L|S|B|L|I|",00EDD6000003E1500000080000004300650066006500720069006E006F0000000100C4000000EED600002BDF50000006000000470065006F0072006700650000000100C4000000EFD6000004E1500000050000004800650064006500720000000100C4000000F0D60000CFBA8600000500000043006800610065006C0000000100C4000000F1D60000ADBE8600000700000047006900610063006F006D006F0000000100C4000000F2D60000E3DF500000070000004A006F00620061006E006E00790000000100C4000000F3D600002FDF500000060000004800E900630074006F00720000000100C4000000F4D6000030DF5000000C00000044006F006D0069006E0067006F0020004A006F007300E90000000100C4000000F5D6000031DF5000000B0000004D006100720063006F00730020004A006F007300E90000000100C4000000F6D6000034DF5000000D0000004A006F00720067006500200045006E007200690071007500650000000100C4000000F7D6000035DF5000000500000054006900
"Édson Araújo",308345,50176,319,"SC Corinthians Paulista",NORMAL,INTERNAL_PERSON_ID,50176,0x00324B13,False,-1,-1,35,35,0772A67342A7710C,"I|I|B|L|L|L|L|L|L|L|L|L|REF|L|L|I|I|I|I|I|I|B|S|I|S|L|L|L|L|S|L|L|I|I|I|I|",000000EED600002BDF50000006000000470065006F0072006700650000000100C4000000EFD6000004E1500000050000004800650064006500720000000100C4000000F0D60000CFBA8600000500000043006800610065006C0000000100C4000000F1D60000ADBE8600000700000047006900610063006F006D006F0000000100C4000000F2D60000E3DF500000070000004A006F00620061006E006E00790000000100C4000000F3D600002FDF500000060000004800E900630074006F00720000000100C4000000F4D6000030DF5000000C00000044006F006D0069006E0067006F0020004A006F007300E90000000100C4000000F5D6000031DF5000000B0000004D006100720063006F00730020004A006F007300E90000000100C4000000F6D6000034DF5000000D0000004A006F00720067006500200045006E007200690071007500650000000100C4000000F7D6000035DF5000000500000054006900720073006F0000000100C4000000F8D60000D0E0500000050000004900730061006100
"Édson Araújo",308345,50176,319,"SC Corinthians Paulista",NORMAL,INTERNAL_PERSON_ID,50176,0x00324B36,False,-1,-1,35,33,D05ACE0ABB9A7234,"I|I|B|L|L|L|L|L|L|L|L|L|REF|L|L|I|I|I|I|B|L|L|L|L|L|L|L|L|L|L|S|L|L|L|S|B|",00EFD6000004E1500000050000004800650064006500720000000100C4000000F0D60000CFBA8600000500000043006800610065006C0000000100C4000000F1D60000ADBE8600000700000047006900610063006F006D006F0000000100C4000000F2D60000E3DF500000070000004A006F00620061006E006E00790000000100C4000000F3D600002FDF500000060000004800E900630074006F00720000000100C4000000F4D6000030DF5000000C00000044006F006D0069006E0067006F0020004A006F007300E90000000100C4000000F5D6000031DF5000000B0000004D006100720063006F00730020004A006F007300E90000000100C4000000F6D6000034DF5000000D0000004A006F00720067006500200045006E007200690071007500650000000100C4000000F7D6000035DF5000000500000054006900720073006F0000000100C4000000F8D60000D0E0500000050000004900730061006100630000000100C4000000F9D6000037DF50000007000000570069007300620065006C00
"Édson Araújo",308345,50176,319,"SC Corinthians Paulista",NORMAL,INTERNAL_PERSON_ID,50176,0x00324B57,False,-1,-1,33,45,8014FF41635F19E6,"I|I|I|I|B|S|I|S|L|L|L|L|REF|L|L|I|I|I|I|I|I|I|B|L|L|L|L|L|L|L|L|L|L|L|S|L|",D60000CFBA8600000500000043006800610065006C0000000100C4000000F1D60000ADBE8600000700000047006900610063006F006D006F0000000100C4000000F2D60000E3DF500000070000004A006F00620061006E006E00790000000100C4000000F3D600002FDF500000060000004800E900630074006F00720000000100C4000000F4D6000030DF5000000C00000044006F006D0069006E0067006F0020004A006F007300E90000000100C4000000F5D6000031DF5000000B0000004D006100720063006F00730020004A006F007300E90000000100C4000000F6D6000034DF5000000D0000004A006F00720067006500200045006E007200690071007500650000000100C4000000F7D6000035DF5000000500000054006900720073006F0000000100C4000000F8D60000D0E0500000050000004900730061006100630000000100C4000000F9D6000037DF50000007000000570069007300620065006C006C0000000100C4000000FAD6000038DF5000000C0000004A00750061006E002000
"Édson Araújo",308345,50176,319,"SC Corinthians Paulista",NORMAL,INTERNAL_PERSON_ID,50176,0x00324B84,False,-1,-1,45,43,D2F2483761196C1C,"I|B|S|I|S|L|L|L|L|L|L|L|REF|L|L|I|I|I|I|I|I|L|I|B|S|I|S|L|L|L|L|L|L|S|L|L|",6900610063006F006D006F0000000100C4000000F2D60000E3DF500000070000004A006F00620061006E006E00790000000100C4000000F3D600002FDF500000060000004800E900630074006F00720000000100C4000000F4D6000030DF5000000C00000044006F006D0069006E0067006F0020004A006F007300E90000000100C4000000F5D6000031DF5000000B0000004D006100720063006F00730020004A006F007300E90000000100C4000000F6D6000034DF5000000D0000004A006F00720067006500200045006E007200690071007500650000000100C4000000F7D6000035DF5000000500000054006900720073006F0000000100C4000000F8D60000D0E0500000050000004900730061006100630000000100C4000000F9D6000037DF50000007000000570069007300620065006C006C0000000100C4000000FAD6000038DF5000000C0000004A00750061006E00200045006E007200690071007500650000000100C4000000FBD600003ADF500000040000004F006D00610072000000
"Édson Araújo",308345,50176,319,"SC Corinthians Paulista",NORMAL,INTERNAL_PERSON_ID,50176,0x00324BAF,False,-1,-1,43,47,93731E4A0C494849,"B|L|L|L|L|L|L|L|L|L|L|L|REF|L|L|I|I|I|I|I|I|I|I|I|B|S|I|S|L|L|S|L|L|L|S|B|",6E00790000000100C4000000F3D600002FDF500000060000004800E900630074006F00720000000100C4000000F4D6000030DF5000000C00000044006F006D0069006E0067006F0020004A006F007300E90000000100C4000000F5D6000031DF5000000B0000004D006100720063006F00730020004A006F007300E90000000100C4000000F6D6000034DF5000000D0000004A006F00720067006500200045006E007200690071007500650000000100C4000000F7D6000035DF5000000500000054006900720073006F0000000100C4000000F8D60000D0E0500000050000004900730061006100630000000100C4000000F9D6000037DF50000007000000570069007300620065006C006C0000000100C4000000FAD6000038DF5000000C0000004A00750061006E00200045006E007200690071007500650000000100C4000000FBD600003ADF500000040000004F006D006100720000000100C4000000FCD6000007E15000000400000041006400E1006E0000000100C4000000FDD60000D4E05000
"Édson Araújo",308345,50176,319,"SC Corinthians Paulista",NORMAL,INTERNAL_PERSON_ID,50176,0x00324BDE,False,-1,-1,47,31,8458F0067621ED42,"L|L|L|L|L|L|L|L|L|L|L|L|REF|L|L|I|I|I|I|I|B|S|I|S|L|L|S|L|L|L|S|B|I|I|I|B|",000030DF5000000C00000044006F006D0069006E0067006F0020004A006F007300E90000000100C4000000F5D6000031DF5000000B0000004D006100720063006F00730020004A006F007300E90000000100C4000000F6D6000034DF5000000D0000004A006F00720067006500200045006E007200690071007500650000000100C4000000F7D6000035DF5000000500000054006900720073006F0000000100C4000000F8D60000D0E0500000050000004900730061006100630000000100C4000000F9D6000037DF50000007000000570069007300620065006C006C0000000100C4000000FAD6000038DF5000000C0000004A00750061006E00200045006E007200690071007500650000000100C4000000FBD600003ADF500000040000004F006D006100720000000100C4000000FCD6000007E15000000400000041006400E1006E0000000100C4000000FDD60000D4E05000000E0000004C0075006900670067006900200041006C0066007200650064006F0000000100C4000000FED60000E2DF
"Édson Araújo",308345,50176,319,"SC Corinthians Paulista",NORMAL,INTERNAL_PERSON_ID,50176,0x00324BFD,False,-1,-1,31,31,A716A7397F783F8B,"I|I|I|B|L|L|L|L|L|L|L|L|REF|L|L|I|I|I|I|I|B|S|I|S|L|L|L|S|L|L|L|S|B|I|I|I|",7300E90000000100C4000000F5D6000031DF5000000B0000004D006100720063006F00730020004A006F007300E90000000100C4000000F6D6000034DF5000000D0000004A006F00720067006500200045006E007200690071007500650000000100C4000000F7D6000035DF5000000500000054006900720073006F0000000100C4000000F8D60000D0E0500000050000004900730061006100630000000100C4000000F9D6000037DF50000007000000570069007300620065006C006C0000000100C4000000FAD6000038DF5000000C0000004A00750061006E00200045006E007200690071007500650000000100C4000000FBD600003ADF500000040000004F006D006100720000000100C4000000FCD6000007E15000000400000041006400E1006E0000000100C4000000FDD60000D4E05000000E0000004C0075006900670067006900200041006C0066007200650064006F0000000100C4000000FED60000E2DF50000006000000410072006E006F006C00640000000100C4000000FFD60000
"Édson Araújo",308345,50176,319,"SC Corinthians Paulista",NORMAL,INTERNAL_PERSON_ID,50176,0x00324C1C,False,-1,-1,31,35,6182EAD492C2F746,"B|I|I|B|L|L|L|L|L|L|L|L|REF|L|L|I|I|I|I|I|I|B|S|I|S|L|L|L|L|L|L|L|S|L|L|I|",63006F00730020004A006F007300E90000000100C4000000F6D6000034DF5000000D0000004A006F00720067006500200045006E007200690071007500650000000100C4000000F7D6000035DF5000000500000054006900720073006F0000000100C4000000F8D60000D0E0500000050000004900730061006100630000000100C4000000F9D6000037DF50000007000000570069007300620065006C006C0000000100C4000000FAD6000038DF5000000C0000004A00750061006E00200045006E007200690071007500650000000100C4000000FBD600003ADF500000040000004F006D006100720000000100C4000000FCD6000007E15000000400000041006400E1006E0000000100C4000000FDD60000D4E05000000E0000004C0075006900670067006900200041006C0066007200650064006F0000000100C4000000FED60000E2DF50000006000000410072006E006F006C00640000000100C4000000FFD600003FDF500000050000004F0073006E0065006C0000000100C400000000D70000
"Édson Araújo",308345,50176,319,"SC Corinthians Paulista",NORMAL,INTERNAL_PERSON_ID,50176,0x00324C3F,False,-1,-1,35,45,1C7EBCFA0239C5AB,"I|I|B|L|L|L|L|L|L|L|L|L|REF|L|L|I|I|I|I|I|I|I|B|L|L|L|L|L|L|S|L|L|L|S|B|I|",00004A006F00720067006500200045006E007200690071007500650000000100C4000000F7D6000035DF5000000500000054006900720073006F0000000100C4000000F8D60000D0E0500000050000004900730061006100630000000100C4000000F9D6000037DF50000007000000570069007300620065006C006C0000000100C4000000FAD6000038DF5000000C0000004A00750061006E00200045006E007200690071007500650000000100C4000000FBD600003ADF500000040000004F006D006100720000000100C4000000FCD6000007E15000000400000041006400E1006E0000000100C4000000FDD60000D4E05000000E0000004C0075006900670067006900200041006C0066007200650064006F0000000100C4000000FED60000E2DF50000006000000410072006E006F006C00640000000100C4000000FFD600003FDF500000050000004F0073006E0065006C0000000100C400000000D7000040DF5000000700000052006F006200650072007400680000000100C400000001D70000
"Édson Araújo",308345,50176,319,"SC Corinthians Paulista",NORMAL,INTERNAL_PERSON_ID,50176,0x00324C6C,False,-1,-1,45,29,4DB4B36AC60C9A68,"I|B|S|I|S|L|L|L|L|L|L|L|REF|L|L|I|I|I|B|L|L|L|L|L|L|S|L|L|L|S|B|I|I|I|I|I|",0500000054006900720073006F0000000100C4000000F8D60000D0E0500000050000004900730061006100630000000100C4000000F9D6000037DF50000007000000570069007300620065006C006C0000000100C4000000FAD6000038DF5000000C0000004A00750061006E00200045006E007200690071007500650000000100C4000000FBD600003ADF500000040000004F006D006100720000000100C4000000FCD6000007E15000000400000041006400E1006E0000000100C4000000FDD60000D4E05000000E0000004C0075006900670067006900200041006C0066007200650064006F0000000100C4000000FED60000E2DF50000006000000410072006E006F006C00640000000100C4000000FFD600003FDF500000050000004F0073006E0065006C0000000100C400000000D7000040DF5000000700000052006F006200650072007400680000000100C400000001D7000041DF5000000C0000004D006100720063006F007300200045006C00ED006100730000000100C400000002D70000
"Édson Araújo",308345,50176,319,"SC Corinthians Paulista",NORMAL,INTERNAL_PERSON_ID,50176,0x00324C89,False,-1,-1,29,29,319AE4F0E39F3C42,"I|I|I|I|I|B|S|I|S|L|L|L|REF|L|L|I|I|L|B|L|L|L|L|L|L|L|L|L|L|L|S|L|L|L|S|B|",0000050000004900730061006100630000000100C4000000F9D6000037DF50000007000000570069007300620065006C006C0000000100C4000000FAD6000038DF5000000C0000004A00750061006E00200045006E007200690071007500650000000100C4000000FBD600003ADF500000040000004F006D006100720000000100C4000000FCD6000007E15000000400000041006400E1006E0000000100C4000000FDD60000D4E05000000E0000004C0075006900670067006900200041006C0066007200650064006F0000000100C4000000FED60000E2DF50000006000000410072006E006F006C00640000000100C4000000FFD600003FDF500000050000004F0073006E0065006C0000000100C400000000D7000040DF5000000700000052006F006200650072007400680000000100C400000001D7000041DF5000000C0000004D006100720063006F007300200045006C00ED006100730000000100C400000002D70000D2DF5000000A0000004A006F007300E90020004E00610062006F007200
"Édson Araújo",308345,50176,319,"SC Corinthians Paulista",NORMAL,INTERNAL_PERSON_ID,50176,0x00324CA6,False,-1,-1,29,49,40F5565FC52CB03D,"S|B|I|I|I|B|S|I|S|L|L|L|REF|L|L|I|I|I|I|I|I|I|I|B|L|L|L|L|L|L|L|S|L|L|L|S|",DF50000007000000570069007300620065006C006C0000000100C4000000FAD6000038DF5000000C0000004A00750061006E00200045006E007200690071007500650000000100C4000000FBD600003ADF500000040000004F006D006100720000000100C4000000FCD6000007E15000000400000041006400E1006E0000000100C4000000FDD60000D4E05000000E0000004C0075006900670067006900200041006C0066007200650064006F0000000100C4000000FED60000E2DF50000006000000410072006E006F006C00640000000100C4000000FFD600003FDF500000050000004F0073006E0065006C0000000100C400000000D7000040DF5000000700000052006F006200650072007400680000000100C400000001D7000041DF5000000C0000004D006100720063006F007300200045006C00ED006100730000000100C400000002D70000D2DF5000000A0000004A006F007300E90020004E00610062006F00720000000100C400000003D7000044DF5000000C0000004A0075006E006900
"Édson Araújo",308345,50176,319,"SC Corinthians Paulista",NORMAL,INTERNAL_PERSON_ID,50176,0x00324CD7,False,-1,-1,49,33,4DDE9B3C981D9624,"B|S|I|S|L|L|L|L|L|L|L|L|REF|L|L|I|I|I|I|B|L|L|L|L|L|L|L|L|S|L|L|I|I|I|I|I|",6E00200045006E007200690071007500650000000100C4000000FBD600003ADF500000040000004F006D006100720000000100C4000000FCD6000007E15000000400000041006400E1006E0000000100C4000000FDD60000D4E05000000E0000004C0075006900670067006900200041006C0066007200650064006F0000000100C4000000FED60000E2DF50000006000000410072006E006F006C00640000000100C4000000FFD600003FDF500000050000004F0073006E0065006C0000000100C400000000D7000040DF5000000700000052006F006200650072007400680000000100C400000001D7000041DF5000000C0000004D006100720063006F007300200045006C00ED006100730000000100C400000002D70000D2DF5000000A0000004A006F007300E90020004E00610062006F00720000000100C400000003D7000044DF5000000C0000004A0075006E0069006F00720020004C0065006E00ED006E0000000100C400000004D7000045DF5000000F0000004D0061006E00750065006C00
"Édson Araújo",308345,50176,319,"SC Corinthians Paulista",NORMAL,INTERNAL_PERSON_ID,50176,0x00324CF8,False,-1,-1,33,31,476DA6BDB2F8E36B,"I|I|I|I|B|S|I|S|L|L|L|L|REF|L|L|I|I|I|I|I|B|S|I|S|L|L|L|S|L|L|L|S|B|I|I|I|",0000040000004F006D006100720000000100C4000000FCD6000007E15000000400000041006400E1006E0000000100C4000000FDD60000D4E05000000E0000004C0075006900670067006900200041006C0066007200650064006F0000000100C4000000FED60000E2DF50000006000000410072006E006F006C00640000000100C4000000FFD600003FDF500000050000004F0073006E0065006C0000000100C400000000D7000040DF5000000700000052006F006200650072007400680000000100C400000001D7000041DF5000000C0000004D006100720063006F007300200045006C00ED006100730000000100C400000002D70000D2DF5000000A0000004A006F007300E90020004E00610062006F00720000000100C400000003D7000044DF5000000C0000004A0075006E0069006F00720020004C0065006E00ED006E0000000100C400000004D7000045DF5000000F0000004D0061006E00750065006C0020004200650072006E006100720064006F0000000100C400000005D7000048DF50
"Édson Araújo",308345,50176,319,"SC Corinthians Paulista",NORMAL,INTERNAL_PERSON_ID,50176,0x00324D17,False,-1,-1,31,35,B5796AA1EE80E2D7,"I|I|I|B|L|L|L|L|L|L|L|L|REF|L|L|I|I|I|I|I|I|B|S|I|S|L|L|L|L|L|L|L|S|L|L|I|",0400000041006400E1006E0000000100C4000000FDD60000D4E05000000E0000004C0075006900670067006900200041006C0066007200650064006F0000000100C4000000FED60000E2DF50000006000000410072006E006F006C00640000000100C4000000FFD600003FDF500000050000004F0073006E0065006C0000000100C400000000D7000040DF5000000700000052006F006200650072007400680000000100C400000001D7000041DF5000000C0000004D006100720063006F007300200045006C00ED006100730000000100C400000002D70000D2DF5000000A0000004A006F007300E90020004E00610062006F00720000000100C400000003D7000044DF5000000C0000004A0075006E0069006F00720020004C0065006E00ED006E0000000100C400000004D7000045DF5000000F0000004D0061006E00750065006C0020004200650072006E006100720064006F0000000100C400000005D7000048DF500000050000004500640073006F006E0000000100C400000006D70000A3D801
"Édson Araújo",308345,50176,319,"SC Corinthians Paulista",NORMAL,INTERNAL_PERSON_ID,50176,0x00324D3A,False,-1,-1,35,45,037DC773DD406E86,"I|I|B|L|L|L|L|L|L|L|L|L|REF|L|L|I|I|I|I|I|I|I|B|L|L|L|L|L|L|L|L|L|S|L|L|L|",75006900670067006900200041006C0066007200650064006F0000000100C4000000FED60000E2DF50000006000000410072006E006F006C00640000000100C4000000FFD600003FDF500000050000004F0073006E0065006C0000000100C400000000D7000040DF5000000700000052006F006200650072007400680000000100C400000001D7000041DF5000000C0000004D006100720063006F007300200045006C00ED006100730000000100C400000002D70000D2DF5000000A0000004A006F007300E90020004E00610062006F00720000000100C400000003D7000044DF5000000C0000004A0075006E0069006F00720020004C0065006E00ED006E0000000100C400000004D7000045DF5000000F0000004D0061006E00750065006C0020004200650072006E006100720064006F0000000100C400000005D7000048DF500000050000004500640073006F006E0000000100C400000006D70000A3D80100000600000047006500720073006F006E0000000100C400000007D70000A5D8010000
"Édson Araújo",308345,50176,319,"SC Corinthians Paulista",NORMAL,INTERNAL_PERSON_ID,50176,0x00324D67,False,-1,-1,45,41,DD35F07512B4A407,"I|B|S|I|S|L|L|L|L|L|L|L|REF|L|L|I|I|I|I|I|I|B|L|L|L|L|L|L|L|L|L|L|S|L|L|L|",0000410072006E006F006C00640000000100C4000000FFD600003FDF500000050000004F0073006E0065006C0000000100C400000000D7000040DF5000000700000052006F006200650072007400680000000100C400000001D7000041DF5000000C0000004D006100720063006F007300200045006C00ED006100730000000100C400000002D70000D2DF5000000A0000004A006F007300E90020004E00610062006F00720000000100C400000003D7000044DF5000000C0000004A0075006E0069006F00720020004C0065006E00ED006E0000000100C400000004D7000045DF5000000F0000004D0061006E00750065006C0020004200650072006E006100720064006F0000000100C400000005D7000048DF500000050000004500640073006F006E0000000100C400000006D70000A3D80100000600000047006500720073006F006E0000000100C400000007D70000A5D80100000700000045006E00650072006D006900730000000100C400000008D7000008E15000000D0000004A006F007200
"Édson Araújo",308345,50176,319,"SC Corinthians Paulista",NORMAL,INTERNAL_PERSON_ID,50176,0x00324D90,False,-1,-1,41,45,E5D48F0EC757B8F4,"I|I|B|S|I|S|L|L|L|L|L|L|REF|L|L|I|I|I|I|I|I|L|B|L|L|L|L|L|L|L|L|L|L|L|L|L|",65006C0000000100C400000000D7000040DF5000000700000052006F006200650072007400680000000100C400000001D7000041DF5000000C0000004D006100720063006F007300200045006C00ED006100730000000100C400000002D70000D2DF5000000A0000004A006F007300E90020004E00610062006F00720000000100C400000003D7000044DF5000000C0000004A0075006E0069006F00720020004C0065006E00ED006E0000000100C400000004D7000045DF5000000F0000004D0061006E00750065006C0020004200650072006E006100720064006F0000000100C400000005D7000048DF500000050000004500640073006F006E0000000100C400000006D70000A3D80100000600000047006500720073006F006E0000000100C400000007D70000A5D80100000700000045006E00650072006D006900730000000100C400000008D7000008E15000000D0000004A006F00720067006500200041006C0062006500720074006F0000000100C400000009D70000A8D801000008000000
"Édson Araújo",308345,50176,319,"SC Corinthians Paulista",NORMAL,INTERNAL_PERSON_ID,50176,0x00324DBD,False,-1,-1,45,51,7D8BCA440F987BC6,"I|B|S|I|S|L|L|L|L|L|L|L|REF|L|L|I|I|I|I|I|I|I|I|I|I|B|S|I|S|L|L|S|L|L|L|S|",000001D7000041DF5000000C0000004D006100720063006F007300200045006C00ED006100730000000100C400000002D70000D2DF5000000A0000004A006F007300E90020004E00610062006F00720000000100C400000003D7000044DF5000000C0000004A0075006E0069006F00720020004C0065006E00ED006E0000000100C400000004D7000045DF5000000F0000004D0061006E00750065006C0020004200650072006E006100720064006F0000000100C400000005D7000048DF500000050000004500640073006F006E0000000100C400000006D70000A3D80100000600000047006500720073006F006E0000000100C400000007D70000A5D80100000700000045006E00650072006D006900730000000100C400000008D7000008E15000000D0000004A006F00720067006500200041006C0062006500720074006F0000000100C400000009D70000A8D8010000080000004C0065006F0070006F006C0064006F0000000100C40000000AD70000A9D80100000C0000004800E90063007400
"Édson Araújo",308345,50176,319,"SC Corinthians Paulista",NORMAL,INTERNAL_PERSON_ID,50176,0x00324DF0,False,-1,-1,51,31,90B455CA1D22B760,"L|L|L|L|L|L|L|L|L|L|L|L|REF|L|L|I|I|I|I|I|B|S|I|S|L|L|L|L|S|L|L|I|I|I|I|I|",D2DF5000000A0000004A006F007300E90020004E00610062006F00720000000100C400000003D7000044DF5000000C0000004A0075006E0069006F00720020004C0065006E00ED006E0000000100C400000004D7000045DF5000000F0000004D0061006E00750065006C0020004200650072006E006100720064006F0000000100C400000005D7000048DF500000050000004500640073006F006E0000000100C400000006D70000A3D80100000600000047006500720073006F006E0000000100C400000007D70000A5D80100000700000045006E00650072006D006900730000000100C400000008D7000008E15000000D0000004A006F00720067006500200041006C0062006500720074006F0000000100C400000009D70000A8D8010000080000004C0065006F0070006F006C0064006F0000000100C40000000AD70000A9D80100000C0000004800E900630074006F00720020005000610062006C006F0000000100C40000000BD70000ABD80100000C0000004A006F007300E900200052006900
"Édson Araújo",308345,50176,319,"SC Corinthians Paulista",NORMAL,INTERNAL_PERSON_ID,50176,0x00324E0F,False,-1,-1,31,33,86498E52C4251CBB,"I|I|I|B|L|L|L|L|L|L|L|L|REF|L|L|I|I|I|I|B|L|L|L|L|L|L|L|L|L|S|L|L|I|I|I|I|",0100C400000003D7000044DF5000000C0000004A0075006E0069006F00720020004C0065006E00ED006E0000000100C400000004D7000045DF5000000F0000004D0061006E00750065006C0020004200650072006E006100720064006F0000000100C400000005D7000048DF500000050000004500640073006F006E0000000100C400000006D70000A3D80100000600000047006500720073006F006E0000000100C400000007D70000A5D80100000700000045006E00650072006D006900730000000100C400000008D7000008E15000000D0000004A006F00720067006500200041006C0062006500720074006F0000000100C400000009D70000A8D8010000080000004C0065006F0070006F006C0064006F0000000100C40000000AD70000A9D80100000C0000004800E900630074006F00720020005000610062006C006F0000000100C40000000BD70000ABD80100000C0000004A006F007300E90020005200690063006100720064006F0000000100C40000000CD70000ACD80100000D000000
"Édson Araújo",308345,50176,319,"SC Corinthians Paulista",NORMAL,INTERNAL_PERSON_ID,50176,0x00324E30,False,-1,-1,33,35,2AFF862B1694FB71,"I|I|I|I|B|S|I|S|L|L|L|L|REF|L|L|I|I|I|I|I|I|B|S|I|S|L|L|L|L|L|L|S|L|L|L|S|",4C0065006E00ED006E0000000100C400000004D7000045DF5000000F0000004D0061006E00750065006C0020004200650072006E006100720064006F0000000100C400000005D7000048DF500000050000004500640073006F006E0000000100C400000006D70000A3D80100000600000047006500720073006F006E0000000100C400000007D70000A5D80100000700000045006E00650072006D006900730000000100C400000008D7000008E15000000D0000004A006F00720067006500200041006C0062006500720074006F0000000100C400000009D70000A8D8010000080000004C0065006F0070006F006C0064006F0000000100C40000000AD70000A9D80100000C0000004800E900630074006F00720020005000610062006C006F0000000100C40000000BD70000ABD80100000C0000004A006F007300E90020005200690063006100720064006F0000000100C40000000CD70000ACD80100000D0000004A006F007300E90020006400650020004A0065007300FA00730000000100C40000
"Édson Araújo",308345,50176,319,"SC Corinthians Paulista",NORMAL,INTERNAL_PERSON_ID,50176,0x00324E53,False,-1,-1,35,47,7521C649B1EB9CDC,"I|I|B|L|L|L|L|L|L|L|L|L|REF|L|L|I|I|I|I|I|I|I|I|I|B|S|I|S|L|L|L|L|L|S|L|L|",6E00750065006C0020004200650072006E006100720064006F0000000100C400000005D7000048DF500000050000004500640073006F006E0000000100C400000006D70000A3D80100000600000047006500720073006F006E0000000100C400000007D70000A5D80100000700000045006E00650072006D006900730000000100C400000008D7000008E15000000D0000004A006F00720067006500200041006C0062006500720074006F0000000100C400000009D70000A8D8010000080000004C0065006F0070006F006C0064006F0000000100C40000000AD70000A9D80100000C0000004800E900630074006F00720020005000610062006C006F0000000100C40000000BD70000ABD80100000C0000004A006F007300E90020005200690063006100720064006F0000000100C40000000CD70000ACD80100000D0000004A006F007300E90020006400650020004A0065007300FA00730000000100C40000000DD70000AFD801000007000000520075006200650072007400680000000100C40000
"Édson Araújo",308345,50176,319,"SC Corinthians Paulista",NORMAL,INTERNAL_PERSON_ID,50176,0x00324E82,False,-1,-1,47,37,ED729B57ACBD3B68,"L|L|L|L|L|L|L|L|L|L|L|L|REF|L|L|I|I|I|I|I|B|L|L|L|L|L|L|L|L|L|L|S|L|L|L|S|",4500640073006F006E0000000100C400000006D70000A3D80100000600000047006500720073006F006E0000000100C400000007D70000A5D80100000700000045006E00650072006D006900730000000100C400000008D7000008E15000000D0000004A006F00720067006500200041006C0062006500720074006F0000000100C400000009D70000A8D8010000080000004C0065006F0070006F006C0064006F0000000100C40000000AD70000A9D80100000C0000004800E900630074006F00720020005000610062006C006F0000000100C40000000BD70000ABD80100000C0000004A006F007300E90020005200690063006100720064006F0000000100C40000000CD70000ACD80100000D0000004A006F007300E90020006400650020004A0065007300FA00730000000100C40000000DD70000AFD801000007000000520075006200650072007400680000000100C40000000ED70000B1D801000009000000430068007200690073007400690061006E0000000100C40000000FD70000B2D801
"Édson Araújo",308345,50176,319,"SC Corinthians Paulista",NORMAL,INTERNAL_PERSON_ID,50176,0x00324EA7,False,-1,-1,37,45,54A5B2733FFB003C,"I|I|I|B|S|I|S|L|L|L|L|L|REF|L|L|I|I|I|I|I|I|I|B|L|L|L|L|L|L|L|L|L|L|S|L|L|",73006F006E0000000100C400000007D70000A5D80100000700000045006E00650072006D006900730000000100C400000008D7000008E15000000D0000004A006F00720067006500200041006C0062006500720074006F0000000100C400000009D70000A8D8010000080000004C0065006F0070006F006C0064006F0000000100C40000000AD70000A9D80100000C0000004800E900630074006F00720020005000610062006C006F0000000100C40000000BD70000ABD80100000C0000004A006F007300E90020005200690063006100720064006F0000000100C40000000CD70000ACD80100000D0000004A006F007300E90020006400650020004A0065007300FA00730000000100C40000000DD70000AFD801000007000000520075006200650072007400680000000100C40000000ED70000B1D801000009000000430068007200690073007400690061006E0000000100C40000000FD70000B2D80100000E0000004C0065006F006E0065006C0020004700650072006100720064006F00000001
"Édson Araújo",308345,50176,319,"SC Corinthians Paulista",NORMAL,INTERNAL_PERSON_ID,50176,0x00324ED4,False,-1,-1,45,45,9C14CCC04383004D,"I|B|S|I|S|L|L|L|L|L|L|L|REF|L|L|I|I|I|I|I|I|I|B|L|L|L|L|L|L|L|L|L|L|L|L|S|",C400000008D7000008E15000000D0000004A006F00720067006500200041006C0062006500720074006F0000000100C400000009D70000A8D8010000080000004C0065006F0070006F006C0064006F0000000100C40000000AD70000A9D80100000C0000004800E900630074006F00720020005000610062006C006F0000000100C40000000BD70000ABD80100000C0000004A006F007300E90020005200690063006100720064006F0000000100C40000000CD70000ACD80100000D0000004A006F007300E90020006400650020004A0065007300FA00730000000100C40000000DD70000AFD801000007000000520075006200650072007400680000000100C40000000ED70000B1D801000009000000430068007200690073007400690061006E0000000100C40000000FD70000B2D80100000E0000004C0065006F006E0065006C0020004700650072006100720064006F0000000100C400000010D700004ADF50000006000000460065006C0069007000650000000100C400000011D70000765757
"Édson Araújo",308345,50176,319,"SC Corinthians Paulista",NORMAL,INTERNAL_PERSON_ID,50176,0x00324F01,False,-1,-1,45,47,05893EAC070778D0,"I|B|S|I|S|L|L|L|L|L|L|L|REF|L|L|I|I|I|I|I|I|I|I|I|B|S|I|S|L|L|L|S|L|L|L|S|",0100C400000009D70000A8D8010000080000004C0065006F0070006F006C0064006F0000000100C40000000AD70000A9D80100000C0000004800E900630074006F00720020005000610062006C006F0000000100C40000000BD70000ABD80100000C0000004A006F007300E90020005200690063006100720064006F0000000100C40000000CD70000ACD80100000D0000004A006F007300E90020006400650020004A0065007300FA00730000000100C40000000DD70000AFD801000007000000520075006200650072007400680000000100C40000000ED70000B1D801000009000000430068007200690073007400690061006E0000000100C40000000FD70000B2D80100000E0000004C0065006F006E0065006C0020004700650072006100720064006F0000000100C400000010D700004ADF50000006000000460065006C0069007000650000000100C400000011D7000076575700000E0000004C0075006900730020004700750069006C006C00650072006D006F0000000100C400000012D700
"Édson Araújo",308345,50176,319,"SC Corinthians Paulista",NORMAL,INTERNAL_PERSON_ID,50176,0x00324F30,False,-1,-1,47,35,674F73CFB066A9AC,"L|L|L|L|L|L|L|L|L|L|L|L|REF|L|L|I|I|I|I|I|I|B|S|I|S|L|L|L|L|S|L|L|L|S|B|I|",A9D80100000C0000004800E900630074006F00720020005000610062006C006F0000000100C40000000BD70000ABD80100000C0000004A006F007300E90020005200690063006100720064006F0000000100C40000000CD70000ACD80100000D0000004A006F007300E90020006400650020004A0065007300FA00730000000100C40000000DD70000AFD801000007000000520075006200650072007400680000000100C40000000ED70000B1D801000009000000430068007200690073007400690061006E0000000100C40000000FD70000B2D80100000E0000004C0065006F006E0065006C0020004700650072006100720064006F0000000100C400000010D700004ADF50000006000000460065006C0069007000650000000100C400000011D7000076575700000E0000004C0075006900730020004700750069006C006C00650072006D006F0000000100C400000012D700004CDF5000000D0000005200690063006100720064006F0020004400610076006900640000000100C400000013D700
"Édson Araújo",308345,50176,319,"SC Corinthians Paulista",NORMAL,INTERNAL_PERSON_ID,50176,0x00324F53,False,-1,-1,35,39,10EBEC2ADC7BC2EA,"I|L|B|L|L|L|L|L|L|L|L|L|REF|L|L|I|I|I|I|I|I|I|B|S|I|S|L|L|L|L|L|L|L|L|S|L|",0100C40000000BD70000ABD80100000C0000004A006F007300E90020005200690063006100720064006F0000000100C40000000CD70000ACD80100000D0000004A006F007300E90020006400650020004A0065007300FA00730000000100C40000000DD70000AFD801000007000000520075006200650072007400680000000100C40000000ED70000B1D801000009000000430068007200690073007400690061006E0000000100C40000000FD70000B2D80100000E0000004C0065006F006E0065006C0020004700650072006100720064006F0000000100C400000010D700004ADF50000006000000460065006C0069007000650000000100C400000011D7000076575700000E0000004C0075006900730020004700750069006C006C00650072006D006F0000000100C400000012D700004CDF5000000D0000005200690063006100720064006F0020004400610076006900640000000100C400000013D700004EDF5000000D00000050006500640072006F00200041006C0066006F006E0073006F
"Édson Araújo",308345,50176,319,"SC Corinthians Paulista",NORMAL,INTERNAL_PERSON_ID,50176,0x00324F7A,False,-1,-1,39,49,8F931B4131F54670,"I|B|L|L|L|L|L|L|L|L|L|L|REF|L|L|I|I|I|I|I|I|I|I|B|L|L|L|L|L|L|L|S|L|L|L|S|",64006F0000000100C40000000CD70000ACD80100000D0000004A006F007300E90020006400650020004A0065007300FA00730000000100C40000000DD70000AFD801000007000000520075006200650072007400680000000100C40000000ED70000B1D801000009000000430068007200690073007400690061006E0000000100C40000000FD70000B2D80100000E0000004C0065006F006E0065006C0020004700650072006100720064006F0000000100C400000010D700004ADF50000006000000460065006C0069007000650000000100C400000011D7000076575700000E0000004C0075006900730020004700750069006C006C00650072006D006F0000000100C400000012D700004CDF5000000D0000005200690063006100720064006F0020004400610076006900640000000100C400000013D700004EDF5000000D00000050006500640072006F00200041006C0066006F006E0073006F0000000100C400000014D700004FDF5000000E000000570069006C006D00650072002000410072
"Édson Araújo",308345,50176,319,"SC Corinthians Paulista",NORMAL,INTERNAL_PERSON_ID,50176,0x00324FAB,False,-1,-1,49,33,4C4BCEB6665E6692,"B|S|I|S|L|L|L|L|L|L|L|L|REF|L|L|I|I|I|I|B|L|L|L|L|L|L|L|L|L|L|L|S|L|L|L|S|",730000000100C40000000DD70000AFD801000007000000520075006200650072007400680000000100C40000000ED70000B1D801000009000000430068007200690073007400690061006E0000000100C40000000FD70000B2D80100000E0000004C0065006F006E0065006C0020004700650072006100720064006F0000000100C400000010D700004ADF50000006000000460065006C0069007000650000000100C400000011D7000076575700000E0000004C0075006900730020004700750069006C006C00650072006D006F0000000100C400000012D700004CDF5000000D0000005200690063006100720064006F0020004400610076006900640000000100C400000013D700004EDF5000000D00000050006500640072006F00200041006C0066006F006E0073006F0000000100C400000014D700004FDF5000000E000000570069006C006D00650072002000410072006E006F006C0064006F0000000100C400000015D7000050DF5000000E0000004300610072006C006F007300200041006C
"Édson Araújo",308345,50176,319,"SC Corinthians Paulista",NORMAL,INTERNAL_PERSON_ID,50176,0x00324FCC,False,-1,-1,33,49,1F510D26E63D898C,"I|I|I|I|B|S|I|S|L|L|L|L|REF|L|L|I|I|I|I|I|I|I|I|B|L|L|L|L|L|L|L|L|L|L|L|L|",7400680000000100C40000000ED70000B1D801000009000000430068007200690073007400690061006E0000000100C40000000FD70000B2D80100000E0000004C0065006F006E0065006C0020004700650072006100720064006F0000000100C400000010D700004ADF50000006000000460065006C0069007000650000000100C400000011D7000076575700000E0000004C0075006900730020004700750069006C006C00650072006D006F0000000100C400000012D700004CDF5000000D0000005200690063006100720064006F0020004400610076006900640000000100C400000013D700004EDF5000000D00000050006500640072006F00200041006C0066006F006E0073006F0000000100C400000014D700004FDF5000000E000000570069006C006D00650072002000410072006E006F006C0064006F0000000100C400000015D7000050DF5000000E0000004300610072006C006F007300200041006C0066007200650064006F0000000100C400000016D7000051DF5000000D00000043
"Édson Araújo",308345,50176,319,"SC Corinthians Paulista",NORMAL,INTERNAL_PERSON_ID,50176,0x00324FFD,False,-1,-1,49,47,BCBF03D68D5E7512,"B|S|I|S|L|L|L|L|L|L|L|L|REF|L|L|I|I|I|I|I|I|I|I|I|B|S|I|S|L|L|L|L|L|L|S|L|",00000FD70000B2D80100000E0000004C0065006F006E0065006C0020004700650072006100720064006F0000000100C400000010D700004ADF50000006000000460065006C0069007000650000000100C400000011D7000076575700000E0000004C0075006900730020004700750069006C006C00650072006D006F0000000100C400000012D700004CDF5000000D0000005200690063006100720064006F0020004400610076006900640000000100C400000013D700004EDF5000000D00000050006500640072006F00200041006C0066006F006E0073006F0000000100C400000014D700004FDF5000000E000000570069006C006D00650072002000410072006E006F006C0064006F0000000100C400000015D7000050DF5000000E0000004300610072006C006F007300200041006C0066007200650064006F0000000100C400000016D7000051DF5000000D0000004300E900730061007200200045006E007200690071007500650000000100C400000017D7000052DF5000000A000000520065
"Édson Araújo",308345,50176,319,"SC Corinthians Paulista",NORMAL,INTERNAL_PERSON_ID,50176,0x0032502C,False,-1,-1,47,47,0D7DEEA4B80F1CC6,"L|L|L|L|L|L|L|L|L|L|L|L|REF|L|L|I|I|I|I|I|I|I|I|I|B|S|I|S|L|L|L|L|L|L|L|L|",C400000010D700004ADF50000006000000460065006C0069007000650000000100C400000011D7000076575700000E0000004C0075006900730020004700750069006C006C00650072006D006F0000000100C400000012D700004CDF5000000D0000005200690063006100720064006F0020004400610076006900640000000100C400000013D700004EDF5000000D00000050006500640072006F00200041006C0066006F006E0073006F0000000100C400000014D700004FDF5000000E000000570069006C006D00650072002000410072006E006F006C0064006F0000000100C400000015D7000050DF5000000E0000004300610072006C006F007300200041006C0066007200650064006F0000000100C400000016D7000051DF5000000D0000004300E900730061007200200045006E007200690071007500650000000100C400000017D7000052DF5000000A000000520065006E00E90020004A0065007300FA00730000000100C400000018D7000053DF5000000F0000004F007300770061006C
"Édson Araújo",308345,50176,319,"SC Corinthians Paulista",NORMAL,INTERNAL_PERSON_ID,50176,0x0032505B,False,-1,-1,47,49,0AEB65D85BB39257,"L|L|L|L|L|L|L|L|L|L|L|L|REF|L|L|I|I|I|I|I|I|I|I|B|L|L|L|L|L|L|L|L|L|L|L|S|",0000004C0075006900730020004700750069006C006C00650072006D006F0000000100C400000012D700004CDF5000000D0000005200690063006100720064006F0020004400610076006900640000000100C400000013D700004EDF5000000D00000050006500640072006F00200041006C0066006F006E0073006F0000000100C400000014D700004FDF5000000E000000570069006C006D00650072002000410072006E006F006C0064006F0000000100C400000015D7000050DF5000000E0000004300610072006C006F007300200041006C0066007200650064006F0000000100C400000016D7000051DF5000000D0000004300E900730061007200200045006E007200690071007500650000000100C400000017D7000052DF5000000A000000520065006E00E90020004A0065007300FA00730000000100C400000018D7000053DF5000000F0000004F007300770061006C0064006F00200045006E007200690071007500650000000100C400000019D7000057DF500000060000004500720061
"Édson Araújo",308345,50176,319,"SC Corinthians Paulista",NORMAL,INTERNAL_PERSON_ID,50176,0x0032508C,False,-1,-1,49,49,7CE2872D38E24A2D,"B|S|I|S|L|L|L|L|L|L|L|L|REF|L|L|I|I|I|I|I|I|I|I|B|L|L|L|L|L|L|L|L|L|L|L|L|",0000005200690063006100720064006F0020004400610076006900640000000100C400000013D700004EDF5000000D00000050006500640072006F00200041006C0066006F006E0073006F0000000100C400000014D700004FDF5000000E000000570069006C006D00650072002000410072006E006F006C0064006F0000000100C400000015D7000050DF5000000E0000004300610072006C006F007300200041006C0066007200650064006F0000000100C400000016D7000051DF5000000D0000004300E900730061007200200045006E007200690071007500650000000100C400000017D7000052DF5000000A000000520065006E00E90020004A0065007300FA00730000000100C400000018D7000053DF5000000F0000004F007300770061006C0064006F00200045006E007200690071007500650000000100C400000019D7000057DF50000006000000450072006100730074006F0000000100C40000001AD70000CBBA860000050000004D006100720063006F0000000100C40000001BD700
"Édson Araújo",308345,50176,319,"SC Corinthians Paulista",NORMAL,INTERNAL_PERSON_ID,50176,0x003250BD,False,-1,-1,49,47,BCBF03D68D5E7512,"B|S|I|S|L|L|L|L|L|L|L|L|REF|L|L|I|I|I|I|I|I|I|I|I|B|S|I|S|L|L|L|L|L|L|S|L|",0050006500640072006F00200041006C0066006F006E0073006F0000000100C400000014D700004FDF5000000E000000570069006C006D00650072002000410072006E006F006C0064006F0000000100C400000015D7000050DF5000000E0000004300610072006C006F007300200041006C0066007200650064006F0000000100C400000016D7000051DF5000000D0000004300E900730061007200200045006E007200690071007500650000000100C400000017D7000052DF5000000A000000520065006E00E90020004A0065007300FA00730000000100C400000018D7000053DF5000000F0000004F007300770061006C0064006F00200045006E007200690071007500650000000100C400000019D7000057DF50000006000000450072006100730074006F0000000100C40000001AD70000CBBA860000050000004D006100720063006F0000000100C40000001BD700000BE1500000060000004200720065006D006500720000000100C40000001CD70000E1E05000000A00000045006E006700
"Édson Araújo",308345,50176,319,"SC Corinthians Paulista",NORMAL,INTERNAL_PERSON_ID,50176,0x003250EC,False,-1,-1,47,41,274E40B98007E8BB,"L|L|L|L|L|L|L|L|L|L|L|L|REF|L|L|I|I|I|I|I|L|B|L|L|L|L|L|L|L|L|L|L|L|L|L|S|",00570069006C006D00650072002000410072006E006F006C0064006F0000000100C400000015D7000050DF5000000E0000004300610072006C006F007300200041006C0066007200650064006F0000000100C400000016D7000051DF5000000D0000004300E900730061007200200045006E007200690071007500650000000100C400000017D7000052DF5000000A000000520065006E00E90020004A0065007300FA00730000000100C400000018D7000053DF5000000F0000004F007300770061006C0064006F00200045006E007200690071007500650000000100C400000019D7000057DF50000006000000450072006100730074006F0000000100C40000001AD70000CBBA860000050000004D006100720063006F0000000100C40000001BD700000BE1500000060000004200720065006D006500720000000100C40000001CD70000E1E05000000A00000045006E00670065006C006200650072007400680000000100C40000001DD7000061DF500000050000004A006F0073007500E9000000
"Édson Araújo",308345,50176,319,"SC Corinthians Paulista",NORMAL,INTERNAL_PERSON_ID,50176,0x00325115,False,-1,-1,41,51,FE629694D7D42228,"I|I|B|S|I|S|L|L|L|L|L|L|REF|L|L|I|I|I|I|I|I|I|I|I|I|B|S|I|S|L|L|L|L|S|L|L|",50DF5000000E0000004300610072006C006F007300200041006C0066007200650064006F0000000100C400000016D7000051DF5000000D0000004300E900730061007200200045006E007200690071007500650000000100C400000017D7000052DF5000000A000000520065006E00E90020004A0065007300FA00730000000100C400000018D7000053DF5000000F0000004F007300770061006C0064006F00200045006E007200690071007500650000000100C400000019D7000057DF50000006000000450072006100730074006F0000000100C40000001AD70000CBBA860000050000004D006100720063006F0000000100C40000001BD700000BE1500000060000004200720065006D006500720000000100C40000001CD70000E1E05000000A00000045006E00670065006C006200650072007400680000000100C40000001DD7000061DF500000050000004A006F0073007500E90000000100C40000001ED70000E3E05000000D0000004C0075006900730020005200650069006E0061006C00
"Édson Araújo",308345,50176,319,"SC Corinthians Paulista",NORMAL,INTERNAL_PERSON_ID,50176,0x00325148,False,-1,-1,51,33,67AC023E4F3371F7,"L|L|L|L|L|L|L|L|L|L|L|L|REF|L|L|I|I|I|I|B|L|L|L|L|L|L|L|L|S|L|L|I|I|I|I|B|",5000000D0000004300E900730061007200200045006E007200690071007500650000000100C400000017D7000052DF5000000A000000520065006E00E90020004A0065007300FA00730000000100C400000018D7000053DF5000000F0000004F007300770061006C0064006F00200045006E007200690071007500650000000100C400000019D7000057DF50000006000000450072006100730074006F0000000100C40000001AD70000CBBA860000050000004D006100720063006F0000000100C40000001BD700000BE1500000060000004200720065006D006500720000000100C40000001CD70000E1E05000000A00000045006E00670065006C006200650072007400680000000100C40000001DD7000061DF500000050000004A006F0073007500E90000000100C40000001ED70000E3E05000000D0000004C0075006900730020005200650069006E0061006C0064006F0000000100C40000001FD7000051E0500000090000004100740061006800750061006C007000610000000100C4000000
"Édson Araújo",308345,50176,319,"SC Corinthians Paulista",NORMAL,INTERNAL_PERSON_ID,50176,0x00325169,False,-1,-1,33,31,FFD105C64AC2FC2B,"I|I|I|I|B|S|I|S|L|L|L|L|REF|L|L|I|I|I|I|I|B|S|I|S|L|L|L|L|S|L|L|I|I|I|I|I|",00000100C400000017D7000052DF5000000A000000520065006E00E90020004A0065007300FA00730000000100C400000018D7000053DF5000000F0000004F007300770061006C0064006F00200045006E007200690071007500650000000100C400000019D7000057DF50000006000000450072006100730074006F0000000100C40000001AD70000CBBA860000050000004D006100720063006F0000000100C40000001BD700000BE1500000060000004200720065006D006500720000000100C40000001CD70000E1E05000000A00000045006E00670065006C006200650072007400680000000100C40000001DD7000061DF500000050000004A006F0073007500E90000000100C40000001ED70000E3E05000000D0000004C0075006900730020005200650069006E0061006C0064006F0000000100C40000001FD7000051E0500000090000004100740061006800750061006C007000610000000100C400000020D7000062DF50000005000000410072006E006F006C0000000100C400000021D7
"Édson Araújo",308345,50176,319,"SC Corinthians Paulista",NORMAL,INTERNAL_PERSON_ID,50176,0x00325188,False,-1,-1,31,33,F0991E2B9B060335,"I|I|I|B|L|L|L|L|L|L|L|L|REF|L|L|I|I|I|I|B|L|L|L|L|L|L|L|L|L|S|L|L|L|S|B|I|",4A0065007300FA00730000000100C400000018D7000053DF5000000F0000004F007300770061006C0064006F00200045006E007200690071007500650000000100C400000019D7000057DF50000006000000450072006100730074006F0000000100C40000001AD70000CBBA860000050000004D006100720063006F0000000100C40000001BD700000BE1500000060000004200720065006D006500720000000100C40000001CD70000E1E05000000A00000045006E00670065006C006200650072007400680000000100C40000001DD7000061DF500000050000004A006F0073007500E90000000100C40000001ED70000E3E05000000D0000004C0075006900730020005200650069006E0061006C0064006F0000000100C40000001FD7000051E0500000090000004100740061006800750061006C007000610000000100C400000020D7000062DF50000005000000410072006E006F006C0000000100C400000021D70000E7E05000000C0000004700650072006D00E1006E00200045006D006900
"Édson Araújo",308345,50176,319,"SC Corinthians Paulista",NORMAL,INTERNAL_PERSON_ID,50176,0x003251A9,False,-1,-1,33,41,196B120E0D21F5C7,"I|I|I|I|B|S|I|S|L|L|L|L|REF|L|L|I|I|I|I|I|I|B|L|L|L|L|L|L|L|L|S|L|L|I|I|I|",7300770061006C0064006F00200045006E007200690071007500650000000100C400000019D7000057DF50000006000000450072006100730074006F0000000100C40000001AD70000CBBA860000050000004D006100720063006F0000000100C40000001BD700000BE1500000060000004200720065006D006500720000000100C40000001CD70000E1E05000000A00000045006E00670065006C006200650072007400680000000100C40000001DD7000061DF500000050000004A006F0073007500E90000000100C40000001ED70000E3E05000000D0000004C0075006900730020005200650069006E0061006C0064006F0000000100C40000001FD7000051E0500000090000004100740061006800750061006C007000610000000100C400000020D7000062DF50000005000000410072006E006F006C0000000100C400000021D70000E7E05000000C0000004700650072006D00E1006E00200045006D00690072006F0000000100C400000022D7000050E05000000C0000004A0065007300FA00
"Édson Araújo",308345,50176,319,"SC Corinthians Paulista",NORMAL,INTERNAL_PERSON_ID,50176,0x003251D2,False,-1,-1,41,31,72B04E441DDB7920,"I|I|B|S|I|S|L|L|L|L|L|L|REF|L|L|I|I|I|L|I|B|S|I|S|L|L|L|L|L|L|S|L|L|L|S|B|",DF50000006000000450072006100730074006F0000000100C40000001AD70000CBBA860000050000004D006100720063006F0000000100C40000001BD700000BE1500000060000004200720065006D006500720000000100C40000001CD70000E1E05000000A00000045006E00670065006C006200650072007400680000000100C40000001DD7000061DF500000050000004A006F0073007500E90000000100C40000001ED70000E3E05000000D0000004C0075006900730020005200650069006E0061006C0064006F0000000100C40000001FD7000051E0500000090000004100740061006800750061006C007000610000000100C400000020D7000062DF50000005000000410072006E006F006C0000000100C400000021D70000E7E05000000C0000004700650072006D00E1006E00200045006D00690072006F0000000100C400000022D7000050E05000000C0000004A0065007300FA0073002000520061006600610065006C0000000100C400000023D7000065DF5000001000000047007200
"Édson Araújo",308345,50176,319,"SC Corinthians Paulista",NORMAL,INTERNAL_PERSON_ID,50176,0x003251F1,False,-1,-1,31,47,99FE7255285E695F,"I|I|I|B|L|L|L|L|L|L|L|L|REF|L|L|I|I|I|I|I|I|I|I|I|B|S|I|S|L|L|L|L|S|L|L|L|",00CBBA860000050000004D006100720063006F0000000100C40000001BD700000BE1500000060000004200720065006D006500720000000100C40000001CD70000E1E05000000A00000045006E00670065006C006200650072007400680000000100C40000001DD7000061DF500000050000004A006F0073007500E90000000100C40000001ED70000E3E05000000D0000004C0075006900730020005200650069006E0061006C0064006F0000000100C40000001FD7000051E0500000090000004100740061006800750061006C007000610000000100C400000020D7000062DF50000005000000410072006E006F006C0000000100C400000021D70000E7E05000000C0000004700650072006D00E1006E00200045006D00690072006F0000000100C400000022D7000050E05000000C0000004A0065007300FA0073002000520061006600610065006C0000000100C400000023D7000065DF5000001000000047007200650067006F00720069006F00200041006E0074006F006E0069006F00000001
"Édson Araújo",308345,50176,319,"SC Corinthians Paulista",NORMAL,INTERNAL_PERSON_ID,50176,0x00325220,False,-1,-1,47,39,1AFC994D39C54447,"L|L|L|L|L|L|L|L|L|L|L|L|REF|L|L|I|I|I|I|I|I|I|B|S|I|S|L|L|S|L|L|L|S|B|I|I|",6D006500720000000100C40000001CD70000E1E05000000A00000045006E00670065006C006200650072007400680000000100C40000001DD7000061DF500000050000004A006F0073007500E90000000100C40000001ED70000E3E05000000D0000004C0075006900730020005200650069006E0061006C0064006F0000000100C40000001FD7000051E0500000090000004100740061006800750061006C007000610000000100C400000020D7000062DF50000005000000410072006E006F006C0000000100C400000021D70000E7E05000000C0000004700650072006D00E1006E00200045006D00690072006F0000000100C400000022D7000050E05000000C0000004A0065007300FA0073002000520061006600610065006C0000000100C400000023D7000065DF5000001000000047007200650067006F00720069006F00200041006E0074006F006E0069006F0000000100C400000024D700004FE0500000060000004A0061006E0073007300650000000100C400000025D700007757570000
"Édson Araújo",308345,50176,319,"SC Corinthians Paulista",NORMAL,INTERNAL_PERSON_ID,50176,0x00325247,False,-1,-1,39,31,9925F4D37CEA0C86,"I|B|L|L|L|L|L|L|L|L|L|L|REF|L|L|I|I|I|I|I|B|S|I|S|L|L|L|L|L|L|L|S|L|L|I|I|",650072007400680000000100C40000001DD7000061DF500000050000004A006F0073007500E90000000100C40000001ED70000E3E05000000D0000004C0075006900730020005200650069006E0061006C0064006F0000000100C40000001FD7000051E0500000090000004100740061006800750061006C007000610000000100C400000020D7000062DF50000005000000410072006E006F006C0000000100C400000021D70000E7E05000000C0000004700650072006D00E1006E00200045006D00690072006F0000000100C400000022D7000050E05000000C0000004A0065007300FA0073002000520061006600610065006C0000000100C400000023D7000065DF5000001000000047007200650067006F00720069006F00200041006E0074006F006E0069006F0000000100C400000024D700004FE0500000060000004A0061006E0073007300650000000100C400000025D7000077575700000700000041007200730065006E0069006F0000000100C400000026D70000D0DF50000006000000
"Édson Araújo",308345,50176,319,"SC Corinthians Paulista",NORMAL,INTERNAL_PERSON_ID,50176,0x00325266,False,-1,-1,31,45,AFDDF7E19D5B7A68,"I|I|I|B|L|L|L|L|L|L|L|L|REF|L|L|I|I|I|L|I|I|I|B|L|L|L|L|L|L|L|L|L|L|S|L|L|",6F0073007500E90000000100C40000001ED70000E3E05000000D0000004C0075006900730020005200650069006E0061006C0064006F0000000100C40000001FD7000051E0500000090000004100740061006800750061006C007000610000000100C400000020D7000062DF50000005000000410072006E006F006C0000000100C400000021D70000E7E05000000C0000004700650072006D00E1006E00200045006D00690072006F0000000100C400000022D7000050E05000000C0000004A0065007300FA0073002000520061006600610065006C0000000100C400000023D7000065DF5000001000000047007200650067006F00720069006F00200041006E0074006F006E0069006F0000000100C400000024D700004FE0500000060000004A0061006E0073007300650000000100C400000025D7000077575700000700000041007200730065006E0069006F0000000100C400000026D70000D0DF500000060000004D006100720063006F00730000000100C400000027D70000CADF5000000D00
"Édson Araújo",308345,50176,319,"SC Corinthians Paulista",NORMAL,INTERNAL_PERSON_ID,50176,0x00325293,False,-1,-1,45,45,9C14CCC04383004D,"I|B|S|I|S|L|L|L|L|L|L|L|REF|L|L|I|I|I|I|I|I|I|B|L|L|L|L|L|L|L|L|L|L|L|L|S|",6E0061006C0064006F0000000100C40000001FD7000051E0500000090000004100740061006800750061006C007000610000000100C400000020D7000062DF50000005000000410072006E006F006C0000000100C400000021D70000E7E05000000C0000004700650072006D00E1006E00200045006D00690072006F0000000100C400000022D7000050E05000000C0000004A0065007300FA0073002000520061006600610065006C0000000100C400000023D7000065DF5000001000000047007200650067006F00720069006F00200041006E0074006F006E0069006F0000000100C400000024D700004FE0500000060000004A0061006E0073007300650000000100C400000025D7000077575700000700000041007200730065006E0069006F0000000100C400000026D70000D0DF500000060000004D006100720063006F00730000000100C400000027D70000CADF5000000D0000005600ED00630074006F00720020004D0061006E00750065006C0000000100C400000028D70000B9DF500000
"Édson Araújo",308345,50176,319,"SC Corinthians Paulista",NORMAL,INTERNAL_PERSON_ID,50176,0x003252C0,False,-1,-1,45,53,AD83672705875252,"I|B|S|I|S|L|L|L|L|L|L|L|REF|L|L|I|I|I|I|I|I|I|I|I|B|L|L|L|L|L|L|L|S|L|L|L|",7000610000000100C400000020D7000062DF50000005000000410072006E006F006C0000000100C400000021D70000E7E05000000C0000004700650072006D00E1006E00200045006D00690072006F0000000100C400000022D7000050E05000000C0000004A0065007300FA0073002000520061006600610065006C0000000100C400000023D7000065DF5000001000000047007200650067006F00720069006F00200041006E0074006F006E0069006F0000000100C400000024D700004FE0500000060000004A0061006E0073007300650000000100C400000025D7000077575700000700000041007200730065006E0069006F0000000100C400000026D70000D0DF500000060000004D006100720063006F00730000000100C400000027D70000CADF5000000D0000005600ED00630074006F00720020004D0061006E00750065006C0000000100C400000028D70000B9DF5000000E0000004700650072006D00E1006E00200045006E007200690071007500650000000100C400000029D700004D
"Édson Araújo",308345,50176,319,"SC Corinthians Paulista",NORMAL,INTERNAL_PERSON_ID,50176,0x003252F5,False,-1,-1,53,33,F3CAD903A6294FB2,"S|I|S|L|L|L|L|L|L|L|L|L|REF|L|L|I|I|I|I|B|L|L|L|L|L|L|L|L|L|S|L|L|I|I|I|I|",0000004700650072006D00E1006E00200045006D00690072006F0000000100C400000022D7000050E05000000C0000004A0065007300FA0073002000520061006600610065006C0000000100C400000023D7000065DF5000001000000047007200650067006F00720069006F00200041006E0074006F006E0069006F0000000100C400000024D700004FE0500000060000004A0061006E0073007300650000000100C400000025D7000077575700000700000041007200730065006E0069006F0000000100C400000026D70000D0DF500000060000004D006100720063006F00730000000100C400000027D70000CADF5000000D0000005600ED00630074006F00720020004D0061006E00750065006C0000000100C400000028D70000B9DF5000000E0000004700650072006D00E1006E00200045006E007200690071007500650000000100C400000029D700004DE050000006000000440069006F006E006E00790000000100C40000002AD7000047E05000000C0000004A006F00680061006E002000
"Édson Araújo",308345,50176,319,"SC Corinthians Paulista",NORMAL,INTERNAL_PERSON_ID,50176,0x00325316,False,-1,-1,33,35,8E324A009BC3040C,"I|I|I|I|B|S|I|S|L|L|L|L|REF|L|L|I|I|I|I|I|I|B|S|I|S|L|L|L|L|S|L|L|I|I|I|I|",000022D7000050E05000000C0000004A0065007300FA0073002000520061006600610065006C0000000100C400000023D7000065DF5000001000000047007200650067006F00720069006F00200041006E0074006F006E0069006F0000000100C400000024D700004FE0500000060000004A0061006E0073007300650000000100C400000025D7000077575700000700000041007200730065006E0069006F0000000100C400000026D70000D0DF500000060000004D006100720063006F00730000000100C400000027D70000CADF5000000D0000005600ED00630074006F00720020004D0061006E00750065006C0000000100C400000028D70000B9DF5000000E0000004700650072006D00E1006E00200045006E007200690071007500650000000100C400000029D700004DE050000006000000440069006F006E006E00790000000100C40000002AD7000047E05000000C0000004A006F00680061006E0020004D0061006E00750065006C0000000100C40000002BD7000046E050000009000000
"Édson Araújo",308345,50176,319,"SC Corinthians Paulista",NORMAL,INTERNAL_PERSON_ID,50176,0x00325339,False,-1,-1,35,33,418FCBACA1835843,"I|I|B|L|L|L|L|L|L|L|L|L|REF|L|L|I|I|I|I|B|L|L|L|L|L|L|L|L|L|L|L|L|S|L|L|I|",65006C0000000100C400000023D7000065DF5000001000000047007200650067006F00720069006F00200041006E0074006F006E0069006F0000000100C400000024D700004FE0500000060000004A0061006E0073007300650000000100C400000025D7000077575700000700000041007200730065006E0069006F0000000100C400000026D70000D0DF500000060000004D006100720063006F00730000000100C400000027D70000CADF5000000D0000005600ED00630074006F00720020004D0061006E00750065006C0000000100C400000028D70000B9DF5000000E0000004700650072006D00E1006E00200045006E007200690071007500650000000100C400000029D700004DE050000006000000440069006F006E006E00790000000100C40000002AD7000047E05000000C0000004A006F00680061006E0020004D0061006E00750065006C0000000100C40000002BD7000046E05000000900000045006C0069006F0020004A006F007300E90000000100C40000002CD700006BDF500000
"Édson Araújo",308345,50176,319,"SC Corinthians Paulista",NORMAL,INTERNAL_PERSON_ID,50176,0x0032535A,False,-1,-1,33,47,AD39B92EF379B22F,"I|I|I|I|B|S|I|S|L|L|L|L|REF|L|L|I|I|I|I|I|I|I|I|I|B|S|I|S|L|L|L|L|L|L|L|L|",6F00720069006F00200041006E0074006F006E0069006F0000000100C400000024D700004FE0500000060000004A0061006E0073007300650000000100C400000025D7000077575700000700000041007200730065006E0069006F0000000100C400000026D70000D0DF500000060000004D006100720063006F00730000000100C400000027D70000CADF5000000D0000005600ED00630074006F00720020004D0061006E00750065006C0000000100C400000028D70000B9DF5000000E0000004700650072006D00E1006E00200045006E007200690071007500650000000100C400000029D700004DE050000006000000440069006F006E006E00790000000100C40000002AD7000047E05000000C0000004A006F00680061006E0020004D0061006E00750065006C0000000100C40000002BD7000046E05000000900000045006C0069006F0020004A006F007300E90000000100C40000002CD700006BDF5000000B0000004C007500690073002000520061006600610065006C0000000100C40000
"Édson Araújo",308345,50176,319,"SC Corinthians Paulista",NORMAL,INTERNAL_PERSON_ID,50176,0x00325389,False,-1,-1,47,49,29B598E4BF629A0C,"L|L|L|L|L|L|L|L|L|L|L|L|REF|L|L|I|I|I|L|I|I|I|I|B|L|L|L|L|L|L|L|S|L|L|L|S|",61006E0073007300650000000100C400000025D7000077575700000700000041007200730065006E0069006F0000000100C400000026D70000D0DF500000060000004D006100720063006F00730000000100C400000027D70000CADF5000000D0000005600ED00630074006F00720020004D0061006E00750065006C0000000100C400000028D70000B9DF5000000E0000004700650072006D00E1006E00200045006E007200690071007500650000000100C400000029D700004DE050000006000000440069006F006E006E00790000000100C40000002AD7000047E05000000C0000004A006F00680061006E0020004D0061006E00750065006C0000000100C40000002BD7000046E05000000900000045006C0069006F0020004A006F007300E90000000100C40000002CD700006BDF5000000B0000004C007500690073002000520061006600610065006C0000000100C40000002DD7000045E05000000E000000570069006C006600720065006400200041006E0064007200E900730000000100C4
"Édson Araújo",308345,50176,319,"SC Corinthians Paulista",NORMAL,INTERNAL_PERSON_ID,50176,0x003253BA,False,-1,-1,49,33,470E0DAF0C38442B,"B|S|I|S|L|L|L|L|L|L|L|L|REF|L|L|I|I|I|I|B|L|L|L|L|L|L|L|L|L|L|S|L|L|L|S|B|",C400000026D70000D0DF500000060000004D006100720063006F00730000000100C400000027D70000CADF5000000D0000005600ED00630074006F00720020004D0061006E00750065006C0000000100C400000028D70000B9DF5000000E0000004700650072006D00E1006E00200045006E007200690071007500650000000100C400000029D700004DE050000006000000440069006F006E006E00790000000100C40000002AD7000047E05000000C0000004A006F00680061006E0020004D0061006E00750065006C0000000100C40000002BD7000046E05000000900000045006C0069006F0020004A006F007300E90000000100C40000002CD700006BDF5000000B0000004C007500690073002000520061006600610065006C0000000100C40000002DD7000045E05000000E000000570069006C006600720065006400200041006E0064007200E900730000000100C40000002ED700003EE05000000C00000048006100730069006C00200041007200730061007200690000000100C40000002F
"Édson Araújo",308345,50176,319,"SC Corinthians Paulista",NORMAL,INTERNAL_PERSON_ID,50176,0x003253DB,False,-1,-1,33,45,62B30244C4FCFDB8,"I|I|I|I|B|S|I|S|L|L|L|L|REF|L|L|I|I|I|I|I|I|I|B|L|L|L|L|L|L|L|L|L|L|S|L|L|",C400000027D70000CADF5000000D0000005600ED00630074006F00720020004D0061006E00750065006C0000000100C400000028D70000B9DF5000000E0000004700650072006D00E1006E00200045006E007200690071007500650000000100C400000029D700004DE050000006000000440069006F006E006E00790000000100C40000002AD7000047E05000000C0000004A006F00680061006E0020004D0061006E00750065006C0000000100C40000002BD7000046E05000000900000045006C0069006F0020004A006F007300E90000000100C40000002CD700006BDF5000000B0000004C007500690073002000520061006600610065006C0000000100C40000002DD7000045E05000000E000000570069006C006600720065006400200041006E0064007200E900730000000100C40000002ED700003EE05000000C00000048006100730069006C00200041007200730061007200690000000100C40000002FD700003DE050000008000000570069006C0066007200650064006F0000000100C4
"Édson Araújo",308345,50176,319,"SC Corinthians Paulista",NORMAL,INTERNAL_PERSON_ID,50176,0x00325408,False,-1,-1,45,39,B2542B8C1214E19F,"I|B|S|I|S|L|L|L|L|L|L|L|REF|L|L|I|I|I|I|I|L|I|B|S|I|S|L|L|L|L|L|S|L|L|L|S|",0100C400000028D70000B9DF5000000E0000004700650072006D00E1006E00200045006E007200690071007500650000000100C400000029D700004DE050000006000000440069006F006E006E00790000000100C40000002AD7000047E05000000C0000004A006F00680061006E0020004D0061006E00750065006C0000000100C40000002BD7000046E05000000900000045006C0069006F0020004A006F007300E90000000100C40000002CD700006BDF5000000B0000004C007500690073002000520061006600610065006C0000000100C40000002DD7000045E05000000E000000570069006C006600720065006400200041006E0064007200E900730000000100C40000002ED700003EE05000000C00000048006100730069006C00200041007200730061007200690000000100C40000002FD700003DE050000008000000570069006C0066007200650064006F0000000100C400000030D700003BE05000000500000045007200690063006B0000000100C400000031D700000FE15000000B00
"Édson Araújo",308345,50176,319,"SC Corinthians Paulista",NORMAL,INTERNAL_PERSON_ID,50176,0x0032542F,False,-1,-1,39,43,9AB1CDDEBCD9910C,"I|B|L|L|L|L|L|L|L|L|L|L|REF|L|L|I|I|I|I|I|I|I|I|B|S|I|S|L|L|L|L|L|L|L|L|S|",690071007500650000000100C400000029D700004DE050000006000000440069006F006E006E00790000000100C40000002AD7000047E05000000C0000004A006F00680061006E0020004D0061006E00750065006C0000000100C40000002BD7000046E05000000900000045006C0069006F0020004A006F007300E90000000100C40000002CD700006BDF5000000B0000004C007500690073002000520061006600610065006C0000000100C40000002DD7000045E05000000E000000570069006C006600720065006400200041006E0064007200E900730000000100C40000002ED700003EE05000000C00000048006100730069006C00200041007200730061007200690000000100C40000002FD700003DE050000008000000570069006C0066007200650064006F0000000100C400000030D700003BE05000000500000045007200690063006B0000000100C400000031D700000FE15000000B0000004A006F0068006E006E00790020004A006F007300E90000000100C400000032D700003AE050
"Édson Araújo",308345,50176,319,"SC Corinthians Paulista",NORMAL,INTERNAL_PERSON_ID,50176,0x0032545A,False,-1,-1,43,49,83559321C8C5A0FE,"B|L|L|L|L|L|L|L|L|L|L|L|REF|L|L|I|I|I|I|I|I|I|L|B|L|L|L|L|L|L|L|L|L|L|S|L|",0100C40000002AD7000047E05000000C0000004A006F00680061006E0020004D0061006E00750065006C0000000100C40000002BD7000046E05000000900000045006C0069006F0020004A006F007300E90000000100C40000002CD700006BDF5000000B0000004C007500690073002000520061006600610065006C0000000100C40000002DD7000045E05000000E000000570069006C006600720065006400200041006E0064007200E900730000000100C40000002ED700003EE05000000C00000048006100730069006C00200041007200730061007200690000000100C40000002FD700003DE050000008000000570069006C0066007200650064006F0000000100C400000030D700003BE05000000500000045007200690063006B0000000100C400000031D700000FE15000000B0000004A006F0068006E006E00790020004A006F007300E90000000100C400000032D700003AE05000000C0000004C0069006E006F00200041006C0066006F006E0073006F0000000100C400000033D70000E8
"Édson Araújo",308345,50176,319,"SC Corinthians Paulista",NORMAL,INTERNAL_PERSON_ID,50176,0x0032548B,False,-1,-1,49,45,F6F9CF19C169760F,"B|S|I|S|L|L|L|L|L|L|L|L|REF|L|L|I|I|I|I|I|I|I|B|L|L|L|L|L|L|L|L|S|L|L|L|S|",00002BD7000046E05000000900000045006C0069006F0020004A006F007300E90000000100C40000002CD700006BDF5000000B0000004C007500690073002000520061006600610065006C0000000100C40000002DD7000045E05000000E000000570069006C006600720065006400200041006E0064007200E900730000000100C40000002ED700003EE05000000C00000048006100730069006C00200041007200730061007200690000000100C40000002FD700003DE050000008000000570069006C0066007200650064006F0000000100C400000030D700003BE05000000500000045007200690063006B0000000100C400000031D700000FE15000000B0000004A006F0068006E006E00790020004A006F007300E90000000100C400000032D700003AE05000000C0000004C0069006E006F00200041006C0066006F006E0073006F0000000100C400000033D70000E8AE8600000D0000004A0065007300FA007300200041006C0062006500720074006F0000000100C400000034D70000B8DF50
"Édson Araújo",308345,50176,319,"SC Corinthians Paulista",NORMAL,INTERNAL_PERSON_ID,50176,0x003254B8,False,-1,-1,45,37,23DB7FF3BEA41C6A,"I|B|S|I|S|L|L|L|L|L|L|L|REF|L|L|I|I|I|I|I|B|L|L|L|L|L|L|L|L|S|L|L|I|I|I|I|",6BDF5000000B0000004C007500690073002000520061006600610065006C0000000100C40000002DD7000045E05000000E000000570069006C006600720065006400200041006E0064007200E900730000000100C40000002ED700003EE05000000C00000048006100730069006C00200041007200730061007200690000000100C40000002FD700003DE050000008000000570069006C0066007200650064006F0000000100C400000030D700003BE05000000500000045007200690063006B0000000100C400000031D700000FE15000000B0000004A006F0068006E006E00790020004A006F007300E90000000100C400000032D700003AE05000000C0000004C0069006E006F00200041006C0066006F006E0073006F0000000100C400000033D70000E8AE8600000D0000004A0065007300FA007300200041006C0062006500720074006F0000000100C400000034D70000B8DF500000060000004D0069006700750065006C0000000100C400000035D70000ECAE86000007000000410072006700
"Édson Araújo",308345,50176,319,"SC Corinthians Paulista",NORMAL,INTERNAL_PERSON_ID,50176,0x003254DD,False,-1,-1,37,31,9528DB45BADC99D9,"I|I|I|B|S|I|S|L|L|L|L|L|REF|L|L|I|I|I|I|I|B|S|I|S|L|L|L|L|L|S|L|L|L|S|B|I|",00002DD7000045E05000000E000000570069006C006600720065006400200041006E0064007200E900730000000100C40000002ED700003EE05000000C00000048006100730069006C00200041007200730061007200690000000100C40000002FD700003DE050000008000000570069006C0066007200650064006F0000000100C400000030D700003BE05000000500000045007200690063006B0000000100C400000031D700000FE15000000B0000004A006F0068006E006E00790020004A006F007300E90000000100C400000032D700003AE05000000C0000004C0069006E006F00200041006C0066006F006E0073006F0000000100C400000033D70000E8AE8600000D0000004A0065007300FA007300200041006C0062006500720074006F0000000100C400000034D70000B8DF500000060000004D0069006700750065006C0000000100C400000035D70000ECAE8600000700000041007200670065006E006900730000000100C400000036D70000F2AE8600000E00000045006D0069006C00
"Édson Araújo",308345,50176,319,"SC Corinthians Paulista",NORMAL,INTERNAL_PERSON_ID,50176,0x003254FC,False,-1,-1,31,43,1AF19815F7C5F856,"I|I|I|B|L|L|L|L|L|L|L|L|REF|L|L|I|I|I|I|I|I|L|I|B|S|I|S|L|L|L|L|L|L|L|S|L|",41006E0064007200E900730000000100C40000002ED700003EE05000000C00000048006100730069006C00200041007200730061007200690000000100C40000002FD700003DE050000008000000570069006C0066007200650064006F0000000100C400000030D700003BE05000000500000045007200690063006B0000000100C400000031D700000FE15000000B0000004A006F0068006E006E00790020004A006F007300E90000000100C400000032D700003AE05000000C0000004C0069006E006F00200041006C0066006F006E0073006F0000000100C400000033D70000E8AE8600000D0000004A0065007300FA007300200041006C0062006500720074006F0000000100C400000034D70000B8DF500000060000004D0069006700750065006C0000000100C400000035D70000ECAE8600000700000041007200670065006E006900730000000100C400000036D70000F2AE8600000E00000045006D0069006C0069006F00200045006E007200690071007500650000000100C400000037D700
"Édson Araújo",308345,50176,319,"SC Corinthians Paulista",NORMAL,INTERNAL_PERSON_ID,50176,0x00325527,False,-1,-1,43,45,A6D17014FB1E3F92,"B|L|L|L|L|L|L|L|L|L|L|L|REF|L|L|I|I|I|I|I|I|I|B|L|L|L|L|L|L|L|L|L|L|L|L|S|",200041007200730061007200690000000100C40000002FD700003DE050000008000000570069006C0066007200650064006F0000000100C400000030D700003BE05000000500000045007200690063006B0000000100C400000031D700000FE15000000B0000004A006F0068006E006E00790020004A006F007300E90000000100C400000032D700003AE05000000C0000004C0069006E006F00200041006C0066006F006E0073006F0000000100C400000033D70000E8AE8600000D0000004A0065007300FA007300200041006C0062006500720074006F0000000100C400000034D70000B8DF500000060000004D0069006700750065006C0000000100C400000035D70000ECAE8600000700000041007200670065006E006900730000000100C400000036D70000F2AE8600000E00000045006D0069006C0069006F00200045006E007200690071007500650000000100C400000037D70000F3AE860000060000004A0061006E006E006500720000000100C400000038D70000F4AE8600000E000000
"Édson Araújo",308345,50176,319,"SC Corinthians Paulista",NORMAL,INTERNAL_PERSON_ID,50176,0x00325554,False,-1,-1,45,47,EB801A61B1B9054B,"I|B|S|I|S|L|L|L|L|L|L|L|REF|L|L|I|I|I|I|I|I|I|I|I|B|S|I|S|L|L|L|L|S|L|L|I|",650064006F0000000100C400000030D700003BE05000000500000045007200690063006B0000000100C400000031D700000FE15000000B0000004A006F0068006E006E00790020004A006F007300E90000000100C400000032D700003AE05000000C0000004C0069006E006F00200041006C0066006F006E0073006F0000000100C400000033D70000E8AE8600000D0000004A0065007300FA007300200041006C0062006500720074006F0000000100C400000034D70000B8DF500000060000004D0069006700750065006C0000000100C400000035D70000ECAE8600000700000041007200670065006E006900730000000100C400000036D70000F2AE8600000E00000045006D0069006C0069006F00200045006E007200690071007500650000000100C400000037D70000F3AE860000060000004A0061006E006E006500720000000100C400000038D70000F4AE8600000E0000004300E9007300610072002000430072006900730074006900E1006E0000000100C400000039D70000F5AE860000
"Édson Araújo",308345,50176,319,"SC Corinthians Paulista",NORMAL,INTERNAL_PERSON_ID,50176,0x00325583,False,-1,-1,47,33,50CEFDD0D9AFA3DD,"L|L|L|L|L|L|L|L|L|L|L|L|REF|L|L|I|I|I|I|B|L|L|L|L|L|L|L|L|L|S|L|L|I|I|I|I|",00000FE15000000B0000004A006F0068006E006E00790020004A006F007300E90000000100C400000032D700003AE05000000C0000004C0069006E006F00200041006C0066006F006E0073006F0000000100C400000033D70000E8AE8600000D0000004A0065007300FA007300200041006C0062006500720074006F0000000100C400000034D70000B8DF500000060000004D0069006700750065006C0000000100C400000035D70000ECAE8600000700000041007200670065006E006900730000000100C400000036D70000F2AE8600000E00000045006D0069006C0069006F00200045006E007200690071007500650000000100C400000037D70000F3AE860000060000004A0061006E006E006500720000000100C400000038D70000F4AE8600000E0000004300E9007300610072002000430072006900730074006900E1006E0000000100C400000039D70000F5AE8600000400000041006C0061006E0000000100C40000003AD700006EDF5000000500000059006F006D006500720000000100
"Édson Araújo",308345,50176,319,"SC Corinthians Paulista",NORMAL,INTERNAL_PERSON_ID,50176,0x003255A4,False,-1,-1,33,35,16C52C7ABF748F87,"I|I|I|I|B|S|I|S|L|L|L|L|REF|L|L|I|I|I|I|I|I|B|S|I|S|L|L|L|L|L|L|L|L|S|L|L|",00000100C400000032D700003AE05000000C0000004C0069006E006F00200041006C0066006F006E0073006F0000000100C400000033D70000E8AE8600000D0000004A0065007300FA007300200041006C0062006500720074006F0000000100C400000034D70000B8DF500000060000004D0069006700750065006C0000000100C400000035D70000ECAE8600000700000041007200670065006E006900730000000100C400000036D70000F2AE8600000E00000045006D0069006C0069006F00200045006E007200690071007500650000000100C400000037D70000F3AE860000060000004A0061006E006E006500720000000100C400000038D70000F4AE8600000E0000004300E9007300610072002000430072006900730074006900E1006E0000000100C400000039D70000F5AE8600000400000041006C0061006E0000000100C40000003AD700006EDF5000000500000059006F006D006500720000000100C40000003BD70000F6AE8600000600000041006C007600610072006F0000000100
"Édson Araújo",308345,50176,319,"SC Corinthians Paulista",NORMAL,INTERNAL_PERSON_ID,50176,0x003255C7,False,-1,-1,35,49,9D24375FA391A607,"I|I|B|L|L|L|L|L|L|L|L|L|REF|L|L|I|I|I|I|I|I|I|I|B|L|L|L|L|L|L|L|S|L|L|L|S|",66006F006E0073006F0000000100C400000033D70000E8AE8600000D0000004A0065007300FA007300200041006C0062006500720074006F0000000100C400000034D70000B8DF500000060000004D0069006700750065006C0000000100C400000035D70000ECAE8600000700000041007200670065006E006900730000000100C400000036D70000F2AE8600000E00000045006D0069006C0069006F00200045006E007200690071007500650000000100C400000037D70000F3AE860000060000004A0061006E006E006500720000000100C400000038D70000F4AE8600000E0000004300E9007300610072002000430072006900730074006900E1006E0000000100C400000039D70000F5AE8600000400000041006C0061006E0000000100C40000003AD700006EDF5000000500000059006F006D006500720000000100C40000003BD70000F6AE8600000600000041006C007600610072006F0000000100C40000003CD700006FDF5000000D000000580061007600690065007200200045006D00
"Édson Araújo",308345,50176,319,"SC Corinthians Paulista",NORMAL,INTERNAL_PERSON_ID,50176,0x003255F8,False,-1,-1,49,33,4C4BCEB6665E6692,"B|S|I|S|L|L|L|L|L|L|L|L|REF|L|L|I|I|I|I|B|L|L|L|L|L|L|L|L|L|L|L|S|L|L|L|S|",6500720074006F0000000100C400000034D70000B8DF500000060000004D0069006700750065006C0000000100C400000035D70000ECAE8600000700000041007200670065006E006900730000000100C400000036D70000F2AE8600000E00000045006D0069006C0069006F00200045006E007200690071007500650000000100C400000037D70000F3AE860000060000004A0061006E006E006500720000000100C400000038D70000F4AE8600000E0000004300E9007300610072002000430072006900730074006900E1006E0000000100C400000039D70000F5AE8600000400000041006C0061006E0000000100C40000003AD700006EDF5000000500000059006F006D006500720000000100C40000003BD70000F6AE8600000600000041006C007600610072006F0000000100C40000003CD700006FDF5000000D000000580061007600690065007200200045006D0069006C0069006F0000000100C40000003DD70000F7AE860000060000005200650069006E006500720000000100C4000000
"Édson Araújo",308345,50176,319,"SC Corinthians Paulista",NORMAL,INTERNAL_PERSON_ID,50176,0x00325619,False,-1,-1,33,49,6F2FB8E9558D3645,"I|I|I|I|B|S|I|S|L|L|L|L|REF|L|L|I|I|I|I|I|I|I|L|B|L|L|L|L|L|L|S|L|L|L|S|B|",6700750065006C0000000100C400000035D70000ECAE8600000700000041007200670065006E006900730000000100C400000036D70000F2AE8600000E00000045006D0069006C0069006F00200045006E007200690071007500650000000100C400000037D70000F3AE860000060000004A0061006E006E006500720000000100C400000038D70000F4AE8600000E0000004300E9007300610072002000430072006900730074006900E1006E0000000100C400000039D70000F5AE8600000400000041006C0061006E0000000100C40000003AD700006EDF5000000500000059006F006D006500720000000100C40000003BD70000F6AE8600000600000041006C007600610072006F0000000100C40000003CD700006FDF5000000D000000580061007600690065007200200045006D0069006C0069006F0000000100C40000003DD70000F7AE860000060000005200650069006E006500720000000100C40000003ED7000070DF500000060000004500760065006C0069006F0000000100C4000000
"Édson Araújo",308345,50176,319,"SC Corinthians Paulista",NORMAL,INTERNAL_PERSON_ID,50176,0x0032564A,False,-1,-1,49,29,337127BE5BF02755,"B|S|I|S|L|L|L|L|L|L|L|L|REF|L|L|I|I|I|B|L|L|L|L|L|L|L|L|S|L|L|I|I|I|I|B|L|",000036D70000F2AE8600000E00000045006D0069006C0069006F00200045006E007200690071007500650000000100C400000037D70000F3AE860000060000004A0061006E006E006500720000000100C400000038D70000F4AE8600000E0000004300E9007300610072002000430072006900730074006900E1006E0000000100C400000039D70000F5AE8600000400000041006C0061006E0000000100C40000003AD700006EDF5000000500000059006F006D006500720000000100C40000003BD70000F6AE8600000600000041006C007600610072006F0000000100C40000003CD700006FDF5000000D000000580061007600690065007200200045006D0069006C0069006F0000000100C40000003DD70000F7AE860000060000005200650069006E006500720000000100C40000003ED7000070DF500000060000004500760065006C0069006F0000000100C40000003FD7000071DF5000000800000041006E0064006500720073006F006E0000000100C400000040D70000F8AE860000060000
"Édson Araújo",308345,50176,319,"SC Corinthians Paulista",NORMAL,INTERNAL_PERSON_ID,50176,0x00325667,False,-1,-1,29,31,058AE09FF9F94BDF,"I|I|I|I|I|B|S|I|S|L|L|L|REF|L|L|I|I|I|I|I|B|S|I|S|L|L|L|L|S|L|L|I|I|I|I|I|",45006E007200690071007500650000000100C400000037D70000F3AE860000060000004A0061006E006E006500720000000100C400000038D70000F4AE8600000E0000004300E9007300610072002000430072006900730074006900E1006E0000000100C400000039D70000F5AE8600000400000041006C0061006E0000000100C40000003AD700006EDF5000000500000059006F006D006500720000000100C40000003BD70000F6AE8600000600000041006C007600610072006F0000000100C40000003CD700006FDF5000000D000000580061007600690065007200200045006D0069006C0069006F0000000100C40000003DD70000F7AE860000060000005200650069006E006500720000000100C40000003ED7000070DF500000060000004500760065006C0069006F0000000100C40000003FD7000071DF5000000800000041006E0064006500720073006F006E0000000100C400000040D70000F8AE860000060000005700610073006D006900730000000100C400000041D7000072DF5000
"Édson Araújo",308345,50176,319,"SC Corinthians Paulista",NORMAL,INTERNAL_PERSON_ID,50176,0x00325686,False,-1,-1,31,33,3D00D28C6BCCD1DD,"I|I|I|B|L|L|L|L|L|L|L|L|REF|L|L|I|I|I|I|B|L|L|L|L|L|L|L|L|L|L|L|L|S|L|L|I|",060000004A0061006E006E006500720000000100C400000038D70000F4AE8600000E0000004300E9007300610072002000430072006900730074006900E1006E0000000100C400000039D70000F5AE8600000400000041006C0061006E0000000100C40000003AD700006EDF5000000500000059006F006D006500720000000100C40000003BD70000F6AE8600000600000041006C007600610072006F0000000100C40000003CD700006FDF5000000D000000580061007600690065007200200045006D0069006C0069006F0000000100C40000003DD70000F7AE860000060000005200650069006E006500720000000100C40000003ED7000070DF500000060000004500760065006C0069006F0000000100C40000003FD7000071DF5000000800000041006E0064006500720073006F006E0000000100C400000040D70000F8AE860000060000005700610073006D006900730000000100C400000041D7000072DF500000070000004F007300760061006C0064006F0000000100C400000042D70000
"Édson Araújo",308345,50176,319,"SC Corinthians Paulista",NORMAL,INTERNAL_PERSON_ID,50176,0x003256A7,False,-1,-1,33,47,C7E0140BB0255DAA,"I|I|I|I|B|S|I|S|L|L|L|L|REF|L|L|I|I|I|I|I|I|I|I|I|B|S|I|S|L|L|L|L|S|L|L|I|",0E0000004300E9007300610072002000430072006900730074006900E1006E0000000100C400000039D70000F5AE8600000400000041006C0061006E0000000100C40000003AD700006EDF5000000500000059006F006D006500720000000100C40000003BD70000F6AE8600000600000041006C007600610072006F0000000100C40000003CD700006FDF5000000D000000580061007600690065007200200045006D0069006C0069006F0000000100C40000003DD70000F7AE860000060000005200650069006E006500720000000100C40000003ED7000070DF500000060000004500760065006C0069006F0000000100C40000003FD7000071DF5000000800000041006E0064006500720073006F006E0000000100C400000040D70000F8AE860000060000005700610073006D006900730000000100C400000041D7000072DF500000070000004F007300760061006C0064006F0000000100C400000042D7000073DF5000000C0000004C0075006900730020004500640075006100720064006F00
"Édson Araújo",308345,50176,319,"SC Corinthians Paulista",NORMAL,INTERNAL_PERSON_ID,50176,0x003256D6,False,-1,-1,47,33,41CB81B36DA8D6A4,"L|L|L|L|L|L|L|L|L|L|L|L|REF|L|L|I|I|I|I|B|L|L|L|L|L|L|L|S|L|L|L|S|B|I|I|I|",00000400000041006C0061006E0000000100C40000003AD700006EDF5000000500000059006F006D006500720000000100C40000003BD70000F6AE8600000600000041006C007600610072006F0000000100C40000003CD700006FDF5000000D000000580061007600690065007200200045006D0069006C0069006F0000000100C40000003DD70000F7AE860000060000005200650069006E006500720000000100C40000003ED7000070DF500000060000004500760065006C0069006F0000000100C40000003FD7000071DF5000000800000041006E0064006500720073006F006E0000000100C400000040D70000F8AE860000060000005700610073006D006900730000000100C400000041D7000072DF500000070000004F007300760061006C0064006F0000000100C400000042D7000073DF5000000C0000004C0075006900730020004500640075006100720064006F0000000100C400000043D70000F9AE8600000600000052006F00620065007200740000000100C400000044D70000FAAE
"Édson Araújo",308345,50176,319,"SC Corinthians Paulista",NORMAL,INTERNAL_PERSON_ID,50176,0x003256F7,False,-1,-1,33,33,6547F7E7F4B8B1BE,"I|I|I|I|B|S|I|S|L|L|L|L|REF|L|L|I|I|I|I|B|L|L|L|L|L|L|L|L|S|L|L|L|S|B|I|I|",000059006F006D006500720000000100C40000003BD70000F6AE8600000600000041006C007600610072006F0000000100C40000003CD700006FDF5000000D000000580061007600690065007200200045006D0069006C0069006F0000000100C40000003DD70000F7AE860000060000005200650069006E006500720000000100C40000003ED7000070DF500000060000004500760065006C0069006F0000000100C40000003FD7000071DF5000000800000041006E0064006500720073006F006E0000000100C400000040D70000F8AE860000060000005700610073006D006900730000000100C400000041D7000072DF500000070000004F007300760061006C0064006F0000000100C400000042D7000073DF5000000C0000004C0075006900730020004500640075006100720064006F0000000100C400000043D70000F9AE8600000600000052006F00620065007200740000000100C400000044D70000FAAE860000080000005000680069006C006C0069007000650000000100C400000045D7
"Édson Araújo",308345,50176,319,"SC Corinthians Paulista",NORMAL,INTERNAL_PERSON_ID,50176,0x00325718,False,-1,-1,33,37,30FE2467EA054EA4,"I|I|I|I|B|S|I|S|L|L|L|L|REF|L|L|I|I|I|I|I|B|L|L|L|L|L|L|L|S|L|L|L|S|B|I|I|",41006C007600610072006F0000000100C40000003CD700006FDF5000000D000000580061007600690065007200200045006D0069006C0069006F0000000100C40000003DD70000F7AE860000060000005200650069006E006500720000000100C40000003ED7000070DF500000060000004500760065006C0069006F0000000100C40000003FD7000071DF5000000800000041006E0064006500720073006F006E0000000100C400000040D70000F8AE860000060000005700610073006D006900730000000100C400000041D7000072DF500000070000004F007300760061006C0064006F0000000100C400000042D7000073DF5000000C0000004C0075006900730020004500640075006100720064006F0000000100C400000043D70000F9AE8600000600000052006F00620065007200740000000100C400000044D70000FAAE860000080000005000680069006C006C0069007000650000000100C400000045D7000015E1500000100000004300610072006C006F007300200041006C0065007800
"Édson Araújo",308345,50176,319,"SC Corinthians Paulista",NORMAL,INTERNAL_PERSON_ID,50176,0x0032573D,False,-1,-1,37,33,F522240DA484EACB,"I|I|I|B|S|I|S|L|L|L|L|L|REF|L|L|I|I|I|I|B|L|L|L|L|L|L|L|L|L|S|L|L|I|I|I|I|",7600690065007200200045006D0069006C0069006F0000000100C40000003DD70000F7AE860000060000005200650069006E006500720000000100C40000003ED7000070DF500000060000004500760065006C0069006F0000000100C40000003FD7000071DF5000000800000041006E0064006500720073006F006E0000000100C400000040D70000F8AE860000060000005700610073006D006900730000000100C400000041D7000072DF500000070000004F007300760061006C0064006F0000000100C400000042D7000073DF5000000C0000004C0075006900730020004500640075006100720064006F0000000100C400000043D70000F9AE8600000600000052006F00620065007200740000000100C400000044D70000FAAE860000080000005000680069006C006C0069007000650000000100C400000045D7000015E1500000100000004300610072006C006F007300200041006C006500780061006E0064006500720000000100C400000046D70000FBAE8600000B000000430061007200
"Édson Araújo",308345,50176,319,"SC Corinthians Paulista",NORMAL,INTERNAL_PERSON_ID,50176,0x0032575E,False,-1,-1,33,35,B3D145FF2683DCE7,"I|I|I|I|B|S|I|S|L|L|L|L|REF|L|L|I|I|I|I|I|I|B|S|I|S|L|L|L|L|L|L|L|S|L|L|I|",00F7AE860000060000005200650069006E006500720000000100C40000003ED7000070DF500000060000004500760065006C0069006F0000000100C40000003FD7000071DF5000000800000041006E0064006500720073006F006E0000000100C400000040D70000F8AE860000060000005700610073006D006900730000000100C400000041D7000072DF500000070000004F007300760061006C0064006F0000000100C400000042D7000073DF5000000C0000004C0075006900730020004500640075006100720064006F0000000100C400000043D70000F9AE8600000600000052006F00620065007200740000000100C400000044D70000FAAE860000080000005000680069006C006C0069007000650000000100C400000045D7000015E1500000100000004300610072006C006F007300200041006C006500780061006E0064006500720000000100C400000046D70000FBAE8600000B0000004300610072006C006F00730020004C0075006900730000000100C400000047D7000074DF500000
"Édson Araújo",308345,50176,319,"SC Corinthians Paulista",NORMAL,INTERNAL_PERSON_ID,50176,0x00325781,False,-1,-1,35,45,1C6C58B7EED1881E,"I|I|B|L|L|L|L|L|L|L|L|L|REF|L|L|I|I|I|I|I|I|I|B|L|L|L|L|L|L|L|S|L|L|L|S|B|",DF500000060000004500760065006C0069006F0000000100C40000003FD7000071DF5000000800000041006E0064006500720073006F006E0000000100C400000040D70000F8AE860000060000005700610073006D006900730000000100C400000041D7000072DF500000070000004F007300760061006C0064006F0000000100C400000042D7000073DF5000000C0000004C0075006900730020004500640075006100720064006F0000000100C400000043D70000F9AE8600000600000052006F00620065007200740000000100C400000044D70000FAAE860000080000005000680069006C006C0069007000650000000100C400000045D7000015E1500000100000004300610072006C006F007300200041006C006500780061006E0064006500720000000100C400000046D70000FBAE8600000B0000004300610072006C006F00730020004C0075006900730000000100C400000047D7000074DF5000000C0000004800E900630074006F00720020004A006100690072006F0000000100C40000
"Édson Araújo",308345,50176,319,"SC Corinthians Paulista",NORMAL,INTERNAL_PERSON_ID,50176,0x003257AE,False,-1,-1,45,33,CE9F041901CF75A1,"I|B|S|I|S|L|L|L|L|L|L|L|REF|L|L|I|I|I|I|B|L|L|L|L|L|L|L|L|S|L|L|L|S|B|I|I|",64006500720073006F006E0000000100C400000040D70000F8AE860000060000005700610073006D006900730000000100C400000041D7000072DF500000070000004F007300760061006C0064006F0000000100C400000042D7000073DF5000000C0000004C0075006900730020004500640075006100720064006F0000000100C400000043D70000F9AE8600000600000052006F00620065007200740000000100C400000044D70000FAAE860000080000005000680069006C006C0069007000650000000100C400000045D7000015E1500000100000004300610072006C006F007300200041006C006500780061006E0064006500720000000100C400000046D70000FBAE8600000B0000004300610072006C006F00730020004C0075006900730000000100C400000047D7000074DF5000000C0000004800E900630074006F00720020004A006100690072006F0000000100C400000048D70000FCAE8600001000000041006C00750073006900720069006F00200041006E0074006F006E0069006F
"Édson Araújo",308345,50176,319,"SC Corinthians Paulista",NORMAL,INTERNAL_PERSON_ID,50176,0x003257CF,False,-1,-1,33,37,03BF9D1466943777,"I|I|I|I|B|S|I|S|L|L|L|L|REF|L|L|I|I|I|I|I|B|L|L|L|L|L|L|L|L|L|L|L|L|S|L|L|",5700610073006D006900730000000100C400000041D7000072DF500000070000004F007300760061006C0064006F0000000100C400000042D7000073DF5000000C0000004C0075006900730020004500640075006100720064006F0000000100C400000043D70000F9AE8600000600000052006F00620065007200740000000100C400000044D70000FAAE860000080000005000680069006C006C0069007000650000000100C400000045D7000015E1500000100000004300610072006C006F007300200041006C006500780061006E0064006500720000000100C400000046D70000FBAE8600000B0000004300610072006C006F00730020004C0075006900730000000100C400000047D7000074DF5000000C0000004800E900630074006F00720020004A006100690072006F0000000100C400000048D70000FCAE8600001000000041006C00750073006900720069006F00200041006E0074006F006E0069006F0000000100C400000049D70000FDAE86000008000000470065006F00760061006E
"Édson Araújo",308345,50176,319,"SC Corinthians Paulista",NORMAL,INTERNAL_PERSON_ID,50176,0x003257F4,False,-1,-1,37,53,448C0846675AB004,"I|I|I|B|S|I|S|L|L|L|L|L|REF|L|L|I|I|I|I|I|I|I|I|I|B|L|L|L|L|L|L|L|L|L|L|L|",760061006C0064006F0000000100C400000042D7000073DF5000000C0000004C0075006900730020004500640075006100720064006F0000000100C400000043D70000F9AE8600000600000052006F00620065007200740000000100C400000044D70000FAAE860000080000005000680069006C006C0069007000650000000100C400000045D7000015E1500000100000004300610072006C006F007300200041006C006500780061006E0064006500720000000100C400000046D70000FBAE8600000B0000004300610072006C006F00730020004C0075006900730000000100C400000047D7000074DF5000000C0000004800E900630074006F00720020004A006100690072006F0000000100C400000048D70000FCAE8600001000000041006C00750073006900720069006F00200041006E0074006F006E0069006F0000000100C400000049D70000FDAE86000008000000470065006F00760061006E006E00690000000100C40000004AD7000036E05000000B0000004300610072006C006F0073
"Édson Araújo",308345,50176,319,"SC Corinthians Paulista",NORMAL,INTERNAL_PERSON_ID,50176,0x00325829,False,-1,-1,53,43,4EFF4E439D2B5AAC,"S|I|S|L|L|L|L|L|L|L|L|L|REF|L|L|I|I|I|I|I|I|I|I|B|S|I|S|L|L|L|L|L|L|L|S|L|",6F0000000100C400000043D70000F9AE8600000600000052006F00620065007200740000000100C400000044D70000FAAE860000080000005000680069006C006C0069007000650000000100C400000045D7000015E1500000100000004300610072006C006F007300200041006C006500780061006E0064006500720000000100C400000046D70000FBAE8600000B0000004300610072006C006F00730020004C0075006900730000000100C400000047D7000074DF5000000C0000004800E900630074006F00720020004A006100690072006F0000000100C400000048D70000FCAE8600001000000041006C00750073006900720069006F00200041006E0074006F006E0069006F0000000100C400000049D70000FDAE86000008000000470065006F00760061006E006E00690000000100C40000004AD7000036E05000000B0000004300610072006C006F00730020004A006F007300E90000000100C40000004BD7000035E05000000A0000004A006F007300E90020004A0065007300FA00730000
"Édson Araújo",308345,50176,319,"SC Corinthians Paulista",NORMAL,INTERNAL_PERSON_ID,50176,0x00325854,False,-1,-1,43,45,A6D17014FB1E3F92,"B|L|L|L|L|L|L|L|L|L|L|L|REF|L|L|I|I|I|I|I|I|I|B|L|L|L|L|L|L|L|L|L|L|L|L|S|",44D70000FAAE860000080000005000680069006C006C0069007000650000000100C400000045D7000015E1500000100000004300610072006C006F007300200041006C006500780061006E0064006500720000000100C400000046D70000FBAE8600000B0000004300610072006C006F00730020004C0075006900730000000100C400000047D7000074DF5000000C0000004800E900630074006F00720020004A006100690072006F0000000100C400000048D70000FCAE8600001000000041006C00750073006900720069006F00200041006E0074006F006E0069006F0000000100C400000049D70000FDAE86000008000000470065006F00760061006E006E00690000000100C40000004AD7000036E05000000B0000004300610072006C006F00730020004A006F007300E90000000100C40000004BD7000035E05000000A0000004A006F007300E90020004A0065007300FA00730000000100C40000004CD7000034E05000000C0000004A00750061006E00200041006700750073007400ED006E
"Édson Araújo",308345,50176,319,"SC Corinthians Paulista",NORMAL,INTERNAL_PERSON_ID,50176,0x00325881,False,-1,-1,45,53,6E80CE1D69559CE8,"I|B|S|I|S|L|L|L|L|L|L|L|REF|L|L|I|I|I|I|I|I|I|I|I|B|L|L|L|L|L|L|L|L|S|L|L|",00100000004300610072006C006F007300200041006C006500780061006E0064006500720000000100C400000046D70000FBAE8600000B0000004300610072006C006F00730020004C0075006900730000000100C400000047D7000074DF5000000C0000004800E900630074006F00720020004A006100690072006F0000000100C400000048D70000FCAE8600001000000041006C00750073006900720069006F00200041006E0074006F006E0069006F0000000100C400000049D70000FDAE86000008000000470065006F00760061006E006E00690000000100C40000004AD7000036E05000000B0000004300610072006C006F00730020004A006F007300E90000000100C40000004BD7000035E05000000A0000004A006F007300E90020004A0065007300FA00730000000100C40000004CD7000034E05000000C0000004A00750061006E00200041006700750073007400ED006E0000000100C40000004DD7000033E05000000B000000520075006200E9006E002000520061006D00F3006E0000
"Édson Araújo",308345,50176,319,"SC Corinthians Paulista",NORMAL,INTERNAL_PERSON_ID,50176,0x003258B6,False,-1,-1,53,37,7442223A3F59AF14,"S|I|S|L|L|L|L|L|L|L|L|L|REF|L|L|I|I|I|I|I|B|L|L|L|L|L|L|L|L|L|L|L|S|L|L|I|",000B0000004300610072006C006F00730020004C0075006900730000000100C400000047D7000074DF5000000C0000004800E900630074006F00720020004A006100690072006F0000000100C400000048D70000FCAE8600001000000041006C00750073006900720069006F00200041006E0074006F006E0069006F0000000100C400000049D70000FDAE86000008000000470065006F00760061006E006E00690000000100C40000004AD7000036E05000000B0000004300610072006C006F00730020004A006F007300E90000000100C40000004BD7000035E05000000A0000004A006F007300E90020004A0065007300FA00730000000100C40000004CD7000034E05000000C0000004A00750061006E00200041006700750073007400ED006E0000000100C40000004DD7000033E05000000B000000520075006200E9006E002000520061006D00F3006E0000000100C40000004ED7000031E050000009000000480065006100740063006C0069006600660000000100C40000004FD70000E9E050
"Édson Araújo",308345,50176,319,"SC Corinthians Paulista",NORMAL,INTERNAL_PERSON_ID,50176,0x003258DB,False,-1,-1,37,43,AD85592A6A737CF5,"I|I|I|B|S|I|S|L|L|L|L|L|REF|L|L|I|I|I|I|I|I|L|I|B|S|I|S|L|L|L|L|L|L|S|L|L|",000074DF5000000C0000004800E900630074006F00720020004A006100690072006F0000000100C400000048D70000FCAE8600001000000041006C00750073006900720069006F00200041006E0074006F006E0069006F0000000100C400000049D70000FDAE86000008000000470065006F00760061006E006E00690000000100C40000004AD7000036E05000000B0000004300610072006C006F00730020004A006F007300E90000000100C40000004BD7000035E05000000A0000004A006F007300E90020004A0065007300FA00730000000100C40000004CD7000034E05000000C0000004A00750061006E00200041006700750073007400ED006E0000000100C40000004DD7000033E05000000B000000520075006200E9006E002000520061006D00F3006E0000000100C40000004ED7000031E050000009000000480065006100740063006C0069006600660000000100C40000004FD70000E9E05000000E000000570069006C006C00690061006D002000520061006600610065006C00000001
"Édson Araújo",308345,50176,319,"SC Corinthians Paulista",NORMAL,INTERNAL_PERSON_ID,50176,0x00325906,False,-1,-1,43,41,D353EC1E15B235C7,"B|L|L|L|L|L|L|L|L|L|L|L|REF|L|L|I|I|I|I|I|L|B|L|L|L|L|L|L|L|L|L|L|S|L|L|L|",48D70000FCAE8600001000000041006C00750073006900720069006F00200041006E0074006F006E0069006F0000000100C400000049D70000FDAE86000008000000470065006F00760061006E006E00690000000100C40000004AD7000036E05000000B0000004300610072006C006F00730020004A006F007300E90000000100C40000004BD7000035E05000000A0000004A006F007300E90020004A0065007300FA00730000000100C40000004CD7000034E05000000C0000004A00750061006E00200041006700750073007400ED006E0000000100C40000004DD7000033E05000000B000000520075006200E9006E002000520061006D00F3006E0000000100C40000004ED7000031E050000009000000480065006100740063006C0069006600660000000100C40000004FD70000E9E05000000E000000570069006C006C00690061006D002000520061006600610065006C0000000100C400000050D7000030E05000000C0000004A006F007300E900200041006700750073007400ED006E0000
"Édson Araújo",308345,50176,319,"SC Corinthians Paulista",NORMAL,INTERNAL_PERSON_ID,50176,0x0032592F,False,-1,-1,41,45,56D2ECC9C88D83B9,"L|I|B|S|I|S|L|L|L|L|L|L|REF|L|L|I|I|I|I|I|I|L|B|L|L|L|L|L|L|L|L|L|L|L|S|L|",69006F0000000100C400000049D70000FDAE86000008000000470065006F00760061006E006E00690000000100C40000004AD7000036E05000000B0000004300610072006C006F00730020004A006F007300E90000000100C40000004BD7000035E05000000A0000004A006F007300E90020004A0065007300FA00730000000100C40000004CD7000034E05000000C0000004A00750061006E00200041006700750073007400ED006E0000000100C40000004DD7000033E05000000B000000520075006200E9006E002000520061006D00F3006E0000000100C40000004ED7000031E050000009000000480065006100740063006C0069006600660000000100C40000004FD70000E9E05000000E000000570069006C006C00690061006D002000520061006600610065006C0000000100C400000050D7000030E05000000C0000004A006F007300E900200041006700750073007400ED006E0000000100C400000051D7000079DF5000000D000000540075006C0069006F00200045006E007200690071
"Édson Araújo",308345,50176,319,"SC Corinthians Paulista",NORMAL,INTERNAL_PERSON_ID,50176,0x0032595C,False,-1,-1,45,43,65F8FAB7A56196CF,"I|B|S|I|S|L|L|L|L|L|L|L|REF|L|L|I|I|I|I|I|I|I|I|B|S|I|S|L|L|L|L|S|L|L|L|S|",C40000004AD7000036E05000000B0000004300610072006C006F00730020004A006F007300E90000000100C40000004BD7000035E05000000A0000004A006F007300E90020004A0065007300FA00730000000100C40000004CD7000034E05000000C0000004A00750061006E00200041006700750073007400ED006E0000000100C40000004DD7000033E05000000B000000520075006200E9006E002000520061006D00F3006E0000000100C40000004ED7000031E050000009000000480065006100740063006C0069006600660000000100C40000004FD70000E9E05000000E000000570069006C006C00690061006D002000520061006600610065006C0000000100C400000050D7000030E05000000C0000004A006F007300E900200041006700750073007400ED006E0000000100C400000051D7000079DF5000000D000000540075006C0069006F00200045006E007200690071007500650000000100C400000052D700002FE05000000E000000530065007200670069006F00200041006E0074
"Édson Araújo",308345,50176,319,"SC Corinthians Paulista",NORMAL,INTERNAL_PERSON_ID,50176,0x00325987,False,-1,-1,43,39,7CC06AB0EBA6E06D,"B|L|L|L|L|L|L|L|L|L|L|L|REF|L|L|I|I|I|I|I|I|I|B|S|I|S|L|L|L|L|L|L|L|L|S|L|",C40000004BD7000035E05000000A0000004A006F007300E90020004A0065007300FA00730000000100C40000004CD7000034E05000000C0000004A00750061006E00200041006700750073007400ED006E0000000100C40000004DD7000033E05000000B000000520075006200E9006E002000520061006D00F3006E0000000100C40000004ED7000031E050000009000000480065006100740063006C0069006600660000000100C40000004FD70000E9E05000000E000000570069006C006C00690061006D002000520061006600610065006C0000000100C400000050D7000030E05000000C0000004A006F007300E900200041006700750073007400ED006E0000000100C400000051D7000079DF5000000D000000540075006C0069006F00200045006E007200690071007500650000000100C400000052D700002FE05000000E000000530065007200670069006F00200041006E0074006F006E0069006F0000000100C400000053D700002EE05000000E0000004300610072006C006F00730020
"Édson Araújo",308345,50176,319,"SC Corinthians Paulista",NORMAL,INTERNAL_PERSON_ID,50176,0x003259AE,False,-1,-1,39,49,8106E62BD7C878BB,"L|B|L|L|L|L|L|L|L|L|L|L|REF|L|L|I|I|I|I|I|I|I|I|B|L|L|L|L|L|L|L|L|L|L|S|L|",0100C40000004CD7000034E05000000C0000004A00750061006E00200041006700750073007400ED006E0000000100C40000004DD7000033E05000000B000000520075006200E9006E002000520061006D00F3006E0000000100C40000004ED7000031E050000009000000480065006100740063006C0069006600660000000100C40000004FD70000E9E05000000E000000570069006C006C00690061006D002000520061006600610065006C0000000100C400000050D7000030E05000000C0000004A006F007300E900200041006700750073007400ED006E0000000100C400000051D7000079DF5000000D000000540075006C0069006F00200045006E007200690071007500650000000100C400000052D700002FE05000000E000000530065007200670069006F00200041006E0074006F006E0069006F0000000100C400000053D700002EE05000000E0000004300610072006C006F007300200041006C0062006500720074006F0000000100C400000054D700002AE0500000060000004E00E9
"Édson Araújo",308345,50176,319,"SC Corinthians Paulista",NORMAL,INTERNAL_PERSON_ID,50176,0x003259DF,False,-1,-1,49,45,2715CFCE49BE0496,"B|S|I|S|L|L|L|L|L|L|L|L|REF|L|L|I|I|I|I|I|I|L|B|L|L|L|L|L|L|L|L|L|L|L|L|S|",00004DD7000033E05000000B000000520075006200E9006E002000520061006D00F3006E0000000100C40000004ED7000031E050000009000000480065006100740063006C0069006600660000000100C40000004FD70000E9E05000000E000000570069006C006C00690061006D002000520061006600610065006C0000000100C400000050D7000030E05000000C0000004A006F007300E900200041006700750073007400ED006E0000000100C400000051D7000079DF5000000D000000540075006C0069006F00200045006E007200690071007500650000000100C400000052D700002FE05000000E000000530065007200670069006F00200041006E0074006F006E0069006F0000000100C400000053D700002EE05000000E0000004300610072006C006F007300200041006C0062006500720074006F0000000100C400000054D700002AE0500000060000004E00E900730074006F00720000000100C400000055D7000027E0500000090000004A00650061006E0020005000610075006C0000
"Édson Araújo",308345,50176,319,"SC Corinthians Paulista",NORMAL,INTERNAL_PERSON_ID,50176,0x00325A0C,False,-1,-1,45,47,6F5BD576724760EB,"I|B|S|I|S|L|L|L|L|L|L|L|REF|L|L|I|I|I|I|I|I|I|I|I|B|S|I|S|L|L|L|L|L|L|L|L|",4ED7000031E050000009000000480065006100740063006C0069006600660000000100C40000004FD70000E9E05000000E000000570069006C006C00690061006D002000520061006600610065006C0000000100C400000050D7000030E05000000C0000004A006F007300E900200041006700750073007400ED006E0000000100C400000051D7000079DF5000000D000000540075006C0069006F00200045006E007200690071007500650000000100C400000052D700002FE05000000E000000530065007200670069006F00200041006E0074006F006E0069006F0000000100C400000053D700002EE05000000E0000004300610072006C006F007300200041006C0062006500720074006F0000000100C400000054D700002AE0500000060000004E00E900730074006F00720000000100C400000055D7000027E0500000090000004A00650061006E0020005000610075006C0000000100C400000056D7000024E05000000600000059006F006A0061006E00790000000100C400000057D700007A
"Édson Araújo",308345,50176,319,"SC Corinthians Paulista",NORMAL,INTERNAL_PERSON_ID,50176,0x00325A3B,False,-1,-1,47,49,0AEB65D85BB39257,"L|L|L|L|L|L|L|L|L|L|L|L|REF|L|L|I|I|I|I|I|I|I|I|B|L|L|L|L|L|L|L|L|L|L|L|S|",000E000000570069006C006C00690061006D002000520061006600610065006C0000000100C400000050D7000030E05000000C0000004A006F007300E900200041006700750073007400ED006E0000000100C400000051D7000079DF5000000D000000540075006C0069006F00200045006E007200690071007500650000000100C400000052D700002FE05000000E000000530065007200670069006F00200041006E0074006F006E0069006F0000000100C400000053D700002EE05000000E0000004300610072006C006F007300200041006C0062006500720074006F0000000100C400000054D700002AE0500000060000004E00E900730074006F00720000000100C400000055D7000027E0500000090000004A00650061006E0020005000610075006C0000000100C400000056D7000024E05000000600000059006F006A0061006E00790000000100C400000057D700007ADF500000050000005000ED0074006500720000000100C400000058D7000023E0500000060000004E00E9006C007300
"Édson Araújo",308345,50176,319,"SC Corinthians Paulista",NORMAL,INTERNAL_PERSON_ID,50176,0x00325A6C,False,-1,-1,49,49,F88B4E8058CAE28D,"B|S|I|S|L|L|L|L|L|L|L|L|REF|L|L|I|I|I|I|I|I|I|I|B|L|L|L|L|L|L|L|S|L|L|L|S|",000C0000004A006F007300E900200041006700750073007400ED006E0000000100C400000051D7000079DF5000000D000000540075006C0069006F00200045006E007200690071007500650000000100C400000052D700002FE05000000E000000530065007200670069006F00200041006E0074006F006E0069006F0000000100C400000053D700002EE05000000E0000004300610072006C006F007300200041006C0062006500720074006F0000000100C400000054D700002AE0500000060000004E00E900730074006F00720000000100C400000055D7000027E0500000090000004A00650061006E0020005000610075006C0000000100C400000056D7000024E05000000600000059006F006A0061006E00790000000100C400000057D700007ADF500000050000005000ED0074006500720000000100C400000058D7000023E0500000060000004E00E9006C0073006F006E0000000100C400000059D70000895E0B00000C0000004A006F007300E900200041006C0066006F006E0073006F00
"Édson Araújo",308345,50176,319,"SC Corinthians Paulista",NORMAL,INTERNAL_PERSON_ID,50176,0x00325A9D,False,-1,-1,49,33,C9BA2BF760F20B34,"B|S|I|S|L|L|L|L|L|L|L|L|REF|L|L|I|I|I|I|B|L|L|L|L|L|L|L|L|L|L|S|L|L|I|I|I|",00540075006C0069006F00200045006E007200690071007500650000000100C400000052D700002FE05000000E000000530065007200670069006F00200041006E0074006F006E0069006F0000000100C400000053D700002EE05000000E0000004300610072006C006F007300200041006C0062006500720074006F0000000100C400000054D700002AE0500000060000004E00E900730074006F00720000000100C400000055D7000027E0500000090000004A00650061006E0020005000610075006C0000000100C400000056D7000024E05000000600000059006F006A0061006E00790000000100C400000057D700007ADF500000050000005000ED0074006500720000000100C400000058D7000023E0500000060000004E00E9006C0073006F006E0000000100C400000059D70000895E0B00000C0000004A006F007300E900200041006C0066006F006E0073006F0000000100C40000005AD7000021E05000000C000000520061006600610065006C0020004500640067006100720000000100
"Édson Araújo",308345,50176,319,"SC Corinthians Paulista",NORMAL,INTERNAL_PERSON_ID,50176,0x00325ABE,False,-1,-1,33,39,266F4F34C4B4DB83,"I|I|I|I|B|S|I|S|L|L|L|L|REF|L|L|I|I|I|I|I|I|I|B|S|I|S|L|L|L|L|S|L|L|I|I|I|",000052D700002FE05000000E000000530065007200670069006F00200041006E0074006F006E0069006F0000000100C400000053D700002EE05000000E0000004300610072006C006F007300200041006C0062006500720074006F0000000100C400000054D700002AE0500000060000004E00E900730074006F00720000000100C400000055D7000027E0500000090000004A00650061006E0020005000610075006C0000000100C400000056D7000024E05000000600000059006F006A0061006E00790000000100C400000057D700007ADF500000050000005000ED0074006500720000000100C400000058D7000023E0500000060000004E00E9006C0073006F006E0000000100C400000059D70000895E0B00000C0000004A006F007300E900200041006C0066006F006E0073006F0000000100C40000005AD7000021E05000000C000000520061006600610065006C0020004500640067006100720000000100C40000005BD7000017E150000005000000440061006E006E00790000000100C400
"Édson Araújo",308345,50176,319,"SC Corinthians Paulista",NORMAL,INTERNAL_PERSON_ID,50176,0x00325AE5,False,-1,-1,39,33,D640CA2EF551D3F0,"I|B|L|L|L|L|L|L|L|L|L|L|REF|L|L|I|I|I|I|B|L|L|L|L|L|L|L|L|S|L|L|I|I|I|I|B|",69006F0000000100C400000053D700002EE05000000E0000004300610072006C006F007300200041006C0062006500720074006F0000000100C400000054D700002AE0500000060000004E00E900730074006F00720000000100C400000055D7000027E0500000090000004A00650061006E0020005000610075006C0000000100C400000056D7000024E05000000600000059006F006A0061006E00790000000100C400000057D700007ADF500000050000005000ED0074006500720000000100C400000058D7000023E0500000060000004E00E9006C0073006F006E0000000100C400000059D70000895E0B00000C0000004A006F007300E900200041006C0066006F006E0073006F0000000100C40000005AD7000021E05000000C000000520061006600610065006C0020004500640067006100720000000100C40000005BD7000017E150000005000000440061006E006E00790000000100C40000005CD70000BC1C0B00000C0000004C00650061006E00640072006F0020004A006F007300E900
"Édson Araújo",308345,50176,319,"SC Corinthians Paulista",NORMAL,INTERNAL_PERSON_ID,50176,0x00325B06,False,-1,-1,33,31,FFD105C64AC2FC2B,"I|I|I|I|B|S|I|S|L|L|L|L|REF|L|L|I|I|I|I|I|B|S|I|S|L|L|L|L|S|L|L|I|I|I|I|I|",6F007300200041006C0062006500720074006F0000000100C400000054D700002AE0500000060000004E00E900730074006F00720000000100C400000055D7000027E0500000090000004A00650061006E0020005000610075006C0000000100C400000056D7000024E05000000600000059006F006A0061006E00790000000100C400000057D700007ADF500000050000005000ED0074006500720000000100C400000058D7000023E0500000060000004E00E9006C0073006F006E0000000100C400000059D70000895E0B00000C0000004A006F007300E900200041006C0066006F006E0073006F0000000100C40000005AD7000021E05000000C000000520061006600610065006C0020004500640067006100720000000100C40000005BD7000017E150000005000000440061006E006E00790000000100C40000005CD70000BC1C0B00000C0000004C00650061006E00640072006F0020004A006F007300E90000000100C40000005DD700001FE05000000F0000004500640069006E0073006F00
"Édson Araújo",308345,50176,319,"SC Corinthians Paulista",NORMAL,INTERNAL_PERSON_ID,50176,0x00325B25,False,-1,-1,31,33,25F4EB26BE326489,"I|I|I|B|L|L|L|L|L|L|L|L|REF|L|L|I|I|I|I|B|L|L|L|L|L|L|L|L|L|L|S|L|L|L|S|B|",002AE0500000060000004E00E900730074006F00720000000100C400000055D7000027E0500000090000004A00650061006E0020005000610075006C0000000100C400000056D7000024E05000000600000059006F006A0061006E00790000000100C400000057D700007ADF500000050000005000ED0074006500720000000100C400000058D7000023E0500000060000004E00E9006C0073006F006E0000000100C400000059D70000895E0B00000C0000004A006F007300E900200041006C0066006F006E0073006F0000000100C40000005AD7000021E05000000C000000520061006600610065006C0020004500640067006100720000000100C40000005BD7000017E150000005000000440061006E006E00790000000100C40000005CD70000BC1C0B00000C0000004C00650061006E00640072006F0020004A006F007300E90000000100C40000005DD700001FE05000000F0000004500640069006E0073006F006E00200041006C0062006500720074006F0000000100C40000005ED700001C
"Édson Araújo",308345,50176,319,"SC Corinthians Paulista",NORMAL,INTERNAL_PERSON_ID,50176,0x00325B46,False,-1,-1,33,45,62B30244C4FCFDB8,"I|I|I|I|B|S|I|S|L|L|L|L|REF|L|L|I|I|I|I|I|I|I|B|L|L|L|L|L|L|L|L|L|L|S|L|L|",0027E0500000090000004A00650061006E0020005000610075006C0000000100C400000056D7000024E05000000600000059006F006A0061006E00790000000100C400000057D700007ADF500000050000005000ED0074006500720000000100C400000058D7000023E0500000060000004E00E9006C0073006F006E0000000100C400000059D70000895E0B00000C0000004A006F007300E900200041006C0066006F006E0073006F0000000100C40000005AD7000021E05000000C000000520061006600610065006C0020004500640067006100720000000100C40000005BD7000017E150000005000000440061006E006E00790000000100C40000005CD70000BC1C0B00000C0000004C00650061006E00640072006F0020004A006F007300E90000000100C40000005DD700001FE05000000F0000004500640069006E0073006F006E00200041006C0062006500720074006F0000000100C40000005ED700001CE050000010000000570061006C0074006500720020004600720061006E00630069
"Édson Araújo",308345,50176,319,"SC Corinthians Paulista",NORMAL,INTERNAL_PERSON_ID,50176,0x00325B73,False,-1,-1,45,45,8FBD611847122D1E,"I|B|S|I|S|L|L|L|L|L|L|L|REF|L|L|I|I|I|I|I|I|I|B|L|L|L|L|L|L|L|L|S|L|L|I|I|",0600000059006F006A0061006E00790000000100C400000057D700007ADF500000050000005000ED0074006500720000000100C400000058D7000023E0500000060000004E00E9006C0073006F006E0000000100C400000059D70000895E0B00000C0000004A006F007300E900200041006C0066006F006E0073006F0000000100C40000005AD7000021E05000000C000000520061006600610065006C0020004500640067006100720000000100C40000005BD7000017E150000005000000440061006E006E00790000000100C40000005CD70000BC1C0B00000C0000004C00650061006E00640072006F0020004A006F007300E90000000100C40000005DD700001FE05000000F0000004500640069006E0073006F006E00200041006C0062006500720074006F0000000100C40000005ED700001CE050000010000000570061006C0074006500720020004600720061006E0063006900730063006F0000000100C40000005FD700001AE05000000600000059006F0069006D006500720000000100C4
"Édson Araújo",308345,50176,319,"SC Corinthians Paulista",NORMAL,INTERNAL_PERSON_ID,50176,0x00325BA0,False,-1,-1,45,31,76369C01F116EA7D,"I|B|S|I|S|L|L|L|L|L|L|L|REF|L|L|I|I|I|I|I|B|S|I|S|L|L|L|L|L|L|L|S|L|L|I|I|",720000000100C400000058D7000023E0500000060000004E00E9006C0073006F006E0000000100C400000059D70000895E0B00000C0000004A006F007300E900200041006C0066006F006E0073006F0000000100C40000005AD7000021E05000000C000000520061006600610065006C0020004500640067006100720000000100C40000005BD7000017E150000005000000440061006E006E00790000000100C40000005CD70000BC1C0B00000C0000004C00650061006E00640072006F0020004A006F007300E90000000100C40000005DD700001FE05000000F0000004500640069006E0073006F006E00200041006C0062006500720074006F0000000100C40000005ED700001CE050000010000000570061006C0074006500720020004600720061006E0063006900730063006F0000000100C40000005FD700001AE05000000600000059006F0069006D006500720000000100C400000060D7000019E05000000A0000004A006F007300E900200041006E00670065006C0000000100C400000061
"Édson Araújo",308345,50176,319,"SC Corinthians Paulista",NORMAL,INTERNAL_PERSON_ID,50176,0x00325BBF,False,-1,-1,31,45,9B47F6424872AEA8,"I|I|I|B|L|L|L|L|L|L|L|L|REF|L|L|I|I|I|I|I|I|I|B|L|L|L|L|L|L|L|L|L|L|L|L|L|",6F006E0000000100C400000059D70000895E0B00000C0000004A006F007300E900200041006C0066006F006E0073006F0000000100C40000005AD7000021E05000000C000000520061006600610065006C0020004500640067006100720000000100C40000005BD7000017E150000005000000440061006E006E00790000000100C40000005CD70000BC1C0B00000C0000004C00650061006E00640072006F0020004A006F007300E90000000100C40000005DD700001FE05000000F0000004500640069006E0073006F006E00200041006C0062006500720074006F0000000100C40000005ED700001CE050000010000000570061006C0074006500720020004600720061006E0063006900730063006F0000000100C40000005FD700001AE05000000600000059006F0069006D006500720000000100C400000060D7000019E05000000A0000004A006F007300E900200041006E00670065006C0000000100C400000061D7000018E05000000D0000004300E90073006100720020004D006F00640065
"Édson Araújo",308345,50176,319,"SC Corinthians Paulista",NORMAL,INTERNAL_PERSON_ID,50176,0x00325BEC,False,-1,-1,45,51,4C28F8E96E75E2EB,"I|B|S|I|S|L|L|L|L|L|L|L|REF|L|L|I|I|I|I|I|I|I|I|I|I|B|S|I|S|L|L|L|L|L|L|L|",73006F0000000100C40000005AD7000021E05000000C000000520061006600610065006C0020004500640067006100720000000100C40000005BD7000017E150000005000000440061006E006E00790000000100C40000005CD70000BC1C0B00000C0000004C00650061006E00640072006F0020004A006F007300E90000000100C40000005DD700001FE05000000F0000004500640069006E0073006F006E00200041006C0062006500720074006F0000000100C40000005ED700001CE050000010000000570061006C0074006500720020004600720061006E0063006900730063006F0000000100C40000005FD700001AE05000000600000059006F0069006D006500720000000100C400000060D7000019E05000000A0000004A006F007300E900200041006E00670065006C0000000100C400000061D7000018E05000000D0000004300E90073006100720020004D006F0064006500730074006F0000000100C400000062D7000017E0500000100000004600720061006E0063006900730063006F
"Édson Araújo",308345,50176,319,"SC Corinthians Paulista",NORMAL,INTERNAL_PERSON_ID,50176,0x00325C1F,False,-1,-1,51,53,60A71103BF822F05,"L|L|L|L|L|L|L|L|L|L|L|L|REF|L|L|I|I|I|I|I|I|I|I|I|B|L|L|L|L|L|L|L|S|L|L|L|",0100C40000005BD7000017E150000005000000440061006E006E00790000000100C40000005CD70000BC1C0B00000C0000004C00650061006E00640072006F0020004A006F007300E90000000100C40000005DD700001FE05000000F0000004500640069006E0073006F006E00200041006C0062006500720074006F0000000100C40000005ED700001CE050000010000000570061006C0074006500720020004600720061006E0063006900730063006F0000000100C40000005FD700001AE05000000600000059006F0069006D006500720000000100C400000060D7000019E05000000A0000004A006F007300E900200041006E00670065006C0000000100C400000061D7000018E05000000D0000004300E90073006100720020004D006F0064006500730074006F0000000100C400000062D7000017E0500000100000004600720061006E0063006900730063006F0020004A006100760069006500720000000100C400000063D70000F1E05000000F000000520069006300680061007200640020
"Édson Araújo",308345,50176,319,"SC Corinthians Paulista",NORMAL,INTERNAL_PERSON_ID,50176,0x00325C54,False,-1,-1,53,33,993C264E1C4486CC,"S|I|S|L|L|L|L|L|L|L|L|L|REF|L|L|I|I|I|I|B|L|L|L|L|L|L|L|L|L|S|L|L|L|S|B|L|",0061006E00640072006F0020004A006F007300E90000000100C40000005DD700001FE05000000F0000004500640069006E0073006F006E00200041006C0062006500720074006F0000000100C40000005ED700001CE050000010000000570061006C0074006500720020004600720061006E0063006900730063006F0000000100C40000005FD700001AE05000000600000059006F0069006D006500720000000100C400000060D7000019E05000000A0000004A006F007300E900200041006E00670065006C0000000100C400000061D7000018E05000000D0000004300E90073006100720020004D006F0064006500730074006F0000000100C400000062D7000017E0500000100000004600720061006E0063006900730063006F0020004A006100760069006500720000000100C400000063D70000F1E05000000F0000005200690063006800610072006400200041006D00E9007200690063006F0000000100C400000064D7000013E05000000F0000004700690075007300650070007000650020
"Édson Araújo",308345,50176,319,"SC Corinthians Paulista",NORMAL,INTERNAL_PERSON_ID,50176,0x00325C75,False,-1,-1,33,41,E7710829988CF631,"I|I|I|I|B|S|I|S|L|L|L|L|REF|L|L|I|I|I|I|I|I|B|L|L|L|L|L|L|L|L|L|L|L|L|S|L|",1FE05000000F0000004500640069006E0073006F006E00200041006C0062006500720074006F0000000100C40000005ED700001CE050000010000000570061006C0074006500720020004600720061006E0063006900730063006F0000000100C40000005FD700001AE05000000600000059006F0069006D006500720000000100C400000060D7000019E05000000A0000004A006F007300E900200041006E00670065006C0000000100C400000061D7000018E05000000D0000004300E90073006100720020004D006F0064006500730074006F0000000100C400000062D7000017E0500000100000004600720061006E0063006900730063006F0020004A006100760069006500720000000100C400000063D70000F1E05000000F0000005200690063006800610072006400200041006D00E9007200690063006F0000000100C400000064D7000013E05000000F000000470069007500730065007000700065002000520061006600610065006C0000000100C400000065D7000012E05000000F0000
"Édson Araújo",308345,50176,319,"SC Corinthians Paulista",NORMAL,INTERNAL_PERSON_ID,50176,0x00325C9E,False,-1,-1,41,47,3EE45B4DAC9DA8FE,"I|I|B|S|I|S|L|L|L|L|L|L|REF|L|L|I|I|I|I|I|I|I|I|I|B|S|I|S|L|L|L|L|L|L|L|L|",0100C40000005ED700001CE050000010000000570061006C0074006500720020004600720061006E0063006900730063006F0000000100C40000005FD700001AE05000000600000059006F0069006D006500720000000100C400000060D7000019E05000000A0000004A006F007300E900200041006E00670065006C0000000100C400000061D7000018E05000000D0000004300E90073006100720020004D006F0064006500730074006F0000000100C400000062D7000017E0500000100000004600720061006E0063006900730063006F0020004A006100760069006500720000000100C400000063D70000F1E05000000F0000005200690063006800610072006400200041006D00E9007200690063006F0000000100C400000064D7000013E05000000F000000470069007500730065007000700065002000520061006600610065006C0000000100C400000065D7000012E05000000F00000056006900630065006E0074006500200041006E0074006F006E0069006F0000000100C400000066D7
"Édson Araújo",308345,50176,319,"SC Corinthians Paulista",NORMAL,INTERNAL_PERSON_ID,50176,0x00325CCD,False,-1,-1,47,53,E34A2076FC70AD66,"L|L|L|L|L|L|L|L|L|L|L|L|REF|L|L|I|I|I|I|I|I|I|I|I|B|L|L|L|L|L|L|L|L|L|L|L|",63006F0000000100C40000005FD700001AE05000000600000059006F0069006D006500720000000100C400000060D7000019E05000000A0000004A006F007300E900200041006E00670065006C0000000100C400000061D7000018E05000000D0000004300E90073006100720020004D006F0064006500730074006F0000000100C400000062D7000017E0500000100000004600720061006E0063006900730063006F0020004A006100760069006500720000000100C400000063D70000F1E05000000F0000005200690063006800610072006400200041006D00E9007200690063006F0000000100C400000064D7000013E05000000F000000470069007500730065007000700065002000520061006600610065006C0000000100C400000065D7000012E05000000F00000056006900630065006E0074006500200041006E0074006F006E0069006F0000000100C400000066D7000011E05000000B0000005300740061006C0069006E0020004A006F007300E90000000100C400000067D7000010E0
"Édson Araújo",308345,50176,319,"SC Corinthians Paulista",NORMAL,INTERNAL_PERSON_ID,50176,0x00325D02,False,-1,-1,53,51,5126CBCB39FA9389,"S|I|S|L|L|L|L|L|L|L|L|L|REF|L|L|I|I|I|I|I|I|L|I|I|I|B|S|I|S|L|L|L|L|L|L|L|",000A0000004A006F007300E900200041006E00670065006C0000000100C400000061D7000018E05000000D0000004300E90073006100720020004D006F0064006500730074006F0000000100C400000062D7000017E0500000100000004600720061006E0063006900730063006F0020004A006100760069006500720000000100C400000063D70000F1E05000000F0000005200690063006800610072006400200041006D00E9007200690063006F0000000100C400000064D7000013E05000000F000000470069007500730065007000700065002000520061006600610065006C0000000100C400000065D7000012E05000000F00000056006900630065006E0074006500200041006E0074006F006E0069006F0000000100C400000066D7000011E05000000B0000005300740061006C0069006E0020004A006F007300E90000000100C400000067D7000010E05000000D0000004A006F00680061006E00200041006C0062006500720074006F0000000100C400000068D700007CDF5000000E0000
"Édson Araújo",308345,50176,319,"SC Corinthians Paulista",NORMAL,INTERNAL_PERSON_ID,50176,0x00325D35,False,-1,-1,51,51,F2FC2899D65F81E3,"L|L|L|L|L|L|L|L|L|L|L|L|REF|L|L|I|I|I|I|I|I|I|I|I|I|B|S|I|S|L|L|L|L|L|L|L|",006100720020004D006F0064006500730074006F0000000100C400000062D7000017E0500000100000004600720061006E0063006900730063006F0020004A006100760069006500720000000100C400000063D70000F1E05000000F0000005200690063006800610072006400200041006D00E9007200690063006F0000000100C400000064D7000013E05000000F000000470069007500730065007000700065002000520061006600610065006C0000000100C400000065D7000012E05000000F00000056006900630065006E0074006500200041006E0074006F006E0069006F0000000100C400000066D7000011E05000000B0000005300740061006C0069006E0020004A006F007300E90000000100C400000067D7000010E05000000D0000004A006F00680061006E00200041006C0062006500720074006F0000000100C400000068D700007CDF5000000E0000004300610072006C006F007300200048006F007200E100630069006F0000000100C400000069D700000CE05000000D00000057
"Édson Araújo",308345,50176,319,"SC Corinthians Paulista",NORMAL,INTERNAL_PERSON_ID,50176,0x00325D68,False,-1,-1,51,51,AF77A0BAEE08A183,"L|L|L|L|L|L|L|L|L|L|L|L|REF|L|L|I|I|I|I|I|I|I|I|I|I|B|S|I|S|L|L|L|L|L|S|L|",006900730063006F0020004A006100760069006500720000000100C400000063D70000F1E05000000F0000005200690063006800610072006400200041006D00E9007200690063006F0000000100C400000064D7000013E05000000F000000470069007500730065007000700065002000520061006600610065006C0000000100C400000065D7000012E05000000F00000056006900630065006E0074006500200041006E0074006F006E0069006F0000000100C400000066D7000011E05000000B0000005300740061006C0069006E0020004A006F007300E90000000100C400000067D7000010E05000000D0000004A006F00680061006E00200041006C0062006500720074006F0000000100C400000068D700007CDF5000000E0000004300610072006C006F007300200048006F007200E100630069006F0000000100C400000069D700000CE05000000D000000570069006C0066007200650064006F0020004A006F007300E90000000100C40000006AD700007DDF5000000A0000004A006F0068
"Édson Araújo",308345,50176,319,"SC Corinthians Paulista",NORMAL,INTERNAL_PERSON_ID,50176,0x00325D9B,False,-1,-1,51,43,4356BF9C988B1B51,"L|L|L|L|L|L|L|L|L|L|L|L|REF|L|L|I|I|I|I|I|I|L|I|B|S|I|S|L|L|L|L|L|L|S|L|L|",00610072006400200041006D00E9007200690063006F0000000100C400000064D7000013E05000000F000000470069007500730065007000700065002000520061006600610065006C0000000100C400000065D7000012E05000000F00000056006900630065006E0074006500200041006E0074006F006E0069006F0000000100C400000066D7000011E05000000B0000005300740061006C0069006E0020004A006F007300E90000000100C400000067D7000010E05000000D0000004A006F00680061006E00200041006C0062006500720074006F0000000100C400000068D700007CDF5000000E0000004300610072006C006F007300200048006F007200E100630069006F0000000100C400000069D700000CE05000000D000000570069006C0066007200650064006F0020004A006F007300E90000000100C40000006AD700007DDF5000000A0000004A006F0068006E0020004600E9006C006900780000000100C40000006BD700007FDF5000000E0000004A006F007300E90020004600720061
"Édson Araújo",308345,50176,319,"SC Corinthians Paulista",NORMAL,INTERNAL_PERSON_ID,50176,0x00325DC6,False,-1,-1,43,47,358454E8480A9FCA,"B|L|L|L|L|L|L|L|L|L|L|L|REF|L|L|I|I|I|I|I|I|I|I|I|B|S|I|S|L|L|L|L|L|L|L|L|",00470069007500730065007000700065002000520061006600610065006C0000000100C400000065D7000012E05000000F00000056006900630065006E0074006500200041006E0074006F006E0069006F0000000100C400000066D7000011E05000000B0000005300740061006C0069006E0020004A006F007300E90000000100C400000067D7000010E05000000D0000004A006F00680061006E00200041006C0062006500720074006F0000000100C400000068D700007CDF5000000E0000004300610072006C006F007300200048006F007200E100630069006F0000000100C400000069D700000CE05000000D000000570069006C0066007200650064006F0020004A006F007300E90000000100C40000006AD700007DDF5000000A0000004A006F0068006E0020004600E9006C006900780000000100C40000006BD700007FDF5000000E0000004A006F007300E90020004600720061006E0063006900730063006F0000000100C40000006CD7000081DF5000000D00000045006C007600690073
"Édson Araújo",308345,50176,319,"SC Corinthians Paulista",NORMAL,INTERNAL_PERSON_ID,50176,0x00325DF5,False,-1,-1,47,49,45965EBE0207B62F,"L|L|L|L|L|L|L|L|L|L|L|L|REF|L|L|I|I|I|I|I|I|L|I|B|L|L|L|L|L|L|L|L|L|L|L|L|",000F00000056006900630065006E0074006500200041006E0074006F006E0069006F0000000100C400000066D7000011E05000000B0000005300740061006C0069006E0020004A006F007300E90000000100C400000067D7000010E05000000D0000004A006F00680061006E00200041006C0062006500720074006F0000000100C400000068D700007CDF5000000E0000004300610072006C006F007300200048006F007200E100630069006F0000000100C400000069D700000CE05000000D000000570069006C0066007200650064006F0020004A006F007300E90000000100C40000006AD700007DDF5000000A0000004A006F0068006E0020004600E9006C006900780000000100C40000006BD700007FDF5000000E0000004A006F007300E90020004600720061006E0063006900730063006F0000000100C40000006CD7000081DF5000000D00000045006C00760069007300200041006C0066006F006E0073006F0000000100C40000006DD7000082DF500000040000004A006F0065006C0000
"Édson Araújo",308345,50176,319,"SC Corinthians Paulista",NORMAL,INTERNAL_PERSON_ID,50176,0x00325E26,False,-1,-1,49,47,93667F0D9A24793D,"B|S|I|S|L|L|L|L|L|L|L|L|REF|L|L|I|I|I|I|I|I|I|L|I|B|S|I|S|L|L|L|L|L|L|S|L|",5000000B0000005300740061006C0069006E0020004A006F007300E90000000100C400000067D7000010E05000000D0000004A006F00680061006E00200041006C0062006500720074006F0000000100C400000068D700007CDF5000000E0000004300610072006C006F007300200048006F007200E100630069006F0000000100C400000069D700000CE05000000D000000570069006C0066007200650064006F0020004A006F007300E90000000100C40000006AD700007DDF5000000A0000004A006F0068006E0020004600E9006C006900780000000100C40000006BD700007FDF5000000E0000004A006F007300E90020004600720061006E0063006900730063006F0000000100C40000006CD7000081DF5000000D00000045006C00760069007300200041006C0066006F006E0073006F0000000100C40000006DD7000082DF500000040000004A006F0065006C0000000100C40000006ED7000084DF500000050000005900650072006300690000000100C40000006FD7000085DF5000000A00
"Édson Araújo",308345,50176,319,"SC Corinthians Paulista",NORMAL,INTERNAL_PERSON_ID,50176,0x00325E55,False,-1,-1,47,41,C9852E51A7280F16,"L|L|L|L|L|L|L|L|L|L|L|L|REF|L|L|I|I|I|I|L|I|B|L|L|L|L|L|L|L|L|L|L|L|S|L|L|",0000004A006F00680061006E00200041006C0062006500720074006F0000000100C400000068D700007CDF5000000E0000004300610072006C006F007300200048006F007200E100630069006F0000000100C400000069D700000CE05000000D000000570069006C0066007200650064006F0020004A006F007300E90000000100C40000006AD700007DDF5000000A0000004A006F0068006E0020004600E9006C006900780000000100C40000006BD700007FDF5000000E0000004A006F007300E90020004600720061006E0063006900730063006F0000000100C40000006CD7000081DF5000000D00000045006C00760069007300200041006C0066006F006E0073006F0000000100C40000006DD7000082DF500000040000004A006F0065006C0000000100C40000006ED7000084DF500000050000005900650072006300690000000100C40000006FD7000085DF5000000A0000004A00650061006E00200041006E0064007200E90000000100C400000070D7000087DF5000000700000056006900
"Édson Araújo",308345,50176,319,"SC Corinthians Paulista",NORMAL,INTERNAL_PERSON_ID,50176,0x00325E7E,False,-1,-1,41,49,998E0BFC6EB10B10,"L|I|B|S|I|S|L|L|L|L|L|L|REF|L|L|I|I|I|I|I|I|I|I|B|L|L|L|L|L|L|L|L|L|L|L|L|",7CDF5000000E0000004300610072006C006F007300200048006F007200E100630069006F0000000100C400000069D700000CE05000000D000000570069006C0066007200650064006F0020004A006F007300E90000000100C40000006AD700007DDF5000000A0000004A006F0068006E0020004600E9006C006900780000000100C40000006BD700007FDF5000000E0000004A006F007300E90020004600720061006E0063006900730063006F0000000100C40000006CD7000081DF5000000D00000045006C00760069007300200041006C0066006F006E0073006F0000000100C40000006DD7000082DF500000040000004A006F0065006C0000000100C40000006ED7000084DF500000050000005900650072006300690000000100C40000006FD7000085DF5000000A0000004A00650061006E00200041006E0064007200E90000000100C400000070D7000087DF5000000700000056006900630065006E007400650000000100C400000071D70000F2E05000000600000044006900640069006500
"Édson Araújo",308345,50176,319,"SC Corinthians Paulista",NORMAL,INTERNAL_PERSON_ID,50176,0x00325EAF,False,-1,-1,49,47,2CE2EA4984E73D25,"B|S|I|S|L|L|L|L|L|L|L|L|REF|L|L|I|I|I|I|I|I|I|I|I|B|S|I|S|L|L|L|S|L|L|I|I|",0CE05000000D000000570069006C0066007200650064006F0020004A006F007300E90000000100C40000006AD700007DDF5000000A0000004A006F0068006E0020004600E9006C006900780000000100C40000006BD700007FDF5000000E0000004A006F007300E90020004600720061006E0063006900730063006F0000000100C40000006CD7000081DF5000000D00000045006C00760069007300200041006C0066006F006E0073006F0000000100C40000006DD7000082DF500000040000004A006F0065006C0000000100C40000006ED7000084DF500000050000005900650072006300690000000100C40000006FD7000085DF5000000A0000004A00650061006E00200041006E0064007200E90000000100C400000070D7000087DF5000000700000056006900630065006E007400650000000100C400000071D70000F2E05000000600000044006900640069006500720000000100C400000072D700008DDF500000070000004C0075006300690061006E006F0000000100C400000073D70000
"Édson Araújo",308345,50176,319,"SC Corinthians Paulista",NORMAL,INTERNAL_PERSON_ID,50176,0x00325EDE,False,-1,-1,47,29,F6447EDBE5086245,"L|L|L|L|L|L|L|L|L|L|L|L|REF|L|L|I|I|I|B|L|L|L|L|L|L|L|L|S|L|L|I|I|I|I|I|I|",7DDF5000000A0000004A006F0068006E0020004600E9006C006900780000000100C40000006BD700007FDF5000000E0000004A006F007300E90020004600720061006E0063006900730063006F0000000100C40000006CD7000081DF5000000D00000045006C00760069007300200041006C0066006F006E0073006F0000000100C40000006DD7000082DF500000040000004A006F0065006C0000000100C40000006ED7000084DF500000050000005900650072006300690000000100C40000006FD7000085DF5000000A0000004A00650061006E00200041006E0064007200E90000000100C400000070D7000087DF5000000700000056006900630065006E007400650000000100C400000071D70000F2E05000000600000044006900640069006500720000000100C400000072D700008DDF500000070000004C0075006300690061006E006F0000000100C400000073D700008EDF5000000A0000004C00610069006E0064006500720073006F006E0000000100C400000074D70000F4E05000000A
"Édson Araújo",308345,50176,319,"SC Corinthians Paulista",NORMAL,INTERNAL_PERSON_ID,50176,0x00325EFB,False,-1,-1,29,31,7228ECA5FE87783F,"I|I|I|I|I|B|S|I|S|L|L|L|REF|L|L|I|I|I|I|I|B|S|I|S|L|L|L|L|L|L|S|L|L|I|I|I|",00000100C40000006BD700007FDF5000000E0000004A006F007300E90020004600720061006E0063006900730063006F0000000100C40000006CD7000081DF5000000D00000045006C00760069007300200041006C0066006F006E0073006F0000000100C40000006DD7000082DF500000040000004A006F0065006C0000000100C40000006ED7000084DF500000050000005900650072006300690000000100C40000006FD7000085DF5000000A0000004A00650061006E00200041006E0064007200E90000000100C400000070D7000087DF5000000700000056006900630065006E007400650000000100C400000071D70000F2E05000000600000044006900640069006500720000000100C400000072D700008DDF500000070000004C0075006300690061006E006F0000000100C400000073D700008EDF5000000A0000004C00610069006E0064006500720073006F006E0000000100C400000074D70000F4E05000000A0000004A006F007300E90020004600E9006C006900780000000100C400
"Édson Araújo",308345,50176,319,"SC Corinthians Paulista",NORMAL,INTERNAL_PERSON_ID,50176,0x00325F1A,False,-1,-1,31,41,413D7A73B6B607EC,"I|I|I|B|L|L|L|L|L|L|L|L|REF|L|L|I|I|I|I|I|I|B|L|L|L|L|L|L|L|L|L|S|L|L|I|I|",4600720061006E0063006900730063006F0000000100C40000006CD7000081DF5000000D00000045006C00760069007300200041006C0066006F006E0073006F0000000100C40000006DD7000082DF500000040000004A006F0065006C0000000100C40000006ED7000084DF500000050000005900650072006300690000000100C40000006FD7000085DF5000000A0000004A00650061006E00200041006E0064007200E90000000100C400000070D7000087DF5000000700000056006900630065006E007400650000000100C400000071D70000F2E05000000600000044006900640069006500720000000100C400000072D700008DDF500000070000004C0075006300690061006E006F0000000100C400000073D700008EDF5000000A0000004C00610069006E0064006500720073006F006E0000000100C400000074D70000F4E05000000A0000004A006F007300E90020004600E9006C006900780000000100C400000075D7000092DF5000000D00000052006900640065006E0073006F006E00
"Édson Araújo",308345,50176,319,"SC Corinthians Paulista",NORMAL,INTERNAL_PERSON_ID,50176,0x00325F43,False,-1,-1,41,35,CBD20E69C0946546,"I|I|B|S|I|S|L|L|L|L|L|L|REF|L|L|I|I|I|I|I|I|B|S|I|S|L|L|L|L|S|L|L|I|I|I|I|",6C00760069007300200041006C0066006F006E0073006F0000000100C40000006DD7000082DF500000040000004A006F0065006C0000000100C40000006ED7000084DF500000050000005900650072006300690000000100C40000006FD7000085DF5000000A0000004A00650061006E00200041006E0064007200E90000000100C400000070D7000087DF5000000700000056006900630065006E007400650000000100C400000071D70000F2E05000000600000044006900640069006500720000000100C400000072D700008DDF500000070000004C0075006300690061006E006F0000000100C400000073D700008EDF5000000A0000004C00610069006E0064006500720073006F006E0000000100C400000074D70000F4E05000000A0000004A006F007300E90020004600E9006C006900780000000100C400000075D7000092DF5000000D00000052006900640065006E0073006F006E0020004A006F007300E90000000100C400000076D70000B7DF5000000D0000004600650072006E006100
"Édson Araújo",308345,50176,319,"SC Corinthians Paulista",NORMAL,INTERNAL_PERSON_ID,50176,0x00325F66,False,-1,-1,35,33,659C8CA3A689DF3F,"I|I|B|L|L|L|L|L|L|L|L|L|REF|L|L|I|I|I|I|B|L|L|L|L|L|L|L|L|L|S|L|L|I|I|I|I|",0082DF500000040000004A006F0065006C0000000100C40000006ED7000084DF500000050000005900650072006300690000000100C40000006FD7000085DF5000000A0000004A00650061006E00200041006E0064007200E90000000100C400000070D7000087DF5000000700000056006900630065006E007400650000000100C400000071D70000F2E05000000600000044006900640069006500720000000100C400000072D700008DDF500000070000004C0075006300690061006E006F0000000100C400000073D700008EDF5000000A0000004C00610069006E0064006500720073006F006E0000000100C400000074D70000F4E05000000A0000004A006F007300E90020004600E9006C006900780000000100C400000075D7000092DF5000000D00000052006900640065006E0073006F006E0020004A006F007300E90000000100C400000076D70000B7DF5000000D0000004600650072006E0061006E0064006F0020004A006F007300E90000000100C400000077D70000B6DF5000000E00
"Édson Araújo",308345,50176,319,"SC Corinthians Paulista",NORMAL,INTERNAL_PERSON_ID,50176,0x00325F87,False,-1,-1,33,35,349C24CD860B42C7,"I|I|I|I|B|S|I|S|L|L|L|L|REF|L|L|I|I|I|I|I|I|B|S|I|S|L|L|L|L|L|L|S|L|L|I|I|",0000050000005900650072006300690000000100C40000006FD7000085DF5000000A0000004A00650061006E00200041006E0064007200E90000000100C400000070D7000087DF5000000700000056006900630065006E007400650000000100C400000071D70000F2E05000000600000044006900640069006500720000000100C400000072D700008DDF500000070000004C0075006300690061006E006F0000000100C400000073D700008EDF5000000A0000004C00610069006E0064006500720073006F006E0000000100C400000074D70000F4E05000000A0000004A006F007300E90020004600E9006C006900780000000100C400000075D7000092DF5000000D00000052006900640065006E0073006F006E0020004A006F007300E90000000100C400000076D70000B7DF5000000D0000004600650072006E0061006E0064006F0020004A006F007300E90000000100C400000077D70000B6DF5000000E0000004A006100760069006500720020004500640075007200610064006F00000001
"Édson Araújo",308345,50176,319,"SC Corinthians Paulista",NORMAL,INTERNAL_PERSON_ID,50176,0x00325FAA,False,-1,-1,35,41,F4E785BA397DBCA2,"I|I|B|L|L|L|L|L|L|L|L|L|REF|L|L|I|I|I|I|I|I|B|L|L|L|L|L|L|L|L|L|S|L|L|L|S|",00004A00650061006E00200041006E0064007200E90000000100C400000070D7000087DF5000000700000056006900630065006E007400650000000100C400000071D70000F2E05000000600000044006900640069006500720000000100C400000072D700008DDF500000070000004C0075006300690061006E006F0000000100C400000073D700008EDF5000000A0000004C00610069006E0064006500720073006F006E0000000100C400000074D70000F4E05000000A0000004A006F007300E90020004600E9006C006900780000000100C400000075D7000092DF5000000D00000052006900640065006E0073006F006E0020004A006F007300E90000000100C400000076D70000B7DF5000000D0000004600650072006E0061006E0064006F0020004A006F007300E90000000100C400000077D70000B6DF5000000E0000004A006100760069006500720020004500640075007200610064006F0000000100C400000078D7000097DF5000000B0000004A0075006C0069006F0020004300E90073
"Édson Araújo",308345,50176,319,"SC Corinthians Paulista",NORMAL,INTERNAL_PERSON_ID,50176,0x00325FD3,False,-1,-1,41,41,264FD813F07BB65C,"I|I|B|S|I|S|L|L|L|L|L|L|REF|L|L|I|I|I|I|L|I|B|L|L|L|L|L|L|L|L|L|L|L|L|S|L|",000056006900630065006E007400650000000100C400000071D70000F2E05000000600000044006900640069006500720000000100C400000072D700008DDF500000070000004C0075006300690061006E006F0000000100C400000073D700008EDF5000000A0000004C00610069006E0064006500720073006F006E0000000100C400000074D70000F4E05000000A0000004A006F007300E90020004600E9006C006900780000000100C400000075D7000092DF5000000D00000052006900640065006E0073006F006E0020004A006F007300E90000000100C400000076D70000B7DF5000000D0000004600650072006E0061006E0064006F0020004A006F007300E90000000100C400000077D70000B6DF5000000E0000004A006100760069006500720020004500640075007200610064006F0000000100C400000078D7000097DF5000000B0000004A0075006C0069006F0020004300E90073006100720000000100C400000079D70000B5DF500000100000004C0065006F006E006100720064006F
"Édson Araújo",308345,50176,319,"SC Corinthians Paulista",NORMAL,INTERNAL_PERSON_ID,50176,0x00325FFC,False,-1,-1,41,47,552304FD0EA26BA9,"I|I|B|S|I|S|L|L|L|L|L|L|REF|L|L|I|I|I|I|I|I|I|L|I|B|S|I|S|L|L|L|L|L|L|S|L|",640069006500720000000100C400000072D700008DDF500000070000004C0075006300690061006E006F0000000100C400000073D700008EDF5000000A0000004C00610069006E0064006500720073006F006E0000000100C400000074D70000F4E05000000A0000004A006F007300E90020004600E9006C006900780000000100C400000075D7000092DF5000000D00000052006900640065006E0073006F006E0020004A006F007300E90000000100C400000076D70000B7DF5000000D0000004600650072006E0061006E0064006F0020004A006F007300E90000000100C400000077D70000B6DF5000000E0000004A006100760069006500720020004500640075007200610064006F0000000100C400000078D7000097DF5000000B0000004A0075006C0069006F0020004300E90073006100720000000100C400000079D70000B5DF500000100000004C0065006F006E006100720064006F00200045006E007200690071007500650000000100C40000007AD70000B4DF500000100000004C0065
"Édson Araújo",308345,50176,319,"SC Corinthians Paulista",NORMAL,INTERNAL_PERSON_ID,50176,0x0032602B,False,-1,-1,47,47,922E787DCA4F1ABA,"L|L|L|L|L|L|L|L|L|L|L|L|REF|L|L|I|I|I|I|I|I|I|L|I|B|S|I|S|L|L|L|L|L|L|L|L|",C400000073D700008EDF5000000A0000004C00610069006E0064006500720073006F006E0000000100C400000074D70000F4E05000000A0000004A006F007300E90020004600E9006C006900780000000100C400000075D7000092DF5000000D00000052006900640065006E0073006F006E0020004A006F007300E90000000100C400000076D70000B7DF5000000D0000004600650072006E0061006E0064006F0020004A006F007300E90000000100C400000077D70000B6DF5000000E0000004A006100760069006500720020004500640075007200610064006F0000000100C400000078D7000097DF5000000B0000004A0075006C0069006F0020004300E90073006100720000000100C400000079D70000B5DF500000100000004C0065006F006E006100720064006F00200045006E007200690071007500650000000100C40000007AD70000B4DF500000100000004C0065006F006E006100720064006F00200041006C0062006500720074006F0000000100C40000007BD70000B3DF5000000A
"Édson Araújo",308345,50176,319,"SC Corinthians Paulista",NORMAL,INTERNAL_PERSON_ID,50176,0x0032605A,False,-1,-1,47,49,0AEB65D85BB39257,"L|L|L|L|L|L|L|L|L|L|L|L|REF|L|L|I|I|I|I|I|I|I|I|B|L|L|L|L|L|L|L|L|L|L|L|S|",0000F4E05000000A0000004A006F007300E90020004600E9006C006900780000000100C400000075D7000092DF5000000D00000052006900640065006E0073006F006E0020004A006F007300E90000000100C400000076D70000B7DF5000000D0000004600650072006E0061006E0064006F0020004A006F007300E90000000100C400000077D70000B6DF5000000E0000004A006100760069006500720020004500640075007200610064006F0000000100C400000078D7000097DF5000000B0000004A0075006C0069006F0020004300E90073006100720000000100C400000079D70000B5DF500000100000004C0065006F006E006100720064006F00200045006E007200690071007500650000000100C40000007AD70000B4DF500000100000004C0065006F006E006100720064006F00200041006C0062006500720074006F0000000100C40000007BD70000B3DF5000000A0000004A006F007300E90020004400610076006900640000000100C40000007CD7000099DF5000000C0000004C0075
"Édson Araújo",308345,50176,319,"SC Corinthians Paulista",NORMAL,INTERNAL_PERSON_ID,50176,0x0032608B,False,-1,-1,49,43,F1C464A1A416E1EA,"B|S|I|S|L|L|L|L|L|L|L|L|REF|L|L|I|I|I|I|I|I|I|I|B|S|I|S|L|L|L|L|L|L|L|L|L|",00000052006900640065006E0073006F006E0020004A006F007300E90000000100C400000076D70000B7DF5000000D0000004600650072006E0061006E0064006F0020004A006F007300E90000000100C400000077D70000B6DF5000000E0000004A006100760069006500720020004500640075007200610064006F0000000100C400000078D7000097DF5000000B0000004A0075006C0069006F0020004300E90073006100720000000100C400000079D70000B5DF500000100000004C0065006F006E006100720064006F00200045006E007200690071007500650000000100C40000007AD70000B4DF500000100000004C0065006F006E006100720064006F00200041006C0062006500720074006F0000000100C40000007BD70000B3DF5000000A0000004A006F007300E90020004400610076006900640000000100C40000007CD7000099DF5000000C0000004C00750069007300200047006500720061006C0064006F0000000100C40000007DD700009ADF500000060000004A006F00730065
"Édson Araújo",308345,50176,319,"SC Corinthians Paulista",NORMAL,INTERNAL_PERSON_ID,50176,0x003260B6,False,-1,-1,43,53,253E2CDA42A924BF,"B|L|L|L|L|L|L|L|L|L|L|L|REF|L|L|I|I|I|I|I|I|I|I|I|B|L|L|L|L|L|L|L|L|L|L|L|",5000000D0000004600650072006E0061006E0064006F0020004A006F007300E90000000100C400000077D70000B6DF5000000E0000004A006100760069006500720020004500640075007200610064006F0000000100C400000078D7000097DF5000000B0000004A0075006C0069006F0020004300E90073006100720000000100C400000079D70000B5DF500000100000004C0065006F006E006100720064006F00200045006E007200690071007500650000000100C40000007AD70000B4DF500000100000004C0065006F006E006100720064006F00200041006C0062006500720074006F0000000100C40000007BD70000B3DF5000000A0000004A006F007300E90020004400610076006900640000000100C40000007CD7000099DF5000000C0000004C00750069007300200047006500720061006C0064006F0000000100C40000007DD700009ADF500000060000004A006F00730065007000680000000100C40000007ED700009BDF5000000A00000045006C0064006500720020004A006F0073
"Édson Araújo",308345,50176,319,"SC Corinthians Paulista",NORMAL,INTERNAL_PERSON_ID,50176,0x003260EB,False,-1,-1,53,53,46274840A849913E,"S|I|S|L|L|L|L|L|L|L|L|L|REF|L|L|I|I|I|I|I|I|I|I|I|B|L|L|L|L|L|L|L|L|L|S|L|",004A006100760069006500720020004500640075007200610064006F0000000100C400000078D7000097DF5000000B0000004A0075006C0069006F0020004300E90073006100720000000100C400000079D70000B5DF500000100000004C0065006F006E006100720064006F00200045006E007200690071007500650000000100C40000007AD70000B4DF500000100000004C0065006F006E006100720064006F00200041006C0062006500720074006F0000000100C40000007BD70000B3DF5000000A0000004A006F007300E90020004400610076006900640000000100C40000007CD7000099DF5000000C0000004C00750069007300200047006500720061006C0064006F0000000100C40000007DD700009ADF500000060000004A006F00730065007000680000000100C40000007ED700009BDF5000000A00000045006C0064006500720020004A006F007300E90000000100C40000007FD700009EDF500000050000004F00730063006100720000000100C400000080D70000F6E05000000500
"Édson Araújo",308345,50176,319,"SC Corinthians Paulista",NORMAL,INTERNAL_PERSON_ID,50176,0x00326120,False,-1,-1,53,41,E299F429453DA5C7,"S|I|S|L|L|L|L|L|L|L|L|L|REF|L|L|I|I|I|I|I|I|B|L|L|L|L|L|L|L|L|L|L|S|L|L|L|",006C0069006F0020004300E90073006100720000000100C400000079D70000B5DF500000100000004C0065006F006E006100720064006F00200045006E007200690071007500650000000100C40000007AD70000B4DF500000100000004C0065006F006E006100720064006F00200041006C0062006500720074006F0000000100C40000007BD70000B3DF5000000A0000004A006F007300E90020004400610076006900640000000100C40000007CD7000099DF5000000C0000004C00750069007300200047006500720061006C0064006F0000000100C40000007DD700009ADF500000060000004A006F00730065007000680000000100C40000007ED700009BDF5000000A00000045006C0064006500720020004A006F007300E90000000100C40000007FD700009EDF500000050000004F00730063006100720000000100C400000080D70000F6E050000005000000500061006F006C006F0000000100C400000081D70000EFDF5000000E0000004700750073007400610076006F00200041006C00
"Édson Araújo",308345,50176,319,"SC Corinthians Paulista",NORMAL,INTERNAL_PERSON_ID,50176,0x00326149,False,-1,-1,41,45,E63DDD12B8C0E240,"I|I|B|S|I|S|L|L|L|L|L|L|REF|L|L|I|I|I|I|I|I|I|B|L|L|L|L|L|L|L|S|L|L|L|S|B|",0065006F006E006100720064006F00200045006E007200690071007500650000000100C40000007AD70000B4DF500000100000004C0065006F006E006100720064006F00200041006C0062006500720074006F0000000100C40000007BD70000B3DF5000000A0000004A006F007300E90020004400610076006900640000000100C40000007CD7000099DF5000000C0000004C00750069007300200047006500720061006C0064006F0000000100C40000007DD700009ADF500000060000004A006F00730065007000680000000100C40000007ED700009BDF5000000A00000045006C0064006500720020004A006F007300E90000000100C40000007FD700009EDF500000050000004F00730063006100720000000100C400000080D70000F6E050000005000000500061006F006C006F0000000100C400000081D70000EFDF5000000E0000004700750073007400610076006F00200041006C006F006E0073006F0000000100C400000082D70000F0DF5000000B0000004A006F007200670065002000
"Édson Araújo",308345,50176,319,"SC Corinthians Paulista",NORMAL,INTERNAL_PERSON_ID,50176,0x00326176,False,-1,-1,45,33,74CFFA855F13EFAE,"I|B|S|I|S|L|L|L|L|L|L|L|REF|L|L|I|I|I|I|B|L|L|L|L|L|L|L|L|L|S|L|L|L|S|B|I|",500000100000004C0065006F006E006100720064006F00200041006C0062006500720074006F0000000100C40000007BD70000B3DF5000000A0000004A006F007300E90020004400610076006900640000000100C40000007CD7000099DF5000000C0000004C00750069007300200047006500720061006C0064006F0000000100C40000007DD700009ADF500000060000004A006F00730065007000680000000100C40000007ED700009BDF5000000A00000045006C0064006500720020004A006F007300E90000000100C40000007FD700009EDF500000050000004F00730063006100720000000100C400000080D70000F6E050000005000000500061006F006C006F0000000100C400000081D70000EFDF5000000E0000004700750073007400610076006F00200041006C006F006E0073006F0000000100C400000082D70000F0DF5000000B0000004A006F007200670065002000520075006200E9006E0000000100C400000083D70000F1DF5000000C00000052006100FA006C00200041006E00
"Édson Araújo",308345,50176,319,"SC Corinthians Paulista",NORMAL,INTERNAL_PERSON_ID,50176,0x00326197,False,-1,-1,33,41,196B120E0D21F5C7,"I|I|I|I|B|S|I|S|L|L|L|L|REF|L|L|I|I|I|I|I|I|B|L|L|L|L|L|L|L|L|S|L|L|I|I|I|",720074006F0000000100C40000007BD70000B3DF5000000A0000004A006F007300E90020004400610076006900640000000100C40000007CD7000099DF5000000C0000004C00750069007300200047006500720061006C0064006F0000000100C40000007DD700009ADF500000060000004A006F00730065007000680000000100C40000007ED700009BDF5000000A00000045006C0064006500720020004A006F007300E90000000100C40000007FD700009EDF500000050000004F00730063006100720000000100C400000080D70000F6E050000005000000500061006F006C006F0000000100C400000081D70000EFDF5000000E0000004700750073007400610076006F00200041006C006F006E0073006F0000000100C400000082D70000F0DF5000000B0000004A006F007200670065002000520075006200E9006E0000000100C400000083D70000F1DF5000000C00000052006100FA006C00200041006E0074006F006E0069006F0000000100C400000084D70000F2DF5000000D0000004700
"Édson Araújo",308345,50176,319,"SC Corinthians Paulista",NORMAL,INTERNAL_PERSON_ID,50176,0x003261C0,False,-1,-1,41,31,95BD358AC3FD62E4,"I|I|B|S|I|S|L|L|L|L|L|L|REF|L|L|I|I|I|I|I|B|S|I|S|L|L|S|L|L|L|S|B|I|I|I|I|",76006900640000000100C40000007CD7000099DF5000000C0000004C00750069007300200047006500720061006C0064006F0000000100C40000007DD700009ADF500000060000004A006F00730065007000680000000100C40000007ED700009BDF5000000A00000045006C0064006500720020004A006F007300E90000000100C40000007FD700009EDF500000050000004F00730063006100720000000100C400000080D70000F6E050000005000000500061006F006C006F0000000100C400000081D70000EFDF5000000E0000004700750073007400610076006F00200041006C006F006E0073006F0000000100C400000082D70000F0DF5000000B0000004A006F007200670065002000520075006200E9006E0000000100C400000083D70000F1DF5000000C00000052006100FA006C00200041006E0074006F006E0069006F0000000100C400000084D70000F2DF5000000D0000004700690061006E006600720061006E0063006500730063006F0000000100C400000085D70000F3D5790000
"Édson Araújo",308345,50176,319,"SC Corinthians Paulista",NORMAL,INTERNAL_PERSON_ID,50176,0x003261DF,False,-1,-1,31,31,D7FD1653406449CA,"I|I|I|B|L|L|L|L|L|L|L|L|REF|L|L|I|I|I|I|I|B|S|I|S|L|L|L|L|L|L|L|L|S|L|L|I|",69007300200047006500720061006C0064006F0000000100C40000007DD700009ADF500000060000004A006F00730065007000680000000100C40000007ED700009BDF5000000A00000045006C0064006500720020004A006F007300E90000000100C40000007FD700009EDF500000050000004F00730063006100720000000100C400000080D70000F6E050000005000000500061006F006C006F0000000100C400000081D70000EFDF5000000E0000004700750073007400610076006F00200041006C006F006E0073006F0000000100C400000082D70000F0DF5000000B0000004A006F007200670065002000520075006200E9006E0000000100C400000083D70000F1DF5000000C00000052006100FA006C00200041006E0074006F006E0069006F0000000100C400000084D70000F2DF5000000D0000004700690061006E006600720061006E0063006500730063006F0000000100C400000085D70000F3D57900000D0000004C00750069007300200056006C006100640069006D006900720000
"Édson Araújo",308345,50176,319,"SC Corinthians Paulista",NORMAL,INTERNAL_PERSON_ID,50176,0x003261FE,False,-1,-1,31,49,4BE0470D3DCB03D7,"B|I|I|B|L|L|L|L|L|L|L|L|REF|L|L|I|I|I|I|I|I|I|I|B|L|L|L|L|L|L|L|L|L|L|L|S|",009ADF500000060000004A006F00730065007000680000000100C40000007ED700009BDF5000000A00000045006C0064006500720020004A006F007300E90000000100C40000007FD700009EDF500000050000004F00730063006100720000000100C400000080D70000F6E050000005000000500061006F006C006F0000000100C400000081D70000EFDF5000000E0000004700750073007400610076006F00200041006C006F006E0073006F0000000100C400000082D70000F0DF5000000B0000004A006F007200670065002000520075006200E9006E0000000100C400000083D70000F1DF5000000C00000052006100FA006C00200041006E0074006F006E0069006F0000000100C400000084D70000F2DF5000000D0000004700690061006E006600720061006E0063006500730063006F0000000100C400000085D70000F3D57900000D0000004C00750069007300200056006C006100640069006D006900720000000100C400000086D70000F4DF5000000D0000004D006100720063006F0073
"Édson Araújo",308345,50176,319,"SC Corinthians Paulista",NORMAL,INTERNAL_PERSON_ID,50176,0x0032622F,False,-1,-1,49,43,9F12C90F738EEBEB,"B|S|I|S|L|L|L|L|L|L|L|L|REF|L|L|I|I|I|I|I|I|I|I|B|S|I|S|L|L|L|L|L|L|L|S|L|",6500720020004A006F007300E90000000100C40000007FD700009EDF500000050000004F00730063006100720000000100C400000080D70000F6E050000005000000500061006F006C006F0000000100C400000081D70000EFDF5000000E0000004700750073007400610076006F00200041006C006F006E0073006F0000000100C400000082D70000F0DF5000000B0000004A006F007200670065002000520075006200E9006E0000000100C400000083D70000F1DF5000000C00000052006100FA006C00200041006E0074006F006E0069006F0000000100C400000084D70000F2DF5000000D0000004700690061006E006600720061006E0063006500730063006F0000000100C400000085D70000F3D57900000D0000004C00750069007300200056006C006100640069006D006900720000000100C400000086D70000F4DF5000000D0000004D006100720063006F00730020004A006100760069006500720000000100C400000087D70000A0DF50000011000000570069006C006D006500720020
"Édson Araújo",308345,50176,319,"SC Corinthians Paulista",NORMAL,INTERNAL_PERSON_ID,50176,0x0032625A,False,-1,-1,43,45,0E891C0927D58D76,"B|L|L|L|L|L|L|L|L|L|L|L|REF|L|L|I|I|L|I|I|I|I|B|L|L|L|L|L|L|L|L|L|L|L|L|S|",720000000100C400000080D70000F6E050000005000000500061006F006C006F0000000100C400000081D70000EFDF5000000E0000004700750073007400610076006F00200041006C006F006E0073006F0000000100C400000082D70000F0DF5000000B0000004A006F007200670065002000520075006200E9006E0000000100C400000083D70000F1DF5000000C00000052006100FA006C00200041006E0074006F006E0069006F0000000100C400000084D70000F2DF5000000D0000004700690061006E006600720061006E0063006500730063006F0000000100C400000085D70000F3D57900000D0000004C00750069007300200056006C006100640069006D006900720000000100C400000086D70000F4DF5000000D0000004D006100720063006F00730020004A006100760069006500720000000100C400000087D70000A0DF50000011000000570069006C006D00650072002000640065006C0020004300610072006D0065006E0000000100C400000088D70000A1DF500000090000004C
"Édson Araújo",308345,50176,319,"SC Corinthians Paulista",NORMAL,INTERNAL_PERSON_ID,50176,0x00326287,False,-1,-1,45,47,700BC7353155B205,"I|B|S|I|S|L|L|L|L|L|L|L|REF|L|L|I|I|I|I|I|I|I|I|I|B|S|I|S|L|L|L|L|L|L|S|L|",EFDF5000000E0000004700750073007400610076006F00200041006C006F006E0073006F0000000100C400000082D70000F0DF5000000B0000004A006F007200670065002000520075006200E9006E0000000100C400000083D70000F1DF5000000C00000052006100FA006C00200041006E0074006F006E0069006F0000000100C400000084D70000F2DF5000000D0000004700690061006E006600720061006E0063006500730063006F0000000100C400000085D70000F3D57900000D0000004C00750069007300200056006C006100640069006D006900720000000100C400000086D70000F4DF5000000D0000004D006100720063006F00730020004A006100760069006500720000000100C400000087D70000A0DF50000011000000570069006C006D00650072002000640065006C0020004300610072006D0065006E0000000100C400000088D70000A1DF500000090000004C0075006900730020004A006F007300E90000000100C400000089D70000A2DF5000000D000000520061006D00F3
"Édson Araújo",308345,50176,319,"SC Corinthians Paulista",NORMAL,INTERNAL_PERSON_ID,50176,0x003262B6,False,-1,-1,47,47,EDAD471AD9E991F1,"L|L|L|L|L|L|L|L|L|L|L|L|REF|L|L|I|I|I|I|I|I|I|I|I|B|S|I|S|L|L|L|L|L|L|S|L|",0000F0DF5000000B0000004A006F007200670065002000520075006200E9006E0000000100C400000083D70000F1DF5000000C00000052006100FA006C00200041006E0074006F006E0069006F0000000100C400000084D70000F2DF5000000D0000004700690061006E006600720061006E0063006500730063006F0000000100C400000085D70000F3D57900000D0000004C00750069007300200056006C006100640069006D006900720000000100C400000086D70000F4DF5000000D0000004D006100720063006F00730020004A006100760069006500720000000100C400000087D70000A0DF50000011000000570069006C006D00650072002000640065006C0020004300610072006D0065006E0000000100C400000088D70000A1DF500000090000004C0075006900730020004A006F007300E90000000100C400000089D70000A2DF5000000D000000520061006D00F3006E0020004700650072006100720064006F0000000100C40000008AD70000A4DF5000000C0000004A006F007300E9
"Édson Araújo",308345,50176,319,"SC Corinthians Paulista",NORMAL,INTERNAL_PERSON_ID,50176,0x003262E5,False,-1,-1,47,47,0D7DEEA4B80F1CC6,"L|L|L|L|L|L|L|L|L|L|L|L|REF|L|L|I|I|I|I|I|I|I|I|I|B|S|I|S|L|L|L|L|L|L|L|L|",5000000C00000052006100FA006C00200041006E0074006F006E0069006F0000000100C400000084D70000F2DF5000000D0000004700690061006E006600720061006E0063006500730063006F0000000100C400000085D70000F3D57900000D0000004C00750069007300200056006C006100640069006D006900720000000100C400000086D70000F4DF5000000D0000004D006100720063006F00730020004A006100760069006500720000000100C400000087D70000A0DF50000011000000570069006C006D00650072002000640065006C0020004300610072006D0065006E0000000100C400000088D70000A1DF500000090000004C0075006900730020004A006F007300E90000000100C400000089D70000A2DF5000000D000000520061006D00F3006E0020004700650072006100720064006F0000000100C40000008AD70000A4DF5000000C0000004A006F007300E900200041006E0074006F006E0069006F0000000100C40000008BD70000A6DF5000000600000047006500720061006C
"Édson Araújo",308345,50176,319,"SC Corinthians Paulista",NORMAL,INTERNAL_PERSON_ID,50176,0x00326314,False,-1,-1,47,55,F4B9AC99286459A6,"L|L|L|L|L|L|L|L|L|L|L|L|REF|L|L|I|I|I|I|I|I|I|I|I|I|I|B|S|I|S|L|L|L|L|S|L|",000D0000004700690061006E006600720061006E0063006500730063006F0000000100C400000085D70000F3D57900000D0000004C00750069007300200056006C006100640069006D006900720000000100C400000086D70000F4DF5000000D0000004D006100720063006F00730020004A006100760069006500720000000100C400000087D70000A0DF50000011000000570069006C006D00650072002000640065006C0020004300610072006D0065006E0000000100C400000088D70000A1DF500000090000004C0075006900730020004A006F007300E90000000100C400000089D70000A2DF5000000D000000520061006D00F3006E0020004700650072006100720064006F0000000100C40000008AD70000A4DF5000000C0000004A006F007300E900200041006E0074006F006E0069006F0000000100C40000008BD70000A6DF5000000600000047006500720061006C00640000000100C40000008CD70000A8DF5000000E0000004D00690063006800610065006C0020004A00610069006D
"Édson Araújo",308345,50176,319,"SC Corinthians Paulista",NORMAL,INTERNAL_PERSON_ID,50176,0x0032634B,False,-1,-1,55,39,71A28114657FD631,"L|L|L|L|L|L|L|L|L|L|L|L|REF|L|L|I|I|I|I|I|L|I|B|S|I|S|L|L|L|L|L|L|S|L|L|L|",0069007300200056006C006100640069006D006900720000000100C400000086D70000F4DF5000000D0000004D006100720063006F00730020004A006100760069006500720000000100C400000087D70000A0DF50000011000000570069006C006D00650072002000640065006C0020004300610072006D0065006E0000000100C400000088D70000A1DF500000090000004C0075006900730020004A006F007300E90000000100C400000089D70000A2DF5000000D000000520061006D00F3006E0020004700650072006100720064006F0000000100C40000008AD70000A4DF5000000C0000004A006F007300E900200041006E0074006F006E0069006F0000000100C40000008BD70000A6DF5000000600000047006500720061006C00640000000100C40000008CD70000A8DF5000000E0000004D00690063006800610065006C0020004A00610069006D0065007A0000000100C40000008DD7000087247300000600000045006400690078006F006E0000000100C40000008ED70000AADF500000
"Édson Araújo",308345,50176,319,"SC Corinthians Paulista",NORMAL,INTERNAL_PERSON_ID,50176,0x00326372,False,-1,-1,39,47,68E78E19C351860E,"I|B|L|L|L|L|L|L|L|L|L|L|REF|L|L|I|I|I|I|I|I|I|I|I|B|S|I|S|L|L|L|L|L|L|L|S|",000D0000004D006100720063006F00730020004A006100760069006500720000000100C400000087D70000A0DF50000011000000570069006C006D00650072002000640065006C0020004300610072006D0065006E0000000100C400000088D70000A1DF500000090000004C0075006900730020004A006F007300E90000000100C400000089D70000A2DF5000000D000000520061006D00F3006E0020004700650072006100720064006F0000000100C40000008AD70000A4DF5000000C0000004A006F007300E900200041006E0074006F006E0069006F0000000100C40000008BD70000A6DF5000000600000047006500720061006C00640000000100C40000008CD70000A8DF5000000E0000004D00690063006800610065006C0020004A00610069006D0065007A0000000100C40000008DD7000087247300000600000045006400690078006F006E0000000100C40000008ED70000AADF5000000600000041006C00760072006900730000000100C40000008FD70000ABDF500000040000004A00
"Édson Araújo",308345,50176,319,"SC Corinthians Paulista",NORMAL,INTERNAL_PERSON_ID,50176,0x003263A1,False,-1,-1,47,45,E8C60167C50BE58F,"L|L|L|L|L|L|L|L|L|L|L|L|REF|L|L|I|I|I|I|I|I|I|B|L|L|L|L|L|L|L|S|L|L|L|S|B|",0011000000570069006C006D00650072002000640065006C0020004300610072006D0065006E0000000100C400000088D70000A1DF500000090000004C0075006900730020004A006F007300E90000000100C400000089D70000A2DF5000000D000000520061006D00F3006E0020004700650072006100720064006F0000000100C40000008AD70000A4DF5000000C0000004A006F007300E900200041006E0074006F006E0069006F0000000100C40000008BD70000A6DF5000000600000047006500720061006C00640000000100C40000008CD70000A8DF5000000E0000004D00690063006800610065006C0020004A00610069006D0065007A0000000100C40000008DD7000087247300000600000045006400690078006F006E0000000100C40000008ED70000AADF5000000600000041006C00760072006900730000000100C40000008FD70000ABDF500000040000004A00650061006E0000000100C400000090D70000CFD56A00000E000000490073006100690061007300200041006C006200
"Édson Araújo",308345,50176,319,"SC Corinthians Paulista",NORMAL,INTERNAL_PERSON_ID,50176,0x003263CE,False,-1,-1,45,33,5E95CC2C3B7ABB38,"I|B|S|I|S|L|L|L|L|L|L|L|REF|L|L|I|I|I|I|B|L|L|L|L|L|L|L|L|L|L|L|S|L|L|L|S|",000088D70000A1DF500000090000004C0075006900730020004A006F007300E90000000100C400000089D70000A2DF5000000D000000520061006D00F3006E0020004700650072006100720064006F0000000100C40000008AD70000A4DF5000000C0000004A006F007300E900200041006E0074006F006E0069006F0000000100C40000008BD70000A6DF5000000600000047006500720061006C00640000000100C40000008CD70000A8DF5000000E0000004D00690063006800610065006C0020004A00610069006D0065007A0000000100C40000008DD7000087247300000600000045006400690078006F006E0000000100C40000008ED70000AADF5000000600000041006C00760072006900730000000100C40000008FD70000ABDF500000040000004A00650061006E0000000100C400000090D70000CFD56A00000E000000490073006100690061007300200041006C0062006500720074006F0000000100C400000091D70000ACDF50000006000000530065007200670069006F0000000100
"Édson Araújo",308345,50176,319,"SC Corinthians Paulista",NORMAL,INTERNAL_PERSON_ID,50176,0x003263EF,False,-1,-1,33,49,40D8EA0261F9A0C4,"I|I|I|I|B|S|I|S|L|L|L|L|REF|L|L|I|I|I|I|I|I|I|I|B|L|L|L|L|L|L|L|S|L|L|L|S|",00000100C400000089D70000A2DF5000000D000000520061006D00F3006E0020004700650072006100720064006F0000000100C40000008AD70000A4DF5000000C0000004A006F007300E900200041006E0074006F006E0069006F0000000100C40000008BD70000A6DF5000000600000047006500720061006C00640000000100C40000008CD70000A8DF5000000E0000004D00690063006800610065006C0020004A00610069006D0065007A0000000100C40000008DD7000087247300000600000045006400690078006F006E0000000100C40000008ED70000AADF5000000600000041006C00760072006900730000000100C40000008FD70000ABDF500000040000004A00650061006E0000000100C400000090D70000CFD56A00000E000000490073006100690061007300200041006C0062006500720074006F0000000100C400000091D70000ACDF50000006000000530065007200670069006F0000000100C400000092D700008B4E6600000E000000520061006600610065006C0020004100
"Édson Araújo",308345,50176,319,"SC Corinthians Paulista",NORMAL,INTERNAL_PERSON_ID,50176,0x00326420,False,-1,-1,49,33,FD1209D66E0B6E64,"B|S|I|S|L|L|L|L|L|L|L|L|REF|L|L|I|I|I|I|B|L|L|L|L|L|L|L|S|L|L|L|S|B|I|I|I|",0100C40000008AD70000A4DF5000000C0000004A006F007300E900200041006E0074006F006E0069006F0000000100C40000008BD70000A6DF5000000600000047006500720061006C00640000000100C40000008CD70000A8DF5000000E0000004D00690063006800610065006C0020004A00610069006D0065007A0000000100C40000008DD7000087247300000600000045006400690078006F006E0000000100C40000008ED70000AADF5000000600000041006C00760072006900730000000100C40000008FD70000ABDF500000040000004A00650061006E0000000100C400000090D70000CFD56A00000E000000490073006100690061007300200041006C0062006500720074006F0000000100C400000091D70000ACDF50000006000000530065007200670069006F0000000100C400000092D700008B4E6600000E000000520061006600610065006C00200041006E0074006F006E0069006F0000000100C400000093D70000284C6600000F0000004A006F00680061006E00200046007200
"Édson Araújo",308345,50176,319,"SC Corinthians Paulista",NORMAL,INTERNAL_PERSON_ID,50176,0x00326441,False,-1,-1,33,33,9582B797F24EE4A4,"I|I|I|I|B|S|I|S|L|L|L|L|REF|L|L|I|I|I|I|B|L|L|L|L|L|L|S|L|L|L|S|B|I|I|I|I|",74006F006E0069006F0000000100C40000008BD70000A6DF5000000600000047006500720061006C00640000000100C40000008CD70000A8DF5000000E0000004D00690063006800610065006C0020004A00610069006D0065007A0000000100C40000008DD7000087247300000600000045006400690078006F006E0000000100C40000008ED70000AADF5000000600000041006C00760072006900730000000100C40000008FD70000ABDF500000040000004A00650061006E0000000100C400000090D70000CFD56A00000E000000490073006100690061007300200041006C0062006500720074006F0000000100C400000091D70000ACDF50000006000000530065007200670069006F0000000100C400000092D700008B4E6600000E000000520061006600610065006C00200041006E0074006F006E0069006F0000000100C400000093D70000284C6600000F0000004A006F00680061006E0020004600720061006E0063006900730063006F0000000100C400000094D70000AFDF5000000900
"Édson Araújo",308345,50176,319,"SC Corinthians Paulista",NORMAL,INTERNAL_PERSON_ID,50176,0x00326462,False,-1,-1,33,29,531F72EC66DAAB10,"I|I|I|I|B|S|I|S|L|L|L|L|REF|L|L|I|I|I|B|L|L|L|L|L|L|L|L|L|L|L|S|L|L|L|S|B|",6500720061006C00640000000100C40000008CD70000A8DF5000000E0000004D00690063006800610065006C0020004A00610069006D0065007A0000000100C40000008DD7000087247300000600000045006400690078006F006E0000000100C40000008ED70000AADF5000000600000041006C00760072006900730000000100C40000008FD70000ABDF500000040000004A00650061006E0000000100C400000090D70000CFD56A00000E000000490073006100690061007300200041006C0062006500720074006F0000000100C400000091D70000ACDF50000006000000530065007200670069006F0000000100C400000092D700008B4E6600000E000000520061006600610065006C00200041006E0074006F006E0069006F0000000100C400000093D70000284C6600000F0000004A006F00680061006E0020004600720061006E0063006900730063006F0000000100C400000094D70000AFDF500000090000004A00750061006E0020004C0075006900730000000100C400000095D70000B2
"Édson Araújo",308345,50176,319,"SC Corinthians Paulista",NORMAL,INTERNAL_PERSON_ID,50176,0x0032647F,False,-1,-1,29,49,411512ADB03470DC,"B|I|I|I|I|B|S|I|S|L|L|L|REF|L|L|I|I|I|I|I|I|I|I|B|L|L|L|L|L|L|L|S|L|L|L|S|",00004D00690063006800610065006C0020004A00610069006D0065007A0000000100C40000008DD7000087247300000600000045006400690078006F006E0000000100C40000008ED70000AADF5000000600000041006C00760072006900730000000100C40000008FD70000ABDF500000040000004A00650061006E0000000100C400000090D70000CFD56A00000E000000490073006100690061007300200041006C0062006500720074006F0000000100C400000091D70000ACDF50000006000000530065007200670069006F0000000100C400000092D700008B4E6600000E000000520061006600610065006C00200041006E0074006F006E0069006F0000000100C400000093D70000284C6600000F0000004A006F00680061006E0020004600720061006E0063006900730063006F0000000100C400000094D70000AFDF500000090000004A00750061006E0020004C0075006900730000000100C400000095D70000B2DF500000050000004500640067006100720000000100C400000096D700
"Édson Araújo",308345,50176,319,"SC Corinthians Paulista",NORMAL,INTERNAL_PERSON_ID,50176,0x003264B0,False,-1,-1,49,33,4C4BCEB6665E6692,"B|S|I|S|L|L|L|L|L|L|L|L|REF|L|L|I|I|I|I|B|L|L|L|L|L|L|L|L|L|L|L|S|L|L|L|S|",000045006400690078006F006E0000000100C40000008ED70000AADF5000000600000041006C00760072006900730000000100C40000008FD70000ABDF500000040000004A00650061006E0000000100C400000090D70000CFD56A00000E000000490073006100690061007300200041006C0062006500720074006F0000000100C400000091D70000ACDF50000006000000530065007200670069006F0000000100C400000092D700008B4E6600000E000000520061006600610065006C00200041006E0074006F006E0069006F0000000100C400000093D70000284C6600000F0000004A006F00680061006E0020004600720061006E0063006900730063006F0000000100C400000094D70000AFDF500000090000004A00750061006E0020004C0075006900730000000100C400000095D70000B2DF500000050000004500640067006100720000000100C400000096D70000CEBA860000070000004900620072006100680069006D0000000300C500000097D700008006560000050000004A006100
"Édson Araújo",308345,50176,319,"SC Corinthians Paulista",NORMAL,INTERNAL_PERSON_ID,50176,0x003264D1,False,-1,-1,33,49,1F510D26E63D898C,"I|I|I|I|B|S|I|S|L|L|L|L|REF|L|L|I|I|I|I|I|I|I|I|B|L|L|L|L|L|L|L|L|L|L|L|L|",000041006C00760072006900730000000100C40000008FD70000ABDF500000040000004A00650061006E0000000100C400000090D70000CFD56A00000E000000490073006100690061007300200041006C0062006500720074006F0000000100C400000091D70000ACDF50000006000000530065007200670069006F0000000100C400000092D700008B4E6600000E000000520061006600610065006C00200041006E0074006F006E0069006F0000000100C400000093D70000284C6600000F0000004A006F00680061006E0020004600720061006E0063006900730063006F0000000100C400000094D70000AFDF500000090000004A00750061006E0020004C0075006900730000000100C400000095D70000B2DF500000050000004500640067006100720000000100C400000096D70000CEBA860000070000004900620072006100680069006D0000000300C500000097D700008006560000050000004A0061006D0061006C0000000200C500000098D700001302560000080000004D006F006800
"Édson Araújo",308345,50176,319,"SC Corinthians Paulista",NORMAL,INTERNAL_PERSON_ID,50176,0x00326502,False,-1,-1,49,51,EDC69732AC1CC046,"B|S|I|S|L|L|L|L|L|L|L|L|REF|L|L|I|I|I|I|I|I|I|I|I|I|B|S|I|S|L|L|L|L|S|L|L|",000090D70000CFD56A00000E000000490073006100690061007300200041006C0062006500720074006F0000000100C400000091D70000ACDF50000006000000530065007200670069006F0000000100C400000092D700008B4E6600000E000000520061006600610065006C00200041006E0074006F006E0069006F0000000100C400000093D70000284C6600000F0000004A006F00680061006E0020004600720061006E0063006900730063006F0000000100C400000094D70000AFDF500000090000004A00750061006E0020004C0075006900730000000100C400000095D70000B2DF500000050000004500640067006100720000000100C400000096D70000CEBA860000070000004900620072006100680069006D0000000300C500000097D700008006560000050000004A0061006D0061006C0000000200C500000098D700001302560000080000004D006F00680061006D006D006500640000000200C500000099D700001C025600000400000045006D006100640000000200C50000009AD7
"Édson Araújo",308345,50176,319,"SC Corinthians Paulista",NORMAL,INTERNAL_PERSON_ID,50176,0x00326535,False,-1,-1,51,39,1AFC994D39C54447,"L|L|L|L|L|L|L|L|L|L|L|L|REF|L|L|I|I|I|I|I|I|I|B|S|I|S|L|L|S|L|L|L|S|B|I|I|",91D70000ACDF50000006000000530065007200670069006F0000000100C400000092D700008B4E6600000E000000520061006600610065006C00200041006E0074006F006E0069006F0000000100C400000093D70000284C6600000F0000004A006F00680061006E0020004600720061006E0063006900730063006F0000000100C400000094D70000AFDF500000090000004A00750061006E0020004C0075006900730000000100C400000095D70000B2DF500000050000004500640067006100720000000100C400000096D70000CEBA860000070000004900620072006100680069006D0000000300C500000097D700008006560000050000004A0061006D0061006C0000000200C500000098D700001302560000080000004D006F00680061006D006D006500640000000200C500000099D700001C025600000400000045006D006100640000000200C50000009AD70000F9F0510000040000005A0069006100640000000200C50000009BD70000AB4302000004000000520061006D006900000002
"Édson Araújo",308345,50176,319,"SC Corinthians Paulista",NORMAL,INTERNAL_PERSON_ID,50176,0x0032655C,False,-1,-1,39,31,E4F1039A13939E2A,"I|B|L|L|L|L|L|L|L|L|L|L|REF|L|L|I|I|I|I|I|B|S|I|S|L|L|L|S|L|L|L|S|B|I|I|B|",6600000E000000520061006600610065006C00200041006E0074006F006E0069006F0000000100C400000093D70000284C6600000F0000004A006F00680061006E0020004600720061006E0063006900730063006F0000000100C400000094D70000AFDF500000090000004A00750061006E0020004C0075006900730000000100C400000095D70000B2DF500000050000004500640067006100720000000100C400000096D70000CEBA860000070000004900620072006100680069006D0000000300C500000097D700008006560000050000004A0061006D0061006C0000000200C500000098D700001302560000080000004D006F00680061006D006D006500640000000200C500000099D700001C025600000400000045006D006100640000000200C50000009AD70000F9F0510000040000005A0069006100640000000200C50000009BD70000AB4302000004000000520061006D00690000000200C50000009CD700007F4302000004000000460061006400790000000200C50000009DD700000D
"Édson Araújo",308345,50176,319,"SC Corinthians Paulista",NORMAL,INTERNAL_PERSON_ID,50176,0x0032657B,False,-1,-1,31,21769,A2F103FD168AED58,"I|I|I|B|L|L|L|L|L|L|L|L|REF|L|L|I|I|I|I|I|I|B|S|I|S|L|L|S|L|L|L|S|B|I|I|I|",69006F0000000100C400000093D70000284C6600000F0000004A006F00680061006E0020004600720061006E0063006900730063006F0000000100C400000094D70000AFDF500000090000004A00750061006E0020004C0075006900730000000100C400000095D70000B2DF500000050000004500640067006100720000000100C400000096D70000CEBA860000070000004900620072006100680069006D0000000300C500000097D700008006560000050000004A0061006D0061006C0000000200C500000098D700001302560000080000004D006F00680061006D006D006500640000000200C500000099D700001C025600000400000045006D006100640000000200C50000009AD70000F9F0510000040000005A0069006100640000000200C50000009BD70000AB4302000004000000520061006D00690000000200C50000009CD700007F4302000004000000460061006400790000000200C50000009DD700000D02560000070000004D006F00680061006D006100640000000200C50000009E
"Édson Araújo",308345,50176,319,"SC Corinthians Paulista",NORMAL,INTERNAL_PERSON_ID,50176,0x0032BA84,False,-1,-1,21769,302027,E16932F335B2ECC4,"I|I|Z|B|I|S|L|L|L|L|L|Z|REF|L|I|I|I|I|I|Z|B|I|S|L|L|L|L|L|L|L|Z|S|L|I|I|I|",00005200610063006800690064000000010000000000C1000000EF80510000080000004D006500720061006B006300680069000000010000000000C2000000F380510000060000004300680065006400620061000000010000000000C3000000C5805100000800000042006F0075006100EF006300680061000000010000000000C4000000C38051000005000000540061006C00610068000000010000000000C5000000A9815100000C0000004F0075006C006400200053006C0069006D0061006E0065000000010000000000C600000012825100000A000000420065006C006D006F006B0068007400610072000000010000000000C700000013825100000600000042006F0075006B00610072000000010000000000C80000001482510000090000004F0075006C00640020004D006100740061000000010000000000C9000000C08051000006000000530061006F0075006C0061000000010000000000CA00000016825100000B0000004100EF0074002D005A006500670067006100670068000000
"Édson Araújo",308345,50176,319,"SC Corinthians Paulista",NORMAL,INTERNAL_PERSON_ID,50176,0x004D8F55,False,-1,-1,1376442,4040,85A2F40F23FA9C7D,"L|L|S|L|L|L|S|B|I|I|I|B|REF|I|S|L|L|L|L|L|L|S|L|L|I|I|I|I|I|B|L|L|L|L|L|L|",A4000000FCC30000B81E730000050000004C00650075006300610000000100A4000000FDC30000B71E7300000600000043006F00720066006100720000000100A4000000FEC30000C4227300000500000048006500780061006E0000000100A4000000FFC30000B61E73000004000000500065006E00750000000100A400000000C40000CC227300000A0000004500700061006E0069006D006F006E006400610000000100A400000001C40000CD22730000080000004F0064006F0072006F0061006200E30000000100A400000002C40000CE22730000050000004200610067006900750000000100A400000003C400001314730000050000004100760061006E00750000000100A400000004C40000D0227300000500000049006E0074007A00650000000100A400000005C40000D1227300000500000046006F006C006500610000000100A400000006C40000B21E730000080000004C0069006E006700750072006100720000000100A400000007C40000A51E730000040000005A00750063006100
"Édson Araújo",308345,50176,319,"SC Corinthians Paulista",NORMAL,INTERNAL_PERSON_ID,50176,0x005B3DAF,False,-1,-1,141622,39,262657BB580CD00D,"I|I|I|B|I|I|S|L|L|L|L|L|REF|L|L|I|I|I|L|I|I|I|B|I|I|S|L|L|L|L|S|L|L|I|I|I|",0D020000060000004600650072007200ED006E0000000100C300000066220100A8B986000007000000500065006C00650074007400690000000100C30000006722010030CB510000060000004F007200660069006C00610000000100C30000006822010096226000000800000047006F006E007A00E1006C0065007A0000000D00C40000006922010081DF5000000900000052006F0064007200ED006700750065007A0000000900C40000006A22010098DF500000060000004700610072006300ED00610000000900C40000006B22010023E0500000050000005000E900720065007A0000000800C40000006C220100AEE0500000080000004D00610072007400ED006E0065007A0000000800C40000006D220100E9DF500000090000004800650072006E00E1006E00640065007A0000000700C40000006E2201006DE050000007000000520061006D00ED00720065007A0000000700C40000006F22010033E0500000060000004D006F00720065006E006F0000000600C400000070220100E9BA8600
"Édson Araújo",308345,50176,319,"SC Corinthians Paulista",NORMAL,INTERNAL_PERSON_ID,50176,0x005B3DD6,False,-1,-1,39,33,6B0EA6687FAEA3F1,"I|B|L|L|L|L|L|L|L|L|L|L|REF|L|L|I|I|I|L|B|L|L|L|L|L|L|L|L|S|L|L|I|I|I|L|I|",0000500065006C00650074007400690000000100C30000006722010030CB510000060000004F007200660069006C00610000000100C30000006822010096226000000800000047006F006E007A00E1006C0065007A0000000D00C40000006922010081DF5000000900000052006F0064007200ED006700750065007A0000000900C40000006A22010098DF500000060000004700610072006300ED00610000000900C40000006B22010023E0500000050000005000E900720065007A0000000800C40000006C220100AEE0500000080000004D00610072007400ED006E0065007A0000000800C40000006D220100E9DF500000090000004800650072006E00E1006E00640065007A0000000700C40000006E2201006DE050000007000000520061006D00ED00720065007A0000000700C40000006F22010033E0500000060000004D006F00720065006E006F0000000600C400000070220100E9BA860000040000004400ED0061007A0000000600C400000071220100F1BA860000080000005100750069
"Édson Araújo",308345,50176,319,"SC Corinthians Paulista",NORMAL,INTERNAL_PERSON_ID,50176,0x005B3DF7,False,-1,-1,33,31,908CF525D632C541,"L|I|I|I|B|I|I|S|L|L|L|L|REF|L|L|I|I|I|I|I|B|I|I|S|L|L|L|L|L|S|L|L|I|I|I|L|",060000004F007200660069006C00610000000100C30000006822010096226000000800000047006F006E007A00E1006C0065007A0000000D00C40000006922010081DF5000000900000052006F0064007200ED006700750065007A0000000900C40000006A22010098DF500000060000004700610072006300ED00610000000900C40000006B22010023E0500000050000005000E900720065007A0000000800C40000006C220100AEE0500000080000004D00610072007400ED006E0065007A0000000800C40000006D220100E9DF500000090000004800650072006E00E1006E00640065007A0000000700C40000006E2201006DE050000007000000520061006D00ED00720065007A0000000700C40000006F22010033E0500000060000004D006F00720065006E006F0000000600C400000070220100E9BA860000040000004400ED0061007A0000000600C400000071220100F1BA860000080000005100750069006E007400650072006F0000000500C40000007222010019AA8600000900000043
"Édson Araújo",308345,50176,319,"SC Corinthians Paulista",NORMAL,INTERNAL_PERSON_ID,50176,0x005B3E16,False,-1,-1,31,37,25B73BA092D9E3A1,"I|I|L|B|L|L|L|L|L|L|L|L|REF|L|L|I|I|I|L|I|B|L|L|L|L|L|L|L|L|L|L|S|L|L|I|I|",00000800000047006F006E007A00E1006C0065007A0000000D00C40000006922010081DF5000000900000052006F0064007200ED006700750065007A0000000900C40000006A22010098DF500000060000004700610072006300ED00610000000900C40000006B22010023E0500000050000005000E900720065007A0000000800C40000006C220100AEE0500000080000004D00610072007400ED006E0065007A0000000800C40000006D220100E9DF500000090000004800650072006E00E1006E00640065007A0000000700C40000006E2201006DE050000007000000520061006D00ED00720065007A0000000700C40000006F22010033E0500000060000004D006F00720065006E006F0000000600C400000070220100E9BA860000040000004400ED0061007A0000000600C400000071220100F1BA860000080000005100750069006E007400650072006F0000000500C40000007222010019AA8600000900000043006F006E0074007200650072006100730000000500C40000007322010078E0
"Édson Araújo",308345,50176,319,"SC Corinthians Paulista",NORMAL,INTERNAL_PERSON_ID,50176,0x005B3E3B,False,-1,-1,37,39,B82566547991F0C7,"I|I|I|B|I|I|S|L|L|L|L|L|REF|L|L|I|I|I|L|I|I|I|B|I|I|S|L|L|L|S|L|L|L|S|B|I|",00000900000052006F0064007200ED006700750065007A0000000900C40000006A22010098DF500000060000004700610072006300ED00610000000900C40000006B22010023E0500000050000005000E900720065007A0000000800C40000006C220100AEE0500000080000004D00610072007400ED006E0065007A0000000800C40000006D220100E9DF500000090000004800650072006E00E1006E00640065007A0000000700C40000006E2201006DE050000007000000520061006D00ED00720065007A0000000700C40000006F22010033E0500000060000004D006F00720065006E006F0000000600C400000070220100E9BA860000040000004400ED0061007A0000000600C400000071220100F1BA860000080000005100750069006E007400650072006F0000000500C40000007222010019AA8600000900000043006F006E0074007200650072006100730000000500C40000007322010078E05000000600000052006F006D00650072006F0000000400C4000000742201006EE050000006
"Édson Araújo",308345,50176,319,"SC Corinthians Paulista",NORMAL,INTERNAL_PERSON_ID,50176,0x005B3E62,False,-1,-1,39,35,B1EBB83D363EC431,"I|B|L|L|L|L|L|L|L|L|L|L|REF|L|L|I|I|I|I|I|I|B|I|I|S|L|L|L|L|S|L|L|I|I|I|B|",0000060000004700610072006300ED00610000000900C40000006B22010023E0500000050000005000E900720065007A0000000800C40000006C220100AEE0500000080000004D00610072007400ED006E0065007A0000000800C40000006D220100E9DF500000090000004800650072006E00E1006E00640065007A0000000700C40000006E2201006DE050000007000000520061006D00ED00720065007A0000000700C40000006F22010033E0500000060000004D006F00720065006E006F0000000600C400000070220100E9BA860000040000004400ED0061007A0000000600C400000071220100F1BA860000080000005100750069006E007400650072006F0000000500C40000007222010019AA8600000900000043006F006E0074007200650072006100730000000500C40000007322010078E05000000600000052006F006D00650072006F0000000400C4000000742201006EE05000000600000053007500E100720065007A0000000400C4000000752201000DE150000009000000470075
"Édson Araújo",308345,50176,319,"SC Corinthians Paulista",NORMAL,INTERNAL_PERSON_ID,50176,0x005B3E85,False,-1,-1,35,33,6ECB90D8F7C5F25E,"I|I|B|L|L|L|L|L|L|L|L|L|REF|L|L|I|I|I|I|B|L|L|L|L|L|L|S|L|L|L|S|B|I|I|I|I|",050000005000E900720065007A0000000800C40000006C220100AEE0500000080000004D00610072007400ED006E0065007A0000000800C40000006D220100E9DF500000090000004800650072006E00E1006E00640065007A0000000700C40000006E2201006DE050000007000000520061006D00ED00720065007A0000000700C40000006F22010033E0500000060000004D006F00720065006E006F0000000600C400000070220100E9BA860000040000004400ED0061007A0000000600C400000071220100F1BA860000080000005100750069006E007400650072006F0000000500C40000007222010019AA8600000900000043006F006E0074007200650072006100730000000500C40000007322010078E05000000600000052006F006D00650072006F0000000400C4000000742201006EE05000000600000053007500E100720065007A0000000400C4000000752201000DE1500000090000004700750074006900E9007200720065007A0000000400C400000076220100DEBA860000080000
"Édson Araújo",308345,50176,319,"SC Corinthians Paulista",NORMAL,INTERNAL_PERSON_ID,50176,0x005B3EA6,False,-1,-1,33,29,BA39E476BA25F46C,"I|I|I|I|B|I|I|S|L|L|L|L|REF|L|L|I|I|I|B|L|L|L|L|L|L|L|L|S|L|L|L|S|B|I|I|I|",00004D00610072007400ED006E0065007A0000000800C40000006D220100E9DF500000090000004800650072006E00E1006E00640065007A0000000700C40000006E2201006DE050000007000000520061006D00ED00720065007A0000000700C40000006F22010033E0500000060000004D006F00720065006E006F0000000600C400000070220100E9BA860000040000004400ED0061007A0000000600C400000071220100F1BA860000080000005100750069006E007400650072006F0000000500C40000007222010019AA8600000900000043006F006E0074007200650072006100730000000500C40000007322010078E05000000600000052006F006D00650072006F0000000400C4000000742201006EE05000000600000053007500E100720065007A0000000400C4000000752201000DE1500000090000004700750074006900E9007200720065007A0000000400C400000076220100DEBA8600000800000047007500650072007200650072006F0000000400C400000077220100F3AE8600
"Édson Araújo",308345,50176,319,"SC Corinthians Paulista",NORMAL,INTERNAL_PERSON_ID,50176,0x005B3EC3,False,-1,-1,29,37,085636514A1FB64F,"B|I|I|I|I|B|I|I|S|L|L|L|REF|L|L|I|I|I|I|I|B|L|L|L|L|L|L|L|L|L|L|S|L|L|I|I|",00E9DF500000090000004800650072006E00E1006E00640065007A0000000700C40000006E2201006DE050000007000000520061006D00ED00720065007A0000000700C40000006F22010033E0500000060000004D006F00720065006E006F0000000600C400000070220100E9BA860000040000004400ED0061007A0000000600C400000071220100F1BA860000080000005100750069006E007400650072006F0000000500C40000007222010019AA8600000900000043006F006E0074007200650072006100730000000500C40000007322010078E05000000600000052006F006D00650072006F0000000400C4000000742201006EE05000000600000053007500E100720065007A0000000400C4000000752201000DE1500000090000004700750074006900E9007200720065007A0000000400C400000076220100DEBA8600000800000047007500650072007200650072006F0000000400C400000077220100F3AE86000004000000560065007200610000000400C400000078220100A4DF5000
"Édson Araújo",308345,50176,319,"SC Corinthians Paulista",NORMAL,INTERNAL_PERSON_ID,50176,0x005B3EE8,False,-1,-1,37,39,AF0E05BF0E79DBEE,"L|I|I|B|I|I|S|L|L|L|L|L|REF|L|L|I|I|I|I|I|I|I|B|I|I|S|L|L|L|L|S|L|L|I|I|L|",2201006DE050000007000000520061006D00ED00720065007A0000000700C40000006F22010033E0500000060000004D006F00720065006E006F0000000600C400000070220100E9BA860000040000004400ED0061007A0000000600C400000071220100F1BA860000080000005100750069006E007400650072006F0000000500C40000007222010019AA8600000900000043006F006E0074007200650072006100730000000500C40000007322010078E05000000600000052006F006D00650072006F0000000400C4000000742201006EE05000000600000053007500E100720065007A0000000400C4000000752201000DE1500000090000004700750074006900E9007200720065007A0000000400C400000076220100DEBA8600000800000047007500650072007200650072006F0000000400C400000077220100F3AE86000004000000560065007200610000000400C400000078220100A4DF5000000700000041006C0076006100720065007A0000000400C400000079220100FEBA86000007
"Édson Araújo",308345,50176,319,"SC Corinthians Paulista",NORMAL,INTERNAL_PERSON_ID,50176,0x005B3F0F,False,-1,-1,39,33,9BB03F89C93A258F,"I|B|L|L|L|L|L|L|L|L|L|L|REF|L|L|I|I|I|I|B|L|L|L|L|L|L|L|S|L|L|L|S|B|I|I|I|",E0500000060000004D006F00720065006E006F0000000600C400000070220100E9BA860000040000004400ED0061007A0000000600C400000071220100F1BA860000080000005100750069006E007400650072006F0000000500C40000007222010019AA8600000900000043006F006E0074007200650072006100730000000500C40000007322010078E05000000600000052006F006D00650072006F0000000400C4000000742201006EE05000000600000053007500E100720065007A0000000400C4000000752201000DE1500000090000004700750074006900E9007200720065007A0000000400C400000076220100DEBA8600000800000047007500650072007200650072006F0000000400C400000077220100F3AE86000004000000560065007200610000000400C400000078220100A4DF5000000700000041006C0076006100720065007A0000000400C400000079220100FEBA860000070000005300E1006E006300680065007A0000000400C40000007A220100A0E0500000070000004D
"Édson Araújo",308345,50176,319,"SC Corinthians Paulista",NORMAL,INTERNAL_PERSON_ID,50176,0x005B3F30,False,-1,-1,33,33,A20E6D904A5F3BD8,"I|I|I|I|B|I|I|S|L|L|L|L|REF|L|L|I|I|L|I|B|L|L|L|L|L|L|L|L|L|L|S|L|L|I|I|I|",BA860000040000004400ED0061007A0000000600C400000071220100F1BA860000080000005100750069006E007400650072006F0000000500C40000007222010019AA8600000900000043006F006E0074007200650072006100730000000500C40000007322010078E05000000600000052006F006D00650072006F0000000400C4000000742201006EE05000000600000053007500E100720065007A0000000400C4000000752201000DE1500000090000004700750074006900E9007200720065007A0000000400C400000076220100DEBA8600000800000047007500650072007200650072006F0000000400C400000077220100F3AE86000004000000560065007200610000000400C400000078220100A4DF5000000700000041006C0076006100720065007A0000000400C400000079220100FEBA860000070000005300E1006E006300680065007A0000000400C40000007A220100A0E0500000070000004D00E10072007100750065007A0000000400C40000007B220100FFBA860000060000
"Édson Araújo",308345,50176,319,"SC Corinthians Paulista",NORMAL,INTERNAL_PERSON_ID,50176,0x005B3F51,False,-1,-1,33,39,D6EF40C6280645E4,"I|I|I|I|B|I|I|S|L|L|L|L|REF|L|L|I|I|I|L|I|I|I|B|I|I|S|L|L|L|L|L|S|L|L|I|I|",080000005100750069006E007400650072006F0000000500C40000007222010019AA8600000900000043006F006E0074007200650072006100730000000500C40000007322010078E05000000600000052006F006D00650072006F0000000400C4000000742201006EE05000000600000053007500E100720065007A0000000400C4000000752201000DE1500000090000004700750074006900E9007200720065007A0000000400C400000076220100DEBA8600000800000047007500650072007200650072006F0000000400C400000077220100F3AE86000004000000560065007200610000000400C400000078220100A4DF5000000700000041006C0076006100720065007A0000000400C400000079220100FEBA860000070000005300E1006E006300680065007A0000000400C40000007A220100A0E0500000070000004D00E10072007100750065007A0000000400C40000007B220100FFBA86000006000000520069007600650072006F0000000400C40000007C2201002FDF500000070000
"Édson Araújo",308345,50176,319,"SC Corinthians Paulista",NORMAL,INTERNAL_PERSON_ID,50176,0x005B3F78,False,-1,-1,39,37,960689B26B678D97,"I|B|L|L|L|L|L|L|L|L|L|L|REF|L|L|I|I|I|I|I|B|L|L|L|L|L|L|S|L|L|L|S|B|I|I|I|",000043006F006E0074007200650072006100730000000500C40000007322010078E05000000600000052006F006D00650072006F0000000400C4000000742201006EE05000000600000053007500E100720065007A0000000400C4000000752201000DE1500000090000004700750074006900E9007200720065007A0000000400C400000076220100DEBA8600000800000047007500650072007200650072006F0000000400C400000077220100F3AE86000004000000560065007200610000000400C400000078220100A4DF5000000700000041006C0076006100720065007A0000000400C400000079220100FEBA860000070000005300E1006E006300680065007A0000000400C40000007A220100A0E0500000070000004D00E10072007100750065007A0000000400C40000007B220100FFBA86000006000000520069007600650072006F0000000400C40000007C2201002FDF50000007000000530061006C0061007A006100720000000400C40000007D220100D7BA8600000900000055007A
"Édson Araújo",308345,50176,319,"SC Corinthians Paulista",NORMAL,INTERNAL_PERSON_ID,50176,0x005B3F9D,False,-1,-1,37,29,F9965843C95F12B1,"I|I|I|B|I|I|S|L|L|L|L|L|REF|L|L|I|I|I|B|L|L|L|L|L|L|L|L|L|S|L|L|I|I|I|I|I|",0600000052006F006D00650072006F0000000400C4000000742201006EE05000000600000053007500E100720065007A0000000400C4000000752201000DE1500000090000004700750074006900E9007200720065007A0000000400C400000076220100DEBA8600000800000047007500650072007200650072006F0000000400C400000077220100F3AE86000004000000560065007200610000000400C400000078220100A4DF5000000700000041006C0076006100720065007A0000000400C400000079220100FEBA860000070000005300E1006E006300680065007A0000000400C40000007A220100A0E0500000070000004D00E10072007100750065007A0000000400C40000007B220100FFBA86000006000000520069007600650072006F0000000400C40000007C2201002FDF50000007000000530061006C0061007A006100720000000400C40000007D220100D7BA8600000900000055007A006300E1007400650067007500690000000300C40000007E22010003BB8600000500000050
"Édson Araújo",308345,50176,319,"SC Corinthians Paulista",NORMAL,INTERNAL_PERSON_ID,50176,0x005B3FBA,False,-1,-1,29,35,CAFA7B45BFBCDC03,"I|I|I|I|I|B|I|I|S|L|L|L|REF|L|L|I|I|I|I|I|I|B|I|I|S|L|L|L|S|L|L|L|S|B|L|I|",E05000000600000053007500E100720065007A0000000400C4000000752201000DE1500000090000004700750074006900E9007200720065007A0000000400C400000076220100DEBA8600000800000047007500650072007200650072006F0000000400C400000077220100F3AE86000004000000560065007200610000000400C400000078220100A4DF5000000700000041006C0076006100720065007A0000000400C400000079220100FEBA860000070000005300E1006E006300680065007A0000000400C40000007A220100A0E0500000070000004D00E10072007100750065007A0000000400C40000007B220100FFBA86000006000000520069007600650072006F0000000400C40000007C2201002FDF50000007000000530061006C0061007A006100720000000400C40000007D220100D7BA8600000900000055007A006300E1007400650067007500690000000300C40000007E22010003BB860000050000005000610072007200610000000300C40000007F22010096E0500000090000
"Édson Araújo",308345,50176,319,"SC Corinthians Paulista",NORMAL,INTERNAL_PERSON_ID,50176,0x005B3FDD,False,-1,-1,35,35,90CD3D30D27616CE,"I|I|B|L|L|L|L|L|L|L|L|L|REF|L|L|I|I|I|I|I|I|B|I|I|S|L|L|L|S|L|L|L|S|B|I|I|",0000090000004700750074006900E9007200720065007A0000000400C400000076220100DEBA8600000800000047007500650072007200650072006F0000000400C400000077220100F3AE86000004000000560065007200610000000400C400000078220100A4DF5000000700000041006C0076006100720065007A0000000400C400000079220100FEBA860000070000005300E1006E006300680065007A0000000400C40000007A220100A0E0500000070000004D00E10072007100750065007A0000000400C40000007B220100FFBA86000006000000520069007600650072006F0000000400C40000007C2201002FDF50000007000000530061006C0061007A006100720000000400C40000007D220100D7BA8600000900000055007A006300E1007400650067007500690000000300C40000007E22010003BB860000050000005000610072007200610000000300C40000007F22010096E05000000900000054006F0072007200650061006C006200610000000300C400000080220100F5DF5000
"Édson Araújo",308345,50176,319,"SC Corinthians Paulista",NORMAL,INTERNAL_PERSON_ID,50176,0x005B4000,False,-1,-1,35,35,E38F0E9FED71C3D5,"I|I|B|L|L|L|L|L|L|L|L|L|REF|L|L|I|I|I|I|I|I|B|I|I|S|L|L|L|L|S|L|L|I|I|I|I|",00DEBA8600000800000047007500650072007200650072006F0000000400C400000077220100F3AE86000004000000560065007200610000000400C400000078220100A4DF5000000700000041006C0076006100720065007A0000000400C400000079220100FEBA860000070000005300E1006E006300680065007A0000000400C40000007A220100A0E0500000070000004D00E10072007100750065007A0000000400C40000007B220100FFBA86000006000000520069007600650072006F0000000400C40000007C2201002FDF50000007000000530061006C0061007A006100720000000400C40000007D220100D7BA8600000900000055007A006300E1007400650067007500690000000300C40000007E22010003BB860000050000005000610072007200610000000300C40000007F22010096E05000000900000054006F0072007200650061006C006200610000000300C400000080220100F5DF500000050000005200690076006100730000000300C40000008122010034E0500000050000
"Édson Araújo",308345,50176,319,"SC Corinthians Paulista",NORMAL,INTERNAL_PERSON_ID,50176,0x005B4023,False,-1,-1,35,33,659C8CA3A689DF3F,"I|I|B|L|L|L|L|L|L|L|L|L|REF|L|L|I|I|I|I|B|L|L|L|L|L|L|L|L|L|S|L|L|I|I|I|I|",220100F3AE86000004000000560065007200610000000400C400000078220100A4DF5000000700000041006C0076006100720065007A0000000400C400000079220100FEBA860000070000005300E1006E006300680065007A0000000400C40000007A220100A0E0500000070000004D00E10072007100750065007A0000000400C40000007B220100FFBA86000006000000520069007600650072006F0000000400C40000007C2201002FDF50000007000000530061006C0061007A006100720000000400C40000007D220100D7BA8600000900000055007A006300E1007400650067007500690000000300C40000007E22010003BB860000050000005000610072007200610000000300C40000007F22010096E05000000900000054006F0072007200650061006C006200610000000300C400000080220100F5DF500000050000005200690076006100730000000300C40000008122010034E0500000050000004D006F007200E1006E0000000300C400000082220100B1D80100000600000054006F
"Édson Araújo",308345,50176,319,"SC Corinthians Paulista",NORMAL,INTERNAL_PERSON_ID,50176,0x005B4044,False,-1,-1,33,35,43D408B1F0DB385F,"I|I|I|I|B|I|I|S|L|L|L|L|REF|L|L|I|I|I|I|I|I|B|I|I|S|L|L|L|L|S|L|L|L|S|B|I|",DF5000000700000041006C0076006100720065007A0000000400C400000079220100FEBA860000070000005300E1006E006300680065007A0000000400C40000007A220100A0E0500000070000004D00E10072007100750065007A0000000400C40000007B220100FFBA86000006000000520069007600650072006F0000000400C40000007C2201002FDF50000007000000530061006C0061007A006100720000000400C40000007D220100D7BA8600000900000055007A006300E1007400650067007500690000000300C40000007E22010003BB860000050000005000610072007200610000000300C40000007F22010096E05000000900000054006F0072007200650061006C006200610000000300C400000080220100F5DF500000050000005200690076006100730000000300C40000008122010034E0500000050000004D006F007200E1006E0000000300C400000082220100B1D80100000600000054006F00720072006500730000000300C400000083220100FAAE8600000900000054006F
"Édson Araújo",308345,50176,319,"SC Corinthians Paulista",NORMAL,INTERNAL_PERSON_ID,50176,0x005B4067,False,-1,-1,35,39,5E3EE4AFA1C72A7F,"I|I|B|L|L|L|L|L|L|L|L|L|REF|L|L|I|I|I|I|I|I|I|B|I|I|S|L|L|S|L|L|L|S|B|I|I|",BA860000070000005300E1006E006300680065007A0000000400C40000007A220100A0E0500000070000004D00E10072007100750065007A0000000400C40000007B220100FFBA86000006000000520069007600650072006F0000000400C40000007C2201002FDF50000007000000530061006C0061007A006100720000000400C40000007D220100D7BA8600000900000055007A006300E1007400650067007500690000000300C40000007E22010003BB860000050000005000610072007200610000000300C40000007F22010096E05000000900000054006F0072007200650061006C006200610000000300C400000080220100F5DF500000050000005200690076006100730000000300C40000008122010034E0500000050000004D006F007200E1006E0000000300C400000082220100B1D80100000600000054006F00720072006500730000000300C400000083220100FAAE8600000900000054006F00720074006F006C00650072006F0000000300C40000008422010095DF500000070000
"Édson Araújo",308345,50176,319,"SC Corinthians Paulista",NORMAL,INTERNAL_PERSON_ID,50176,0x005B408E,False,-1,-1,39,31,831556D6719E5487,"I|B|L|L|L|L|L|L|L|L|L|L|REF|L|L|I|I|I|I|I|B|I|I|S|L|L|L|L|S|L|L|L|S|B|I|I|",070000004D00E10072007100750065007A0000000400C40000007B220100FFBA86000006000000520069007600650072006F0000000400C40000007C2201002FDF50000007000000530061006C0061007A006100720000000400C40000007D220100D7BA8600000900000055007A006300E1007400650067007500690000000300C40000007E22010003BB860000050000005000610072007200610000000300C40000007F22010096E05000000900000054006F0072007200650061006C006200610000000300C400000080220100F5DF500000050000005200690076006100730000000300C40000008122010034E0500000050000004D006F007200E1006E0000000300C400000082220100B1D80100000600000054006F00720072006500730000000300C400000083220100FAAE8600000900000054006F00720074006F006C00650072006F0000000300C40000008422010095DF5000000700000042007200690063006500F1006F0000000300C40000008522010051E0500000060000004C0065
"Édson Araújo",308345,50176,319,"SC Corinthians Paulista",NORMAL,INTERNAL_PERSON_ID,50176,0x005B40AD,False,-1,-1,31,39,0B190DA60F0AA51E,"L|I|I|B|L|L|L|L|L|L|L|L|REF|L|L|I|I|I|I|I|I|I|B|I|I|S|L|L|S|L|L|L|S|B|I|L|",BA86000006000000520069007600650072006F0000000400C40000007C2201002FDF50000007000000530061006C0061007A006100720000000400C40000007D220100D7BA8600000900000055007A006300E1007400650067007500690000000300C40000007E22010003BB860000050000005000610072007200610000000300C40000007F22010096E05000000900000054006F0072007200650061006C006200610000000300C400000080220100F5DF500000050000005200690076006100730000000300C40000008122010034E0500000050000004D006F007200E1006E0000000300C400000082220100B1D80100000600000054006F00720072006500730000000300C400000083220100FAAE8600000900000054006F00720074006F006C00650072006F0000000300C40000008422010095DF5000000700000042007200690063006500F1006F0000000300C40000008522010051E0500000060000004C0065007A0061006D00610000000300C4000000862201005EE0500000060000004C
"Édson Araújo",308345,50176,319,"SC Corinthians Paulista",NORMAL,INTERNAL_PERSON_ID,50176,0x005B40D4,False,-1,-1,39,31,AC4F512A19F3C98B,"I|B|L|L|L|L|L|L|L|L|L|L|REF|L|L|I|I|I|I|I|B|I|I|S|L|L|S|L|L|L|S|B|I|I|I|I|",0000530061006C0061007A006100720000000400C40000007D220100D7BA8600000900000055007A006300E1007400650067007500690000000300C40000007E22010003BB860000050000005000610072007200610000000300C40000007F22010096E05000000900000054006F0072007200650061006C006200610000000300C400000080220100F5DF500000050000005200690076006100730000000300C40000008122010034E0500000050000004D006F007200E1006E0000000300C400000082220100B1D80100000600000054006F00720072006500730000000300C400000083220100FAAE8600000900000054006F00720074006F006C00650072006F0000000300C40000008422010095DF5000000700000042007200690063006500F1006F0000000300C40000008522010051E0500000060000004C0065007A0061006D00610000000300C4000000862201005EE0500000060000004C007500630065006E00610000000300C4000000872201002CDF50000007000000440065006C0067
"Édson Araújo",308345,50176,319,"SC Corinthians Paulista",NORMAL,INTERNAL_PERSON_ID,50176,0x005B40F3,False,-1,-1,31,31,CAB5418CD1EB8907,"I|I|I|B|L|L|L|L|L|L|L|L|REF|L|L|I|I|I|I|I|B|I|I|S|L|L|L|L|S|L|L|I|I|I|I|I|",00000900000055007A006300E1007400650067007500690000000300C40000007E22010003BB860000050000005000610072007200610000000300C40000007F22010096E05000000900000054006F0072007200650061006C006200610000000300C400000080220100F5DF500000050000005200690076006100730000000300C40000008122010034E0500000050000004D006F007200E1006E0000000300C400000082220100B1D80100000600000054006F00720072006500730000000300C400000083220100FAAE8600000900000054006F00720074006F006C00650072006F0000000300C40000008422010095DF5000000700000042007200690063006500F1006F0000000300C40000008522010051E0500000060000004C0065007A0061006D00610000000300C4000000862201005EE0500000060000004C007500630065006E00610000000300C4000000872201002CDF50000007000000440065006C006700610064006F0000000200C40000008822010056E050000007000000460069
"Édson Araújo",308345,50176,319,"SC Corinthians Paulista",NORMAL,INTERNAL_PERSON_ID,50176,0x005B4112,False,-1,-1,31,33,160B7E039948B977,"B|I|I|B|L|L|L|L|L|L|L|L|REF|L|L|I|I|I|I|B|L|L|L|L|L|L|L|L|L|L|S|L|L|I|I|I|",007E22010003BB860000050000005000610072007200610000000300C40000007F22010096E05000000900000054006F0072007200650061006C006200610000000300C400000080220100F5DF500000050000005200690076006100730000000300C40000008122010034E0500000050000004D006F007200E1006E0000000300C400000082220100B1D80100000600000054006F00720072006500730000000300C400000083220100FAAE8600000900000054006F00720074006F006C00650072006F0000000300C40000008422010095DF5000000700000042007200690063006500F1006F0000000300C40000008522010051E0500000060000004C0065007A0061006D00610000000300C4000000862201005EE0500000060000004C007500630065006E00610000000300C4000000872201002CDF50000007000000440065006C006700610064006F0000000200C40000008822010056E050000007000000460069006700750065007200610000000200C40000008922010064E0500000060000
"Édson Araújo",308345,50176,319,"SC Corinthians Paulista",NORMAL,INTERNAL_PERSON_ID,50176,0x005B4133,False,-1,-1,33,39,47231B86E2F35C8A,"I|I|I|I|B|I|I|S|L|L|L|L|REF|L|L|I|I|I|I|I|I|I|B|I|I|S|L|L|L|S|L|L|L|S|B|I|",22010096E05000000900000054006F0072007200650061006C006200610000000300C400000080220100F5DF500000050000005200690076006100730000000300C40000008122010034E0500000050000004D006F007200E1006E0000000300C400000082220100B1D80100000600000054006F00720072006500730000000300C400000083220100FAAE8600000900000054006F00720074006F006C00650072006F0000000300C40000008422010095DF5000000700000042007200690063006500F1006F0000000300C40000008522010051E0500000060000004C0065007A0061006D00610000000300C4000000862201005EE0500000060000004C007500630065006E00610000000300C4000000872201002CDF50000007000000440065006C006700610064006F0000000200C40000008822010056E050000007000000460069006700750065007200610000000200C40000008922010064E050000006000000540069007A0061006D006F0000000200C40000008A22010035E0500000070000
"Édson Araújo",308345,50176,319,"SC Corinthians Paulista",NORMAL,INTERNAL_PERSON_ID,50176,0x005B415A,False,-1,-1,39,35,556B5840AA35F601,"I|B|L|L|L|L|L|L|L|L|L|L|REF|L|L|I|I|I|I|I|I|B|I|I|S|L|L|L|L|S|L|L|I|I|I|I|",220100F5DF500000050000005200690076006100730000000300C40000008122010034E0500000050000004D006F007200E1006E0000000300C400000082220100B1D80100000600000054006F00720072006500730000000300C400000083220100FAAE8600000900000054006F00720074006F006C00650072006F0000000300C40000008422010095DF5000000700000042007200690063006500F1006F0000000300C40000008522010051E0500000060000004C0065007A0061006D00610000000300C4000000862201005EE0500000060000004C007500630065006E00610000000300C4000000872201002CDF50000007000000440065006C006700610064006F0000000200C40000008822010056E050000007000000460069006700750065007200610000000200C40000008922010064E050000006000000540069007A0061006D006F0000000200C40000008A22010035E050000007000000530061006E00740061006E00610000000200C40000008B2201008FE050000006000000460061
"Édson Araújo",308345,50176,319,"SC Corinthians Paulista",NORMAL,INTERNAL_PERSON_ID,50176,0x005B417D,False,-1,-1,35,33,6D0A0A87FEB6D84D,"I|I|B|L|L|L|L|L|L|L|L|L|REF|L|L|I|I|I|I|B|L|L|L|L|L|L|L|S|L|L|L|S|B|I|I|I|",E0500000050000004D006F007200E1006E0000000300C400000082220100B1D80100000600000054006F00720072006500730000000300C400000083220100FAAE8600000900000054006F00720074006F006C00650072006F0000000300C40000008422010095DF5000000700000042007200690063006500F1006F0000000300C40000008522010051E0500000060000004C0065007A0061006D00610000000300C4000000862201005EE0500000060000004C007500630065006E00610000000300C4000000872201002CDF50000007000000440065006C006700610064006F0000000200C40000008822010056E050000007000000460069006700750065007200610000000200C40000008922010064E050000006000000540069007A0061006D006F0000000200C40000008A22010035E050000007000000530061006E00740061006E00610000000200C40000008B2201008FE050000006000000460061007200ED006100730000000200C40000008C22010092E050000006000000410063006F
"Édson Araújo",308345,50176,319,"SC Corinthians Paulista",NORMAL,INTERNAL_PERSON_ID,50176,0x005B419E,False,-1,-1,33,33,C2FAE5C35CD89AFC,"I|I|I|I|B|I|I|S|L|L|L|L|REF|L|L|I|I|I|I|B|L|L|L|L|L|L|L|L|L|S|L|L|I|I|I|I|",00000600000054006F00720072006500730000000300C400000083220100FAAE8600000900000054006F00720074006F006C00650072006F0000000300C40000008422010095DF5000000700000042007200690063006500F1006F0000000300C40000008522010051E0500000060000004C0065007A0061006D00610000000300C4000000862201005EE0500000060000004C007500630065006E00610000000300C4000000872201002CDF50000007000000440065006C006700610064006F0000000200C40000008822010056E050000007000000460069006700750065007200610000000200C40000008922010064E050000006000000540069007A0061006D006F0000000200C40000008A22010035E050000007000000530061006E00740061006E00610000000200C40000008B2201008FE050000006000000460061007200ED006100730000000200C40000008C22010092E050000006000000410063006F0073007400610000000200C40000008D22010005BB8600000600000046006C006F
"Édson Araújo",308345,50176,319,"SC Corinthians Paulista",NORMAL,INTERNAL_PERSON_ID,50176,0x005B41BF,False,-1,-1,33,35,4980D99F7FED33F9,"I|I|I|I|B|I|I|S|L|L|L|L|REF|L|L|I|I|I|I|I|I|B|I|I|S|L|L|L|S|L|L|L|S|B|I|I|",00000900000054006F00720074006F006C00650072006F0000000300C40000008422010095DF5000000700000042007200690063006500F1006F0000000300C40000008522010051E0500000060000004C0065007A0061006D00610000000300C4000000862201005EE0500000060000004C007500630065006E00610000000300C4000000872201002CDF50000007000000440065006C006700610064006F0000000200C40000008822010056E050000007000000460069006700750065007200610000000200C40000008922010064E050000006000000540069007A0061006D006F0000000200C40000008A22010035E050000007000000530061006E00740061006E00610000000200C40000008B2201008FE050000006000000460061007200ED006100730000000200C40000008C22010092E050000006000000410063006F0073007400610000000200C40000008D22010005BB8600000600000046006C006F0072006500730000000200C40000008E22010032E0500000090000004600650072
"Édson Araújo",308345,50176,319,"SC Corinthians Paulista",NORMAL,INTERNAL_PERSON_ID,50176,0x005B41E2,False,-1,-1,35,35,E38F0E9FED71C3D5,"I|I|B|L|L|L|L|L|L|L|L|L|REF|L|L|I|I|I|I|I|I|B|I|I|S|L|L|L|L|S|L|L|I|I|I|I|",0095DF5000000700000042007200690063006500F1006F0000000300C40000008522010051E0500000060000004C0065007A0061006D00610000000300C4000000862201005EE0500000060000004C007500630065006E00610000000300C4000000872201002CDF50000007000000440065006C006700610064006F0000000200C40000008822010056E050000007000000460069006700750065007200610000000200C40000008922010064E050000006000000540069007A0061006D006F0000000200C40000008A22010035E050000007000000530061006E00740061006E00610000000200C40000008B2201008FE050000006000000460061007200ED006100730000000200C40000008C22010092E050000006000000410063006F0073007400610000000200C40000008D22010005BB8600000600000046006C006F0072006500730000000200C40000008E22010032E0500000090000004600650072006E00E1006E00640065007A0000000200C40000008F220100A3E0500000040000004C
"Édson Araújo",308345,50176,319,"SC Corinthians Paulista",NORMAL,INTERNAL_PERSON_ID,50176,0x005B4205,False,-1,-1,35,33,659C8CA3A689DF3F,"I|I|B|L|L|L|L|L|L|L|L|L|REF|L|L|I|I|I|I|B|L|L|L|L|L|L|L|L|L|S|L|L|I|I|I|I|",0051E0500000060000004C0065007A0061006D00610000000300C4000000862201005EE0500000060000004C007500630065006E00610000000300C4000000872201002CDF50000007000000440065006C006700610064006F0000000200C40000008822010056E050000007000000460069006700750065007200610000000200C40000008922010064E050000006000000540069007A0061006D006F0000000200C40000008A22010035E050000007000000530061006E00740061006E00610000000200C40000008B2201008FE050000006000000460061007200ED006100730000000200C40000008C22010092E050000006000000410063006F0073007400610000000200C40000008D22010005BB8600000600000046006C006F0072006500730000000200C40000008E22010032E0500000090000004600650072006E00E1006E00640065007A0000000200C40000008F220100A3E0500000040000004C00750067006F0000000200C400000090220100ACE05000000500000056006900760061
"Édson Araújo",308345,50176,319,"SC Corinthians Paulista",NORMAL,INTERNAL_PERSON_ID,50176,0x005B4226,False,-1,-1,33,35,CFB40C02D7D39872,"I|I|I|I|B|I|I|S|L|L|L|L|REF|L|L|I|I|I|I|I|I|B|I|I|S|L|L|L|L|S|L|L|I|I|I|I|",005EE0500000060000004C007500630065006E00610000000300C4000000872201002CDF50000007000000440065006C006700610064006F0000000200C40000008822010056E050000007000000460069006700750065007200610000000200C40000008922010064E050000006000000540069007A0061006D006F0000000200C40000008A22010035E050000007000000530061006E00740061006E00610000000200C40000008B2201008FE050000006000000460061007200ED006100730000000200C40000008C22010092E050000006000000410063006F0073007400610000000200C40000008D22010005BB8600000600000046006C006F0072006500730000000200C40000008E22010032E0500000090000004600650072006E00E1006E00640065007A0000000200C40000008F220100A3E0500000040000004C00750067006F0000000200C400000090220100ACE0500000050000005600690076006100730000000200C400000091220100E1BA860000080000004D0061007200710075
"Édson Araújo",308345,50176,319,"SC Corinthians Paulista",NORMAL,INTERNAL_PERSON_ID,50176,0x005B4249,False,-1,-1,35,33,6D0A0A87FEB6D84D,"I|I|B|L|L|L|L|L|L|L|L|L|REF|L|L|I|I|I|I|B|L|L|L|L|L|L|L|S|L|L|L|S|B|I|I|I|",DF50000007000000440065006C006700610064006F0000000200C40000008822010056E050000007000000460069006700750065007200610000000200C40000008922010064E050000006000000540069007A0061006D006F0000000200C40000008A22010035E050000007000000530061006E00740061006E00610000000200C40000008B2201008FE050000006000000460061007200ED006100730000000200C40000008C22010092E050000006000000410063006F0073007400610000000200C40000008D22010005BB8600000600000046006C006F0072006500730000000200C40000008E22010032E0500000090000004600650072006E00E1006E00640065007A0000000200C40000008F220100A3E0500000040000004C00750067006F0000000200C400000090220100ACE0500000050000005600690076006100730000000200C400000091220100E1BA860000080000004D00610072007100750069006E00610000000200C400000092220100DFBA8600000500000043006100F10061
"Édson Araújo",308345,50176,319,"SC Corinthians Paulista",NORMAL,INTERNAL_PERSON_ID,50176,0x005B426A,False,-1,-1,33,33,DD979484D869D490,"I|I|I|I|B|I|I|S|L|L|L|L|REF|L|L|I|I|I|I|B|L|L|L|L|L|L|L|S|L|L|L|S|B|I|I|I|",0056E050000007000000460069006700750065007200610000000200C40000008922010064E050000006000000540069007A0061006D006F0000000200C40000008A22010035E050000007000000530061006E00740061006E00610000000200C40000008B2201008FE050000006000000460061007200ED006100730000000200C40000008C22010092E050000006000000410063006F0073007400610000000200C40000008D22010005BB8600000600000046006C006F0072006500730000000200C40000008E22010032E0500000090000004600650072006E00E1006E00640065007A0000000200C40000008F220100A3E0500000040000004C00750067006F0000000200C400000090220100ACE0500000050000005600690076006100730000000200C400000091220100E1BA860000080000004D00610072007100750069006E00610000000200C400000092220100DFBA8600000500000043006100F1006100730000000200C400000093220100B0E0500000070000005300650067006F0076
"Édson Araújo",308345,50176,319,"SC Corinthians Paulista",NORMAL,INTERNAL_PERSON_ID,50176,0x005B428B,False,-1,-1,33,33,4D0E50273ADCB142,"I|L|I|I|B|I|I|S|L|L|L|L|REF|L|L|I|I|I|I|B|L|L|L|L|L|L|L|L|L|L|S|L|L|I|I|I|",22010064E050000006000000540069007A0061006D006F0000000200C40000008A22010035E050000007000000530061006E00740061006E00610000000200C40000008B2201008FE050000006000000460061007200ED006100730000000200C40000008C22010092E050000006000000410063006F0073007400610000000200C40000008D22010005BB8600000600000046006C006F0072006500730000000200C40000008E22010032E0500000090000004600650072006E00E1006E00640065007A0000000200C40000008F220100A3E0500000040000004C00750067006F0000000200C400000090220100ACE0500000050000005600690076006100730000000200C400000091220100E1BA860000080000004D00610072007100750069006E00610000000200C400000092220100DFBA8600000500000043006100F1006100730000000200C400000093220100B0E0500000070000005300650067006F0076006900610000000200C4000000942201001CE0500000060000004A00610069006D
"Édson Araújo",308345,50176,319,"SC Corinthians Paulista",NORMAL,INTERNAL_PERSON_ID,50176,0x005B42AC,False,-1,-1,33,39,270088E50C4B21CF,"I|I|I|I|B|I|I|S|L|L|L|L|REF|L|L|I|I|I|L|I|I|I|B|I|I|S|L|L|L|S|L|L|I|I|I|I|",22010035E050000007000000530061006E00740061006E00610000000200C40000008B2201008FE050000006000000460061007200ED006100730000000200C40000008C22010092E050000006000000410063006F0073007400610000000200C40000008D22010005BB8600000600000046006C006F0072006500730000000200C40000008E22010032E0500000090000004600650072006E00E1006E00640065007A0000000200C40000008F220100A3E0500000040000004C00750067006F0000000200C400000090220100ACE0500000050000005600690076006100730000000200C400000091220100E1BA860000080000004D00610072007100750069006E00610000000200C400000092220100DFBA8600000500000043006100F1006100730000000200C400000093220100B0E0500000070000005300650067006F0076006900610000000200C4000000942201001CE0500000060000004A00610069006D006500730000000200C400000095220100B4E05000000B00000043006100730074
"Édson Araújo",308345,50176,319,"SC Corinthians Paulista",NORMAL,INTERNAL_PERSON_ID,50176,0x005B42D3,False,-1,-1,39,29,3D82EBCBA24EC990,"I|B|L|L|L|L|L|L|L|L|L|L|REF|L|L|I|I|I|B|L|L|L|L|L|L|L|L|S|L|L|I|I|I|I|I|B|",E050000006000000460061007200ED006100730000000200C40000008C22010092E050000006000000410063006F0073007400610000000200C40000008D22010005BB8600000600000046006C006F0072006500730000000200C40000008E22010032E0500000090000004600650072006E00E1006E00640065007A0000000200C40000008F220100A3E0500000040000004C00750067006F0000000200C400000090220100ACE0500000050000005600690076006100730000000200C400000091220100E1BA860000080000004D00610072007100750069006E00610000000200C400000092220100DFBA8600000500000043006100F1006100730000000200C400000093220100B0E0500000070000005300650067006F0076006900610000000200C4000000942201001CE0500000060000004A00610069006D006500730000000200C400000095220100B4E05000000B000000430061007300740065006C006C0061006E006F00730000000200C4000000962201001BE050000005000000520065
"Édson Araújo",308345,50176,319,"SC Corinthians Paulista",NORMAL,INTERNAL_PERSON_ID,50176,0x005B42F0,False,-1,-1,29,31,1F33360F1B457346,"I|L|I|I|I|B|I|I|S|L|L|L|REF|L|L|I|I|I|I|I|B|I|I|S|L|L|L|L|L|S|L|L|I|I|L|I|",22010092E050000006000000410063006F0073007400610000000200C40000008D22010005BB8600000600000046006C006F0072006500730000000200C40000008E22010032E0500000090000004600650072006E00E1006E00640065007A0000000200C40000008F220100A3E0500000040000004C00750067006F0000000200C400000090220100ACE0500000050000005600690076006100730000000200C400000091220100E1BA860000080000004D00610072007100750069006E00610000000200C400000092220100DFBA8600000500000043006100F1006100730000000200C400000093220100B0E0500000070000005300650067006F0076006900610000000200C4000000942201001CE0500000060000004A00610069006D006500730000000200C400000095220100B4E05000000B000000430061007300740065006C006C0061006E006F00730000000200C4000000962201001BE0500000050000005200650079006500730000000200C40000009722010014E05000000700000042
"Édson Araújo",308345,50176,319,"SC Corinthians Paulista",NORMAL,INTERNAL_PERSON_ID,50176,0x005B430F,False,-1,-1,31,37,F20346FFD352799C,"I|I|I|B|L|L|L|L|L|L|L|L|REF|L|L|I|I|I|I|I|B|L|L|L|L|L|L|L|L|S|L|L|I|I|I|I|",008D22010005BB8600000600000046006C006F0072006500730000000200C40000008E22010032E0500000090000004600650072006E00E1006E00640065007A0000000200C40000008F220100A3E0500000040000004C00750067006F0000000200C400000090220100ACE0500000050000005600690076006100730000000200C400000091220100E1BA860000080000004D00610072007100750069006E00610000000200C400000092220100DFBA8600000500000043006100F1006100730000000200C400000093220100B0E0500000070000005300650067006F0076006900610000000200C4000000942201001CE0500000060000004A00610069006D006500730000000200C400000095220100B4E05000000B000000430061007300740065006C006C0061006E006F00730000000200C4000000962201001BE0500000050000005200650079006500730000000200C40000009722010014E050000007000000420065006300650072007200610000000200C400000098220100F6DF50000006
"Édson Araújo",308345,50176,319,"SC Corinthians Paulista",NORMAL,INTERNAL_PERSON_ID,50176,0x005B4334,False,-1,-1,37,31,18A484953DF8038B,"I|I|I|B|I|I|S|L|L|L|L|L|REF|L|L|I|I|L|I|I|B|I|I|S|L|L|L|S|L|L|L|S|B|I|I|I|",0032E0500000090000004600650072006E00E1006E00640065007A0000000200C40000008F220100A3E0500000040000004C00750067006F0000000200C400000090220100ACE0500000050000005600690076006100730000000200C400000091220100E1BA860000080000004D00610072007100750069006E00610000000200C400000092220100DFBA8600000500000043006100F1006100730000000200C400000093220100B0E0500000070000005300650067006F0076006900610000000200C4000000942201001CE0500000060000004A00610069006D006500730000000200C400000095220100B4E05000000B000000430061007300740065006C006C0061006E006F00730000000200C4000000962201001BE0500000050000005200650079006500730000000200C40000009722010014E050000007000000420065006300650072007200610000000200C400000098220100F6DF50000006000000520061006E00670065006C0000000200C400000099220100C3E0500000090000004D
"Édson Araújo",308345,50176,319,"SC Corinthians Paulista",NORMAL,INTERNAL_PERSON_ID,50176,0x005B4353,False,-1,-1,31,35,394BD2043B24F004,"I|I|I|B|L|L|L|L|L|L|L|L|REF|L|L|I|I|I|I|I|I|B|I|I|S|L|L|L|L|S|L|L|I|I|I|I|",00C40000008F220100A3E0500000040000004C00750067006F0000000200C400000090220100ACE0500000050000005600690076006100730000000200C400000091220100E1BA860000080000004D00610072007100750069006E00610000000200C400000092220100DFBA8600000500000043006100F1006100730000000200C400000093220100B0E0500000070000005300650067006F0076006900610000000200C4000000942201001CE0500000060000004A00610069006D006500730000000200C400000095220100B4E05000000B000000430061007300740065006C006C0061006E006F00730000000200C4000000962201001BE0500000050000005200650079006500730000000200C40000009722010014E050000007000000420065006300650072007200610000000200C400000098220100F6DF50000006000000520061006E00670065006C0000000200C400000099220100C3E0500000090000004D0061006C0064006F006E00610064006F0000000200C40000009A220100E6DF
"Édson Araújo",308345,50176,319,"SC Corinthians Paulista",NORMAL,INTERNAL_PERSON_ID,50176,0x005B4376,False,-1,-1,35,33,9CC18CC69B3FCE7D,"I|I|B|L|L|L|L|L|L|L|L|L|REF|L|L|I|I|I|I|B|L|L|L|L|L|L|L|L|L|L|L|S|L|L|I|I|",220100ACE0500000050000005600690076006100730000000200C400000091220100E1BA860000080000004D00610072007100750069006E00610000000200C400000092220100DFBA8600000500000043006100F1006100730000000200C400000093220100B0E0500000070000005300650067006F0076006900610000000200C4000000942201001CE0500000060000004A00610069006D006500730000000200C400000095220100B4E05000000B000000430061007300740065006C006C0061006E006F00730000000200C4000000962201001BE0500000050000005200650079006500730000000200C40000009722010014E050000007000000420065006300650072007200610000000200C400000098220100F6DF50000006000000520061006E00670065006C0000000200C400000099220100C3E0500000090000004D0061006C0064006F006E00610064006F0000000200C40000009A220100E6DF5000000400000050006500F100610000000200C40000009B220100A5DF500000080000
"Édson Araújo",308345,50176,319,"SC Corinthians Paulista",NORMAL,INTERNAL_PERSON_ID,50176,0x005B4397,False,-1,-1,33,43,B60871DE3CCD22C2,"I|I|I|I|B|I|I|S|L|L|L|L|REF|L|L|I|I|I|I|I|I|I|I|B|I|I|S|L|L|S|L|L|L|S|B|I|",00E1BA860000080000004D00610072007100750069006E00610000000200C400000092220100DFBA8600000500000043006100F1006100730000000200C400000093220100B0E0500000070000005300650067006F0076006900610000000200C4000000942201001CE0500000060000004A00610069006D006500730000000200C400000095220100B4E05000000B000000430061007300740065006C006C0061006E006F00730000000200C4000000962201001BE0500000050000005200650079006500730000000200C40000009722010014E050000007000000420065006300650072007200610000000200C400000098220100F6DF50000006000000520061006E00670065006C0000000200C400000099220100C3E0500000090000004D0061006C0064006F006E00610064006F0000000200C40000009A220100E6DF5000000400000050006500F100610000000200C40000009B220100A5DF500000080000005300610076006100720065007300650000000200C40000009C22010060521200
"Édson Araújo",308345,50176,319,"SC Corinthians Paulista",NORMAL,INTERNAL_PERSON_ID,50176,0x005B43C2,False,-1,-1,43,31,1DD3C19D55B4150A,"B|L|L|L|L|L|L|L|L|L|L|L|REF|L|L|I|I|I|I|I|B|I|I|S|L|L|L|S|L|L|L|S|B|I|I|I|",0500000043006100F1006100730000000200C400000093220100B0E0500000070000005300650067006F0076006900610000000200C4000000942201001CE0500000060000004A00610069006D006500730000000200C400000095220100B4E05000000B000000430061007300740065006C006C0061006E006F00730000000200C4000000962201001BE0500000050000005200650079006500730000000200C40000009722010014E050000007000000420065006300650072007200610000000200C400000098220100F6DF50000006000000520061006E00670065006C0000000200C400000099220100C3E0500000090000004D0061006C0064006F006E00610064006F0000000200C40000009A220100E6DF5000000400000050006500F100610000000200C40000009B220100A5DF500000080000005300610076006100720065007300650000000200C40000009C2201006052120000040000004D0065006C006F0000000200C40000009D220100A1DF500000060000004D00E9006E00640065
"Édson Araújo",308345,50176,319,"SC Corinthians Paulista",NORMAL,INTERNAL_PERSON_ID,50176,0x005B43E1,False,-1,-1,31,35,394BD2043B24F004,"I|I|I|B|L|L|L|L|L|L|L|L|REF|L|L|I|I|I|I|I|I|B|I|I|S|L|L|L|L|S|L|L|I|I|I|I|",070000005300650067006F0076006900610000000200C4000000942201001CE0500000060000004A00610069006D006500730000000200C400000095220100B4E05000000B000000430061007300740065006C006C0061006E006F00730000000200C4000000962201001BE0500000050000005200650079006500730000000200C40000009722010014E050000007000000420065006300650072007200610000000200C400000098220100F6DF50000006000000520061006E00670065006C0000000200C400000099220100C3E0500000090000004D0061006C0064006F006E00610064006F0000000200C40000009A220100E6DF5000000400000050006500F100610000000200C40000009B220100A5DF500000080000005300610076006100720065007300650000000200C40000009C2201006052120000040000004D0065006C006F0000000200C40000009D220100A1DF500000060000004D00E9006E00640065007A0000000200C40000009E220100C7BA8600000600000041007200610071
"Édson Araújo",308345,50176,319,"SC Corinthians Paulista",NORMAL,INTERNAL_PERSON_ID,50176,0x005B4404,False,-1,-1,35,33,BD4E70E5F8C1EEFF,"I|I|B|L|L|L|L|L|L|L|L|L|REF|L|L|I|I|I|I|B|L|L|L|L|L|L|L|L|L|L|S|L|L|I|I|L|",060000004A00610069006D006500730000000200C400000095220100B4E05000000B000000430061007300740065006C006C0061006E006F00730000000200C4000000962201001BE0500000050000005200650079006500730000000200C40000009722010014E050000007000000420065006300650072007200610000000200C400000098220100F6DF50000006000000520061006E00670065006C0000000200C400000099220100C3E0500000090000004D0061006C0064006F006E00610064006F0000000200C40000009A220100E6DF5000000400000050006500F100610000000200C40000009B220100A5DF500000080000005300610076006100720065007300650000000200C40000009C2201006052120000040000004D0065006C006F0000000200C40000009D220100A1DF500000060000004D00E9006E00640065007A0000000200C40000009E220100C7BA8600000600000041007200610071007500650000000200C40000009F2201009DDF50000006000000470075006500720072
"Édson Araújo",308345,50176,319,"SC Corinthians Paulista",NORMAL,INTERNAL_PERSON_ID,50176,0x005B4425,False,-1,-1,33,39,66A43F6BFB9DC59E,"I|I|I|I|B|I|I|S|L|L|L|L|REF|L|L|I|I|I|I|I|I|I|B|I|I|S|L|L|L|S|L|L|I|I|I|I|",0B000000430061007300740065006C006C0061006E006F00730000000200C4000000962201001BE0500000050000005200650079006500730000000200C40000009722010014E050000007000000420065006300650072007200610000000200C400000098220100F6DF50000006000000520061006E00670065006C0000000200C400000099220100C3E0500000090000004D0061006C0064006F006E00610064006F0000000200C40000009A220100E6DF5000000400000050006500F100610000000200C40000009B220100A5DF500000080000005300610076006100720065007300650000000200C40000009C2201006052120000040000004D0065006C006F0000000200C40000009D220100A1DF500000060000004D00E9006E00640065007A0000000200C40000009E220100C7BA8600000600000041007200610071007500650000000200C40000009F2201009DDF5000000600000047007500650072007200610000000200C4000000A0220100DDE0500000040000004C006F0062006F0000
"Édson Araújo",308345,50176,319,"SC Corinthians Paulista",NORMAL,INTERNAL_PERSON_ID,50176,0x005B444C,False,-1,-1,39,29,2621F985549CD03E,"I|B|L|L|L|L|L|L|L|L|L|L|REF|L|L|I|I|L|B|L|L|L|L|L|L|L|L|S|L|L|L|S|B|I|I|I|",E0500000050000005200650079006500730000000200C40000009722010014E050000007000000420065006300650072007200610000000200C400000098220100F6DF50000006000000520061006E00670065006C0000000200C400000099220100C3E0500000090000004D0061006C0064006F006E00610064006F0000000200C40000009A220100E6DF5000000400000050006500F100610000000200C40000009B220100A5DF500000080000005300610076006100720065007300650000000200C40000009C2201006052120000040000004D0065006C006F0000000200C40000009D220100A1DF500000060000004D00E9006E00640065007A0000000200C40000009E220100C7BA8600000600000041007200610071007500650000000200C40000009F2201009DDF5000000600000047007500650072007200610000000200C4000000A0220100DDE0500000040000004C006F0062006F0000000200C4000000A1220100DEE050000006000000430061006D0070006F00730000000200C40000
"Édson Araújo",308345,50176,319,"SC Corinthians Paulista",NORMAL,INTERNAL_PERSON_ID,50176,0x005B4469,False,-1,-1,29,37,57117EBA881003C4,"I|I|I|I|I|B|I|I|S|L|L|L|REF|L|L|I|I|I|I|I|B|L|L|L|L|L|L|S|L|L|L|S|B|L|I|I|",0014E050000007000000420065006300650072007200610000000200C400000098220100F6DF50000006000000520061006E00670065006C0000000200C400000099220100C3E0500000090000004D0061006C0064006F006E00610064006F0000000200C40000009A220100E6DF5000000400000050006500F100610000000200C40000009B220100A5DF500000080000005300610076006100720065007300650000000200C40000009C2201006052120000040000004D0065006C006F0000000200C40000009D220100A1DF500000060000004D00E9006E00640065007A0000000200C40000009E220100C7BA8600000600000041007200610071007500650000000200C40000009F2201009DDF5000000600000047007500650072007200610000000200C4000000A0220100DDE0500000040000004C006F0062006F0000000200C4000000A1220100DEE050000006000000430061006D0070006F00730000000200C4000000A2220100F1E050000008000000510075006900F100F3006E0065007A
"Édson Araújo",308345,50176,319,"SC Corinthians Paulista",NORMAL,INTERNAL_PERSON_ID,50176,0x005B448E,False,-1,-1,37,29,C09F895956915493,"I|I|I|B|I|I|S|L|L|L|L|L|REF|L|L|I|I|I|B|L|L|L|L|L|L|L|S|L|L|L|S|B|I|I|I|I|",DF50000006000000520061006E00670065006C0000000200C400000099220100C3E0500000090000004D0061006C0064006F006E00610064006F0000000200C40000009A220100E6DF5000000400000050006500F100610000000200C40000009B220100A5DF500000080000005300610076006100720065007300650000000200C40000009C2201006052120000040000004D0065006C006F0000000200C40000009D220100A1DF500000060000004D00E9006E00640065007A0000000200C40000009E220100C7BA8600000600000041007200610071007500650000000200C40000009F2201009DDF5000000600000047007500650072007200610000000200C4000000A0220100DDE0500000040000004C006F0062006F0000000200C4000000A1220100DEE050000006000000430061006D0070006F00730000000200C4000000A2220100F1E050000008000000510075006900F100F3006E0065007A0000000200C4000000A322010083DF500000070000004D006F00720061006C006500730000
"Édson Araújo",308345,50176,319,"SC Corinthians Paulista",NORMAL,INTERNAL_PERSON_ID,50176,0x005B44AB,False,-1,-1,29,33,F68410688F38CCE8,"I|I|I|I|I|B|I|I|S|L|L|L|REF|L|L|I|I|I|I|B|L|L|L|L|L|L|L|S|L|L|L|S|B|I|I|I|",220100C3E0500000090000004D0061006C0064006F006E00610064006F0000000200C40000009A220100E6DF5000000400000050006500F100610000000200C40000009B220100A5DF500000080000005300610076006100720065007300650000000200C40000009C2201006052120000040000004D0065006C006F0000000200C40000009D220100A1DF500000060000004D00E9006E00640065007A0000000200C40000009E220100C7BA8600000600000041007200610071007500650000000200C40000009F2201009DDF5000000600000047007500650072007200610000000200C4000000A0220100DDE0500000040000004C006F0062006F0000000200C4000000A1220100DEE050000006000000430061006D0070006F00730000000200C4000000A2220100F1E050000008000000510075006900F100F3006E0065007A0000000200C4000000A322010083DF500000070000004D006F00720061006C006500730000000200C4000000A4220100F7E0500000050000005900E100F10065007A
"Édson Araújo",308345,50176,319,"SC Corinthians Paulista",NORMAL,INTERNAL_PERSON_ID,50176,0x005B44CC,False,-1,-1,33,33,2F183B97EE7076DF,"B|I|I|I|B|I|I|S|L|L|L|L|REF|L|L|I|I|I|I|B|L|L|L|L|L|L|L|S|L|L|L|S|B|I|I|I|",00C40000009A220100E6DF5000000400000050006500F100610000000200C40000009B220100A5DF500000080000005300610076006100720065007300650000000200C40000009C2201006052120000040000004D0065006C006F0000000200C40000009D220100A1DF500000060000004D00E9006E00640065007A0000000200C40000009E220100C7BA8600000600000041007200610071007500650000000200C40000009F2201009DDF5000000600000047007500650072007200610000000200C4000000A0220100DDE0500000040000004C006F0062006F0000000200C4000000A1220100DEE050000006000000430061006D0070006F00730000000200C4000000A2220100F1E050000008000000510075006900F100F3006E0065007A0000000200C4000000A322010083DF500000070000004D006F00720061006C006500730000000200C4000000A4220100F7E0500000050000005900E100F10065007A0000000200C4000000A52201006BDF500000060000004900620061007200720061
"Édson Araújo",308345,50176,319,"SC Corinthians Paulista",NORMAL,INTERNAL_PERSON_ID,50176,0x005B44ED,False,-1,-1,33,33,D3715614F12B2D68,"L|I|I|I|B|I|I|S|L|L|L|L|REF|L|L|I|I|I|I|B|L|L|L|L|L|L|S|L|L|L|S|B|I|I|I|I|",009B220100A5DF500000080000005300610076006100720065007300650000000200C40000009C2201006052120000040000004D0065006C006F0000000200C40000009D220100A1DF500000060000004D00E9006E00640065007A0000000200C40000009E220100C7BA8600000600000041007200610071007500650000000200C40000009F2201009DDF5000000600000047007500650072007200610000000200C4000000A0220100DDE0500000040000004C006F0062006F0000000200C4000000A1220100DEE050000006000000430061006D0070006F00730000000200C4000000A2220100F1E050000008000000510075006900F100F3006E0065007A0000000200C4000000A322010083DF500000070000004D006F00720061006C006500730000000200C4000000A4220100F7E0500000050000005900E100F10065007A0000000200C4000000A52201006BDF5000000600000049006200610072007200610000000200C4000000A622010015AA8600000900000041007200690073006D0065
"Édson Araújo",308345,50176,319,"SC Corinthians Paulista",NORMAL,INTERNAL_PERSON_ID,50176,0x005B450E,False,-1,-1,33,29,F568BEFB774FDE1F,"I|I|I|I|B|I|I|S|L|L|L|L|REF|L|L|I|I|I|B|L|L|L|L|L|L|L|S|L|L|L|S|B|I|L|I|I|",00C40000009C2201006052120000040000004D0065006C006F0000000200C40000009D220100A1DF500000060000004D00E9006E00640065007A0000000200C40000009E220100C7BA8600000600000041007200610071007500650000000200C40000009F2201009DDF5000000600000047007500650072007200610000000200C4000000A0220100DDE0500000040000004C006F0062006F0000000200C4000000A1220100DEE050000006000000430061006D0070006F00730000000200C4000000A2220100F1E050000008000000510075006900F100F3006E0065007A0000000200C4000000A322010083DF500000070000004D006F00720061006C006500730000000200C4000000A4220100F7E0500000050000005900E100F10065007A0000000200C4000000A52201006BDF5000000600000049006200610072007200610000000200C4000000A622010015AA8600000900000041007200690073006D0065006E006400690000000200C4000000A722010066DF500000060000005600E1006C
"Édson Araújo",308345,50176,319,"SC Corinthians Paulista",NORMAL,INTERNAL_PERSON_ID,50176,0x005B452B,False,-1,-1,29,33,9A8C77CF7CDCF6A4,"B|I|I|I|I|B|I|I|S|L|L|L|REF|L|L|I|I|I|I|B|L|L|L|L|L|L|L|L|S|L|L|L|S|B|I|I|",00C40000009D220100A1DF500000060000004D00E9006E00640065007A0000000200C40000009E220100C7BA8600000600000041007200610071007500650000000200C40000009F2201009DDF5000000600000047007500650072007200610000000200C4000000A0220100DDE0500000040000004C006F0062006F0000000200C4000000A1220100DEE050000006000000430061006D0070006F00730000000200C4000000A2220100F1E050000008000000510075006900F100F3006E0065007A0000000200C4000000A322010083DF500000070000004D006F00720061006C006500730000000200C4000000A4220100F7E0500000050000005900E100F10065007A0000000200C4000000A52201006BDF5000000600000049006200610072007200610000000200C4000000A622010015AA8600000900000041007200690073006D0065006E006400690000000200C4000000A722010066DF500000060000005600E1006C00640065007A0000000200C4000000A822010065DF5000000500000047
"Édson Araújo",308345,50176,319,"SC Corinthians Paulista",NORMAL,INTERNAL_PERSON_ID,50176,0x005B454C,False,-1,-1,33,37,F7AE9FAB12A50E2C,"B|I|I|I|B|I|I|S|L|L|L|L|REF|L|L|I|I|I|L|I|B|L|L|L|L|L|L|L|L|L|S|L|L|I|I|L|",00C40000009E220100C7BA8600000600000041007200610071007500650000000200C40000009F2201009DDF5000000600000047007500650072007200610000000200C4000000A0220100DDE0500000040000004C006F0062006F0000000200C4000000A1220100DEE050000006000000430061006D0070006F00730000000200C4000000A2220100F1E050000008000000510075006900F100F3006E0065007A0000000200C4000000A322010083DF500000070000004D006F00720061006C006500730000000200C4000000A4220100F7E0500000050000005900E100F10065007A0000000200C4000000A52201006BDF5000000600000049006200610072007200610000000200C4000000A622010015AA8600000900000041007200690073006D0065006E006400690000000200C4000000A722010066DF500000060000005600E1006C00640065007A0000000200C4000000A822010065DF500000050000004700F3006D0065007A0000000200C4000000A92201005BDF500000070000004E006F
"Édson Araújo",308345,50176,319,"SC Corinthians Paulista",NORMAL,INTERNAL_PERSON_ID,50176,0x005B4571,False,-1,-1,37,35,2BB7C4E6C5A0580E,"I|I|I|B|I|I|S|L|L|L|L|L|REF|L|L|I|I|I|I|I|I|B|I|I|S|L|L|S|L|L|L|S|B|I|I|I|",009F2201009DDF5000000600000047007500650072007200610000000200C4000000A0220100DDE0500000040000004C006F0062006F0000000200C4000000A1220100DEE050000006000000430061006D0070006F00730000000200C4000000A2220100F1E050000008000000510075006900F100F3006E0065007A0000000200C4000000A322010083DF500000070000004D006F00720061006C006500730000000200C4000000A4220100F7E0500000050000005900E100F10065007A0000000200C4000000A52201006BDF5000000600000049006200610072007200610000000200C4000000A622010015AA8600000900000041007200690073006D0065006E006400690000000200C4000000A722010066DF500000060000005600E1006C00640065007A0000000200C4000000A822010065DF500000050000004700F3006D0065007A0000000200C4000000A92201005BDF500000070000004E006F007200690065006700610000000200C4000000AA22010059502F0000080000004200750069
"Édson Araújo",308345,50176,319,"SC Corinthians Paulista",NORMAL,INTERNAL_PERSON_ID,50176,0x005B4594,False,-1,-1,35,31,03C598A0DC7CE835,"L|I|B|L|L|L|L|L|L|L|L|L|REF|L|L|I|I|L|I|I|B|I|I|S|L|L|L|L|S|L|L|I|I|I|I|I|",220100DDE0500000040000004C006F0062006F0000000200C4000000A1220100DEE050000006000000430061006D0070006F00730000000200C4000000A2220100F1E050000008000000510075006900F100F3006E0065007A0000000200C4000000A322010083DF500000070000004D006F00720061006C006500730000000200C4000000A4220100F7E0500000050000005900E100F10065007A0000000200C4000000A52201006BDF5000000600000049006200610072007200610000000200C4000000A622010015AA8600000900000041007200690073006D0065006E006400690000000200C4000000A722010066DF500000060000005600E1006C00640065007A0000000200C4000000A822010065DF500000050000004700F3006D0065007A0000000200C4000000A92201005BDF500000070000004E006F007200690065006700610000000200C4000000AA22010059502F00000800000042007500690074007200610067006F0000000200C4000000AB22010043DF50000006000000410072
"Édson Araújo",308345,50176,319,"SC Corinthians Paulista",NORMAL,INTERNAL_PERSON_ID,50176,0x005B45B3,False,-1,-1,31,33,21A34D7751D0340B,"I|I|I|B|L|L|L|L|L|L|L|L|REF|L|L|I|I|I|I|B|L|L|L|L|L|L|L|L|L|L|S|L|L|I|I|I|",00DEE050000006000000430061006D0070006F00730000000200C4000000A2220100F1E050000008000000510075006900F100F3006E0065007A0000000200C4000000A322010083DF500000070000004D006F00720061006C006500730000000200C4000000A4220100F7E0500000050000005900E100F10065007A0000000200C4000000A52201006BDF5000000600000049006200610072007200610000000200C4000000A622010015AA8600000900000041007200690073006D0065006E006400690000000200C4000000A722010066DF500000060000005600E1006C00640065007A0000000200C4000000A822010065DF500000050000004700F3006D0065007A0000000200C4000000A92201005BDF500000070000004E006F007200690065006700610000000200C4000000AA22010059502F00000800000042007500690074007200610067006F0000000200C4000000AB22010043DF500000060000004100720061006E0067006F0000000200C4000000AC22010036DF500000050000004C
"Édson Araújo",308345,50176,319,"SC Corinthians Paulista",NORMAL,INTERNAL_PERSON_ID,50176,0x005B45D4,False,-1,-1,33,39,2466E21528246081,"I|L|I|I|B|I|I|S|L|L|L|L|REF|L|L|I|I|I|I|I|I|I|B|I|I|S|L|L|L|L|S|L|L|I|I|I|",00F1E050000008000000510075006900F100F3006E0065007A0000000200C4000000A322010083DF500000070000004D006F00720061006C006500730000000200C4000000A4220100F7E0500000050000005900E100F10065007A0000000200C4000000A52201006BDF5000000600000049006200610072007200610000000200C4000000A622010015AA8600000900000041007200690073006D0065006E006400690000000200C4000000A722010066DF500000060000005600E1006C00640065007A0000000200C4000000A822010065DF500000050000004700F3006D0065007A0000000200C4000000A92201005BDF500000070000004E006F007200690065006700610000000200C4000000AA22010059502F00000800000042007500690074007200610067006F0000000200C4000000AB22010043DF500000060000004100720061006E0067006F0000000200C4000000AC22010036DF500000050000004C00F300700065007A0000000200C4000000AD22010031DF50000007000000430069
"Édson Araújo",308345,50176,319,"SC Corinthians Paulista",NORMAL,INTERNAL_PERSON_ID,50176,0x005B45FB,False,-1,-1,39,33,54C26B7E1A3E0208,"I|B|L|L|L|L|L|L|L|L|L|L|REF|L|L|I|I|I|I|B|L|L|L|L|L|L|L|L|S|L|L|I|I|I|I|I|",DF500000070000004D006F00720061006C006500730000000200C4000000A4220100F7E0500000050000005900E100F10065007A0000000200C4000000A52201006BDF5000000600000049006200610072007200610000000200C4000000A622010015AA8600000900000041007200690073006D0065006E006400690000000200C4000000A722010066DF500000060000005600E1006C00640065007A0000000200C4000000A822010065DF500000050000004700F3006D0065007A0000000200C4000000A92201005BDF500000070000004E006F007200690065006700610000000200C4000000AA22010059502F00000800000042007500690074007200610067006F0000000200C4000000AB22010043DF500000060000004100720061006E0067006F0000000200C4000000AC22010036DF500000050000004C00F300700065007A0000000200C4000000AD22010031DF500000070000004300690063006800650072006F0000000200C4000000AE220100295A0B00000600000052006900760065
"Édson Araújo",308345,50176,319,"SC Corinthians Paulista",NORMAL,INTERNAL_PERSON_ID,50176,0x005B461C,False,-1,-1,33,31,AEC60DC029AB5C11,"I|I|I|I|B|I|I|S|L|L|L|L|REF|L|L|I|I|I|I|I|B|I|I|S|L|L|L|S|L|L|L|S|B|I|I|I|",00F7E0500000050000005900E100F10065007A0000000200C4000000A52201006BDF5000000600000049006200610072007200610000000200C4000000A622010015AA8600000900000041007200690073006D0065006E006400690000000200C4000000A722010066DF500000060000005600E1006C00640065007A0000000200C4000000A822010065DF500000050000004700F3006D0065007A0000000200C4000000A92201005BDF500000070000004E006F007200690065006700610000000200C4000000AA22010059502F00000800000042007500690074007200610067006F0000000200C4000000AB22010043DF500000060000004100720061006E0067006F0000000200C4000000AC22010036DF500000050000004C00F300700065007A0000000200C4000000AD22010031DF500000070000004300690063006800650072006F0000000200C4000000AE220100295A0B00000600000052006900760065007200610000000200C4000000AF22010016AA8600000900000043006100720061
"Édson Araújo",308345,50176,319,"SC Corinthians Paulista",NORMAL,INTERNAL_PERSON_ID,50176,0x005B463B,False,-1,-1,31,35,3307F356A78C988E,"I|I|I|B|L|L|L|L|L|L|L|L|REF|L|L|I|I|I|I|I|I|B|I|I|S|L|L|L|L|L|S|L|L|I|I|I|",006BDF5000000600000049006200610072007200610000000200C4000000A622010015AA8600000900000041007200690073006D0065006E006400690000000200C4000000A722010066DF500000060000005600E1006C00640065007A0000000200C4000000A822010065DF500000050000004700F3006D0065007A0000000200C4000000A92201005BDF500000070000004E006F007200690065006700610000000200C4000000AA22010059502F00000800000042007500690074007200610067006F0000000200C4000000AB22010043DF500000060000004100720061006E0067006F0000000200C4000000AC22010036DF500000050000004C00F300700065007A0000000200C4000000AD22010031DF500000070000004300690063006800650072006F0000000200C4000000AE220100295A0B00000600000052006900760065007200610000000200C4000000AF22010016AA860000090000004300610072006100620061006C006C006F0000000200C4000000B022010002E1500000060000
"Édson Araújo",308345,50176,319,"SC Corinthians Paulista",NORMAL,INTERNAL_PERSON_ID,50176,0x005B465E,False,-1,-1,35,37,A88451F6E4E642CA,"L|I|B|L|L|L|L|L|L|L|L|L|REF|L|L|I|I|I|I|I|B|L|L|L|L|L|L|L|S|L|L|L|S|B|L|I|",AA8600000900000041007200690073006D0065006E006400690000000200C4000000A722010066DF500000060000005600E1006C00640065007A0000000200C4000000A822010065DF500000050000004700F3006D0065007A0000000200C4000000A92201005BDF500000070000004E006F007200690065006700610000000200C4000000AA22010059502F00000800000042007500690074007200610067006F0000000200C4000000AB22010043DF500000060000004100720061006E0067006F0000000200C4000000AC22010036DF500000050000004C00F300700065007A0000000200C4000000AD22010031DF500000070000004300690063006800650072006F0000000200C4000000AE220100295A0B00000600000052006900760065007200610000000200C4000000AF22010016AA860000090000004300610072006100620061006C006C006F0000000200C4000000B022010002E1500000060000004D006500640069006E00610000000200C4000000B12201002ADF5000000600000043
"Édson Araújo",308345,50176,319,"SC Corinthians Paulista",NORMAL,INTERNAL_PERSON_ID,50176,0x005B4683,False,-1,-1,37,33,EC99C1CBD64478F5,"I|I|I|B|I|I|S|L|L|L|L|L|REF|L|L|I|I|I|I|B|L|L|L|L|L|L|L|L|S|L|L|I|I|I|I|I|",0066DF500000060000005600E1006C00640065007A0000000200C4000000A822010065DF500000050000004700F3006D0065007A0000000200C4000000A92201005BDF500000070000004E006F007200690065006700610000000200C4000000AA22010059502F00000800000042007500690074007200610067006F0000000200C4000000AB22010043DF500000060000004100720061006E0067006F0000000200C4000000AC22010036DF500000050000004C00F300700065007A0000000200C4000000AD22010031DF500000070000004300690063006800650072006F0000000200C4000000AE220100295A0B00000600000052006900760065007200610000000200C4000000AF22010016AA860000090000004300610072006100620061006C006C006F0000000200C4000000B022010002E1500000060000004D006500640069006E00610000000200C4000000B12201002ADF500000060000004300680061006300F3006E0000000200C4000000B2220100A5D8010000080000005500720064
"Édson Araújo",308345,50176,319,"SC Corinthians Paulista",NORMAL,INTERNAL_PERSON_ID,50176,0x005B46A4,False,-1,-1,33,31,AEC60DC029AB5C11,"I|I|I|I|B|I|I|S|L|L|L|L|REF|L|L|I|I|I|I|I|B|I|I|S|L|L|L|S|L|L|L|S|B|I|I|I|",0065DF500000050000004700F3006D0065007A0000000200C4000000A92201005BDF500000070000004E006F007200690065006700610000000200C4000000AA22010059502F00000800000042007500690074007200610067006F0000000200C4000000AB22010043DF500000060000004100720061006E0067006F0000000200C4000000AC22010036DF500000050000004C00F300700065007A0000000200C4000000AD22010031DF500000070000004300690063006800650072006F0000000200C4000000AE220100295A0B00000600000052006900760065007200610000000200C4000000AF22010016AA860000090000004300610072006100620061006C006C006F0000000200C4000000B022010002E1500000060000004D006500640069006E00610000000200C4000000B12201002ADF500000060000004300680061006300F3006E0000000200C4000000B2220100A5D80100000800000055007200640061006E0065007400610000000200C4000000B3220100D1940D0000070000004A
"Édson Araújo",308345,50176,319,"SC Corinthians Paulista",NORMAL,INTERNAL_PERSON_ID,50176,0x005B46C3,False,-1,-1,31,35,394BD2043B24F004,"I|I|I|B|L|L|L|L|L|L|L|L|REF|L|L|I|I|I|I|I|I|B|I|I|S|L|L|L|L|S|L|L|I|I|I|I|",005BDF500000070000004E006F007200690065006700610000000200C4000000AA22010059502F00000800000042007500690074007200610067006F0000000200C4000000AB22010043DF500000060000004100720061006E0067006F0000000200C4000000AC22010036DF500000050000004C00F300700065007A0000000200C4000000AD22010031DF500000070000004300690063006800650072006F0000000200C4000000AE220100295A0B00000600000052006900760065007200610000000200C4000000AF22010016AA860000090000004300610072006100620061006C006C006F0000000200C4000000B022010002E1500000060000004D006500640069006E00610000000200C4000000B12201002ADF500000060000004300680061006300F3006E0000000200C4000000B2220100A5D80100000800000055007200640061006E0065007400610000000200C4000000B3220100D1940D0000070000004A0069006D00E9006E0065007A0000000200C4000000B4220100A9D801000007
"Édson Araújo",308345,50176,319,"SC Corinthians Paulista",NORMAL,INTERNAL_PERSON_ID,50176,0x005B46E6,False,-1,-1,35,33,088727FCE376741F,"L|I|B|L|L|L|L|L|L|L|L|L|REF|L|L|I|I|I|I|B|L|L|L|L|L|L|L|L|L|L|S|L|L|I|I|I|",0059502F00000800000042007500690074007200610067006F0000000200C4000000AB22010043DF500000060000004100720061006E0067006F0000000200C4000000AC22010036DF500000050000004C00F300700065007A0000000200C4000000AD22010031DF500000070000004300690063006800650072006F0000000200C4000000AE220100295A0B00000600000052006900760065007200610000000200C4000000AF22010016AA860000090000004300610072006100620061006C006C006F0000000200C4000000B022010002E1500000060000004D006500640069006E00610000000200C4000000B12201002ADF500000060000004300680061006300F3006E0000000200C4000000B2220100A5D80100000800000055007200640061006E0065007400610000000200C4000000B3220100D1940D0000070000004A0069006D00E9006E0065007A0000000200C4000000B4220100A9D801000007000000450073007400E900760065007A0000000200C4000000B522010015E150000004
"Édson Araújo",308345,50176,319,"SC Corinthians Paulista",NORMAL,INTERNAL_PERSON_ID,50176,0x005B4707,False,-1,-1,33,39,58341E1A0ABAFAEB,"I|I|I|I|B|I|I|S|L|L|L|L|REF|L|L|I|I|I|I|I|I|I|B|I|I|S|L|L|L|L|S|L|L|I|I|I|",00AB22010043DF500000060000004100720061006E0067006F0000000200C4000000AC22010036DF500000050000004C00F300700065007A0000000200C4000000AD22010031DF500000070000004300690063006800650072006F0000000200C4000000AE220100295A0B00000600000052006900760065007200610000000200C4000000AF22010016AA860000090000004300610072006100620061006C006C006F0000000200C4000000B022010002E1500000060000004D006500640069006E00610000000200C4000000B12201002ADF500000060000004300680061006300F3006E0000000200C4000000B2220100A5D80100000800000055007200640061006E0065007400610000000200C4000000B3220100D1940D0000070000004A0069006D00E9006E0065007A0000000200C4000000B4220100A9D801000007000000450073007400E900760065007A0000000200C4000000B522010015E15000000400000059006F007200690000000200C4000000B622010031E05000000A0000004D
"Édson Araújo",308345,50176,319,"SC Corinthians Paulista",NORMAL,INTERNAL_PERSON_ID,50176,0x005B472E,False,-1,-1,39,33,9BB03F89C93A258F,"I|B|L|L|L|L|L|L|L|L|L|L|REF|L|L|I|I|I|I|B|L|L|L|L|L|L|L|S|L|L|L|S|B|I|I|I|",DF500000050000004C00F300700065007A0000000200C4000000AD22010031DF500000070000004300690063006800650072006F0000000200C4000000AE220100295A0B00000600000052006900760065007200610000000200C4000000AF22010016AA860000090000004300610072006100620061006C006C006F0000000200C4000000B022010002E1500000060000004D006500640069006E00610000000200C4000000B12201002ADF500000060000004300680061006300F3006E0000000200C4000000B2220100A5D80100000800000055007200640061006E0065007400610000000200C4000000B3220100D1940D0000070000004A0069006D00E9006E0065007A0000000200C4000000B4220100A9D801000007000000450073007400E900760065007A0000000200C4000000B522010015E15000000400000059006F007200690000000200C4000000B622010031E05000000A0000004D0065006100200056006900740061006C00690000000200C4000000B72201009A980E00000A0000
"Édson Araújo",308345,50176,319,"SC Corinthians Paulista",NORMAL,INTERNAL_PERSON_ID,50176,0x005B474F,False,-1,-1,33,33,5ACD46839828C91C,"I|I|I|I|B|I|I|S|L|L|L|L|REF|L|L|I|I|I|L|B|L|L|L|L|L|L|L|L|S|L|L|L|S|B|I|L|",0000070000004300690063006800650072006F0000000200C4000000AE220100295A0B00000600000052006900760065007200610000000200C4000000AF22010016AA860000090000004300610072006100620061006C006C006F0000000200C4000000B022010002E1500000060000004D006500640069006E00610000000200C4000000B12201002ADF500000060000004300680061006300F3006E0000000200C4000000B2220100A5D80100000800000055007200640061006E0065007400610000000200C4000000B3220100D1940D0000070000004A0069006D00E9006E0065007A0000000200C4000000B4220100A9D801000007000000450073007400E900760065007A0000000200C4000000B522010015E15000000400000059006F007200690000000200C4000000B622010031E05000000A0000004D0065006100200056006900740061006C00690000000200C4000000B72201009A980E00000A0000006400650020004F0072006E0065006C006100730000000100C4000000B8220100
"Édson Araújo",308345,50176,319,"SC Corinthians Paulista",NORMAL,INTERNAL_PERSON_ID,50176,0x005B4770,False,-1,-1,33,37,1BD119AE37C7B38D,"I|I|I|I|B|I|I|S|L|L|L|L|REF|L|L|I|I|I|I|I|B|L|L|L|L|L|L|L|L|L|S|L|L|I|I|I|",5A0B00000600000052006900760065007200610000000200C4000000AF22010016AA860000090000004300610072006100620061006C006C006F0000000200C4000000B022010002E1500000060000004D006500640069006E00610000000200C4000000B12201002ADF500000060000004300680061006300F3006E0000000200C4000000B2220100A5D80100000800000055007200640061006E0065007400610000000200C4000000B3220100D1940D0000070000004A0069006D00E9006E0065007A0000000200C4000000B4220100A9D801000007000000450073007400E900760065007A0000000200C4000000B522010015E15000000400000059006F007200690000000200C4000000B622010031E05000000A0000004D0065006100200056006900740061006C00690000000200C4000000B72201009A980E00000A0000006400650020004F0072006E0065006C006100730000000100C4000000B8220100B3D801000006000000530061006E0074006F00730000000100C4000000B9220100
"Édson Araújo",308345,50176,319,"SC Corinthians Paulista",NORMAL,INTERNAL_PERSON_ID,50176,0x005B4795,False,-1,-1,37,35,43094CA1127F1BF5,"I|I|I|B|I|I|S|L|L|L|L|L|REF|L|L|I|I|I|I|I|I|B|I|I|S|L|L|L|S|L|L|L|S|B|I|I|",090000004300610072006100620061006C006C006F0000000200C4000000B022010002E1500000060000004D006500640069006E00610000000200C4000000B12201002ADF500000060000004300680061006300F3006E0000000200C4000000B2220100A5D80100000800000055007200640061006E0065007400610000000200C4000000B3220100D1940D0000070000004A0069006D00E9006E0065007A0000000200C4000000B4220100A9D801000007000000450073007400E900760065007A0000000200C4000000B522010015E15000000400000059006F007200690000000200C4000000B622010031E05000000A0000004D0065006100200056006900740061006C00690000000200C4000000B72201009A980E00000A0000006400650020004F0072006E0065006C006100730000000100C4000000B8220100B3D801000006000000530061006E0074006F00730000000100C4000000B92201002FC40D0000080000004300E10073007300650072006500730000000100C4000000BA220100
"Édson Araújo",308345,50176,319,"SC Corinthians Paulista",NORMAL,INTERNAL_PERSON_ID,50176,0x005B47B8,False,-1,-1,35,35,87EFF15276FFC621,"I|I|B|L|L|L|L|L|L|L|L|L|REF|L|L|I|I|I|I|I|I|B|I|I|S|L|L|L|S|L|L|I|I|I|I|I|",E1500000060000004D006500640069006E00610000000200C4000000B12201002ADF500000060000004300680061006300F3006E0000000200C4000000B2220100A5D80100000800000055007200640061006E0065007400610000000200C4000000B3220100D1940D0000070000004A0069006D00E9006E0065007A0000000200C4000000B4220100A9D801000007000000450073007400E900760065007A0000000200C4000000B522010015E15000000400000059006F007200690000000200C4000000B622010031E05000000A0000004D0065006100200056006900740061006C00690000000200C4000000B72201009A980E00000A0000006400650020004F0072006E0065006C006100730000000100C4000000B8220100B3D801000006000000530061006E0074006F00730000000100C4000000B92201002FC40D0000080000004300E10073007300650072006500730000000100C4000000BA220100B2D8010000090000004D0061007200670069006F0074007400610000000100C4000000
"Édson Araújo",308345,50176,319,"SC Corinthians Paulista",NORMAL,INTERNAL_PERSON_ID,50176,0x005B47DB,False,-1,-1,35,29,B97F5FFF7E3A2D3B,"L|I|B|L|L|L|L|L|L|L|L|L|REF|L|L|I|I|I|B|L|L|L|L|L|L|L|L|L|S|L|L|L|S|B|I|I|",0000060000004300680061006300F3006E0000000200C4000000B2220100A5D80100000800000055007200640061006E0065007400610000000200C4000000B3220100D1940D0000070000004A0069006D00E9006E0065007A0000000200C4000000B4220100A9D801000007000000450073007400E900760065007A0000000200C4000000B522010015E15000000400000059006F007200690000000200C4000000B622010031E05000000A0000004D0065006100200056006900740061006C00690000000200C4000000B72201009A980E00000A0000006400650020004F0072006E0065006C006100730000000100C4000000B8220100B3D801000006000000530061006E0074006F00730000000100C4000000B92201002FC40D0000080000004300E10073007300650072006500730000000100C4000000BA220100B2D8010000090000004D0061007200670069006F0074007400610000000100C4000000BB2201000A2C0000000300000052006F00610000000100C4000000BC220100F3DF5000
"Édson Araújo",308345,50176,319,"SC Corinthians Paulista",NORMAL,INTERNAL_PERSON_ID,50176,0x005B47F8,False,-1,-1,29,41,8A0FF1B76C48E785,"I|I|I|I|I|B|I|I|S|L|L|L|REF|L|L|I|I|I|I|I|I|B|L|L|L|L|L|L|L|L|L|S|L|L|L|S|",00A5D80100000800000055007200640061006E0065007400610000000200C4000000B3220100D1940D0000070000004A0069006D00E9006E0065007A0000000200C4000000B4220100A9D801000007000000450073007400E900760065007A0000000200C4000000B522010015E15000000400000059006F007200690000000200C4000000B622010031E05000000A0000004D0065006100200056006900740061006C00690000000200C4000000B72201009A980E00000A0000006400650020004F0072006E0065006C006100730000000100C4000000B8220100B3D801000006000000530061006E0074006F00730000000100C4000000B92201002FC40D0000080000004300E10073007300650072006500730000000100C4000000BA220100B2D8010000090000004D0061007200670069006F0074007400610000000100C4000000BB2201000A2C0000000300000052006F00610000000100C4000000BC220100F3DF50000004000000440075006E006F0000000100C4000000BD220100ACD80100
"Édson Araújo",308345,50176,319,"SC Corinthians Paulista",NORMAL,INTERNAL_PERSON_ID,50176,0x005B4821,False,-1,-1,41,41,90C724222C711123,"I|I|B|I|I|S|L|L|L|L|L|L|REF|L|L|I|I|I|I|I|I|B|L|L|L|L|L|L|L|S|L|L|L|S|B|L|",0000070000004A0069006D00E9006E0065007A0000000200C4000000B4220100A9D801000007000000450073007400E900760065007A0000000200C4000000B522010015E15000000400000059006F007200690000000200C4000000B622010031E05000000A0000004D0065006100200056006900740061006C00690000000200C4000000B72201009A980E00000A0000006400650020004F0072006E0065006C006100730000000100C4000000B8220100B3D801000006000000530061006E0074006F00730000000100C4000000B92201002FC40D0000080000004300E10073007300650072006500730000000100C4000000BA220100B2D8010000090000004D0061007200670069006F0074007400610000000100C4000000BB2201000A2C0000000300000052006F00610000000100C4000000BC220100F3DF50000004000000440075006E006F0000000100C4000000BD220100ACD8010000080000004200690064006F0067006C0069006F0000000100C4000000BE220100ABD8010000060000
"Édson Araújo",308345,50176,319,"SC Corinthians Paulista",NORMAL,INTERNAL_PERSON_ID,50176,0x005B484A,False,-1,-1,41,33,512ECDA6F7CB9D87,"I|I|B|I|I|S|L|L|L|L|L|L|REF|L|L|I|I|I|I|B|L|L|L|L|L|L|L|L|S|L|L|L|S|B|I|I|",450073007400E900760065007A0000000200C4000000B522010015E15000000400000059006F007200690000000200C4000000B622010031E05000000A0000004D0065006100200056006900740061006C00690000000200C4000000B72201009A980E00000A0000006400650020004F0072006E0065006C006100730000000100C4000000B8220100B3D801000006000000530061006E0074006F00730000000100C4000000B92201002FC40D0000080000004300E10073007300650072006500730000000100C4000000BA220100B2D8010000090000004D0061007200670069006F0074007400610000000100C4000000BB2201000A2C0000000300000052006F00610000000100C4000000BC220100F3DF50000004000000440075006E006F0000000100C4000000BD220100ACD8010000080000004200690064006F0067006C0069006F0000000100C4000000BE220100ABD8010000060000004D0061006E007A007500720000000100C4000000BF220100F1DF5000000500000052006F006A0061
"Édson Araújo",308345,50176,319,"SC Corinthians Paulista",NORMAL,INTERNAL_PERSON_ID,50176,0x005B486B,False,-1,-1,33,37,7AEAF3F3E792138D,"I|I|I|I|B|I|I|S|L|L|L|L|REF|L|L|I|I|I|I|I|B|L|L|L|L|L|L|L|L|L|L|S|L|I|I|I|",000059006F007200690000000200C4000000B622010031E05000000A0000004D0065006100200056006900740061006C00690000000200C4000000B72201009A980E00000A0000006400650020004F0072006E0065006C006100730000000100C4000000B8220100B3D801000006000000530061006E0074006F00730000000100C4000000B92201002FC40D0000080000004300E10073007300650072006500730000000100C4000000BA220100B2D8010000090000004D0061007200670069006F0074007400610000000100C4000000BB2201000A2C0000000300000052006F00610000000100C4000000BC220100F3DF50000004000000440075006E006F0000000100C4000000BD220100ACD8010000080000004200690064006F0067006C0069006F0000000100C4000000BE220100ABD8010000060000004D0061006E007A007500720000000100C4000000BF220100F1DF5000000500000052006F006A006100730000000100C4000000C0220100A8D8010000080000004D00630049006E0074
"Édson Araújo",308345,50176,319,"SC Corinthians Paulista",NORMAL,INTERNAL_PERSON_ID,50176,0x005B4890,False,-1,-1,37,39,3C3811143614F76D,"I|I|I|B|I|I|S|L|L|L|L|L|REF|L|L|I|I|I|I|I|I|I|B|I|S|S|L|S|L|L|L|S|B|I|I|I|",200056006900740061006C00690000000200C4000000B72201009A980E00000A0000006400650020004F0072006E0065006C006100730000000100C4000000B8220100B3D801000006000000530061006E0074006F00730000000100C4000000B92201002FC40D0000080000004300E10073007300650072006500730000000100C4000000BA220100B2D8010000090000004D0061007200670069006F0074007400610000000100C4000000BB2201000A2C0000000300000052006F00610000000100C4000000BC220100F3DF50000004000000440075006E006F0000000100C4000000BD220100ACD8010000080000004200690064006F0067006C0069006F0000000100C4000000BE220100ABD8010000060000004D0061006E007A007500720000000100C4000000BF220100F1DF5000000500000052006F006A006100730000000100C4000000C0220100A8D8010000080000004D00630049006E0074006F007300680000000100C4000000C1220100A7D8010000050000004200720061006E0064
"Édson Araújo",308345,50176,319,"SC Corinthians Paulista",NORMAL,INTERNAL_PERSON_ID,50176,0x005B48B7,False,-1,-1,39,27,406EA636CEF11270,"I|B|L|L|L|L|L|L|L|L|L|L|REF|L|I|I|I|I|I|B|I|I|S|L|L|L|S|L|L|I|I|I|I|I|B|L|",20004F0072006E0065006C006100730000000100C4000000B8220100B3D801000006000000530061006E0074006F00730000000100C4000000B92201002FC40D0000080000004300E10073007300650072006500730000000100C4000000BA220100B2D8010000090000004D0061007200670069006F0074007400610000000100C4000000BB2201000A2C0000000300000052006F00610000000100C4000000BC220100F3DF50000004000000440075006E006F0000000100C4000000BD220100ACD8010000080000004200690064006F0067006C0069006F0000000100C4000000BE220100ABD8010000060000004D0061006E007A007500720000000100C4000000BF220100F1DF5000000500000052006F006A006100730000000100C4000000C0220100A8D8010000080000004D00630049006E0074006F007300680000000100C4000000C1220100A7D8010000050000004200720061006E00640000000100C4000000C2220100F0DF500000070000005000650072006500690072006100000001
"Édson Araújo",308345,50176,319,"SC Corinthians Paulista",NORMAL,INTERNAL_PERSON_ID,50176,0x005B48D2,False,-1,-1,27,29,B2B097E4B4570DA2,"I|I|I|I|B|L|L|L|L|L|L|L|REF|L|L|I|I|I|B|L|L|L|L|L|L|L|L|S|L|L|L|S|B|I|I|I|",00B3D801000006000000530061006E0074006F00730000000100C4000000B92201002FC40D0000080000004300E10073007300650072006500730000000100C4000000BA220100B2D8010000090000004D0061007200670069006F0074007400610000000100C4000000BB2201000A2C0000000300000052006F00610000000100C4000000BC220100F3DF50000004000000440075006E006F0000000100C4000000BD220100ACD8010000080000004200690064006F0067006C0069006F0000000100C4000000BE220100ABD8010000060000004D0061006E007A007500720000000100C4000000BF220100F1DF5000000500000052006F006A006100730000000100C4000000C0220100A8D8010000080000004D00630049006E0074006F007300680000000100C4000000C1220100A7D8010000050000004200720061006E00640000000100C4000000C2220100F0DF50000007000000500065007200650069007200610000000100C4000000C322010022424000000700000053006F0063006F0072
"Édson Araújo",308345,50176,319,"SC Corinthians Paulista",NORMAL,INTERNAL_PERSON_ID,50176,0x005B48EF,False,-1,-1,29,37,E7CF2542CA41675F,"I|I|I|I|I|B|I|I|S|L|L|L|REF|L|L|I|I|I|I|I|B|L|L|L|L|L|L|L|S|L|L|L|S|B|I|I|",00B92201002FC40D0000080000004300E10073007300650072006500730000000100C4000000BA220100B2D8010000090000004D0061007200670069006F0074007400610000000100C4000000BB2201000A2C0000000300000052006F00610000000100C4000000BC220100F3DF50000004000000440075006E006F0000000100C4000000BD220100ACD8010000080000004200690064006F0067006C0069006F0000000100C4000000BE220100ABD8010000060000004D0061006E007A007500720000000100C4000000BF220100F1DF5000000500000052006F006A006100730000000100C4000000C0220100A8D8010000080000004D00630049006E0074006F007300680000000100C4000000C1220100A7D8010000050000004200720061006E00640000000100C4000000C2220100F0DF50000007000000500065007200650069007200610000000100C4000000C322010022424000000700000053006F0063006F00720072006F0000000100C4000000C4220100872F40000008000000500072
"Édson Araújo",308345,50176,319,"SC Corinthians Paulista",NORMAL,INTERNAL_PERSON_ID,50176,0x005B4914,False,-1,-1,37,33,EC99C1CBD64478F5,"I|I|I|B|I|I|S|L|L|L|L|L|REF|L|L|I|I|I|I|B|L|L|L|L|L|L|L|L|S|L|L|I|I|I|I|I|",00BA220100B2D8010000090000004D0061007200670069006F0074007400610000000100C4000000BB2201000A2C0000000300000052006F00610000000100C4000000BC220100F3DF50000004000000440075006E006F0000000100C4000000BD220100ACD8010000080000004200690064006F0067006C0069006F0000000100C4000000BE220100ABD8010000060000004D0061006E007A007500720000000100C4000000BF220100F1DF5000000500000052006F006A006100730000000100C4000000C0220100A8D8010000080000004D00630049006E0074006F007300680000000100C4000000C1220100A7D8010000050000004200720061006E00640000000100C4000000C2220100F0DF50000007000000500065007200650069007200610000000100C4000000C322010022424000000700000053006F0063006F00720072006F0000000100C4000000C4220100872F40000008000000500072006500730069006C006C00610000000100C4000000C522010020DF5000000700000054006F
"Édson Araújo",308345,50176,319,"SC Corinthians Paulista",NORMAL,INTERNAL_PERSON_ID,50176,0x005B4935,False,-1,-1,33,31,0A5BD85D31E1567D,"I|I|I|I|B|I|I|S|L|L|L|L|REF|L|L|I|I|I|I|I|B|I|I|S|L|L|L|L|L|S|L|L|I|I|I|I|",000100C4000000BB2201000A2C0000000300000052006F00610000000100C4000000BC220100F3DF50000004000000440075006E006F0000000100C4000000BD220100ACD8010000080000004200690064006F0067006C0069006F0000000100C4000000BE220100ABD8010000060000004D0061006E007A007500720000000100C4000000BF220100F1DF5000000500000052006F006A006100730000000100C4000000C0220100A8D8010000080000004D00630049006E0074006F007300680000000100C4000000C1220100A7D8010000050000004200720061006E00640000000100C4000000C2220100F0DF50000007000000500065007200650069007200610000000100C4000000C322010022424000000700000053006F0063006F00720072006F0000000100C4000000C4220100872F40000008000000500072006500730069006C006C00610000000100C4000000C522010020DF5000000700000054006F007300630061006E006F0000000100C4000000C622010021DF5000000600000046
"Édson Araújo",308345,50176,319,"SC Corinthians Paulista",NORMAL,INTERNAL_PERSON_ID,50176,0x005B4954,False,-1,-1,31,37,F20346FFD352799C,"I|I|I|B|L|L|L|L|L|L|L|L|REF|L|L|I|I|I|I|I|B|L|L|L|L|L|L|L|L|S|L|L|I|I|I|I|",000000BC220100F3DF50000004000000440075006E006F0000000100C4000000BD220100ACD8010000080000004200690064006F0067006C0069006F0000000100C4000000BE220100ABD8010000060000004D0061006E007A007500720000000100C4000000BF220100F1DF5000000500000052006F006A006100730000000100C4000000C0220100A8D8010000080000004D00630049006E0074006F007300680000000100C4000000C1220100A7D8010000050000004200720061006E00640000000100C4000000C2220100F0DF50000007000000500065007200650069007200610000000100C4000000C322010022424000000700000053006F0063006F00720072006F0000000100C4000000C4220100872F40000008000000500072006500730069006C006C00610000000100C4000000C522010020DF5000000700000054006F007300630061006E006F0000000100C4000000C622010021DF50000006000000460069006C006F007300610000000100C4000000C722010022DF500000090000
"Édson Araújo",308345,50176,319,"SC Corinthians Paulista",NORMAL,INTERNAL_PERSON_ID,50176,0x005B4979,False,-1,-1,37,31,6F833380FD6AA0EA,"I|I|I|B|I|I|S|L|L|L|L|L|REF|L|L|I|I|I|I|I|B|I|I|S|L|L|L|S|L|L|L|S|B|I|I|I|",D8010000080000004200690064006F0067006C0069006F0000000100C4000000BE220100ABD8010000060000004D0061006E007A007500720000000100C4000000BF220100F1DF5000000500000052006F006A006100730000000100C4000000C0220100A8D8010000080000004D00630049006E0074006F007300680000000100C4000000C1220100A7D8010000050000004200720061006E00640000000100C4000000C2220100F0DF50000007000000500065007200650069007200610000000100C4000000C322010022424000000700000053006F0063006F00720072006F0000000100C4000000C4220100872F40000008000000500072006500730069006C006C00610000000100C4000000C522010020DF5000000700000054006F007300630061006E006F0000000100C4000000C622010021DF50000006000000460069006C006F007300610000000100C4000000C722010022DF5000000900000050006C006100730065006E0063006900610000000100C4000000C822010024DF50000005
"Édson Araújo",308345,50176,319,"SC Corinthians Paulista",NORMAL,INTERNAL_PERSON_ID,50176,0x005B4998,False,-1,-1,31,35,523FAC6F14F58ACC,"I|I|I|B|L|L|L|L|L|L|L|L|REF|L|L|I|I|I|I|I|I|B|I|I|S|L|L|L|S|L|L|L|S|B|I|I|",00BE220100ABD8010000060000004D0061006E007A007500720000000100C4000000BF220100F1DF5000000500000052006F006A006100730000000100C4000000C0220100A8D8010000080000004D00630049006E0074006F007300680000000100C4000000C1220100A7D8010000050000004200720061006E00640000000100C4000000C2220100F0DF50000007000000500065007200650069007200610000000100C4000000C322010022424000000700000053006F0063006F00720072006F0000000100C4000000C4220100872F40000008000000500072006500730069006C006C00610000000100C4000000C522010020DF5000000700000054006F007300630061006E006F0000000100C4000000C622010021DF50000006000000460069006C006F007300610000000100C4000000C722010022DF5000000900000050006C006100730065006E0063006900610000000100C4000000C822010024DF500000050000004200610065006E00610000000100C4000000C922010026DF50000004
"Édson Araújo",308345,50176,319,"SC Corinthians Paulista",NORMAL,INTERNAL_PERSON_ID,50176,0x005B49BB,False,-1,-1,35,35,4112AC0468D489DA,"I|I|B|L|L|L|L|L|L|L|L|L|REF|L|L|I|I|I|I|I|I|B|I|I|S|L|L|L|L|L|S|L|L|I|I|I|",220100F1DF5000000500000052006F006A006100730000000100C4000000C0220100A8D8010000080000004D00630049006E0074006F007300680000000100C4000000C1220100A7D8010000050000004200720061006E00640000000100C4000000C2220100F0DF50000007000000500065007200650069007200610000000100C4000000C322010022424000000700000053006F0063006F00720072006F0000000100C4000000C4220100872F40000008000000500072006500730069006C006C00610000000100C4000000C522010020DF5000000700000054006F007300630061006E006F0000000100C4000000C622010021DF50000006000000460069006C006F007300610000000100C4000000C722010022DF5000000900000050006C006100730065006E0063006900610000000100C4000000C822010024DF500000050000004200610065006E00610000000100C4000000C922010026DF5000000400000054006F0079006F0000000100C4000000CA22010027DF5000000900000042006F
"Édson Araújo",308345,50176,319,"SC Corinthians Paulista",NORMAL,INTERNAL_PERSON_ID,50176,0x005B49DE,False,-1,-1,35,37,EB17B80AE3E4DA57,"I|I|B|L|L|L|L|L|L|L|L|L|REF|L|L|I|I|I|I|I|B|L|L|L|L|L|L|L|L|L|S|L|L|I|I|I|",D8010000080000004D00630049006E0074006F007300680000000100C4000000C1220100A7D8010000050000004200720061006E00640000000100C4000000C2220100F0DF50000007000000500065007200650069007200610000000100C4000000C322010022424000000700000053006F0063006F00720072006F0000000100C4000000C4220100872F40000008000000500072006500730069006C006C00610000000100C4000000C522010020DF5000000700000054006F007300630061006E006F0000000100C4000000C622010021DF50000006000000460069006C006F007300610000000100C4000000C722010022DF5000000900000050006C006100730065006E0063006900610000000100C4000000C822010024DF500000050000004200610065006E00610000000100C4000000C922010026DF5000000400000054006F0079006F0000000100C4000000CA22010027DF5000000900000042006F00720067006F00730061006E006F0000000100C4000000CB220100EFDF500000070000
"Édson Araújo",308345,50176,319,"SC Corinthians Paulista",NORMAL,INTERNAL_PERSON_ID,50176,0x005B4A03,False,-1,-1,37,35,2630B5CFB87DDE0A,"I|I|I|B|I|I|S|L|L|L|L|L|REF|L|L|I|I|I|I|I|I|B|I|I|S|L|L|L|L|S|L|L|I|I|I|I|",D8010000050000004200720061006E00640000000100C4000000C2220100F0DF50000007000000500065007200650069007200610000000100C4000000C322010022424000000700000053006F0063006F00720072006F0000000100C4000000C4220100872F40000008000000500072006500730069006C006C00610000000100C4000000C522010020DF5000000700000054006F007300630061006E006F0000000100C4000000C622010021DF50000006000000460069006C006F007300610000000100C4000000C722010022DF5000000900000050006C006100730065006E0063006900610000000100C4000000C822010024DF500000050000004200610065006E00610000000100C4000000C922010026DF5000000400000054006F0079006F0000000100C4000000CA22010027DF5000000900000042006F00720067006F00730061006E006F0000000100C4000000CB220100EFDF50000007000000420065006E0063006F006D006F0000000100C4000000CC2201002BDF5000000800000050
"Édson Araújo",308345,50176,319,"SC Corinthians Paulista",NORMAL,INTERNAL_PERSON_ID,50176,0x005B4A26,False,-1,-1,35,33,539B8065DD059D72,"I|I|B|L|L|L|L|L|L|L|L|L|REF|L|L|I|I|I|I|B|L|L|L|L|L|L|L|L|L|L|S|L|L|I|I|I|",07000000500065007200650069007200610000000100C4000000C322010022424000000700000053006F0063006F00720072006F0000000100C4000000C4220100872F40000008000000500072006500730069006C006C00610000000100C4000000C522010020DF5000000700000054006F007300630061006E006F0000000100C4000000C622010021DF50000006000000460069006C006F007300610000000100C4000000C722010022DF5000000900000050006C006100730065006E0063006900610000000100C4000000C822010024DF500000050000004200610065006E00610000000100C4000000C922010026DF5000000400000054006F0079006F0000000100C4000000CA22010027DF5000000900000042006F00720067006F00730061006E006F0000000100C4000000CB220100EFDF50000007000000420065006E0063006F006D006F0000000100C4000000CC2201002BDF5000000800000050006100630069006F00630063006F0000000100C4000000CD22010057C10C0000090000
"Édson Araújo",308345,50176,319,"SC Corinthians Paulista",NORMAL,INTERNAL_PERSON_ID,50176,0x005B4A47,False,-1,-1,33,39,E321D8EF79872AFC,"I|I|I|I|B|I|I|S|L|L|L|L|REF|L|L|I|I|I|I|I|I|I|B|I|I|S|L|L|S|L|L|L|S|B|I|I|",00000700000053006F0063006F00720072006F0000000100C4000000C4220100872F40000008000000500072006500730069006C006C00610000000100C4000000C522010020DF5000000700000054006F007300630061006E006F0000000100C4000000C622010021DF50000006000000460069006C006F007300610000000100C4000000C722010022DF5000000900000050006C006100730065006E0063006900610000000100C4000000C822010024DF500000050000004200610065006E00610000000100C4000000C922010026DF5000000400000054006F0079006F0000000100C4000000CA22010027DF5000000900000042006F00720067006F00730061006E006F0000000100C4000000CB220100EFDF50000007000000420065006E0063006F006D006F0000000100C4000000CC2201002BDF5000000800000050006100630069006F00630063006F0000000100C4000000CD22010057C10C000009000000430061006D006100720069006E006800610000000100C4000000CE220100895E
"Édson Araújo",308345,50176,319,"SC Corinthians Paulista",NORMAL,INTERNAL_PERSON_ID,50176,0x005B4A6E,False,-1,-1,39,31,83DDAB483713AE58,"I|B|L|L|L|L|L|L|L|L|L|L|REF|L|L|I|I|I|I|I|B|I|I|S|L|L|L|S|L|L|I|I|I|I|I|I|",0000500072006500730069006C006C00610000000100C4000000C522010020DF5000000700000054006F007300630061006E006F0000000100C4000000C622010021DF50000006000000460069006C006F007300610000000100C4000000C722010022DF5000000900000050006C006100730065006E0063006900610000000100C4000000C822010024DF500000050000004200610065006E00610000000100C4000000C922010026DF5000000400000054006F0079006F0000000100C4000000CA22010027DF5000000900000042006F00720067006F00730061006E006F0000000100C4000000CB220100EFDF50000007000000420065006E0063006F006D006F0000000100C4000000CC2201002BDF5000000800000050006100630069006F00630063006F0000000100C4000000CD22010057C10C000009000000430061006D006100720069006E006800610000000100C4000000CE220100895E0B00000500000053006F0075007300610000000100C4000000CF220100F1590B00000700000053
"Édson Araújo",308345,50176,319,"SC Corinthians Paulista",NORMAL,INTERNAL_PERSON_ID,50176,0x005B4A8D,False,-1,-1,31,29,99DAF72B72F9812C,"I|I|I|B|L|L|L|L|L|L|L|L|REF|L|L|I|I|I|B|L|L|L|L|L|L|L|L|L|L|S|L|L|I|I|I|I|",DF5000000700000054006F007300630061006E006F0000000100C4000000C622010021DF50000006000000460069006C006F007300610000000100C4000000C722010022DF5000000900000050006C006100730065006E0063006900610000000100C4000000C822010024DF500000050000004200610065006E00610000000100C4000000C922010026DF5000000400000054006F0079006F0000000100C4000000CA22010027DF5000000900000042006F00720067006F00730061006E006F0000000100C4000000CB220100EFDF50000007000000420065006E0063006F006D006F0000000100C4000000CC2201002BDF5000000800000050006100630069006F00630063006F0000000100C4000000CD22010057C10C000009000000430061006D006100720069006E006800610000000100C4000000CE220100895E0B00000500000053006F0075007300610000000100C4000000CF220100F1590B000007000000530074006900660061006E006F0000000100C4000000D022010033DF50000008
"Édson Araújo",308345,50176,319,"SC Corinthians Paulista",NORMAL,INTERNAL_PERSON_ID,50176,0x005B4AAA,False,-1,-1,29,39,06D68071CD25E65A,"I|I|I|I|I|B|I|I|S|L|L|L|REF|L|L|I|I|I|I|I|I|I|B|I|I|S|L|L|L|S|L|L|L|S|B|I|",00C622010021DF50000006000000460069006C006F007300610000000100C4000000C722010022DF5000000900000050006C006100730065006E0063006900610000000100C4000000C822010024DF500000050000004200610065006E00610000000100C4000000C922010026DF5000000400000054006F0079006F0000000100C4000000CA22010027DF5000000900000042006F00720067006F00730061006E006F0000000100C4000000CB220100EFDF50000007000000420065006E0063006F006D006F0000000100C4000000CC2201002BDF5000000800000050006100630069006F00630063006F0000000100C4000000CD22010057C10C000009000000430061006D006100720069006E006800610000000100C4000000CE220100895E0B00000500000053006F0075007300610000000100C4000000CF220100F1590B000007000000530074006900660061006E006F0000000100C4000000D022010033DF500000080000004600650072007200650069007200610000000100C4000000D122
"Édson Araújo",308345,50176,319,"SC Corinthians Paulista",NORMAL,INTERNAL_PERSON_ID,50176,0x005B4AD1,False,-1,-1,39,35,7A31C70E06BA411A,"I|B|L|L|L|L|L|L|L|L|L|L|REF|L|L|I|I|I|I|I|I|B|I|I|S|L|L|L|L|L|S|L|L|I|I|I|",DF5000000900000050006C006100730065006E0063006900610000000100C4000000C822010024DF500000050000004200610065006E00610000000100C4000000C922010026DF5000000400000054006F0079006F0000000100C4000000CA22010027DF5000000900000042006F00720067006F00730061006E006F0000000100C4000000CB220100EFDF50000007000000420065006E0063006F006D006F0000000100C4000000CC2201002BDF5000000800000050006100630069006F00630063006F0000000100C4000000CD22010057C10C000009000000430061006D006100720069006E006800610000000100C4000000CE220100895E0B00000500000053006F0075007300610000000100C4000000CF220100F1590B000007000000530074006900660061006E006F0000000100C4000000D022010033DF500000080000004600650072007200650069007200610000000100C4000000D122010034DF5000000700000047006900720061006C0064006F0000000100C4000000D222010035DF
"Édson Araújo",308345,50176,319,"SC Corinthians Paulista",NORMAL,INTERNAL_PERSON_ID,50176,0x005B4AF4,False,-1,-1,35,37,7934226FEB5FE1BA,"I|I|B|L|L|L|L|L|L|L|L|L|REF|L|L|I|I|I|I|I|B|L|L|L|L|L|L|L|L|L|L|S|L|L|I|I|",22010024DF500000050000004200610065006E00610000000100C4000000C922010026DF5000000400000054006F0079006F0000000100C4000000CA22010027DF5000000900000042006F00720067006F00730061006E006F0000000100C4000000CB220100EFDF50000007000000420065006E0063006F006D006F0000000100C4000000CC2201002BDF5000000800000050006100630069006F00630063006F0000000100C4000000CD22010057C10C000009000000430061006D006100720069006E006800610000000100C4000000CE220100895E0B00000500000053006F0075007300610000000100C4000000CF220100F1590B000007000000530074006900660061006E006F0000000100C4000000D022010033DF500000080000004600650072007200650069007200610000000100C4000000D122010034DF5000000700000047006900720061006C0064006F0000000100C4000000D222010035DF5000000500000047006F006D006500730000000100C4000000D3220100BC1C0B000005
"Édson Araújo",308345,50176,319,"SC Corinthians Paulista",NORMAL,INTERNAL_PERSON_ID,50176,0x005B4B19,False,-1,-1,37,39,A4079F6DF2F78963,"I|I|I|B|I|I|S|L|L|L|L|L|REF|L|L|I|I|I|I|I|I|I|B|I|I|S|L|L|S|L|L|L|S|B|I|I|",00000400000054006F0079006F0000000100C4000000CA22010027DF5000000900000042006F00720067006F00730061006E006F0000000100C4000000CB220100EFDF50000007000000420065006E0063006F006D006F0000000100C4000000CC2201002BDF5000000800000050006100630069006F00630063006F0000000100C4000000CD22010057C10C000009000000430061006D006100720069006E006800610000000100C4000000CE220100895E0B00000500000053006F0075007300610000000100C4000000CF220100F1590B000007000000530074006900660061006E006F0000000100C4000000D022010033DF500000080000004600650072007200650069007200610000000100C4000000D122010034DF5000000700000047006900720061006C0064006F0000000100C4000000D222010035DF5000000500000047006F006D006500730000000100C4000000D3220100BC1C0B000005000000520061006D006F00730000000100C4000000D422010037DF50000004000000490073
"Édson Araújo",308345,50176,319,"SC Corinthians Paulista",NORMAL,INTERNAL_PERSON_ID,50176,0x005B4B40,False,-1,-1,39,31,04D2F3C0A340CFD8,"I|B|L|L|L|L|L|L|L|L|L|L|REF|L|L|I|I|I|I|I|B|I|I|S|L|L|L|S|L|L|L|S|B|I|I|I|",720067006F00730061006E006F0000000100C4000000CB220100EFDF50000007000000420065006E0063006F006D006F0000000100C4000000CC2201002BDF5000000800000050006100630069006F00630063006F0000000100C4000000CD22010057C10C000009000000430061006D006100720069006E006800610000000100C4000000CE220100895E0B00000500000053006F0075007300610000000100C4000000CF220100F1590B000007000000530074006900660061006E006F0000000100C4000000D022010033DF500000080000004600650072007200650069007200610000000100C4000000D122010034DF5000000700000047006900720061006C0064006F0000000100C4000000D222010035DF5000000500000047006F006D006500730000000100C4000000D3220100BC1C0B000005000000520061006D006F00730000000100C4000000D422010037DF50000004000000490073006500610000000100C4000000D522010038DF50000009000000480065006E007200ED00710075
"Édson Araújo",308345,50176,319,"SC Corinthians Paulista",NORMAL,INTERNAL_PERSON_ID,50176,0x005B4B5F,False,-1,-1,31,35,3307F356A78C988E,"I|I|I|B|L|L|L|L|L|L|L|L|REF|L|L|I|I|I|I|I|I|B|I|I|S|L|L|L|L|L|S|L|L|I|I|I|",07000000420065006E0063006F006D006F0000000100C4000000CC2201002BDF5000000800000050006100630069006F00630063006F0000000100C4000000CD22010057C10C000009000000430061006D006100720069006E006800610000000100C4000000CE220100895E0B00000500000053006F0075007300610000000100C4000000CF220100F1590B000007000000530074006900660061006E006F0000000100C4000000D022010033DF500000080000004600650072007200650069007200610000000100C4000000D122010034DF5000000700000047006900720061006C0064006F0000000100C4000000D222010035DF5000000500000047006F006D006500730000000100C4000000D3220100BC1C0B000005000000520061006D006F00730000000100C4000000D422010037DF50000004000000490073006500610000000100C4000000D522010038DF50000009000000480065006E007200ED007100750065007A0000000100C4000000D62201003CDF5000000600000052006F006E
"Édson Araújo",308345,50176,319,"SC Corinthians Paulista",NORMAL,INTERNAL_PERSON_ID,50176,0x005B4B82,False,-1,-1,35,37,EB17B80AE3E4DA57,"I|I|B|L|L|L|L|L|L|L|L|L|REF|L|L|I|I|I|I|I|B|L|L|L|L|L|L|L|L|L|S|L|L|I|I|I|",0800000050006100630069006F00630063006F0000000100C4000000CD22010057C10C000009000000430061006D006100720069006E006800610000000100C4000000CE220100895E0B00000500000053006F0075007300610000000100C4000000CF220100F1590B000007000000530074006900660061006E006F0000000100C4000000D022010033DF500000080000004600650072007200650069007200610000000100C4000000D122010034DF5000000700000047006900720061006C0064006F0000000100C4000000D222010035DF5000000500000047006F006D006500730000000100C4000000D3220100BC1C0B000005000000520061006D006F00730000000100C4000000D422010037DF50000004000000490073006500610000000100C4000000D522010038DF50000009000000480065006E007200ED007100750065007A0000000100C4000000D62201003CDF5000000600000052006F006E006400F3006E0000000100C4000000D72201003DDF5000000B0000005000E10065007A
"Édson Araújo",308345,50176,319,"SC Corinthians Paulista",NORMAL,INTERNAL_PERSON_ID,50176,0x005B4BA7,False,-1,-1,37,35,935ADCB4278AEDBB,"I|I|I|B|I|I|S|L|L|L|L|L|REF|L|L|I|I|I|I|I|I|B|I|I|S|L|L|S|L|L|L|S|B|I|I|B|",09000000430061006D006100720069006E006800610000000100C4000000CE220100895E0B00000500000053006F0075007300610000000100C4000000CF220100F1590B000007000000530074006900660061006E006F0000000100C4000000D022010033DF500000080000004600650072007200650069007200610000000100C4000000D122010034DF5000000700000047006900720061006C0064006F0000000100C4000000D222010035DF5000000500000047006F006D006500730000000100C4000000D3220100BC1C0B000005000000520061006D006F00730000000100C4000000D422010037DF50000004000000490073006500610000000100C4000000D522010038DF50000009000000480065006E007200ED007100750065007A0000000100C4000000D62201003CDF5000000600000052006F006E006400F3006E0000000100C4000000D72201003DDF5000000B0000005000E10065007A0020004D006F006E007A00F3006E0000000100C4000000D82201003EDF5000000900000041
"Édson Araújo",308345,50176,319,"SC Corinthians Paulista",NORMAL,INTERNAL_PERSON_ID,50176,0x005B4BCA,False,-1,-1,35,31,8248012F23508766,"I|I|B|L|L|L|L|L|L|L|L|L|REF|L|L|I|I|I|I|I|B|I|I|S|L|L|S|L|L|L|S|B|I|I|I|B|",5E0B00000500000053006F0075007300610000000100C4000000CF220100F1590B000007000000530074006900660061006E006F0000000100C4000000D022010033DF500000080000004600650072007200650069007200610000000100C4000000D122010034DF5000000700000047006900720061006C0064006F0000000100C4000000D222010035DF5000000500000047006F006D006500730000000100C4000000D3220100BC1C0B000005000000520061006D006F00730000000100C4000000D422010037DF50000004000000490073006500610000000100C4000000D522010038DF50000009000000480065006E007200ED007100750065007A0000000100C4000000D62201003CDF5000000600000052006F006E006400F3006E0000000100C4000000D72201003DDF5000000B0000005000E10065007A0020004D006F006E007A00F3006E0000000100C4000000D82201003EDF5000000900000041006E00670065006C00750063006300690000000100C4000000D922010003502F000007
"Édson Araújo",308345,50176,319,"SC Corinthians Paulista",NORMAL,INTERNAL_PERSON_ID,50176,0x005B4BE9,False,-1,-1,31,31,5D51EB570928F916,"I|I|I|B|L|L|L|L|L|L|L|L|REF|L|L|I|I|I|I|I|B|I|I|S|L|L|L|S|L|L|I|I|I|L|I|I|",590B000007000000530074006900660061006E006F0000000100C4000000D022010033DF500000080000004600650072007200650069007200610000000100C4000000D122010034DF5000000700000047006900720061006C0064006F0000000100C4000000D222010035DF5000000500000047006F006D006500730000000100C4000000D3220100BC1C0B000005000000520061006D006F00730000000100C4000000D422010037DF50000004000000490073006500610000000100C4000000D522010038DF50000009000000480065006E007200ED007100750065007A0000000100C4000000D62201003CDF5000000600000052006F006E006400F3006E0000000100C4000000D72201003DDF5000000B0000005000E10065007A0020004D006F006E007A00F3006E0000000100C4000000D82201003EDF5000000900000041006E00670065006C00750063006300690000000100C4000000D922010003502F000007000000470061007600690064006900610000000100C4000000DA22010044DF
"Édson Araújo",308345,50176,319,"SC Corinthians Paulista",NORMAL,INTERNAL_PERSON_ID,50176,0x005B4C08,False,-1,-1,31,29,12AB7892DF1B4219,"B|I|I|B|L|L|L|L|L|L|L|L|REF|L|L|I|I|I|B|L|L|L|L|L|L|L|L|L|L|S|L|L|I|I|I|L|",22010033DF500000080000004600650072007200650069007200610000000100C4000000D122010034DF5000000700000047006900720061006C0064006F0000000100C4000000D222010035DF5000000500000047006F006D006500730000000100C4000000D3220100BC1C0B000005000000520061006D006F00730000000100C4000000D422010037DF50000004000000490073006500610000000100C4000000D522010038DF50000009000000480065006E007200ED007100750065007A0000000100C4000000D62201003CDF5000000600000052006F006E006400F3006E0000000100C4000000D72201003DDF5000000B0000005000E10065007A0020004D006F006E007A00F3006E0000000100C4000000D82201003EDF5000000900000041006E00670065006C00750063006300690000000100C4000000D922010003502F000007000000470061007600690064006900610000000100C4000000DA22010044DF50000009000000560069006C006C00610066007200E1007A0000000100C400
"Édson Araújo",308345,50176,319,"SC Corinthians Paulista",NORMAL,INTERNAL_PERSON_ID,50176,0x005B4C25,False,-1,-1,29,39,1D960F3A63344CC4,"I|I|I|I|I|B|I|I|S|L|L|L|REF|L|L|I|I|I|L|I|I|I|B|I|I|S|L|L|L|L|S|L|L|I|I|I|",000100C4000000D122010034DF5000000700000047006900720061006C0064006F0000000100C4000000D222010035DF5000000500000047006F006D006500730000000100C4000000D3220100BC1C0B000005000000520061006D006F00730000000100C4000000D422010037DF50000004000000490073006500610000000100C4000000D522010038DF50000009000000480065006E007200ED007100750065007A0000000100C4000000D62201003CDF5000000600000052006F006E006400F3006E0000000100C4000000D72201003DDF5000000B0000005000E10065007A0020004D006F006E007A00F3006E0000000100C4000000D82201003EDF5000000900000041006E00670065006C00750063006300690000000100C4000000D922010003502F000007000000470061007600690064006900610000000100C4000000DA22010044DF50000009000000560069006C006C00610066007200E1007A0000000100C4000000DB22010047DF5000000900000045006300680065006E0061007500
"Édson Araújo",308345,50176,319,"SC Corinthians Paulista",NORMAL,INTERNAL_PERSON_ID,50176,0x005B4C4C,False,-1,-1,39,33,EF05FAF18C4A85ED,"I|B|L|L|L|L|L|L|L|L|L|L|REF|L|L|I|I|I|L|B|L|L|L|L|L|L|L|L|L|L|L|S|L|L|I|I|",000000D222010035DF5000000500000047006F006D006500730000000100C4000000D3220100BC1C0B000005000000520061006D006F00730000000100C4000000D422010037DF50000004000000490073006500610000000100C4000000D522010038DF50000009000000480065006E007200ED007100750065007A0000000100C4000000D62201003CDF5000000600000052006F006E006400F3006E0000000100C4000000D72201003DDF5000000B0000005000E10065007A0020004D006F006E007A00F3006E0000000100C4000000D82201003EDF5000000900000041006E00670065006C00750063006300690000000100C4000000D922010003502F000007000000470061007600690064006900610000000100C4000000DA22010044DF50000009000000560069006C006C00610066007200E1007A0000000100C4000000DB22010047DF5000000900000045006300680065006E00610075007300690000000100C4000000DC22010049DF500000060000005600690065006C006D0061000000
"Édson Araújo",308345,50176,319,"SC Corinthians Paulista",NORMAL,INTERNAL_PERSON_ID,50176,0x005B4C6D,False,-1,-1,33,43,3F5D899C93E648AB,"L|I|I|I|B|I|I|S|L|L|L|L|REF|L|L|I|I|I|I|I|I|I|I|B|I|I|S|L|L|L|L|S|L|L|L|S|",00D3220100BC1C0B000005000000520061006D006F00730000000100C4000000D422010037DF50000004000000490073006500610000000100C4000000D522010038DF50000009000000480065006E007200ED007100750065007A0000000100C4000000D62201003CDF5000000600000052006F006E006400F3006E0000000100C4000000D72201003DDF5000000B0000005000E10065007A0020004D006F006E007A00F3006E0000000100C4000000D82201003EDF5000000900000041006E00670065006C00750063006300690000000100C4000000D922010003502F000007000000470061007600690064006900610000000100C4000000DA22010044DF50000009000000560069006C006C00610066007200E1007A0000000100C4000000DB22010047DF5000000900000045006300680065006E00610075007300690000000100C4000000DC22010049DF500000060000005600690065006C006D00610000000100C4000000DD2201004ADF500000070000004D0069006C0069006C006C006F00
"Édson Araújo",308345,50176,319,"SC Corinthians Paulista",NORMAL,INTERNAL_PERSON_ID,50176,0x005B4C98,False,-1,-1,43,39,EFBC4FE2735ACA42,"B|L|L|L|L|L|L|L|L|L|L|L|REF|L|L|I|I|I|I|I|I|I|B|I|I|S|L|L|L|S|L|L|L|S|B|I|",0000490073006500610000000100C4000000D522010038DF50000009000000480065006E007200ED007100750065007A0000000100C4000000D62201003CDF5000000600000052006F006E006400F3006E0000000100C4000000D72201003DDF5000000B0000005000E10065007A0020004D006F006E007A00F3006E0000000100C4000000D82201003EDF5000000900000041006E00670065006C00750063006300690000000100C4000000D922010003502F000007000000470061007600690064006900610000000100C4000000DA22010044DF50000009000000560069006C006C00610066007200E1007A0000000100C4000000DB22010047DF5000000900000045006300680065006E00610075007300690000000100C4000000DC22010049DF500000060000005600690065006C006D00610000000100C4000000DD2201004ADF500000070000004D0069006C0069006C006C006F0000000100C4000000DE2201004BDF500000060000004D00610064007200ED007A0000000100C4000000DF22
"Édson Araújo",308345,50176,319,"SC Corinthians Paulista",NORMAL,INTERNAL_PERSON_ID,50176,0x005B4CBF,False,-1,-1,39,35,6561184C04C677F4,"L|B|L|L|L|L|L|L|L|L|L|L|REF|L|L|I|I|I|I|I|I|B|I|I|S|L|L|L|L|S|L|L|L|S|B|I|",ED007100750065007A0000000100C4000000D62201003CDF5000000600000052006F006E006400F3006E0000000100C4000000D72201003DDF5000000B0000005000E10065007A0020004D006F006E007A00F3006E0000000100C4000000D82201003EDF5000000900000041006E00670065006C00750063006300690000000100C4000000D922010003502F000007000000470061007600690064006900610000000100C4000000DA22010044DF50000009000000560069006C006C00610066007200E1007A0000000100C4000000DB22010047DF5000000900000045006300680065006E00610075007300690000000100C4000000DC22010049DF500000060000005600690065006C006D00610000000100C4000000DD2201004ADF500000070000004D0069006C0069006C006C006F0000000100C4000000DE2201004BDF500000060000004D00610064007200ED007A0000000100C4000000DF2201004CDF500000040000005000E10065007A0000000100C4000000E02201004EDF500000060000
"Édson Araújo",308345,50176,319,"SC Corinthians Paulista",NORMAL,INTERNAL_PERSON_ID,50176,0x005B4CE2,False,-1,-1,35,39,921E0F3E994E5A13,"I|I|B|L|L|L|L|L|L|L|L|L|REF|L|L|I|I|I|I|I|I|I|B|I|I|S|L|L|L|L|S|L|L|L|S|B|",6E006400F3006E0000000100C4000000D72201003DDF5000000B0000005000E10065007A0020004D006F006E007A00F3006E0000000100C4000000D82201003EDF5000000900000041006E00670065006C00750063006300690000000100C4000000D922010003502F000007000000470061007600690064006900610000000100C4000000DA22010044DF50000009000000560069006C006C00610066007200E1007A0000000100C4000000DB22010047DF5000000900000045006300680065006E00610075007300690000000100C4000000DC22010049DF500000060000005600690065006C006D00610000000100C4000000DD2201004ADF500000070000004D0069006C0069006C006C006F0000000100C4000000DE2201004BDF500000060000004D00610064007200ED007A0000000100C4000000DF2201004CDF500000040000005000E10065007A0000000100C4000000E02201004EDF50000006000000430061007300740072006F0000000100C4000000E122010051DF5000000600000054
"Édson Araújo",308345,50176,319,"SC Corinthians Paulista",NORMAL,INTERNAL_PERSON_ID,50176,0x005B4D09,False,-1,-1,39,39,1143E68D5C7956DF,"I|B|L|L|L|L|L|L|L|L|L|L|REF|L|L|I|I|I|I|I|I|I|B|I|I|S|L|L|L|L|S|L|L|I|I|I|",4D006F006E007A00F3006E0000000100C4000000D82201003EDF5000000900000041006E00670065006C00750063006300690000000100C4000000D922010003502F000007000000470061007600690064006900610000000100C4000000DA22010044DF50000009000000560069006C006C00610066007200E1007A0000000100C4000000DB22010047DF5000000900000045006300680065006E00610075007300690000000100C4000000DC22010049DF500000060000005600690065006C006D00610000000100C4000000DD2201004ADF500000070000004D0069006C0069006C006C006F0000000100C4000000DE2201004BDF500000060000004D00610064007200ED007A0000000100C4000000DF2201004CDF500000040000005000E10065007A0000000100C4000000E02201004EDF50000006000000430061007300740072006F0000000100C4000000E122010051DF50000006000000540061007500680069006C0000000100C4000000E222010052DF500000070000004D006F00730063
"Édson Araújo",308345,50176,319,"SC Corinthians Paulista",NORMAL,INTERNAL_PERSON_ID,50176,0x005B4D30,False,-1,-1,39,33,5330C86667761DA4,"L|B|L|L|L|L|L|L|L|L|L|L|REF|L|L|I|I|I|I|B|L|L|L|L|L|L|L|L|L|S|L|L|I|I|I|L|",65006C00750063006300690000000100C4000000D922010003502F000007000000470061007600690064006900610000000100C4000000DA22010044DF50000009000000560069006C006C00610066007200E1007A0000000100C4000000DB22010047DF5000000900000045006300680065006E00610075007300690000000100C4000000DC22010049DF500000060000005600690065006C006D00610000000100C4000000DD2201004ADF500000070000004D0069006C0069006C006C006F0000000100C4000000DE2201004BDF500000060000004D00610064007200ED007A0000000100C4000000DF2201004CDF500000040000005000E10065007A0000000100C4000000E02201004EDF50000006000000430061007300740072006F0000000100C4000000E122010051DF50000006000000540061007500680069006C0000000100C4000000E222010052DF500000070000004D006F00730063006F007400650000000100C4000000E322010054DF5000000800000044006F006C006700650074
"Édson Araújo",308345,50176,319,"SC Corinthians Paulista",NORMAL,INTERNAL_PERSON_ID,50176,0x005B4D51,False,-1,-1,33,35,84D68CED387B4099,"I|I|I|I|B|I|I|S|L|L|L|L|REF|L|L|I|I|I|I|I|I|B|I|I|S|L|L|L|L|S|L|L|I|I|I|B|",470061007600690064006900610000000100C4000000DA22010044DF50000009000000560069006C006C00610066007200E1007A0000000100C4000000DB22010047DF5000000900000045006300680065006E00610075007300690000000100C4000000DC22010049DF500000060000005600690065006C006D00610000000100C4000000DD2201004ADF500000070000004D0069006C0069006C006C006F0000000100C4000000DE2201004BDF500000060000004D00610064007200ED007A0000000100C4000000DF2201004CDF500000040000005000E10065007A0000000100C4000000E02201004EDF50000006000000430061007300740072006F0000000100C4000000E122010051DF50000006000000540061007500680069006C0000000100C4000000E222010052DF500000070000004D006F00730063006F007400650000000100C4000000E322010054DF5000000800000044006F006C006700650074007400610000000100C4000000E422010055DF50000008000000500061006C0065
"Édson Araújo",308345,50176,319,"SC Corinthians Paulista",NORMAL,INTERNAL_PERSON_ID,50176,0x005B4D74,False,-1,-1,35,33,2F8C1691EFF9E870,"I|I|B|L|L|L|L|L|L|L|L|L|REF|L|L|I|I|I|L|B|L|L|L|L|L|L|S|L|L|L|S|B|I|I|I|I|",560069006C006C00610066007200E1007A0000000100C4000000DB22010047DF5000000900000045006300680065006E00610075007300690000000100C4000000DC22010049DF500000060000005600690065006C006D00610000000100C4000000DD2201004ADF500000070000004D0069006C0069006C006C006F0000000100C4000000DE2201004BDF500000060000004D00610064007200ED007A0000000100C4000000DF2201004CDF500000040000005000E10065007A0000000100C4000000E02201004EDF50000006000000430061007300740072006F0000000100C4000000E122010051DF50000006000000540061007500680069006C0000000100C4000000E222010052DF500000070000004D006F00730063006F007400650000000100C4000000E322010054DF5000000800000044006F006C006700650074007400610000000100C4000000E422010055DF50000008000000500061006C0065006E0063006900610000000100C4000000E522010057DF5000000B0000004300610073
"Édson Araújo",308345,50176,319,"SC Corinthians Paulista",NORMAL,INTERNAL_PERSON_ID,50176,0x005B4D95,False,-1,-1,33,29,AB56EB3340F024E3,"I|I|I|I|B|I|I|S|L|L|L|L|REF|L|L|I|I|I|B|L|L|L|L|L|L|L|S|L|L|L|S|B|I|I|I|I|",00000900000045006300680065006E00610075007300690000000100C4000000DC22010049DF500000060000005600690065006C006D00610000000100C4000000DD2201004ADF500000070000004D0069006C0069006C006C006F0000000100C4000000DE2201004BDF500000060000004D00610064007200ED007A0000000100C4000000DF2201004CDF500000040000005000E10065007A0000000100C4000000E02201004EDF50000006000000430061007300740072006F0000000100C4000000E122010051DF50000006000000540061007500680069006C0000000100C4000000E222010052DF500000070000004D006F00730063006F007400650000000100C4000000E322010054DF5000000800000044006F006C006700650074007400610000000100C4000000E422010055DF50000008000000500061006C0065006E0063006900610000000100C4000000E522010057DF5000000B0000004300610073007400690067006C0069006F006E00650000000100C4000000E6220100F3D57900
"Édson Araújo",308345,50176,319,"SC Corinthians Paulista",NORMAL,INTERNAL_PERSON_ID,50176,0x005B4DB2,False,-1,-1,29,33,C750FFE09F599360,"B|I|I|I|I|B|I|I|S|L|L|L|REF|L|L|I|I|I|I|B|L|L|L|L|L|L|L|S|L|L|L|S|B|I|I|I|",000000DC22010049DF500000060000005600690065006C006D00610000000100C4000000DD2201004ADF500000070000004D0069006C0069006C006C006F0000000100C4000000DE2201004BDF500000060000004D00610064007200ED007A0000000100C4000000DF2201004CDF500000040000005000E10065007A0000000100C4000000E02201004EDF50000006000000430061007300740072006F0000000100C4000000E122010051DF50000006000000540061007500680069006C0000000100C4000000E222010052DF500000070000004D006F00730063006F007400650000000100C4000000E322010054DF5000000800000044006F006C006700650074007400610000000100C4000000E422010055DF50000008000000500061006C0065006E0063006900610000000100C4000000E522010057DF5000000B0000004300610073007400690067006C0069006F006E00650000000100C4000000E6220100F3D57900000300000052006500790000000100C4000000E7220100A4D801000007
"Édson Araújo",308345,50176,319,"SC Corinthians Paulista",NORMAL,INTERNAL_PERSON_ID,50176,0x005B4DD3,False,-1,-1,33,33,0AEDC6DCA2468E1D,"B|L|I|I|B|I|I|S|L|L|L|L|REF|L|L|I|I|I|I|B|L|L|L|L|L|L|L|L|L|S|L|L|I|I|I|I|",000000DD2201004ADF500000070000004D0069006C0069006C006C006F0000000100C4000000DE2201004BDF500000060000004D00610064007200ED007A0000000100C4000000DF2201004CDF500000040000005000E10065007A0000000100C4000000E02201004EDF50000006000000430061007300740072006F0000000100C4000000E122010051DF50000006000000540061007500680069006C0000000100C4000000E222010052DF500000070000004D006F00730063006F007400650000000100C4000000E322010054DF5000000800000044006F006C006700650074007400610000000100C4000000E422010055DF50000008000000500061006C0065006E0063006900610000000100C4000000E522010057DF5000000B0000004300610073007400690067006C0069006F006E00650000000100C4000000E6220100F3D57900000300000052006500790000000100C4000000E7220100A4D8010000070000004E00610076006100720072006F0000000100C4000000E82201005CDF5000
"Édson Araújo",308345,50176,319,"SC Corinthians Paulista",NORMAL,INTERNAL_PERSON_ID,50176,0x005B4DF4,False,-1,-1,33,35,CB0087BDDE9B259E,"I|I|I|I|B|I|I|S|L|L|L|L|REF|L|L|I|I|I|I|I|I|B|I|I|S|L|L|L|L|L|S|L|L|I|I|I|",00C4000000DE2201004BDF500000060000004D00610064007200ED007A0000000100C4000000DF2201004CDF500000040000005000E10065007A0000000100C4000000E02201004EDF50000006000000430061007300740072006F0000000100C4000000E122010051DF50000006000000540061007500680069006C0000000100C4000000E222010052DF500000070000004D006F00730063006F007400650000000100C4000000E322010054DF5000000800000044006F006C006700650074007400610000000100C4000000E422010055DF50000008000000500061006C0065006E0063006900610000000100C4000000E522010057DF5000000B0000004300610073007400690067006C0069006F006E00650000000100C4000000E6220100F3D57900000300000052006500790000000100C4000000E7220100A4D8010000070000004E00610076006100720072006F0000000100C4000000E82201005CDF500000070000004C0061006E0063006B0065006E0000000100C4000000E92201005EDF
"Édson Araújo",308345,50176,319,"SC Corinthians Paulista",NORMAL,INTERNAL_PERSON_ID,50176,0x005B4E17,False,-1,-1,35,37,C37DE9F39038D1EC,"I|I|B|L|L|L|L|L|L|L|L|L|REF|L|L|I|I|I|I|I|B|L|L|L|L|L|L|L|L|S|L|L|L|S|B|I|",000000DF2201004CDF500000040000005000E10065007A0000000100C4000000E02201004EDF50000006000000430061007300740072006F0000000100C4000000E122010051DF50000006000000540061007500680069006C0000000100C4000000E222010052DF500000070000004D006F00730063006F007400650000000100C4000000E322010054DF5000000800000044006F006C006700650074007400610000000100C4000000E422010055DF50000008000000500061006C0065006E0063006900610000000100C4000000E522010057DF5000000B0000004300610073007400690067006C0069006F006E00650000000100C4000000E6220100F3D57900000300000052006500790000000100C4000000E7220100A4D8010000070000004E00610076006100720072006F0000000100C4000000E82201005CDF500000070000004C0061006E0063006B0065006E0000000100C4000000E92201005EDF5000000700000042007200690073006500F1006F0000000100C4000000EA22010061DF
"Édson Araújo",308345,50176,319,"SC Corinthians Paulista",NORMAL,INTERNAL_PERSON_ID,50176,0x005B4E3C,False,-1,-1,37,37,C6D3868383C869E2,"I|I|I|B|I|I|S|L|L|L|L|L|REF|L|L|I|I|I|I|I|B|L|L|L|L|L|L|L|L|L|L|L|S|L|L|I|",DF50000006000000430061007300740072006F0000000100C4000000E122010051DF50000006000000540061007500680069006C0000000100C4000000E222010052DF500000070000004D006F00730063006F007400650000000100C4000000E322010054DF5000000800000044006F006C006700650074007400610000000100C4000000E422010055DF50000008000000500061006C0065006E0063006900610000000100C4000000E522010057DF5000000B0000004300610073007400690067006C0069006F006E00650000000100C4000000E6220100F3D57900000300000052006500790000000100C4000000E7220100A4D8010000070000004E00610076006100720072006F0000000100C4000000E82201005CDF500000070000004C0061006E0063006B0065006E0000000100C4000000E92201005EDF5000000700000042007200690073006500F1006F0000000100C4000000EA22010061DF500000080000004300680061007500720061006E00740000000100C4000000EB22010063DF
"Édson Araújo",308345,50176,319,"SC Corinthians Paulista",NORMAL,INTERNAL_PERSON_ID,50176,0x005B4E61,False,-1,-1,37,43,5224BF0732189EC9,"I|I|I|B|I|I|S|L|L|L|L|L|REF|L|L|I|I|I|I|I|I|I|I|B|I|I|S|L|S|L|L|L|S|B|I|I|",06000000540061007500680069006C0000000100C4000000E222010052DF500000070000004D006F00730063006F007400650000000100C4000000E322010054DF5000000800000044006F006C006700650074007400610000000100C4000000E422010055DF50000008000000500061006C0065006E0063006900610000000100C4000000E522010057DF5000000B0000004300610073007400690067006C0069006F006E00650000000100C4000000E6220100F3D57900000300000052006500790000000100C4000000E7220100A4D8010000070000004E00610076006100720072006F0000000100C4000000E82201005CDF500000070000004C0061006E0063006B0065006E0000000100C4000000E92201005EDF5000000700000042007200690073006500F1006F0000000100C4000000EA22010061DF500000080000004300680061007500720061006E00740000000100C4000000EB22010063DF50000009000000460069006700750065007200650064006F0000000100C4000000EC220100
"Édson Araújo",308345,50176,319,"SC Corinthians Paulista",NORMAL,INTERNAL_PERSON_ID,50176,0x005B4E8C,False,-1,-1,43,27,BD97E0D23932C0EC,"B|L|L|L|L|L|L|L|L|L|L|L|REF|L|L|I|I|I|I|B|I|I|S|L|L|L|S|L|L|L|S|B|I|I|I|B|",63006F007400650000000100C4000000E322010054DF5000000800000044006F006C006700650074007400610000000100C4000000E422010055DF50000008000000500061006C0065006E0063006900610000000100C4000000E522010057DF5000000B0000004300610073007400690067006C0069006F006E00650000000100C4000000E6220100F3D57900000300000052006500790000000100C4000000E7220100A4D8010000070000004E00610076006100720072006F0000000100C4000000E82201005CDF500000070000004C0061006E0063006B0065006E0000000100C4000000E92201005EDF5000000700000042007200690073006500F1006F0000000100C4000000EA22010061DF500000080000004300680061007500720061006E00740000000100C4000000EB22010063DF50000009000000460069006700750065007200650064006F0000000100C4000000EC2201003BDD520000070000004200610072007200650074006F0000000100C4000000ED220100F2AE860000060000
"Édson Araújo",308345,50176,319,"SC Corinthians Paulista",NORMAL,INTERNAL_PERSON_ID,50176,0x005B4EA7,False,-1,-1,27,35,0AD2820A92F6DDCA,"I|I|I|I|B|L|L|L|L|L|L|L|REF|L|L|I|I|I|I|I|I|B|I|I|S|L|L|L|S|L|L|L|S|B|I|I|",000044006F006C006700650074007400610000000100C4000000E422010055DF50000008000000500061006C0065006E0063006900610000000100C4000000E522010057DF5000000B0000004300610073007400690067006C0069006F006E00650000000100C4000000E6220100F3D57900000300000052006500790000000100C4000000E7220100A4D8010000070000004E00610076006100720072006F0000000100C4000000E82201005CDF500000070000004C0061006E0063006B0065006E0000000100C4000000E92201005EDF5000000700000042007200690073006500F1006F0000000100C4000000EA22010061DF500000080000004300680061007500720061006E00740000000100C4000000EB22010063DF50000009000000460069006700750065007200650064006F0000000100C4000000EC2201003BDD520000070000004200610072007200650074006F0000000100C4000000ED220100F2AE860000060000004D00610072007400ED006E0000000100C4000000EE22010067DF
"Édson Araújo",308345,50176,319,"SC Corinthians Paulista",NORMAL,INTERNAL_PERSON_ID,50176,0x005B4ECA,False,-1,-1,35,35,6FEB3C2CAFAD6DAD,"B|I|B|L|L|L|L|L|L|L|L|L|REF|L|L|I|I|I|I|I|I|B|I|I|S|L|L|L|S|L|L|L|S|B|I|I|",08000000500061006C0065006E0063006900610000000100C4000000E522010057DF5000000B0000004300610073007400690067006C0069006F006E00650000000100C4000000E6220100F3D57900000300000052006500790000000100C4000000E7220100A4D8010000070000004E00610076006100720072006F0000000100C4000000E82201005CDF500000070000004C0061006E0063006B0065006E0000000100C4000000E92201005EDF5000000700000042007200690073006500F1006F0000000100C4000000EA22010061DF500000080000004300680061007500720061006E00740000000100C4000000EB22010063DF50000009000000460069006700750065007200650064006F0000000100C4000000EC2201003BDD520000070000004200610072007200650074006F0000000100C4000000ED220100F2AE860000060000004D00610072007400ED006E0000000100C4000000EE22010067DF5000000600000041007200610075006A006F0000000100C4000000EF22010068DF5000
"Édson Araújo",308345,50176,319,"SC Corinthians Paulista",NORMAL,INTERNAL_PERSON_ID,50176,0x005B4EED,False,-1,-1,35,35,4112AC0468D489DA,"I|I|B|L|L|L|L|L|L|L|L|L|REF|L|L|I|I|I|I|I|I|B|I|I|S|L|L|L|L|L|S|L|L|I|I|I|",00000B0000004300610073007400690067006C0069006F006E00650000000100C4000000E6220100F3D57900000300000052006500790000000100C4000000E7220100A4D8010000070000004E00610076006100720072006F0000000100C4000000E82201005CDF500000070000004C0061006E0063006B0065006E0000000100C4000000E92201005EDF5000000700000042007200690073006500F1006F0000000100C4000000EA22010061DF500000080000004300680061007500720061006E00740000000100C4000000EB22010063DF50000009000000460069006700750065007200650064006F0000000100C4000000EC2201003BDD520000070000004200610072007200650074006F0000000100C4000000ED220100F2AE860000060000004D00610072007400ED006E0000000100C4000000EE22010067DF5000000600000041007200610075006A006F0000000100C4000000EF22010068DF5000000700000043006F0072006400650072006F0000000100C4000000F022010069DF5000
"Édson Araújo",308345,50176,319,"SC Corinthians Paulista",NORMAL,INTERNAL_PERSON_ID,50176,0x005B4F10,False,-1,-1,35,37,7934226FEB5FE1BA,"I|I|B|L|L|L|L|L|L|L|L|L|REF|L|L|I|I|I|I|I|B|L|L|L|L|L|L|L|L|L|L|S|L|L|I|I|",00E6220100F3D57900000300000052006500790000000100C4000000E7220100A4D8010000070000004E00610076006100720072006F0000000100C4000000E82201005CDF500000070000004C0061006E0063006B0065006E0000000100C4000000E92201005EDF5000000700000042007200690073006500F1006F0000000100C4000000EA22010061DF500000080000004300680061007500720061006E00740000000100C4000000EB22010063DF50000009000000460069006700750065007200650064006F0000000100C4000000EC2201003BDD520000070000004200610072007200650074006F0000000100C4000000ED220100F2AE860000060000004D00610072007400ED006E0000000100C4000000EE22010067DF5000000600000041007200610075006A006F0000000100C4000000EF22010068DF5000000700000043006F0072006400650072006F0000000100C4000000F022010069DF500000070000004100690073006C0061006E00740000000100C4000000F1220100F4AE8600
"Édson Araújo",308345,50176,319,"SC Corinthians Paulista",NORMAL,INTERNAL_PERSON_ID,50176,0x005B4F35,False,-1,-1,37,39,3700147D712BFE60,"I|I|I|B|I|I|S|L|L|L|L|L|REF|L|L|I|I|I|I|I|I|I|B|I|I|S|L|L|L|S|L|L|L|S|B|I|",070000004E00610076006100720072006F0000000100C4000000E82201005CDF500000070000004C0061006E0063006B0065006E0000000100C4000000E92201005EDF5000000700000042007200690073006500F1006F0000000100C4000000EA22010061DF500000080000004300680061007500720061006E00740000000100C4000000EB22010063DF50000009000000460069006700750065007200650064006F0000000100C4000000EC2201003BDD520000070000004200610072007200650074006F0000000100C4000000ED220100F2AE860000060000004D00610072007400ED006E0000000100C4000000EE22010067DF5000000600000041007200610075006A006F0000000100C4000000EF22010068DF5000000700000043006F0072006400650072006F0000000100C4000000F022010069DF500000070000004100690073006C0061006E00740000000100C4000000F1220100F4AE86000008000000520065006E00740065007200ED00610000000100C4000000F22201006CDF5000
"Édson Araújo",308345,50176,319,"SC Corinthians Paulista",NORMAL,INTERNAL_PERSON_ID,50176,0x005B4F5C,False,-1,-1,39,35,556B5840AA35F601,"I|B|L|L|L|L|L|L|L|L|L|L|REF|L|L|I|I|I|I|I|I|B|I|I|S|L|L|L|L|S|L|L|I|I|I|I|",4C0061006E0063006B0065006E0000000100C4000000E92201005EDF5000000700000042007200690073006500F1006F0000000100C4000000EA22010061DF500000080000004300680061007500720061006E00740000000100C4000000EB22010063DF50000009000000460069006700750065007200650064006F0000000100C4000000EC2201003BDD520000070000004200610072007200650074006F0000000100C4000000ED220100F2AE860000060000004D00610072007400ED006E0000000100C4000000EE22010067DF5000000600000041007200610075006A006F0000000100C4000000EF22010068DF5000000700000043006F0072006400650072006F0000000100C4000000F022010069DF500000070000004100690073006C0061006E00740000000100C4000000F1220100F4AE86000008000000520065006E00740065007200ED00610000000100C4000000F22201006CDF5000000A0000004C00690065006200650073006B0069006E00640000000100C4000000F32201006EDF
"Édson Araújo",308345,50176,319,"SC Corinthians Paulista",NORMAL,INTERNAL_PERSON_ID,50176,0x005B4F7F,False,-1,-1,35,33,04DD54FE7593A275,"I|I|B|L|L|L|L|L|L|L|L|L|REF|L|L|I|I|I|L|B|L|L|L|L|L|L|L|S|L|L|L|S|B|I|I|I|",42007200690073006500F1006F0000000100C4000000EA22010061DF500000080000004300680061007500720061006E00740000000100C4000000EB22010063DF50000009000000460069006700750065007200650064006F0000000100C4000000EC2201003BDD520000070000004200610072007200650074006F0000000100C4000000ED220100F2AE860000060000004D00610072007400ED006E0000000100C4000000EE22010067DF5000000600000041007200610075006A006F0000000100C4000000EF22010068DF5000000700000043006F0072006400650072006F0000000100C4000000F022010069DF500000070000004100690073006C0061006E00740000000100C4000000F1220100F4AE86000008000000520065006E00740065007200ED00610000000100C4000000F22201006CDF5000000A0000004C00690065006200650073006B0069006E00640000000100C4000000F32201006EDF500000060000004F0073006F00720069006F0000000100C4000000F42201006FDF5000
"Édson Araújo",308345,50176,319,"SC Corinthians Paulista",NORMAL,INTERNAL_PERSON_ID,50176,0x005B4FA0,False,-1,-1,33,33,C2FAE5C35CD89AFC,"I|I|I|I|B|I|I|S|L|L|L|L|REF|L|L|I|I|I|I|B|L|L|L|L|L|L|L|L|L|S|L|L|I|I|I|I|",00004300680061007500720061006E00740000000100C4000000EB22010063DF50000009000000460069006700750065007200650064006F0000000100C4000000EC2201003BDD520000070000004200610072007200650074006F0000000100C4000000ED220100F2AE860000060000004D00610072007400ED006E0000000100C4000000EE22010067DF5000000600000041007200610075006A006F0000000100C4000000EF22010068DF5000000700000043006F0072006400650072006F0000000100C4000000F022010069DF500000070000004100690073006C0061006E00740000000100C4000000F1220100F4AE86000008000000520065006E00740065007200ED00610000000100C4000000F22201006CDF5000000A0000004C00690065006200650073006B0069006E00640000000100C4000000F32201006EDF500000060000004F0073006F00720069006F0000000100C4000000F42201006FDF5000000B000000560069007A0063006100720072006F006E0064006F0000000100C400
"Édson Araújo",308345,50176,319,"SC Corinthians Paulista",NORMAL,INTERNAL_PERSON_ID,50176,0x005B4FC1,False,-1,-1,33,35,4980D99F7FED33F9,"I|I|I|I|B|I|I|S|L|L|L|L|REF|L|L|I|I|I|I|I|I|B|I|I|S|L|L|L|S|L|L|L|S|B|I|I|",000009000000460069006700750065007200650064006F0000000100C4000000EC2201003BDD520000070000004200610072007200650074006F0000000100C4000000ED220100F2AE860000060000004D00610072007400ED006E0000000100C4000000EE22010067DF5000000600000041007200610075006A006F0000000100C4000000EF22010068DF5000000700000043006F0072006400650072006F0000000100C4000000F022010069DF500000070000004100690073006C0061006E00740000000100C4000000F1220100F4AE86000008000000520065006E00740065007200ED00610000000100C4000000F22201006CDF5000000A0000004C00690065006200650073006B0069006E00640000000100C4000000F32201006EDF500000060000004F0073006F00720069006F0000000100C4000000F42201006FDF5000000B000000560069007A0063006100720072006F006E0064006F0000000100C4000000F522010073DF5000000500000042007200610076006F0000000100C4000000
"Édson Araújo",308345,50176,319,"SC Corinthians Paulista",NORMAL,INTERNAL_PERSON_ID,50176,0x005B4FE4,False,-1,-1,35,35,4112AC0468D489DA,"I|I|B|L|L|L|L|L|L|L|L|L|REF|L|L|I|I|I|I|I|I|B|I|I|S|L|L|L|L|L|S|L|L|I|I|I|",003BDD520000070000004200610072007200650074006F0000000100C4000000ED220100F2AE860000060000004D00610072007400ED006E0000000100C4000000EE22010067DF5000000600000041007200610075006A006F0000000100C4000000EF22010068DF5000000700000043006F0072006400650072006F0000000100C4000000F022010069DF500000070000004100690073006C0061006E00740000000100C4000000F1220100F4AE86000008000000520065006E00740065007200ED00610000000100C4000000F22201006CDF5000000A0000004C00690065006200650073006B0069006E00640000000100C4000000F32201006EDF500000060000004F0073006F00720069006F0000000100C4000000F42201006FDF5000000B000000560069007A0063006100720072006F006E0064006F0000000100C4000000F522010073DF5000000500000042007200610076006F0000000100C4000000F622010074DF500000080000004600610073006300690061006E00610000000100C400
"Édson Araújo",308345,50176,319,"SC Corinthians Paulista",NORMAL,INTERNAL_PERSON_ID,50176,0x005B5007,False,-1,-1,35,37,4BC9D6F848BF60C3,"I|I|B|L|L|L|L|L|L|L|L|L|REF|L|L|I|I|I|I|L|B|L|L|L|L|L|L|L|L|L|S|L|L|L|S|B|",00F2AE860000060000004D00610072007400ED006E0000000100C4000000EE22010067DF5000000600000041007200610075006A006F0000000100C4000000EF22010068DF5000000700000043006F0072006400650072006F0000000100C4000000F022010069DF500000070000004100690073006C0061006E00740000000100C4000000F1220100F4AE86000008000000520065006E00740065007200ED00610000000100C4000000F22201006CDF5000000A0000004C00690065006200650073006B0069006E00640000000100C4000000F32201006EDF500000060000004F0073006F00720069006F0000000100C4000000F42201006FDF5000000B000000560069007A0063006100720072006F006E0064006F0000000100C4000000F522010073DF5000000500000042007200610076006F0000000100C4000000F622010074DF500000080000004600610073006300690061006E00610000000100C4000000F722010079DF500000050000005900610063007500610000000100C4000000F822
"Édson Araújo",308345,50176,319,"SC Corinthians Paulista",NORMAL,INTERNAL_PERSON_ID,50176,0x005B502C,False,-1,-1,37,41,662153CF935C8BC6,"I|I|I|B|I|I|S|L|L|L|L|L|REF|L|L|I|I|I|I|I|I|B|L|L|L|L|L|L|L|S|L|L|L|S|B|I|",00000600000041007200610075006A006F0000000100C4000000EF22010068DF5000000700000043006F0072006400650072006F0000000100C4000000F022010069DF500000070000004100690073006C0061006E00740000000100C4000000F1220100F4AE86000008000000520065006E00740065007200ED00610000000100C4000000F22201006CDF5000000A0000004C00690065006200650073006B0069006E00640000000100C4000000F32201006EDF500000060000004F0073006F00720069006F0000000100C4000000F42201006FDF5000000B000000560069007A0063006100720072006F006E0064006F0000000100C4000000F522010073DF5000000500000042007200610076006F0000000100C4000000F622010074DF500000080000004600610073006300690061006E00610000000100C4000000F722010079DF500000050000005900610063007500610000000100C4000000F82201007CDF5000000800000041006C00760061007200610064006F0000000100C4000000F922
"Édson Araújo",308345,50176,319,"SC Corinthians Paulista",NORMAL,INTERNAL_PERSON_ID,50176,0x005B5055,False,-1,-1,41,33,A96EBCF848E98E80,"I|I|B|I|I|S|L|L|L|L|L|L|REF|L|L|I|I|I|I|B|L|L|L|L|L|L|L|L|L|L|L|S|L|L|I|I|",6F0072006400650072006F0000000100C4000000F022010069DF500000070000004100690073006C0061006E00740000000100C4000000F1220100F4AE86000008000000520065006E00740065007200ED00610000000100C4000000F22201006CDF5000000A0000004C00690065006200650073006B0069006E00640000000100C4000000F32201006EDF500000060000004F0073006F00720069006F0000000100C4000000F42201006FDF5000000B000000560069007A0063006100720072006F006E0064006F0000000100C4000000F522010073DF5000000500000042007200610076006F0000000100C4000000F622010074DF500000080000004600610073006300690061006E00610000000100C4000000F722010079DF500000050000005900610063007500610000000100C4000000F82201007CDF5000000800000041006C00760061007200610064006F0000000100C4000000F92201007DDF500000050000005A00610066007200610000000100C4000000FA22010080DF500000080000
"Édson Araújo",308345,50176,319,"SC Corinthians Paulista",NORMAL,INTERNAL_PERSON_ID,50176,0x005B5076,False,-1,-1,33,43,B60871DE3CCD22C2,"I|I|I|I|B|I|I|S|L|L|L|L|REF|L|L|I|I|I|I|I|I|I|I|B|I|I|S|L|L|S|L|L|L|S|B|I|",4100690073006C0061006E00740000000100C4000000F1220100F4AE86000008000000520065006E00740065007200ED00610000000100C4000000F22201006CDF5000000A0000004C00690065006200650073006B0069006E00640000000100C4000000F32201006EDF500000060000004F0073006F00720069006F0000000100C4000000F42201006FDF5000000B000000560069007A0063006100720072006F006E0064006F0000000100C4000000F522010073DF5000000500000042007200610076006F0000000100C4000000F622010074DF500000080000004600610073006300690061006E00610000000100C4000000F722010079DF500000050000005900610063007500610000000100C4000000F82201007CDF5000000800000041006C00760061007200610064006F0000000100C4000000F92201007DDF500000050000005A00610066007200610000000100C4000000FA22010080DF5000000800000045007300700069006E006F007A00610000000100C4000000FB220100F5AE8600
"Édson Araújo",308345,50176,319,"SC Corinthians Paulista",NORMAL,INTERNAL_PERSON_ID,50176,0x005B50A1,False,-1,-1,43,31,74A2FCE8ABDD2E25,"B|L|L|L|L|L|L|L|L|L|L|L|REF|L|L|I|I|I|I|I|B|I|I|S|L|L|L|L|L|S|L|L|I|I|I|I|",65007200ED00610000000100C4000000F22201006CDF5000000A0000004C00690065006200650073006B0069006E00640000000100C4000000F32201006EDF500000060000004F0073006F00720069006F0000000100C4000000F42201006FDF5000000B000000560069007A0063006100720072006F006E0064006F0000000100C4000000F522010073DF5000000500000042007200610076006F0000000100C4000000F622010074DF500000080000004600610073006300690061006E00610000000100C4000000F722010079DF500000050000005900610063007500610000000100C4000000F82201007CDF5000000800000041006C00760061007200610064006F0000000100C4000000F92201007DDF500000050000005A00610066007200610000000100C4000000FA22010080DF5000000800000045007300700069006E006F007A00610000000100C4000000FB220100F5AE8600000600000041006C006D0061007A00610000000100C4000000FC220100F6AE86000005000000470061006C
"Édson Araújo",308345,50176,319,"SC Corinthians Paulista",NORMAL,INTERNAL_PERSON_ID,50176,0x005B50C0,False,-1,-1,31,37,F20346FFD352799C,"I|I|I|B|L|L|L|L|L|L|L|L|REF|L|L|I|I|I|I|I|B|L|L|L|L|L|L|L|L|S|L|L|I|I|I|I|",690065006200650073006B0069006E00640000000100C4000000F32201006EDF500000060000004F0073006F00720069006F0000000100C4000000F42201006FDF5000000B000000560069007A0063006100720072006F006E0064006F0000000100C4000000F522010073DF5000000500000042007200610076006F0000000100C4000000F622010074DF500000080000004600610073006300690061006E00610000000100C4000000F722010079DF500000050000005900610063007500610000000100C4000000F82201007CDF5000000800000041006C00760061007200610064006F0000000100C4000000F92201007DDF500000050000005A00610066007200610000000100C4000000FA22010080DF5000000800000045007300700069006E006F007A00610000000100C4000000FB220100F5AE8600000600000041006C006D0061007A00610000000100C4000000FC220100F6AE86000005000000470061006C00E1006E0000000100C4000000FD22010084DF500000070000004D00750072
"Édson Araújo",308345,50176,319,"SC Corinthians Paulista",NORMAL,INTERNAL_PERSON_ID,50176,0x005B50E5,False,-1,-1,37,31,7751B95DCC4F4D72,"I|I|I|B|I|I|S|L|L|L|L|L|REF|L|L|I|I|I|I|I|B|I|I|S|L|L|L|L|L|S|L|L|I|I|I|I|",00004F0073006F00720069006F0000000100C4000000F42201006FDF5000000B000000560069007A0063006100720072006F006E0064006F0000000100C4000000F522010073DF5000000500000042007200610076006F0000000100C4000000F622010074DF500000080000004600610073006300690061006E00610000000100C4000000F722010079DF500000050000005900610063007500610000000100C4000000F82201007CDF5000000800000041006C00760061007200610064006F0000000100C4000000F92201007DDF500000050000005A00610066007200610000000100C4000000FA22010080DF5000000800000045007300700069006E006F007A00610000000100C4000000FB220100F5AE8600000600000041006C006D0061007A00610000000100C4000000FC220100F6AE86000005000000470061006C00E1006E0000000100C4000000FD22010084DF500000070000004D007500720069006C006C006F0000000100C4000000FE22010085DF500000040000004C0075006E0061
"Édson Araújo",308345,50176,319,"SC Corinthians Paulista",NORMAL,INTERNAL_PERSON_ID,50176,0x005B5104,False,-1,-1,31,37,F20346FFD352799C,"I|I|I|B|L|L|L|L|L|L|L|L|REF|L|L|I|I|I|I|I|B|L|L|L|L|L|L|L|L|S|L|L|I|I|I|I|",0B000000560069007A0063006100720072006F006E0064006F0000000100C4000000F522010073DF5000000500000042007200610076006F0000000100C4000000F622010074DF500000080000004600610073006300690061006E00610000000100C4000000F722010079DF500000050000005900610063007500610000000100C4000000F82201007CDF5000000800000041006C00760061007200610064006F0000000100C4000000F92201007DDF500000050000005A00610066007200610000000100C4000000FA22010080DF5000000800000045007300700069006E006F007A00610000000100C4000000FB220100F5AE8600000600000041006C006D0061007A00610000000100C4000000FC220100F6AE86000005000000470061006C00E1006E0000000100C4000000FD22010084DF500000070000004D007500720069006C006C006F0000000100C4000000FE22010085DF500000040000004C0075006E00610000000100C4000000FF22010087DF50000005000000430061006300750061
"Édson Araújo",308345,50176,319,"SC Corinthians Paulista",NORMAL,INTERNAL_PERSON_ID,50176,0x005B5129,False,-1,-1,37,31,7751B95DCC4F4D72,"I|I|I|B|I|I|S|L|L|L|L|L|REF|L|L|I|I|I|I|I|B|I|I|S|L|L|L|L|L|S|L|L|I|I|I|I|",0073DF5000000500000042007200610076006F0000000100C4000000F622010074DF500000080000004600610073006300690061006E00610000000100C4000000F722010079DF500000050000005900610063007500610000000100C4000000F82201007CDF5000000800000041006C00760061007200610064006F0000000100C4000000F92201007DDF500000050000005A00610066007200610000000100C4000000FA22010080DF5000000800000045007300700069006E006F007A00610000000100C4000000FB220100F5AE8600000600000041006C006D0061007A00610000000100C4000000FC220100F6AE86000005000000470061006C00E1006E0000000100C4000000FD22010084DF500000070000004D007500720069006C006C006F0000000100C4000000FE22010085DF500000040000004C0075006E00610000000100C4000000FF22010087DF500000050000004300610063007500610000000100C40000000023010089DF5000000800000054006F006C006900730061006E006F
"Édson Araújo",308345,50176,319,"SC Corinthians Paulista",NORMAL,INTERNAL_PERSON_ID,50176,0x005B5148,False,-1,-1,31,37,5804AF5148A32F54,"I|I|I|B|L|L|L|L|L|L|L|L|REF|L|L|I|I|I|I|I|B|L|L|L|L|L|L|L|S|L|L|L|S|B|I|L|",0074DF500000080000004600610073006300690061006E00610000000100C4000000F722010079DF500000050000005900610063007500610000000100C4000000F82201007CDF5000000800000041006C00760061007200610064006F0000000100C4000000F92201007DDF500000050000005A00610066007200610000000100C4000000FA22010080DF5000000800000045007300700069006E006F007A00610000000100C4000000FB220100F5AE8600000600000041006C006D0061007A00610000000100C4000000FC220100F6AE86000005000000470061006C00E1006E0000000100C4000000FD22010084DF500000070000004D007500720069006C006C006F0000000100C4000000FE22010085DF500000040000004C0075006E00610000000100C4000000FF22010087DF500000050000004300610063007500610000000100C40000000023010089DF5000000800000054006F006C006900730061006E006F0000000100C4000000012301008CDF50000008000000530061006E00610062
"Édson Araújo",308345,50176,319,"SC Corinthians Paulista",NORMAL,INTERNAL_PERSON_ID,50176,0x005B516D,False,-1,-1,37,33,EC99C1CBD64478F5,"I|I|I|B|I|I|S|L|L|L|L|L|REF|L|L|I|I|I|I|B|L|L|L|L|L|L|L|L|S|L|L|I|I|I|I|I|",0079DF500000050000005900610063007500610000000100C4000000F82201007CDF5000000800000041006C00760061007200610064006F0000000100C4000000F92201007DDF500000050000005A00610066007200610000000100C4000000FA22010080DF5000000800000045007300700069006E006F007A00610000000100C4000000FB220100F5AE8600000600000041006C006D0061007A00610000000100C4000000FC220100F6AE86000005000000470061006C00E1006E0000000100C4000000FD22010084DF500000070000004D007500720069006C006C006F0000000100C4000000FE22010085DF500000040000004C0075006E00610000000100C4000000FF22010087DF500000050000004300610063007500610000000100C40000000023010089DF5000000800000054006F006C006900730061006E006F0000000100C4000000012301008CDF50000008000000530061006E006100620072006900610000000100C4000000022301008DDF5000000500000052006F007100750065
"Édson Araújo",308345,50176,319,"SC Corinthians Paulista",NORMAL,INTERNAL_PERSON_ID,50176,0x005B518E,False,-1,-1,33,31,AEC60DC029AB5C11,"I|I|I|I|B|I|I|S|L|L|L|L|REF|L|L|I|I|I|I|I|B|I|I|S|L|L|L|S|L|L|L|S|B|I|I|I|",DF5000000800000041006C00760061007200610064006F0000000100C4000000F92201007DDF500000050000005A00610066007200610000000100C4000000FA22010080DF5000000800000045007300700069006E006F007A00610000000100C4000000FB220100F5AE8600000600000041006C006D0061007A00610000000100C4000000FC220100F6AE86000005000000470061006C00E1006E0000000100C4000000FD22010084DF500000070000004D007500720069006C006C006F0000000100C4000000FE22010085DF500000040000004C0075006E00610000000100C4000000FF22010087DF500000050000004300610063007500610000000100C40000000023010089DF5000000800000054006F006C006900730061006E006F0000000100C4000000012301008CDF50000008000000530061006E006100620072006900610000000100C4000000022301008DDF5000000500000052006F0071007500650000000100C4000000032301008EDF500000060000004D006F006C0069006E0061
"Édson Araújo",308345,50176,319,"SC Corinthians Paulista",NORMAL,INTERNAL_PERSON_ID,50176,0x005B51AD,False,-1,-1,31,35,10CB7603C4C681CD,"I|I|I|B|L|L|L|L|L|L|L|L|REF|L|L|I|I|I|I|I|I|B|I|I|S|L|L|L|S|L|L|I|I|I|I|I|",00F92201007DDF500000050000005A00610066007200610000000100C4000000FA22010080DF5000000800000045007300700069006E006F007A00610000000100C4000000FB220100F5AE8600000600000041006C006D0061007A00610000000100C4000000FC220100F6AE86000005000000470061006C00E1006E0000000100C4000000FD22010084DF500000070000004D007500720069006C006C006F0000000100C4000000FE22010085DF500000040000004C0075006E00610000000100C4000000FF22010087DF500000050000004300610063007500610000000100C40000000023010089DF5000000800000054006F006C006900730061006E006F0000000100C4000000012301008CDF50000008000000530061006E006100620072006900610000000100C4000000022301008DDF5000000500000052006F0071007500650000000100C4000000032301008EDF500000060000004D006F006C0069006E00610000000100C4000000042301008FDF50000009000000560061006E006F0073
"Édson Araújo",308345,50176,319,"SC Corinthians Paulista",NORMAL,INTERNAL_PERSON_ID,50176,0x005B51D0,False,-1,-1,35,29,EE75F45917FC2F33,"I|L|B|L|L|L|L|L|L|L|L|L|REF|L|L|I|I|I|B|L|L|L|L|L|L|L|L|S|L|L|I|I|I|I|I|B|",0080DF5000000800000045007300700069006E006F007A00610000000100C4000000FB220100F5AE8600000600000041006C006D0061007A00610000000100C4000000FC220100F6AE86000005000000470061006C00E1006E0000000100C4000000FD22010084DF500000070000004D007500720069006C006C006F0000000100C4000000FE22010085DF500000040000004C0075006E00610000000100C4000000FF22010087DF500000050000004300610063007500610000000100C40000000023010089DF5000000800000054006F006C006900730061006E006F0000000100C4000000012301008CDF50000008000000530061006E006100620072006900610000000100C4000000022301008DDF5000000500000052006F0071007500650000000100C4000000032301008EDF500000060000004D006F006C0069006E00610000000100C4000000042301008FDF50000009000000560061006E006F0073006F0073007400650000000100C40000000523010093DF5000000700000042006F0072
"Édson Araújo",308345,50176,319,"SC Corinthians Paulista",NORMAL,INTERNAL_PERSON_ID,50176,0x005B51ED,False,-1,-1,29,31,49B9C2A83417C7BF,"I|I|I|I|I|B|I|I|S|L|L|L|REF|L|L|I|I|I|I|I|B|I|I|S|L|L|L|L|L|S|L|L|I|I|I|I|",00C4000000FB220100F5AE8600000600000041006C006D0061007A00610000000100C4000000FC220100F6AE86000005000000470061006C00E1006E0000000100C4000000FD22010084DF500000070000004D007500720069006C006C006F0000000100C4000000FE22010085DF500000040000004C0075006E00610000000100C4000000FF22010087DF500000050000004300610063007500610000000100C40000000023010089DF5000000800000054006F006C006900730061006E006F0000000100C4000000012301008CDF50000008000000530061006E006100620072006900610000000100C4000000022301008DDF5000000500000052006F0071007500650000000100C4000000032301008EDF500000060000004D006F006C0069006E00610000000100C4000000042301008FDF50000009000000560061006E006F0073006F0073007400650000000100C40000000523010093DF5000000700000042006F0072007200650072006F0000000100C40000000623010094DF500000060000
"Édson Araújo",308345,50176,319,"SC Corinthians Paulista",NORMAL,INTERNAL_PERSON_ID,50176,0x005B520C,False,-1,-1,31,37,28AFFDF5FA07B059,"I|I|I|B|L|L|L|L|L|L|L|L|REF|L|L|I|I|I|I|I|B|L|L|L|L|L|L|L|L|S|L|L|L|S|B|I|",000100C4000000FC220100F6AE86000005000000470061006C00E1006E0000000100C4000000FD22010084DF500000070000004D007500720069006C006C006F0000000100C4000000FE22010085DF500000040000004C0075006E00610000000100C4000000FF22010087DF500000050000004300610063007500610000000100C40000000023010089DF5000000800000054006F006C006900730061006E006F0000000100C4000000012301008CDF50000008000000530061006E006100620072006900610000000100C4000000022301008DDF5000000500000052006F0071007500650000000100C4000000032301008EDF500000060000004D006F006C0069006E00610000000100C4000000042301008FDF50000009000000560061006E006F0073006F0073007400650000000100C40000000523010093DF5000000700000042006F0072007200650072006F0000000100C40000000623010094DF5000000600000053006500670075007200610000000100C400000007230100F9AE86000005
"Édson Araújo",308345,50176,319,"SC Corinthians Paulista",NORMAL,INTERNAL_PERSON_ID,50176,0x005B5231,False,-1,-1,37,37,25FDE502D09A541E,"I|I|I|B|I|I|S|L|L|L|L|L|REF|L|L|I|I|I|I|I|B|L|L|L|L|L|L|L|L|S|L|L|I|I|I|I|",00FD22010084DF500000070000004D007500720069006C006C006F0000000100C4000000FE22010085DF500000040000004C0075006E00610000000100C4000000FF22010087DF500000050000004300610063007500610000000100C40000000023010089DF5000000800000054006F006C006900730061006E006F0000000100C4000000012301008CDF50000008000000530061006E006100620072006900610000000100C4000000022301008DDF5000000500000052006F0071007500650000000100C4000000032301008EDF500000060000004D006F006C0069006E00610000000100C4000000042301008FDF50000009000000560061006E006F0073006F0073007400650000000100C40000000523010093DF5000000700000042006F0072007200650072006F0000000100C40000000623010094DF5000000600000053006500670075007200610000000100C400000007230100F9AE86000005000000500061006200F3006E0000000100C40000000823010097DF50000008000000420065
"Édson Araújo",308345,50176,319,"SC Corinthians Paulista",NORMAL,INTERNAL_PERSON_ID,50176,0x005B5256,False,-1,-1,37,31,D5407E60277D6FA3,"I|I|I|B|I|I|S|L|L|L|L|L|REF|L|L|I|I|I|I|I|B|I|I|S|L|L|L|L|S|L|L|I|I|I|I|I|",22010085DF500000040000004C0075006E00610000000100C4000000FF22010087DF500000050000004300610063007500610000000100C40000000023010089DF5000000800000054006F006C006900730061006E006F0000000100C4000000012301008CDF50000008000000530061006E006100620072006900610000000100C4000000022301008DDF5000000500000052006F0071007500650000000100C4000000032301008EDF500000060000004D006F006C0069006E00610000000100C4000000042301008FDF50000009000000560061006E006F0073006F0073007400650000000100C40000000523010093DF5000000700000042006F0072007200650072006F0000000100C40000000623010094DF5000000600000053006500670075007200610000000100C400000007230100F9AE86000005000000500061006200F3006E0000000100C40000000823010097DF500000080000004200650072006D00FA00640065007A0000000100C400000009230100FCAE86000006000000500075
"Édson Araújo",308345,50176,319,"SC Corinthians Paulista",NORMAL,INTERNAL_PERSON_ID,50176,0x005B5275,False,-1,-1,31,33,21A34D7751D0340B,"I|I|I|B|L|L|L|L|L|L|L|L|REF|L|L|I|I|I|I|B|L|L|L|L|L|L|L|L|L|L|S|L|L|I|I|I|",0087DF500000050000004300610063007500610000000100C40000000023010089DF5000000800000054006F006C006900730061006E006F0000000100C4000000012301008CDF50000008000000530061006E006100620072006900610000000100C4000000022301008DDF5000000500000052006F0071007500650000000100C4000000032301008EDF500000060000004D006F006C0069006E00610000000100C4000000042301008FDF50000009000000560061006E006F0073006F0073007400650000000100C40000000523010093DF5000000700000042006F0072007200650072006F0000000100C40000000623010094DF5000000600000053006500670075007200610000000100C400000007230100F9AE86000005000000500061006200F3006E0000000100C40000000823010097DF500000080000004200650072006D00FA00640065007A0000000100C400000009230100FCAE860000060000005000750065006E007400650000000100C40000000A23010099DF5000000800000053
"Édson Araújo",308345,50176,319,"SC Corinthians Paulista",NORMAL,INTERNAL_PERSON_ID,50176,0x005B5296,False,-1,-1,33,39,47231B86E2F35C8A,"I|I|I|I|B|I|I|S|L|L|L|L|REF|L|L|I|I|I|I|I|I|I|B|I|I|S|L|L|L|S|L|L|L|S|B|I|",DF5000000800000054006F006C006900730061006E006F0000000100C4000000012301008CDF50000008000000530061006E006100620072006900610000000100C4000000022301008DDF5000000500000052006F0071007500650000000100C4000000032301008EDF500000060000004D006F006C0069006E00610000000100C4000000042301008FDF50000009000000560061006E006F0073006F0073007400650000000100C40000000523010093DF5000000700000042006F0072007200650072006F0000000100C40000000623010094DF5000000600000053006500670075007200610000000100C400000007230100F9AE86000005000000500061006200F3006E0000000100C40000000823010097DF500000080000004200650072006D00FA00640065007A0000000100C400000009230100FCAE860000060000005000750065006E007400650000000100C40000000A23010099DF50000008000000530061006E0068006F0075007300650000000100C40000000B230100A1D801000006
"Édson Araújo",308345,50176,319,"SC Corinthians Paulista",NORMAL,INTERNAL_PERSON_ID,50176,0x005B52BD,False,-1,-1,39,35,556B5840AA35F601,"I|B|L|L|L|L|L|L|L|L|L|L|REF|L|L|I|I|I|I|I|I|B|I|I|S|L|L|L|L|S|L|L|I|I|I|I|",000008000000530061006E006100620072006900610000000100C4000000022301008DDF5000000500000052006F0071007500650000000100C4000000032301008EDF500000060000004D006F006C0069006E00610000000100C4000000042301008FDF50000009000000560061006E006F0073006F0073007400650000000100C40000000523010093DF5000000700000042006F0072007200650072006F0000000100C40000000623010094DF5000000600000053006500670075007200610000000100C400000007230100F9AE86000005000000500061006200F3006E0000000100C40000000823010097DF500000080000004200650072006D00FA00640065007A0000000100C400000009230100FCAE860000060000005000750065006E007400650000000100C40000000A23010099DF50000008000000530061006E0068006F0075007300650000000100C40000000B230100A1D80100000600000041006E00670075006C006F0000000100C40000000C2301009ADF500000070000004E006F
"Édson Araújo",308345,50176,319,"SC Corinthians Paulista",NORMAL,INTERNAL_PERSON_ID,50176,0x005B52E0,False,-1,-1,35,33,DC340DAB5C0527DF,"I|I|B|L|L|L|L|L|L|L|L|L|REF|L|L|I|I|I|I|B|L|L|L|L|L|L|L|L|S|L|L|I|I|I|L|I|",DF5000000500000052006F0071007500650000000100C4000000032301008EDF500000060000004D006F006C0069006E00610000000100C4000000042301008FDF50000009000000560061006E006F0073006F0073007400650000000100C40000000523010093DF5000000700000042006F0072007200650072006F0000000100C40000000623010094DF5000000600000053006500670075007200610000000100C400000007230100F9AE86000005000000500061006200F3006E0000000100C40000000823010097DF500000080000004200650072006D00FA00640065007A0000000100C400000009230100FCAE860000060000005000750065006E007400650000000100C40000000A23010099DF50000008000000530061006E0068006F0075007300650000000100C40000000B230100A1D80100000600000041006E00670075006C006F0000000100C40000000C2301009ADF500000070000004E006F006700750065007200610000000100C40000000D230100FDAE860000050000004E0061
"Édson Araújo",308345,50176,319,"SC Corinthians Paulista",NORMAL,INTERNAL_PERSON_ID,50176,0x005B5301,False,-1,-1,33,31,0A5BD85D31E1567D,"I|I|I|I|B|I|I|S|L|L|L|L|REF|L|L|I|I|I|I|I|B|I|I|S|L|L|L|L|L|S|L|L|I|I|I|I|",0000060000004D006F006C0069006E00610000000100C4000000042301008FDF50000009000000560061006E006F0073006F0073007400650000000100C40000000523010093DF5000000700000042006F0072007200650072006F0000000100C40000000623010094DF5000000600000053006500670075007200610000000100C400000007230100F9AE86000005000000500061006200F3006E0000000100C40000000823010097DF500000080000004200650072006D00FA00640065007A0000000100C400000009230100FCAE860000060000005000750065006E007400650000000100C40000000A23010099DF50000008000000530061006E0068006F0075007300650000000100C40000000B230100A1D80100000600000041006E00670075006C006F0000000100C40000000C2301009ADF500000070000004E006F006700750065007200610000000100C40000000D230100FDAE860000050000004E00610076006100730000000100C40000000E230100A0DF500000050000005200610076
"Édson Araújo",308345,50176,319,"SC Corinthians Paulista",NORMAL,INTERNAL_PERSON_ID,50176,0x005B5320,False,-1,-1,31,37,1751751727C81028,"I|I|I|B|L|L|L|L|L|L|L|L|REF|L|L|I|I|I|L|I|B|L|L|L|L|L|L|L|S|L|L|L|S|B|I|I|",DF50000009000000560061006E006F0073006F0073007400650000000100C40000000523010093DF5000000700000042006F0072007200650072006F0000000100C40000000623010094DF5000000600000053006500670075007200610000000100C400000007230100F9AE86000005000000500061006200F3006E0000000100C40000000823010097DF500000080000004200650072006D00FA00640065007A0000000100C400000009230100FCAE860000060000005000750065006E007400650000000100C40000000A23010099DF50000008000000530061006E0068006F0075007300650000000100C40000000B230100A1D80100000600000041006E00670075006C006F0000000100C40000000C2301009ADF500000070000004E006F006700750065007200610000000100C40000000D230100FDAE860000050000004E00610076006100730000000100C40000000E230100A0DF5000000500000052006100760065006C0000000100C40000000F230100CABA8600000A000000560061006C
"Édson Araújo",308345,50176,319,"SC Corinthians Paulista",NORMAL,INTERNAL_PERSON_ID,50176,0x005B5345,False,-1,-1,37,33,8653A5AA13F87F5F,"I|I|I|B|I|I|S|L|L|L|L|L|REF|L|L|I|I|I|I|B|L|L|L|L|L|L|L|L|S|L|L|L|S|B|I|I|",0093DF5000000700000042006F0072007200650072006F0000000100C40000000623010094DF5000000600000053006500670075007200610000000100C400000007230100F9AE86000005000000500061006200F3006E0000000100C40000000823010097DF500000080000004200650072006D00FA00640065007A0000000100C400000009230100FCAE860000060000005000750065006E007400650000000100C40000000A23010099DF50000008000000530061006E0068006F0075007300650000000100C40000000B230100A1D80100000600000041006E00670075006C006F0000000100C40000000C2301009ADF500000070000004E006F006700750065007200610000000100C40000000D230100FDAE860000050000004E00610076006100730000000100C40000000E230100A0DF5000000500000052006100760065006C0000000100C40000000F230100CABA8600000A000000560061006C006C0065006E0069006C006C00610000000100C400000010230100A2DF500000060000004C
"Édson Araújo",308345,50176,319,"SC Corinthians Paulista",NORMAL,INTERNAL_PERSON_ID,50176,0x005B5366,False,-1,-1,33,37,FBF38C9905859E5F,"I|I|I|I|B|I|I|S|L|L|L|L|REF|L|L|I|I|I|I|I|B|L|L|L|L|L|L|L|S|L|L|L|S|B|I|I|",23010094DF5000000600000053006500670075007200610000000100C400000007230100F9AE86000005000000500061006200F3006E0000000100C40000000823010097DF500000080000004200650072006D00FA00640065007A0000000100C400000009230100FCAE860000060000005000750065006E007400650000000100C40000000A23010099DF50000008000000530061006E0068006F0075007300650000000100C40000000B230100A1D80100000600000041006E00670075006C006F0000000100C40000000C2301009ADF500000070000004E006F006700750065007200610000000100C40000000D230100FDAE860000050000004E00610076006100730000000100C40000000E230100A0DF5000000500000052006100760065006C0000000100C40000000F230100CABA8600000A000000560061006C006C0065006E0069006C006C00610000000100C400000010230100A2DF500000060000004C006100740075006600660000000100C400000011230100CBBA8600000700000064
"Édson Araújo",308345,50176,319,"SC Corinthians Paulista",NORMAL,INTERNAL_PERSON_ID,50176,0x005B538B,False,-1,-1,37,33,73FF61B449D456FB,"I|I|I|B|I|I|S|L|L|L|L|L|REF|L|L|I|I|I|I|B|L|L|L|L|L|L|L|L|L|S|L|L|I|I|I|I|",AE86000005000000500061006200F3006E0000000100C40000000823010097DF500000080000004200650072006D00FA00640065007A0000000100C400000009230100FCAE860000060000005000750065006E007400650000000100C40000000A23010099DF50000008000000530061006E0068006F0075007300650000000100C40000000B230100A1D80100000600000041006E00670075006C006F0000000100C40000000C2301009ADF500000070000004E006F006700750065007200610000000100C40000000D230100FDAE860000050000004E00610076006100730000000100C40000000E230100A0DF5000000500000052006100760065006C0000000100C40000000F230100CABA8600000A000000560061006C006C0065006E0069006C006C00610000000100C400000010230100A2DF500000060000004C006100740075006600660000000100C400000011230100CBBA860000070000006400690020004D00610069006F0000000100C400000012230100CCBA8600000700000042006F
"Édson Araújo",308345,50176,319,"SC Corinthians Paulista",NORMAL,INTERNAL_PERSON_ID,50176,0x005B53AC,False,-1,-1,33,35,38ED2522938A8D03,"I|I|I|I|B|I|I|S|L|L|L|L|REF|L|L|I|I|I|I|I|I|B|I|I|S|L|L|S|L|L|L|S|B|I|I|B|",0000080000004200650072006D00FA00640065007A0000000100C400000009230100FCAE860000060000005000750065006E007400650000000100C40000000A23010099DF50000008000000530061006E0068006F0075007300650000000100C40000000B230100A1D80100000600000041006E00670075006C006F0000000100C40000000C2301009ADF500000070000004E006F006700750065007200610000000100C40000000D230100FDAE860000050000004E00610076006100730000000100C40000000E230100A0DF5000000500000052006100760065006C0000000100C40000000F230100CABA8600000A000000560061006C006C0065006E0069006C006C00610000000100C400000010230100A2DF500000060000004C006100740075006600660000000100C400000011230100CBBA860000070000006400690020004D00610069006F0000000100C400000012230100CCBA8600000700000042006F007400740069006E00690000000100C400000013230100A9DF5000000600000043
"Édson Araújo",308345,50176,319,"SC Corinthians Paulista",NORMAL,INTERNAL_PERSON_ID,50176,0x005B53CF,False,-1,-1,35,31,14F71A5EC8CD23FA,"I|I|B|L|L|L|L|L|L|L|L|L|REF|L|L|I|I|I|I|I|B|I|I|S|L|L|S|L|L|L|S|B|I|I|I|I|",AE860000060000005000750065006E007400650000000100C40000000A23010099DF50000008000000530061006E0068006F0075007300650000000100C40000000B230100A1D80100000600000041006E00670075006C006F0000000100C40000000C2301009ADF500000070000004E006F006700750065007200610000000100C40000000D230100FDAE860000050000004E00610076006100730000000100C40000000E230100A0DF5000000500000052006100760065006C0000000100C40000000F230100CABA8600000A000000560061006C006C0065006E0069006C006C00610000000100C400000010230100A2DF500000060000004C006100740075006600660000000100C400000011230100CBBA860000070000006400690020004D00610069006F0000000100C400000012230100CCBA8600000700000042006F007400740069006E00690000000100C400000013230100A9DF5000000600000043007500650076006100730000000100C400000014230100AADF50000005000000460061
"Édson Araújo",308345,50176,319,"SC Corinthians Paulista",NORMAL,INTERNAL_PERSON_ID,50176,0x005B53EE,False,-1,-1,31,31,8D484445AD457A11,"I|I|I|B|L|L|L|L|L|L|L|L|REF|L|L|I|I|I|I|I|B|I|I|S|L|L|L|L|L|L|S|L|L|I|I|I|",0099DF50000008000000530061006E0068006F0075007300650000000100C40000000B230100A1D80100000600000041006E00670075006C006F0000000100C40000000C2301009ADF500000070000004E006F006700750065007200610000000100C40000000D230100FDAE860000050000004E00610076006100730000000100C40000000E230100A0DF5000000500000052006100760065006C0000000100C40000000F230100CABA8600000A000000560061006C006C0065006E0069006C006C00610000000100C400000010230100A2DF500000060000004C006100740075006600660000000100C400000011230100CBBA860000070000006400690020004D00610069006F0000000100C400000012230100CCBA8600000700000042006F007400740069006E00690000000100C400000013230100A9DF5000000600000043007500650076006100730000000100C400000014230100AADF500000050000004600610075007200E90000000100C400000015230100ABDF50000006000000560061
"Édson Araújo",308345,50176,319,"SC Corinthians Paulista",NORMAL,INTERNAL_PERSON_ID,50176,0x005B540D,False,-1,-1,31,41,2AD972B87831DA40,"B|I|I|B|L|L|L|L|L|L|L|L|REF|L|L|I|I|I|I|I|I|B|L|L|L|L|L|L|L|S|L|L|L|S|B|I|",0000000B230100A1D80100000600000041006E00670075006C006F0000000100C40000000C2301009ADF500000070000004E006F006700750065007200610000000100C40000000D230100FDAE860000050000004E00610076006100730000000100C40000000E230100A0DF5000000500000052006100760065006C0000000100C40000000F230100CABA8600000A000000560061006C006C0065006E0069006C006C00610000000100C400000010230100A2DF500000060000004C006100740075006600660000000100C400000011230100CBBA860000070000006400690020004D00610069006F0000000100C400000012230100CCBA8600000700000042006F007400740069006E00690000000100C400000013230100A9DF5000000600000043007500650076006100730000000100C400000014230100AADF500000050000004600610075007200E90000000100C400000015230100ABDF50000006000000560061006C00650072006F0000000100C400000016230100ACDF5000000500000054
"Édson Araújo",308345,50176,319,"SC Corinthians Paulista",NORMAL,INTERNAL_PERSON_ID,50176,0x005B5436,False,-1,-1,41,33,3A9E5F5F7867F426,"I|I|B|I|I|S|L|L|L|L|L|L|REF|L|L|I|I|I|I|B|L|L|L|L|L|L|L|L|L|S|L|L|I|I|I|I|",DF500000070000004E006F006700750065007200610000000100C40000000D230100FDAE860000050000004E00610076006100730000000100C40000000E230100A0DF5000000500000052006100760065006C0000000100C40000000F230100CABA8600000A000000560061006C006C0065006E0069006C006C00610000000100C400000010230100A2DF500000060000004C006100740075006600660000000100C400000011230100CBBA860000070000006400690020004D00610069006F0000000100C400000012230100CCBA8600000700000042006F007400740069006E00690000000100C400000013230100A9DF5000000600000043007500650076006100730000000100C400000014230100AADF500000050000004600610075007200E90000000100C400000015230100ABDF50000006000000560061006C00650072006F0000000100C400000016230100ACDF5000000500000054006500720061006E0000000100C400000017230100AFDF500000080000004D006F006E00740069006C
"Édson Araújo",308345,50176,319,"SC Corinthians Paulista",NORMAL,INTERNAL_PERSON_ID,50176,0x005B5457,False,-1,-1,33,35,4980D99F7FED33F9,"I|I|I|I|B|I|I|S|L|L|L|L|REF|L|L|I|I|I|I|I|I|B|I|I|S|L|L|L|S|L|L|L|S|B|I|I|",00FDAE860000050000004E00610076006100730000000100C40000000E230100A0DF5000000500000052006100760065006C0000000100C40000000F230100CABA8600000A000000560061006C006C0065006E0069006C006C00610000000100C400000010230100A2DF500000060000004C006100740075006600660000000100C400000011230100CBBA860000070000006400690020004D00610069006F0000000100C400000012230100CCBA8600000700000042006F007400740069006E00690000000100C400000013230100A9DF5000000600000043007500650076006100730000000100C400000014230100AADF500000050000004600610075007200E90000000100C400000015230100ABDF50000006000000560061006C00650072006F0000000100C400000016230100ACDF5000000500000054006500720061006E0000000100C400000017230100AFDF500000080000004D006F006E00740069006C006C00610000000100C400000018230100B2DF500000040000004C007500700069
"Édson Araújo",308345,50176,319,"SC Corinthians Paulista",NORMAL,INTERNAL_PERSON_ID,50176,0x005B547A,False,-1,-1,35,35,0AAC2145AE2E701B,"I|I|B|L|L|L|L|L|L|L|L|L|REF|L|L|I|I|I|I|I|I|B|I|I|S|L|L|L|L|S|L|L|I|I|I|L|",00000500000052006100760065006C0000000100C40000000F230100CABA8600000A000000560061006C006C0065006E0069006C006C00610000000100C400000010230100A2DF500000060000004C006100740075006600660000000100C400000011230100CBBA860000070000006400690020004D00610069006F0000000100C400000012230100CCBA8600000700000042006F007400740069006E00690000000100C400000013230100A9DF5000000600000043007500650076006100730000000100C400000014230100AADF500000050000004600610075007200E90000000100C400000015230100ABDF50000006000000560061006C00650072006F0000000100C400000016230100ACDF5000000500000054006500720061006E0000000100C400000017230100AFDF500000080000004D006F006E00740069006C006C00610000000100C400000018230100B2DF500000040000004C0075007000690000000100C400000019230100B4DF5000000500000050007200610064006100000001
"Édson Araújo",308345,50176,319,"SC Corinthians Paulista",NORMAL,INTERNAL_PERSON_ID,50176,0x005B549D,False,-1,-1,35,33,4BD2A43138AB5E79,"I|I|B|L|L|L|L|L|L|L|L|L|REF|L|L|I|I|I|I|B|L|L|L|L|L|L|L|L|S|L|L|I|I|I|I|B|",0000560061006C006C0065006E0069006C006C00610000000100C400000010230100A2DF500000060000004C006100740075006600660000000100C400000011230100CBBA860000070000006400690020004D00610069006F0000000100C400000012230100CCBA8600000700000042006F007400740069006E00690000000100C400000013230100A9DF5000000600000043007500650076006100730000000100C400000014230100AADF500000050000004600610075007200E90000000100C400000015230100ABDF50000006000000560061006C00650072006F0000000100C400000016230100ACDF5000000500000054006500720061006E0000000100C400000017230100AFDF500000080000004D006F006E00740069006C006C00610000000100C400000018230100B2DF500000040000004C0075007000690000000100C400000019230100B4DF500000050000005000720061006400610000000100C40000001A230100B6DF500000070000004D006F00720069006C006C006F00000001
"Édson Araújo",308345,50176,319,"SC Corinthians Paulista",NORMAL,INTERNAL_PERSON_ID,50176,0x005B54BE,False,-1,-1,33,31,D179D6E29795E3DD,"I|I|I|I|B|I|I|S|L|L|L|L|REF|L|L|I|I|I|L|I|B|I|I|S|L|L|L|L|S|L|L|I|I|I|I|I|",00A2DF500000060000004C006100740075006600660000000100C400000011230100CBBA860000070000006400690020004D00610069006F0000000100C400000012230100CCBA8600000700000042006F007400740069006E00690000000100C400000013230100A9DF5000000600000043007500650076006100730000000100C400000014230100AADF500000050000004600610075007200E90000000100C400000015230100ABDF50000006000000560061006C00650072006F0000000100C400000016230100ACDF5000000500000054006500720061006E0000000100C400000017230100AFDF500000080000004D006F006E00740069006C006C00610000000100C400000018230100B2DF500000040000004C0075007000690000000100C400000019230100B4DF500000050000005000720061006400610000000100C40000001A230100B6DF500000070000004D006F00720069006C006C006F0000000100C40000001B230100B7DF50000008000000560061006C00690065006E00740065
"Édson Araújo",308345,50176,319,"SC Corinthians Paulista",NORMAL,INTERNAL_PERSON_ID,50176,0x005B54DD,False,-1,-1,31,33,4BACA606FA2F410F,"I|I|I|B|L|L|L|L|L|L|L|L|REF|L|L|I|I|I|I|B|L|L|L|L|L|L|L|L|S|L|L|I|I|I|I|I|",230100CBBA860000070000006400690020004D00610069006F0000000100C400000012230100CCBA8600000700000042006F007400740069006E00690000000100C400000013230100A9DF5000000600000043007500650076006100730000000100C400000014230100AADF500000050000004600610075007200E90000000100C400000015230100ABDF50000006000000560061006C00650072006F0000000100C400000016230100ACDF5000000500000054006500720061006E0000000100C400000017230100AFDF500000080000004D006F006E00740069006C006C00610000000100C400000018230100B2DF500000040000004C0075007000690000000100C400000019230100B4DF500000050000005000720061006400610000000100C40000001A230100B6DF500000070000004D006F00720069006C006C006F0000000100C40000001B230100B7DF50000008000000560061006C00690065006E007400650000000100C40000001C230100B8DF50000007000000560069006C006F0072
"Édson Araújo",308345,50176,319,"SC Corinthians Paulista",NORMAL,INTERNAL_PERSON_ID,50176,0x005B54FE,False,-1,-1,33,31,2312FBEB017CF04F,"I|I|L|I|B|I|I|S|L|L|L|L|REF|L|L|I|I|I|I|I|B|I|I|S|L|L|L|L|L|S|L|L|I|I|I|B|",0012230100CCBA8600000700000042006F007400740069006E00690000000100C400000013230100A9DF5000000600000043007500650076006100730000000100C400000014230100AADF500000050000004600610075007200E90000000100C400000015230100ABDF50000006000000560061006C00650072006F0000000100C400000016230100ACDF5000000500000054006500720061006E0000000100C400000017230100AFDF500000080000004D006F006E00740069006C006C00610000000100C400000018230100B2DF500000040000004C0075007000690000000100C400000019230100B4DF500000050000005000720061006400610000000100C40000001A230100B6DF500000070000004D006F00720069006C006C006F0000000100C40000001B230100B7DF50000008000000560061006C00690065006E007400650000000100C40000001C230100B8DF50000007000000560069006C006F0072006900610000000100C40000001D230100B9DF50000005000000520069007A007A
"Édson Araújo",308345,50176,319,"SC Corinthians Paulista",NORMAL,INTERNAL_PERSON_ID,50176,0x005B551D,False,-1,-1,31,37,592F2CCC57EDDCF3,"I|I|I|B|L|L|L|L|L|L|L|L|REF|L|L|I|I|I|I|I|B|L|L|L|L|L|L|S|L|L|L|S|B|I|I|B|",00C400000013230100A9DF5000000600000043007500650076006100730000000100C400000014230100AADF500000050000004600610075007200E90000000100C400000015230100ABDF50000006000000560061006C00650072006F0000000100C400000016230100ACDF5000000500000054006500720061006E0000000100C400000017230100AFDF500000080000004D006F006E00740069006C006C00610000000100C400000018230100B2DF500000040000004C0075007000690000000100C400000019230100B4DF500000050000005000720061006400610000000100C40000001A230100B6DF500000070000004D006F00720069006C006C006F0000000100C40000001B230100B7DF50000008000000560061006C00690065006E007400650000000100C40000001C230100B8DF50000007000000560069006C006F0072006900610000000100C40000001D230100B9DF50000005000000520069007A007A00690000000100C40000001E230100BCDF500000040000004400690065007A
"Édson Araújo",308345,50176,319,"SC Corinthians Paulista",NORMAL,INTERNAL_PERSON_ID,50176,0x005B5542,False,-1,-1,37,29,E0F43F4623838A5E,"I|I|I|B|I|I|S|L|L|L|L|L|REF|L|L|I|I|I|B|L|L|L|L|L|L|L|L|S|L|L|I|I|I|I|I|I|",0014230100AADF500000050000004600610075007200E90000000100C400000015230100ABDF50000006000000560061006C00650072006F0000000100C400000016230100ACDF5000000500000054006500720061006E0000000100C400000017230100AFDF500000080000004D006F006E00740069006C006C00610000000100C400000018230100B2DF500000040000004C0075007000690000000100C400000019230100B4DF500000050000005000720061006400610000000100C40000001A230100B6DF500000070000004D006F00720069006C006C006F0000000100C40000001B230100B7DF50000008000000560061006C00690065006E007400650000000100C40000001C230100B8DF50000007000000560069006C006F0072006900610000000100C40000001D230100B9DF50000005000000520069007A007A00690000000100C40000001E230100BCDF500000040000004400690065007A0000000100C40000001F230100C8DF500000070000004C0075007A006100720064006F0000
"Édson Araújo",308345,50176,319,"SC Corinthians Paulista",NORMAL,INTERNAL_PERSON_ID,50176,0x005B555F,False,-1,-1,29,31,366B11023895626E,"I|I|I|I|I|B|I|I|S|L|L|L|REF|L|L|I|I|I|I|I|B|I|I|S|L|L|L|S|L|L|L|S|B|I|I|I|",00000015230100ABDF50000006000000560061006C00650072006F0000000100C400000016230100ACDF5000000500000054006500720061006E0000000100C400000017230100AFDF500000080000004D006F006E00740069006C006C00610000000100C400000018230100B2DF500000040000004C0075007000690000000100C400000019230100B4DF500000050000005000720061006400610000000100C40000001A230100B6DF500000070000004D006F00720069006C006C006F0000000100C40000001B230100B7DF50000008000000560061006C00690065006E007400650000000100C40000001C230100B8DF50000007000000560069006C006F0072006900610000000100C40000001D230100B9DF50000005000000520069007A007A00690000000100C40000001E230100BCDF500000040000004400690065007A0000000100C40000001F230100C8DF500000070000004C0075007A006100720064006F0000000100C400000020230100CEDF5000000B000000530061006E00740065
"Édson Araújo",308345,50176,319,"SC Corinthians Paulista",NORMAL,INTERNAL_PERSON_ID,50176,0x005B557E,False,-1,-1,31,35,3307F356A78C988E,"I|I|I|B|L|L|L|L|L|L|L|L|REF|L|L|I|I|I|I|I|I|B|I|I|S|L|L|L|L|L|S|L|L|I|I|I|",00C400000016230100ACDF5000000500000054006500720061006E0000000100C400000017230100AFDF500000080000004D006F006E00740069006C006C00610000000100C400000018230100B2DF500000040000004C0075007000690000000100C400000019230100B4DF500000050000005000720061006400610000000100C40000001A230100B6DF500000070000004D006F00720069006C006C006F0000000100C40000001B230100B7DF50000008000000560061006C00690065006E007400650000000100C40000001C230100B8DF50000007000000560069006C006F0072006900610000000100C40000001D230100B9DF50000005000000520069007A007A00690000000100C40000001E230100BCDF500000040000004400690065007A0000000100C40000001F230100C8DF500000070000004C0075007A006100720064006F0000000100C400000020230100CEDF5000000B000000530061006E007400650075006700750069006E00690000000100C400000021230100D0DF50000006
"Édson Araújo",308345,50176,319,"SC Corinthians Paulista",NORMAL,INTERNAL_PERSON_ID,50176,0x005B55A1,False,-1,-1,35,37,EB17B80AE3E4DA57,"I|I|B|L|L|L|L|L|L|L|L|L|REF|L|L|I|I|I|I|I|B|L|L|L|L|L|L|L|L|L|S|L|L|I|I|I|",0017230100AFDF500000080000004D006F006E00740069006C006C00610000000100C400000018230100B2DF500000040000004C0075007000690000000100C400000019230100B4DF500000050000005000720061006400610000000100C40000001A230100B6DF500000070000004D006F00720069006C006C006F0000000100C40000001B230100B7DF50000008000000560061006C00690065006E007400650000000100C40000001C230100B8DF50000007000000560069006C006F0072006900610000000100C40000001D230100B9DF50000005000000520069007A007A00690000000100C40000001E230100BCDF500000040000004400690065007A0000000100C40000001F230100C8DF500000070000004C0075007A006100720064006F0000000100C400000020230100CEDF5000000B000000530061006E007400650075006700750069006E00690000000100C400000021230100D0DF50000006000000530069006D00F5006500730000000100C400000022230100CFD56A0000070000
"Édson Araújo",308345,50176,319,"SC Corinthians Paulista",NORMAL,INTERNAL_PERSON_ID,50176,0x005B55C6,False,-1,-1,37,35,2BB7C4E6C5A0580E,"I|I|I|B|I|I|S|L|L|L|L|L|REF|L|L|I|I|I|I|I|I|B|I|I|S|L|L|S|L|L|L|S|B|I|I|I|",0018230100B2DF500000040000004C0075007000690000000100C400000019230100B4DF500000050000005000720061006400610000000100C40000001A230100B6DF500000070000004D006F00720069006C006C006F0000000100C40000001B230100B7DF50000008000000560061006C00690065006E007400650000000100C40000001C230100B8DF50000007000000560069006C006F0072006900610000000100C40000001D230100B9DF50000005000000520069007A007A00690000000100C40000001E230100BCDF500000040000004400690065007A0000000100C40000001F230100C8DF500000070000004C0075007A006100720064006F0000000100C400000020230100CEDF5000000B000000530061006E007400650075006700750069006E00690000000100C400000021230100D0DF50000006000000530069006D00F5006500730000000100C400000022230100CFD56A0000070000004D00610074006800ED006100730000000100C400000023230100D2DF5000000500000052
"Édson Araújo",308345,50176,319,"SC Corinthians Paulista",NORMAL,INTERNAL_PERSON_ID,50176,0x005B55E9,False,-1,-1,35,31,B2EB6A3FB0F9009E,"I|I|B|L|L|L|L|L|L|L|L|L|REF|L|L|I|I|I|I|I|B|I|I|S|L|L|L|S|L|L|I|I|I|I|I|I|",DF500000050000005000720061006400610000000100C40000001A230100B6DF500000070000004D006F00720069006C006C006F0000000100C40000001B230100B7DF50000008000000560061006C00690065006E007400650000000100C40000001C230100B8DF50000007000000560069006C006F0072006900610000000100C40000001D230100B9DF50000005000000520069007A007A00690000000100C40000001E230100BCDF500000040000004400690065007A0000000100C40000001F230100C8DF500000070000004C0075007A006100720064006F0000000100C400000020230100CEDF5000000B000000530061006E007400650075006700750069006E00690000000100C400000021230100D0DF50000006000000530069006D00F5006500730000000100C400000022230100CFD56A0000070000004D00610074006800ED006100730000000100C400000023230100D2DF5000000500000052006F0073006100730000000100C400000024230100D4DF500000090000004300610073
"Édson Araújo",308345,50176,319,"SC Corinthians Paulista",NORMAL,INTERNAL_PERSON_ID,50176,0x005B5608,False,-1,-1,31,29,85770085030E5B6D,"I|I|I|B|L|L|L|L|L|L|L|L|REF|L|L|I|I|I|B|L|L|L|L|L|L|L|L|L|S|L|L|I|I|I|I|I|",DF500000070000004D006F00720069006C006C006F0000000100C40000001B230100B7DF50000008000000560061006C00690065006E007400650000000100C40000001C230100B8DF50000007000000560069006C006F0072006900610000000100C40000001D230100B9DF50000005000000520069007A007A00690000000100C40000001E230100BCDF500000040000004400690065007A0000000100C40000001F230100C8DF500000070000004C0075007A006100720064006F0000000100C400000020230100CEDF5000000B000000530061006E007400650075006700750069006E00690000000100C400000021230100D0DF50000006000000530069006D00F5006500730000000100C400000022230100CFD56A0000070000004D00610074006800ED006100730000000100C400000023230100D2DF5000000500000052006F0073006100730000000100C400000024230100D4DF50000009000000430061007300740065006C006C00ED006E0000000100C400000025230100D6DF50000008
"Édson Araújo",308345,50176,319,"SC Corinthians Paulista",NORMAL,INTERNAL_PERSON_ID,50176,0x005B5625,False,-1,-1,29,35,67890095369F216E,"I|I|I|I|I|B|I|I|S|L|L|L|REF|L|L|I|I|I|I|I|I|B|I|I|S|L|L|L|L|L|S|L|L|L|S|B|",001B230100B7DF50000008000000560061006C00690065006E007400650000000100C40000001C230100B8DF50000007000000560069006C006F0072006900610000000100C40000001D230100B9DF50000005000000520069007A007A00690000000100C40000001E230100BCDF500000040000004400690065007A0000000100C40000001F230100C8DF500000070000004C0075007A006100720064006F0000000100C400000020230100CEDF5000000B000000530061006E007400650075006700750069006E00690000000100C400000021230100D0DF50000006000000530069006D00F5006500730000000100C400000022230100CFD56A0000070000004D00610074006800ED006100730000000100C400000023230100D2DF5000000500000052006F0073006100730000000100C400000024230100D4DF50000009000000430061007300740065006C006C00ED006E0000000100C400000025230100D6DF50000008000000500061006C006F006D0069006E00610000000100C40000002623
"Édson Araújo",308345,50176,319,"SC Corinthians Paulista",NORMAL,INTERNAL_PERSON_ID,50176,0x005B5648,False,-1,-1,35,43,4E7793B8E599B5F8,"I|I|B|L|L|L|L|L|L|L|L|L|REF|L|L|I|I|I|I|I|I|I|I|B|I|I|S|L|L|L|L|S|L|L|I|I|",0000001C230100B8DF50000007000000560069006C006F0072006900610000000100C40000001D230100B9DF50000005000000520069007A007A00690000000100C40000001E230100BCDF500000040000004400690065007A0000000100C40000001F230100C8DF500000070000004C0075007A006100720064006F0000000100C400000020230100CEDF5000000B000000530061006E007400650075006700750069006E00690000000100C400000021230100D0DF50000006000000530069006D00F5006500730000000100C400000022230100CFD56A0000070000004D00610074006800ED006100730000000100C400000023230100D2DF5000000500000052006F0073006100730000000100C400000024230100D4DF50000009000000430061007300740065006C006C00ED006E0000000100C400000025230100D6DF50000008000000500061006C006F006D0069006E00610000000100C400000026230100E2DF50000009000000640069002000470069006F0072006700690000000100C400
"Édson Araújo",308345,50176,319,"SC Corinthians Paulista",NORMAL,INTERNAL_PERSON_ID,50176,0x005B5673,False,-1,-1,43,33,CDA658AC5F42936F,"B|L|L|L|L|L|L|L|L|L|L|L|REF|L|L|I|I|I|I|B|L|L|L|L|L|L|L|L|L|S|L|L|I|I|I|I|",DF50000005000000520069007A007A00690000000100C40000001E230100BCDF500000040000004400690065007A0000000100C40000001F230100C8DF500000070000004C0075007A006100720064006F0000000100C400000020230100CEDF5000000B000000530061006E007400650075006700750069006E00690000000100C400000021230100D0DF50000006000000530069006D00F5006500730000000100C400000022230100CFD56A0000070000004D00610074006800ED006100730000000100C400000023230100D2DF5000000500000052006F0073006100730000000100C400000024230100D4DF50000009000000430061007300740065006C006C00ED006E0000000100C400000025230100D6DF50000008000000500061006C006F006D0069006E00610000000100C400000026230100E2DF50000009000000640069002000470069006F0072006700690000000100C400000027230100E3DF500000090000004800E90072006E0061006E00640065007A0000000100C40000002823
"Édson Araújo",308345,50176,319,"SC Corinthians Paulista",NORMAL,INTERNAL_PERSON_ID,50176,0x005B5694,False,-1,-1,33,35,4BB8C375258DAFD6,"I|I|I|I|B|I|I|S|L|L|L|L|REF|L|L|I|I|I|L|I|I|B|I|I|S|L|L|S|L|L|L|S|B|I|I|I|",0000040000004400690065007A0000000100C40000001F230100C8DF500000070000004C0075007A006100720064006F0000000100C400000020230100CEDF5000000B000000530061006E007400650075006700750069006E00690000000100C400000021230100D0DF50000006000000530069006D00F5006500730000000100C400000022230100CFD56A0000070000004D00610074006800ED006100730000000100C400000023230100D2DF5000000500000052006F0073006100730000000100C400000024230100D4DF50000009000000430061007300740065006C006C00ED006E0000000100C400000025230100D6DF50000008000000500061006C006F006D0069006E00610000000100C400000026230100E2DF50000009000000640069002000470069006F0072006700690000000100C400000027230100E3DF500000090000004800E90072006E0061006E00640065007A0000000100C4000000282301001C6A4F00000700000043007200F300710075006500720000000100C4000000
"Édson Araújo",308345,50176,319,"SC Corinthians Paulista",NORMAL,INTERNAL_PERSON_ID,50176,0x005B56B7,False,-1,-1,35,31,1FDDFFC0FDD41AEE,"I|I|B|L|L|L|L|L|L|L|L|L|REF|L|L|I|I|I|I|I|B|I|I|S|L|L|L|L|S|L|L|L|S|B|I|I|",4C0075007A006100720064006F0000000100C400000020230100CEDF5000000B000000530061006E007400650075006700750069006E00690000000100C400000021230100D0DF50000006000000530069006D00F5006500730000000100C400000022230100CFD56A0000070000004D00610074006800ED006100730000000100C400000023230100D2DF5000000500000052006F0073006100730000000100C400000024230100D4DF50000009000000430061007300740065006C006C00ED006E0000000100C400000025230100D6DF50000008000000500061006C006F006D0069006E00610000000100C400000026230100E2DF50000009000000640069002000470069006F0072006700690000000100C400000027230100E3DF500000090000004800E90072006E0061006E00640065007A0000000100C4000000282301001C6A4F00000700000043007200F300710075006500720000000100C400000029230100E4DF5000000500000050006500720065007A0000000100C40000002A230100
"Édson Araújo",308345,50176,319,"SC Corinthians Paulista",NORMAL,INTERNAL_PERSON_ID,50176,0x005B56D6,False,-1,-1,31,39,7F0BDFAF3F84615C,"I|I|I|B|L|L|L|L|L|L|L|L|REF|L|L|I|I|I|I|I|I|I|B|I|I|S|L|L|L|L|L|S|L|L|I|I|",0B000000530061006E007400650075006700750069006E00690000000100C400000021230100D0DF50000006000000530069006D00F5006500730000000100C400000022230100CFD56A0000070000004D00610074006800ED006100730000000100C400000023230100D2DF5000000500000052006F0073006100730000000100C400000024230100D4DF50000009000000430061007300740065006C006C00ED006E0000000100C400000025230100D6DF50000008000000500061006C006F006D0069006E00610000000100C400000026230100E2DF50000009000000640069002000470069006F0072006700690000000100C400000027230100E3DF500000090000004800E90072006E0061006E00640065007A0000000100C4000000282301001C6A4F00000700000043007200F300710075006500720000000100C400000029230100E4DF5000000500000050006500720065007A0000000100C40000002A23010077575700000500000052006F0075006700610000000100C40000002B230100
"Édson Araújo",308345,50176,319,"SC Corinthians Paulista",NORMAL,INTERNAL_PERSON_ID,50176,0x005B56FD,False,-1,-1,39,37,3547A5D03E74A2D1,"I|B|L|L|L|L|L|L|L|L|L|L|REF|L|L|I|I|I|I|I|B|L|L|L|L|L|L|L|L|L|L|S|L|L|I|I|",DF50000006000000530069006D00F5006500730000000100C400000022230100CFD56A0000070000004D00610074006800ED006100730000000100C400000023230100D2DF5000000500000052006F0073006100730000000100C400000024230100D4DF50000009000000430061007300740065006C006C00ED006E0000000100C400000025230100D6DF50000008000000500061006C006F006D0069006E00610000000100C400000026230100E2DF50000009000000640069002000470069006F0072006700690000000100C400000027230100E3DF500000090000004800E90072006E0061006E00640065007A0000000100C4000000282301001C6A4F00000700000043007200F300710075006500720000000100C400000029230100E4DF5000000500000050006500720065007A0000000100C40000002A23010077575700000500000052006F0075006700610000000100C40000002B230100E5DF50000008000000500061006C006100640069006E00690000000100C40000002C230100D0BA
"Édson Araújo",308345,50176,319,"SC Corinthians Paulista",NORMAL,INTERNAL_PERSON_ID,50176,0x005B5722,False,-1,-1,37,39,7D3E35C82A45B9DD,"I|I|I|B|I|I|S|L|L|L|L|L|REF|L|L|I|I|I|I|I|I|I|B|I|I|S|L|L|L|L|S|L|L|L|S|B|",070000004D00610074006800ED006100730000000100C400000023230100D2DF5000000500000052006F0073006100730000000100C400000024230100D4DF50000009000000430061007300740065006C006C00ED006E0000000100C400000025230100D6DF50000008000000500061006C006F006D0069006E00610000000100C400000026230100E2DF50000009000000640069002000470069006F0072006700690000000100C400000027230100E3DF500000090000004800E90072006E0061006E00640065007A0000000100C4000000282301001C6A4F00000700000043007200F300710075006500720000000100C400000029230100E4DF5000000500000050006500720065007A0000000100C40000002A23010077575700000500000052006F0075006700610000000100C40000002B230100E5DF50000008000000500061006C006100640069006E00690000000100C40000002C230100D0BA860000040000004D006F007200720000000100C40000002D230100E8DF5000000800000047
"Édson Araújo",308345,50176,319,"SC Corinthians Paulista",NORMAL,INTERNAL_PERSON_ID,50176,0x005B5749,False,-1,-1,39,39,5C61685C5625DC3D,"I|B|L|L|L|L|L|L|L|L|L|L|REF|L|L|I|I|I|I|I|I|I|B|I|I|S|L|L|L|S|L|L|L|S|B|I|",52006F0073006100730000000100C400000024230100D4DF50000009000000430061007300740065006C006C00ED006E0000000100C400000025230100D6DF50000008000000500061006C006F006D0069006E00610000000100C400000026230100E2DF50000009000000640069002000470069006F0072006700690000000100C400000027230100E3DF500000090000004800E90072006E0061006E00640065007A0000000100C4000000282301001C6A4F00000700000043007200F300710075006500720000000100C400000029230100E4DF5000000500000050006500720065007A0000000100C40000002A23010077575700000500000052006F0075006700610000000100C40000002B230100E5DF50000008000000500061006C006100640069006E00690000000100C40000002C230100D0BA860000040000004D006F007200720000000100C40000002D230100E8DF500000080000004700750065007200720065007200610000000100C40000002E230100D1BA8600000700000043006F
"Édson Araújo",308345,50176,319,"SC Corinthians Paulista",NORMAL,INTERNAL_PERSON_ID,50176,0x005B5770,False,-1,-1,39,35,EF395C767393F646,"I|B|L|L|L|L|L|L|L|L|L|L|REF|L|L|I|I|L|I|I|I|B|I|I|S|L|L|S|L|L|L|S|B|I|I|B|",65006C006C00ED006E0000000100C400000025230100D6DF50000008000000500061006C006F006D0069006E00610000000100C400000026230100E2DF50000009000000640069002000470069006F0072006700690000000100C400000027230100E3DF500000090000004800E90072006E0061006E00640065007A0000000100C4000000282301001C6A4F00000700000043007200F300710075006500720000000100C400000029230100E4DF5000000500000050006500720065007A0000000100C40000002A23010077575700000500000052006F0075006700610000000100C40000002B230100E5DF50000008000000500061006C006100640069006E00690000000100C40000002C230100D0BA860000040000004D006F007200720000000100C40000002D230100E8DF500000080000004700750065007200720065007200610000000100C40000002E230100D1BA8600000700000043006F007200740069006E00610000000100C40000002F230100EADF500000060000004100720061006E
"Édson Araújo",308345,50176,319,"SC Corinthians Paulista",NORMAL,INTERNAL_PERSON_ID,50176,0x005B5793,False,-1,-1,35,31,14F71A5EC8CD23FA,"I|I|B|L|L|L|L|L|L|L|L|L|REF|L|L|I|I|I|I|I|B|I|I|S|L|L|S|L|L|L|S|B|I|I|I|I|",6C006F006D0069006E00610000000100C400000026230100E2DF50000009000000640069002000470069006F0072006700690000000100C400000027230100E3DF500000090000004800E90072006E0061006E00640065007A0000000100C4000000282301001C6A4F00000700000043007200F300710075006500720000000100C400000029230100E4DF5000000500000050006500720065007A0000000100C40000002A23010077575700000500000052006F0075006700610000000100C40000002B230100E5DF50000008000000500061006C006100640069006E00690000000100C40000002C230100D0BA860000040000004D006F007200720000000100C40000002D230100E8DF500000080000004700750065007200720065007200610000000100C40000002E230100D1BA8600000700000043006F007200740069006E00610000000100C40000002F230100EADF500000060000004100720061006E006400610000000100C400000030230100EBDF500000070000004C0065006F006E0065
"Édson Araújo",308345,50176,319,"SC Corinthians Paulista",NORMAL,INTERNAL_PERSON_ID,50176,0x005B57B2,False,-1,-1,31,31,44AABD2392BB5613,"I|I|I|B|L|L|L|L|L|L|L|L|REF|L|L|I|I|I|I|I|B|I|I|S|L|L|L|L|L|S|L|L|I|I|I|B|",0000640069002000470069006F0072006700690000000100C400000027230100E3DF500000090000004800E90072006E0061006E00640065007A0000000100C4000000282301001C6A4F00000700000043007200F300710075006500720000000100C400000029230100E4DF5000000500000050006500720065007A0000000100C40000002A23010077575700000500000052006F0075006700610000000100C40000002B230100E5DF50000008000000500061006C006100640069006E00690000000100C40000002C230100D0BA860000040000004D006F007200720000000100C40000002D230100E8DF500000080000004700750065007200720065007200610000000100C40000002E230100D1BA8600000700000043006F007200740069006E00610000000100C40000002F230100EADF500000060000004100720061006E006400610000000100C400000030230100EBDF500000070000004C0065006F006E0065007400740000000100C400000031230100EEDF500000040000005200750069
"Édson Araújo",308345,50176,319,"SC Corinthians Paulista",NORMAL,INTERNAL_PERSON_ID,50176,0x005B57D1,False,-1,-1,31,37,34D449F839858C5A,"B|I|I|B|L|L|L|L|L|L|L|L|REF|L|L|I|I|I|I|I|B|L|L|L|L|L|L|S|L|L|L|S|B|I|I|I|",00E3DF500000090000004800E90072006E0061006E00640065007A0000000100C4000000282301001C6A4F00000700000043007200F300710075006500720000000100C400000029230100E4DF5000000500000050006500720065007A0000000100C40000002A23010077575700000500000052006F0075006700610000000100C40000002B230100E5DF50000008000000500061006C006100640069006E00690000000100C40000002C230100D0BA860000040000004D006F007200720000000100C40000002D230100E8DF500000080000004700750065007200720065007200610000000100C40000002E230100D1BA8600000700000043006F007200740069006E00610000000100C40000002F230100EADF500000060000004100720061006E006400610000000100C400000030230100EBDF500000070000004C0065006F006E0065007400740000000100C400000031230100EEDF500000040000005200750069007A0000000100C40000003223010087247300000700000050006500720061
"Édson Araújo",308345,50176,319,"SC Corinthians Paulista",NORMAL,INTERNAL_PERSON_ID,50176,0x005B57F6,False,-1,-1,37,29,CEA3CC33493E49EF,"I|I|I|B|I|I|S|L|L|L|L|L|REF|L|L|I|I|I|B|L|L|L|L|L|L|L|L|S|L|L|L|S|B|I|I|I|",2301001C6A4F00000700000043007200F300710075006500720000000100C400000029230100E4DF5000000500000050006500720065007A0000000100C40000002A23010077575700000500000052006F0075006700610000000100C40000002B230100E5DF50000008000000500061006C006100640069006E00690000000100C40000002C230100D0BA860000040000004D006F007200720000000100C40000002D230100E8DF500000080000004700750065007200720065007200610000000100C40000002E230100D1BA8600000700000043006F007200740069006E00610000000100C40000002F230100EADF500000060000004100720061006E006400610000000100C400000030230100EBDF500000070000004C0065006F006E0065007400740000000100C400000031230100EEDF500000040000005200750069007A0000000100C40000003223010087247300000700000050006500720061006C007400610000000100C400000033230100D2BA860000070000004C0061007500720065
"Édson Araújo",308345,50176,319,"SC Corinthians Paulista",NORMAL,INTERNAL_PERSON_ID,50176,0x005B5813,False,-1,-1,29,37,BEE98BE34DD8D138,"I|I|I|I|I|B|I|I|S|L|L|L|REF|L|L|I|I|I|I|I|B|L|L|L|L|L|L|L|L|L|S|L|L|I|I|I|",00C400000029230100E4DF5000000500000050006500720065007A0000000100C40000002A23010077575700000500000052006F0075006700610000000100C40000002B230100E5DF50000008000000500061006C006100640069006E00690000000100C40000002C230100D0BA860000040000004D006F007200720000000100C40000002D230100E8DF500000080000004700750065007200720065007200610000000100C40000002E230100D1BA8600000700000043006F007200740069006E00610000000100C40000002F230100EADF500000060000004100720061006E006400610000000100C400000030230100EBDF500000070000004C0065006F006E0065007400740000000100C400000031230100EEDF500000040000005200750069007A0000000100C40000003223010087247300000700000050006500720061006C007400610000000100C400000033230100D2BA860000070000004C0061007500720065006E00730000000100C400000034230100F8DF50000005000000410063
"Édson Araújo",308345,50176,319,"SC Corinthians Paulista",NORMAL,INTERNAL_PERSON_ID,50176,0x005B5838,False,-1,-1,37,35,2630B5CFB87DDE0A,"I|I|I|B|I|I|S|L|L|L|L|L|REF|L|L|I|I|I|I|I|I|B|I|I|S|L|L|L|L|S|L|L|I|I|I|I|",23010077575700000500000052006F0075006700610000000100C40000002B230100E5DF50000008000000500061006C006100640069006E00690000000100C40000002C230100D0BA860000040000004D006F007200720000000100C40000002D230100E8DF500000080000004700750065007200720065007200610000000100C40000002E230100D1BA8600000700000043006F007200740069006E00610000000100C40000002F230100EADF500000060000004100720061006E006400610000000100C400000030230100EBDF500000070000004C0065006F006E0065007400740000000100C400000031230100EEDF500000040000005200750069007A0000000100C40000003223010087247300000700000050006500720061006C007400610000000100C400000033230100D2BA860000070000004C0061007500720065006E00730000000100C400000034230100F8DF50000005000000410063007500F100610000000100C4000000352301000FE050000007000000480061006200650072
"Édson Araújo",308345,50176,319,"SC Corinthians Paulista",NORMAL,INTERNAL_PERSON_ID,50176,0x005B585B,False,-1,-1,35,33,620B4B991EEBFF0F,"I|I|B|L|L|L|L|L|L|L|L|L|REF|L|L|I|I|I|I|B|L|L|L|L|L|L|L|L|L|S|L|L|I|I|I|B|",DF50000008000000500061006C006100640069006E00690000000100C40000002C230100D0BA860000040000004D006F007200720000000100C40000002D230100E8DF500000080000004700750065007200720065007200610000000100C40000002E230100D1BA8600000700000043006F007200740069006E00610000000100C40000002F230100EADF500000060000004100720061006E006400610000000100C400000030230100EBDF500000070000004C0065006F006E0065007400740000000100C400000031230100EEDF500000040000005200750069007A0000000100C40000003223010087247300000700000050006500720061006C007400610000000100C400000033230100D2BA860000070000004C0061007500720065006E00730000000100C400000034230100F8DF50000005000000410063007500F100610000000100C4000000352301000FE050000007000000480061006200650072006C00690000000100C40000003623010052C10100000700000052006F00730061006C
"Édson Araújo",308345,50176,319,"SC Corinthians Paulista",NORMAL,INTERNAL_PERSON_ID,50176,0x005B587C,False,-1,-1,33,35,0CE6960E4A6B75CC,"I|I|I|I|B|I|I|S|L|L|L|L|REF|L|L|I|I|I|I|I|I|B|I|I|S|L|L|L|S|L|L|I|I|I|I|I|",230100D0BA860000040000004D006F007200720000000100C40000002D230100E8DF500000080000004700750065007200720065007200610000000100C40000002E230100D1BA8600000700000043006F007200740069006E00610000000100C40000002F230100EADF500000060000004100720061006E006400610000000100C400000030230100EBDF500000070000004C0065006F006E0065007400740000000100C400000031230100EEDF500000040000005200750069007A0000000100C40000003223010087247300000700000050006500720061006C007400610000000100C400000033230100D2BA860000070000004C0061007500720065006E00730000000100C400000034230100F8DF50000005000000410063007500F100610000000100C4000000352301000FE050000007000000480061006200650072006C00690000000100C40000003623010052C10100000700000052006F00730061006C006500730000000100C40000003723010011E050000006000000530061006D0065
"Édson Araújo",308345,50176,319,"SC Corinthians Paulista",NORMAL,INTERNAL_PERSON_ID,50176,0x005B589F,False,-1,-1,35,29,CDA753CAF984E66D,"I|I|B|L|L|L|L|L|L|L|L|L|REF|L|L|I|I|I|B|L|L|L|L|L|L|L|L|L|S|L|L|I|I|I|I|I|",0000080000004700750065007200720065007200610000000100C40000002E230100D1BA8600000700000043006F007200740069006E00610000000100C40000002F230100EADF500000060000004100720061006E006400610000000100C400000030230100EBDF500000070000004C0065006F006E0065007400740000000100C400000031230100EEDF500000040000005200750069007A0000000100C40000003223010087247300000700000050006500720061006C007400610000000100C400000033230100D2BA860000070000004C0061007500720065006E00730000000100C400000034230100F8DF50000005000000410063007500F100610000000100C4000000352301000FE050000007000000480061006200650072006C00690000000100C40000003623010052C10100000700000052006F00730061006C006500730000000100C40000003723010011E050000006000000530061006D0065006C00650000000100C40000003823010012E05000000A00000064006500200041006E
"Édson Araújo",308345,50176,319,"SC Corinthians Paulista",NORMAL,INTERNAL_PERSON_ID,50176,0x005B58BC,False,-1,-1,29,35,D436ACEC6627E2C8,"I|I|I|I|I|B|I|I|S|L|L|L|REF|L|L|I|I|I|I|I|I|B|I|I|S|L|L|L|S|L|L|L|S|B|I|L|",002E230100D1BA8600000700000043006F007200740069006E00610000000100C40000002F230100EADF500000060000004100720061006E006400610000000100C400000030230100EBDF500000070000004C0065006F006E0065007400740000000100C400000031230100EEDF500000040000005200750069007A0000000100C40000003223010087247300000700000050006500720061006C007400610000000100C400000033230100D2BA860000070000004C0061007500720065006E00730000000100C400000034230100F8DF50000005000000410063007500F100610000000100C4000000352301000FE050000007000000480061006200650072006C00690000000100C40000003623010052C10100000700000052006F00730061006C006500730000000100C40000003723010011E050000006000000530061006D0065006C00650000000100C40000003823010012E05000000A00000064006500200041006E006400720061006400650000000100C40000003923010013E050000005
"Édson Araújo",308345,50176,319,"SC Corinthians Paulista",NORMAL,INTERNAL_PERSON_ID,50176,0x005B58DF,False,-1,-1,35,35,A710B2D0E39E313E,"I|I|B|L|L|L|L|L|L|L|L|L|REF|L|L|I|I|I|I|I|I|B|I|I|S|L|L|S|L|L|L|S|B|I|I|I|",002F230100EADF500000060000004100720061006E006400610000000100C400000030230100EBDF500000070000004C0065006F006E0065007400740000000100C400000031230100EEDF500000040000005200750069007A0000000100C40000003223010087247300000700000050006500720061006C007400610000000100C400000033230100D2BA860000070000004C0061007500720065006E00730000000100C400000034230100F8DF50000005000000410063007500F100610000000100C4000000352301000FE050000007000000480061006200650072006C00690000000100C40000003623010052C10100000700000052006F00730061006C006500730000000100C40000003723010011E050000006000000530061006D0065006C00650000000100C40000003823010012E05000000A00000064006500200041006E006400720061006400650000000100C40000003923010013E0500000050000004C00610063006C00650000000100C40000003A230100D4BA8600000800000050
"Édson Araújo",308345,50176,319,"SC Corinthians Paulista",NORMAL,INTERNAL_PERSON_ID,50176,0x005B5902,False,-1,-1,35,31,97169B0CF8F4C7FC,"I|I|B|L|L|L|L|L|L|L|L|L|REF|L|L|I|I|I|I|I|B|I|I|S|L|L|L|S|L|L|L|S|B|I|I|I|",230100EBDF500000070000004C0065006F006E0065007400740000000100C400000031230100EEDF500000040000005200750069007A0000000100C40000003223010087247300000700000050006500720061006C007400610000000100C400000033230100D2BA860000070000004C0061007500720065006E00730000000100C400000034230100F8DF50000005000000410063007500F100610000000100C4000000352301000FE050000007000000480061006200650072006C00690000000100C40000003623010052C10100000700000052006F00730061006C006500730000000100C40000003723010011E050000006000000530061006D0065006C00650000000100C40000003823010012E05000000A00000064006500200041006E006400720061006400650000000100C40000003923010013E0500000050000004C00610063006C00650000000100C40000003A230100D4BA86000008000000500061006C006100630069006F00730000000100C40000003B23010016E0500000060000
"Édson Araújo",308345,50176,319,"SC Corinthians Paulista",NORMAL,INTERNAL_PERSON_ID,50176,0x005B5921,False,-1,-1,31,35,523FAC6F14F58ACC,"I|I|I|B|L|L|L|L|L|L|L|L|REF|L|L|I|I|I|I|I|I|B|I|I|S|L|L|L|S|L|L|L|S|B|I|I|",00000031230100EEDF500000040000005200750069007A0000000100C40000003223010087247300000700000050006500720061006C007400610000000100C400000033230100D2BA860000070000004C0061007500720065006E00730000000100C400000034230100F8DF50000005000000410063007500F100610000000100C4000000352301000FE050000007000000480061006200650072006C00690000000100C40000003623010052C10100000700000052006F00730061006C006500730000000100C40000003723010011E050000006000000530061006D0065006C00650000000100C40000003823010012E05000000A00000064006500200041006E006400720061006400650000000100C40000003923010013E0500000050000004C00610063006C00650000000100C40000003A230100D4BA86000008000000500061006C006100630069006F00730000000100C40000003B23010016E05000000600000046006500720072006500720000000100C40000003C23010018E050000006
"Édson Araújo",308345,50176,319,"SC Corinthians Paulista",NORMAL,INTERNAL_PERSON_ID,50176,0x005B5944,False,-1,-1,35,35,9EA58B9ABDF523FD,"I|L|B|L|L|L|L|L|L|L|L|L|REF|L|L|I|I|I|I|I|I|B|I|I|S|L|L|L|L|S|L|L|I|I|I|I|",0087247300000700000050006500720061006C007400610000000100C400000033230100D2BA860000070000004C0061007500720065006E00730000000100C400000034230100F8DF50000005000000410063007500F100610000000100C4000000352301000FE050000007000000480061006200650072006C00690000000100C40000003623010052C10100000700000052006F00730061006C006500730000000100C40000003723010011E050000006000000530061006D0065006C00650000000100C40000003823010012E05000000A00000064006500200041006E006400720061006400650000000100C40000003923010013E0500000050000004C00610063006C00650000000100C40000003A230100D4BA86000008000000500061006C006100630069006F00730000000100C40000003B23010016E05000000600000046006500720072006500720000000100C40000003C23010018E05000000600000043006F006C0069006E00610000000100C40000003D2301001AE0500000090000
"Édson Araújo",308345,50176,319,"SC Corinthians Paulista",NORMAL,INTERNAL_PERSON_ID,50176,0x005B5967,False,-1,-1,35,33,A5D9A84F5393063C,"I|I|B|L|L|L|L|L|L|L|L|L|REF|L|L|I|I|I|I|B|L|L|L|L|L|L|L|L|L|S|L|L|L|S|B|I|",00D2BA860000070000004C0061007500720065006E00730000000100C400000034230100F8DF50000005000000410063007500F100610000000100C4000000352301000FE050000007000000480061006200650072006C00690000000100C40000003623010052C10100000700000052006F00730061006C006500730000000100C40000003723010011E050000006000000530061006D0065006C00650000000100C40000003823010012E05000000A00000064006500200041006E006400720061006400650000000100C40000003923010013E0500000050000004C00610063006C00650000000100C40000003A230100D4BA86000008000000500061006C006100630069006F00730000000100C40000003B23010016E05000000600000046006500720072006500720000000100C40000003C23010018E05000000600000043006F006C0069006E00610000000100C40000003D2301001AE050000009000000640065006C0020004D006F00720061006C0000000100C40000003E230100D6BA8600
"Édson Araújo",308345,50176,319,"SC Corinthians Paulista",NORMAL,INTERNAL_PERSON_ID,50176,0x005B5988,False,-1,-1,33,41,181D0DF58C74356E,"I|I|I|I|B|I|I|S|L|L|L|L|REF|L|L|I|I|I|I|I|I|B|L|L|L|L|L|L|L|L|S|L|L|I|I|I|",230100F8DF50000005000000410063007500F100610000000100C4000000352301000FE050000007000000480061006200650072006C00690000000100C40000003623010052C10100000700000052006F00730061006C006500730000000100C40000003723010011E050000006000000530061006D0065006C00650000000100C40000003823010012E05000000A00000064006500200041006E006400720061006400650000000100C40000003923010013E0500000050000004C00610063006C00650000000100C40000003A230100D4BA86000008000000500061006C006100630069006F00730000000100C40000003B23010016E05000000600000046006500720072006500720000000100C40000003C23010018E05000000600000043006F006C0069006E00610000000100C40000003D2301001AE050000009000000640065006C0020004D006F00720061006C0000000100C40000003E230100D6BA8600000400000054006F006E00690000000100C40000003F230100D8BA860000070000
"Édson Araújo",308345,50176,319,"SC Corinthians Paulista",NORMAL,INTERNAL_PERSON_ID,50176,0x005B59B1,False,-1,-1,41,31,6796BF07367E5A4B,"I|I|B|I|I|S|L|L|L|L|L|L|REF|L|L|I|I|I|I|I|B|I|I|S|L|L|L|L|L|S|L|L|I|I|I|I|",0000480061006200650072006C00690000000100C40000003623010052C10100000700000052006F00730061006C006500730000000100C40000003723010011E050000006000000530061006D0065006C00650000000100C40000003823010012E05000000A00000064006500200041006E006400720061006400650000000100C40000003923010013E0500000050000004C00610063006C00650000000100C40000003A230100D4BA86000008000000500061006C006100630069006F00730000000100C40000003B23010016E05000000600000046006500720072006500720000000100C40000003C23010018E05000000600000043006F006C0069006E00610000000100C40000003D2301001AE050000009000000640065006C0020004D006F00720061006C0000000100C40000003E230100D6BA8600000400000054006F006E00690000000100C40000003F230100D8BA86000007000000530065007100750065007200610000000100C4000000402301001FE0500000080000004100700061
"Édson Araújo",308345,50176,319,"SC Corinthians Paulista",NORMAL,INTERNAL_PERSON_ID,50176,0x005B59D0,False,-1,-1,31,37,165655792DBA7187,"I|I|I|B|L|L|L|L|L|L|L|L|REF|L|L|I|I|I|I|I|B|L|L|L|L|L|L|L|S|L|L|L|S|B|I|I|",00000700000052006F00730061006C006500730000000100C40000003723010011E050000006000000530061006D0065006C00650000000100C40000003823010012E05000000A00000064006500200041006E006400720061006400650000000100C40000003923010013E0500000050000004C00610063006C00650000000100C40000003A230100D4BA86000008000000500061006C006100630069006F00730000000100C40000003B23010016E05000000600000046006500720072006500720000000100C40000003C23010018E05000000600000043006F006C0069006E00610000000100C40000003D2301001AE050000009000000640065006C0020004D006F00720061006C0000000100C40000003E230100D6BA8600000400000054006F006E00690000000100C40000003F230100D8BA86000007000000530065007100750065007200610000000100C4000000402301001FE05000000800000041007000610072006900630069006F0000000100C40000004123010020E0500000080000
"Édson Araújo",308345,50176,319,"SC Corinthians Paulista",NORMAL,INTERNAL_PERSON_ID,50176,0x005B59F5,False,-1,-1,37,33,EFCEE9C0148AD024,"I|I|I|B|I|I|S|L|L|L|L|L|REF|L|L|I|I|I|I|B|L|L|L|L|L|L|L|S|L|L|L|S|B|I|I|I|",06000000530061006D0065006C00650000000100C40000003823010012E05000000A00000064006500200041006E006400720061006400650000000100C40000003923010013E0500000050000004C00610063006C00650000000100C40000003A230100D4BA86000008000000500061006C006100630069006F00730000000100C40000003B23010016E05000000600000046006500720072006500720000000100C40000003C23010018E05000000600000043006F006C0069006E00610000000100C40000003D2301001AE050000009000000640065006C0020004D006F00720061006C0000000100C40000003E230100D6BA8600000400000054006F006E00690000000100C40000003F230100D8BA86000007000000530065007100750065007200610000000100C4000000402301001FE05000000800000041007000610072006900630069006F0000000100C40000004123010020E0500000080000004E00610062006F006C006C00E1006E0000000100C40000004223010021E0500000090000
"Édson Araújo",308345,50176,319,"SC Corinthians Paulista",NORMAL,INTERNAL_PERSON_ID,50176,0x005B5A16,False,-1,-1,33,33,828EDB126553D5FB,"I|I|I|I|B|I|I|S|L|L|L|L|REF|L|L|I|I|I|I|B|L|L|L|L|L|L|L|L|L|L|S|L|L|I|I|I|",0A00000064006500200041006E006400720061006400650000000100C40000003923010013E0500000050000004C00610063006C00650000000100C40000003A230100D4BA86000008000000500061006C006100630069006F00730000000100C40000003B23010016E05000000600000046006500720072006500720000000100C40000003C23010018E05000000600000043006F006C0069006E00610000000100C40000003D2301001AE050000009000000640065006C0020004D006F00720061006C0000000100C40000003E230100D6BA8600000400000054006F006E00690000000100C40000003F230100D8BA86000007000000530065007100750065007200610000000100C4000000402301001FE05000000800000041007000610072006900630069006F0000000100C40000004123010020E0500000080000004E00610062006F006C006C00E1006E0000000100C40000004223010021E05000000900000044006F006D00ED006E006700750065007A0000000100C400000043230100E5BA
"Édson Araújo",308345,50176,319,"SC Corinthians Paulista",NORMAL,INTERNAL_PERSON_ID,50176,0x005B5A37,False,-1,-1,33,39,66A43F6BFB9DC59E,"I|I|I|I|B|I|I|S|L|L|L|L|REF|L|L|I|I|I|I|I|I|I|B|I|I|S|L|L|L|S|L|L|I|I|I|I|",23010013E0500000050000004C00610063006C00650000000100C40000003A230100D4BA86000008000000500061006C006100630069006F00730000000100C40000003B23010016E05000000600000046006500720072006500720000000100C40000003C23010018E05000000600000043006F006C0069006E00610000000100C40000003D2301001AE050000009000000640065006C0020004D006F00720061006C0000000100C40000003E230100D6BA8600000400000054006F006E00690000000100C40000003F230100D8BA86000007000000530065007100750065007200610000000100C4000000402301001FE05000000800000041007000610072006900630069006F0000000100C40000004123010020E0500000080000004E00610062006F006C006C00E1006E0000000100C40000004223010021E05000000900000044006F006D00ED006E006700750065007A0000000100C400000043230100E5BA860000050000004600650064006F00720000000100C400000044230100BEEE1600
"Édson Araújo",308345,50176,319,"SC Corinthians Paulista",NORMAL,INTERNAL_PERSON_ID,50176,0x005B5A5E,False,-1,-1,39,29,F7EB58E48278CBA3,"I|B|L|L|L|L|L|L|L|L|L|L|REF|L|L|I|I|I|B|L|L|L|L|L|L|L|L|L|S|L|L|I|I|I|I|I|",08000000500061006C006100630069006F00730000000100C40000003B23010016E05000000600000046006500720072006500720000000100C40000003C23010018E05000000600000043006F006C0069006E00610000000100C40000003D2301001AE050000009000000640065006C0020004D006F00720061006C0000000100C40000003E230100D6BA8600000400000054006F006E00690000000100C40000003F230100D8BA86000007000000530065007100750065007200610000000100C4000000402301001FE05000000800000041007000610072006900630069006F0000000100C40000004123010020E0500000080000004E00610062006F006C006C00E1006E0000000100C40000004223010021E05000000900000044006F006D00ED006E006700750065007A0000000100C400000043230100E5BA860000050000004600650064006F00720000000100C400000044230100BEEE16000006000000520065007300740061006E0000000100C40000004523010024E05000000600000053
"Édson Araújo",308345,50176,319,"SC Corinthians Paulista",NORMAL,INTERNAL_PERSON_ID,50176,0x005B5A7B,False,-1,-1,29,35,9EB29D9F6121D46F,"I|I|I|I|I|B|I|I|S|L|L|L|REF|L|L|I|I|I|I|I|I|B|I|I|S|L|L|L|L|L|S|L|L|I|I|I|",23010016E05000000600000046006500720072006500720000000100C40000003C23010018E05000000600000043006F006C0069006E00610000000100C40000003D2301001AE050000009000000640065006C0020004D006F00720061006C0000000100C40000003E230100D6BA8600000400000054006F006E00690000000100C40000003F230100D8BA86000007000000530065007100750065007200610000000100C4000000402301001FE05000000800000041007000610072006900630069006F0000000100C40000004123010020E0500000080000004E00610062006F006C006C00E1006E0000000100C40000004223010021E05000000900000044006F006D00ED006E006700750065007A0000000100C400000043230100E5BA860000050000004600650064006F00720000000100C400000044230100BEEE16000006000000520065007300740061006E0000000100C40000004523010024E050000006000000530069006C0061006E006F0000000100C4000000462301002EE050000007
"Édson Araújo",308345,50176,319,"SC Corinthians Paulista",NORMAL,INTERNAL_PERSON_ID,50176,0x005B5A9E,False,-1,-1,35,37,C37DE9F39038D1EC,"I|I|B|L|L|L|L|L|L|L|L|L|REF|L|L|I|I|I|I|I|B|L|L|L|L|L|L|L|L|S|L|L|L|S|B|I|",0018E05000000600000043006F006C0069006E00610000000100C40000003D2301001AE050000009000000640065006C0020004D006F00720061006C0000000100C40000003E230100D6BA8600000400000054006F006E00690000000100C40000003F230100D8BA86000007000000530065007100750065007200610000000100C4000000402301001FE05000000800000041007000610072006900630069006F0000000100C40000004123010020E0500000080000004E00610062006F006C006C00E1006E0000000100C40000004223010021E05000000900000044006F006D00ED006E006700750065007A0000000100C400000043230100E5BA860000050000004600650064006F00720000000100C400000044230100BEEE16000006000000520065007300740061006E0000000100C40000004523010024E050000006000000530069006C0061006E006F0000000100C4000000462301002EE050000007000000530065006D00690064006500790000000100C400000047230100E6BA86000007
"Édson Araújo",308345,50176,319,"SC Corinthians Paulista",NORMAL,INTERNAL_PERSON_ID,50176,0x005B5AC3,False,-1,-1,37,37,E824123929C567DD,"I|I|I|B|I|I|S|L|L|L|L|L|REF|L|L|I|I|I|I|L|B|L|L|L|L|L|L|L|L|L|L|S|L|L|I|I|",000009000000640065006C0020004D006F00720061006C0000000100C40000003E230100D6BA8600000400000054006F006E00690000000100C40000003F230100D8BA86000007000000530065007100750065007200610000000100C4000000402301001FE05000000800000041007000610072006900630069006F0000000100C40000004123010020E0500000080000004E00610062006F006C006C00E1006E0000000100C40000004223010021E05000000900000044006F006D00ED006E006700750065007A0000000100C400000043230100E5BA860000050000004600650064006F00720000000100C400000044230100BEEE16000006000000520065007300740061006E0000000100C40000004523010024E050000006000000530069006C0061006E006F0000000100C4000000462301002EE050000007000000530065006D00690064006500790000000100C400000047230100E6BA860000070000005600ED006C006300680065007A0000000100C400000048230100E7BA860000080000
"Édson Araújo",308345,50176,319,"SC Corinthians Paulista",NORMAL,INTERNAL_PERSON_ID,50176,0x005B5AE8,False,-1,-1,37,39,A4079F6DF2F78963,"I|I|I|B|I|I|S|L|L|L|L|L|REF|L|L|I|I|I|I|I|I|I|B|I|I|S|L|L|S|L|L|L|S|B|I|I|",BA8600000400000054006F006E00690000000100C40000003F230100D8BA86000007000000530065007100750065007200610000000100C4000000402301001FE05000000800000041007000610072006900630069006F0000000100C40000004123010020E0500000080000004E00610062006F006C006C00E1006E0000000100C40000004223010021E05000000900000044006F006D00ED006E006700750065007A0000000100C400000043230100E5BA860000050000004600650064006F00720000000100C400000044230100BEEE16000006000000520065007300740061006E0000000100C40000004523010024E050000006000000530069006C0061006E006F0000000100C4000000462301002EE050000007000000530065006D00690064006500790000000100C400000047230100E6BA860000070000005600ED006C006300680065007A0000000100C400000048230100E7BA86000008000000560061006C0065006E0063006900610000000100C400000049230100E8BA860000050000
"Édson Araújo",308345,50176,319,"SC Corinthians Paulista",NORMAL,INTERNAL_PERSON_ID,50176,0x005B5B0F,False,-1,-1,39,31,B1A18CDA95E583CB,"L|B|L|L|L|L|L|L|L|L|L|L|REF|L|L|I|I|I|I|I|B|I|I|S|L|L|L|L|S|L|L|I|I|I|I|B|",65007100750065007200610000000100C4000000402301001FE05000000800000041007000610072006900630069006F0000000100C40000004123010020E0500000080000004E00610062006F006C006C00E1006E0000000100C40000004223010021E05000000900000044006F006D00ED006E006700750065007A0000000100C400000043230100E5BA860000050000004600650064006F00720000000100C400000044230100BEEE16000006000000520065007300740061006E0000000100C40000004523010024E050000006000000530069006C0061006E006F0000000100C4000000462301002EE050000007000000530065006D00690064006500790000000100C400000047230100E6BA860000070000005600ED006C006300680065007A0000000100C400000048230100E7BA86000008000000560061006C0065006E0063006900610000000100C400000049230100E8BA860000050000004D006F0072006500740000000100C40000004A230100EBBA86000005000000420061006E0066
"Édson Araújo",308345,50176,319,"SC Corinthians Paulista",NORMAL,INTERNAL_PERSON_ID,50176,0x005B5B2E,False,-1,-1,31,33,1E9B7BD3EDC8EFB6,"L|I|I|B|L|L|L|L|L|L|L|L|REF|L|L|I|I|I|I|B|L|L|L|L|L|L|L|S|L|L|L|S|B|I|I|I|",000041007000610072006900630069006F0000000100C40000004123010020E0500000080000004E00610062006F006C006C00E1006E0000000100C40000004223010021E05000000900000044006F006D00ED006E006700750065007A0000000100C400000043230100E5BA860000050000004600650064006F00720000000100C400000044230100BEEE16000006000000520065007300740061006E0000000100C40000004523010024E050000006000000530069006C0061006E006F0000000100C4000000462301002EE050000007000000530065006D00690064006500790000000100C400000047230100E6BA860000070000005600ED006C006300680065007A0000000100C400000048230100E7BA86000008000000560061006C0065006E0063006900610000000100C400000049230100E8BA860000050000004D006F0072006500740000000100C40000004A230100EBBA86000005000000420061006E006600690000000100C40000004B230100ECBA8600000A0000004C006F006E0067
"Édson Araújo",308345,50176,319,"SC Corinthians Paulista",NORMAL,INTERNAL_PERSON_ID,50176,0x005B5B4F,False,-1,-1,33,33,C2FAE5C35CD89AFC,"I|I|I|I|B|I|I|S|L|L|L|L|REF|L|L|I|I|I|I|B|L|L|L|L|L|L|L|L|L|S|L|L|I|I|I|I|",0000080000004E00610062006F006C006C00E1006E0000000100C40000004223010021E05000000900000044006F006D00ED006E006700750065007A0000000100C400000043230100E5BA860000050000004600650064006F00720000000100C400000044230100BEEE16000006000000520065007300740061006E0000000100C40000004523010024E050000006000000530069006C0061006E006F0000000100C4000000462301002EE050000007000000530065006D00690064006500790000000100C400000047230100E6BA860000070000005600ED006C006300680065007A0000000100C400000048230100E7BA86000008000000560061006C0065006E0063006900610000000100C400000049230100E8BA860000050000004D006F0072006500740000000100C40000004A230100EBBA86000005000000420061006E006600690000000100C40000004B230100ECBA8600000A0000004C006F006E0067006F006200610072006400790000000100C40000004C23010036E0500000080000
"Édson Araújo",308345,50176,319,"SC Corinthians Paulista",NORMAL,INTERNAL_PERSON_ID,50176,0x005B5B70,False,-1,-1,33,35,4980D99F7FED33F9,"I|I|I|I|B|I|I|S|L|L|L|L|REF|L|L|I|I|I|I|I|I|B|I|I|S|L|L|L|S|L|L|L|S|B|I|I|",0021E05000000900000044006F006D00ED006E006700750065007A0000000100C400000043230100E5BA860000050000004600650064006F00720000000100C400000044230100BEEE16000006000000520065007300740061006E0000000100C40000004523010024E050000006000000530069006C0061006E006F0000000100C4000000462301002EE050000007000000530065006D00690064006500790000000100C400000047230100E6BA860000070000005600ED006C006300680065007A0000000100C400000048230100E7BA86000008000000560061006C0065006E0063006900610000000100C400000049230100E8BA860000050000004D006F0072006500740000000100C40000004A230100EBBA86000005000000420061006E006600690000000100C40000004B230100ECBA8600000A0000004C006F006E0067006F006200610072006400790000000100C40000004C23010036E0500000080000004300610072006E006500690072006F0000000100C40000004D2301003AE05000
"Édson Araújo",308345,50176,319,"SC Corinthians Paulista",NORMAL,INTERNAL_PERSON_ID,50176,0x005B5B93,False,-1,-1,35,35,4112AC0468D489DA,"I|I|B|L|L|L|L|L|L|L|L|L|REF|L|L|I|I|I|I|I|I|B|I|I|S|L|L|L|L|L|S|L|L|I|I|I|",0043230100E5BA860000050000004600650064006F00720000000100C400000044230100BEEE16000006000000520065007300740061006E0000000100C40000004523010024E050000006000000530069006C0061006E006F0000000100C4000000462301002EE050000007000000530065006D00690064006500790000000100C400000047230100E6BA860000070000005600ED006C006300680065007A0000000100C400000048230100E7BA86000008000000560061006C0065006E0063006900610000000100C400000049230100E8BA860000050000004D006F0072006500740000000100C40000004A230100EBBA86000005000000420061006E006600690000000100C40000004B230100ECBA8600000A0000004C006F006E0067006F006200610072006400790000000100C40000004C23010036E0500000080000004300610072006E006500690072006F0000000100C40000004D2301003AE050000006000000480061006C006C006500790000000100C40000004E2301003DE050000005
"Édson Araújo",308345,50176,319,"SC Corinthians Paulista",NORMAL,INTERNAL_PERSON_ID,50176,0x005B5BB6,False,-1,-1,35,37,E0566381FE0449AD,"I|I|B|L|L|L|L|L|L|L|L|L|REF|L|L|I|I|I|I|I|B|L|L|L|L|L|L|L|L|S|L|L|I|I|I|I|",00BEEE16000006000000520065007300740061006E0000000100C40000004523010024E050000006000000530069006C0061006E006F0000000100C4000000462301002EE050000007000000530065006D00690064006500790000000100C400000047230100E6BA860000070000005600ED006C006300680065007A0000000100C400000048230100E7BA86000008000000560061006C0065006E0063006900610000000100C400000049230100E8BA860000050000004D006F0072006500740000000100C40000004A230100EBBA86000005000000420061006E006600690000000100C40000004B230100ECBA8600000A0000004C006F006E0067006F006200610072006400790000000100C40000004C23010036E0500000080000004300610072006E006500690072006F0000000100C40000004D2301003AE050000006000000480061006C006C006500790000000100C40000004E2301003DE050000005000000440075007200E1006E0000000100C40000004F23010044E05000000500000053
"Édson Araújo",308345,50176,319,"SC Corinthians Paulista",NORMAL,INTERNAL_PERSON_ID,50176,0x005B5BDB,False,-1,-1,37,31,DCE545DC802AD883,"I|I|I|B|I|I|S|L|L|L|L|L|REF|L|L|I|I|I|I|I|B|I|I|S|L|L|S|L|L|L|S|B|I|I|I|I|",000006000000530069006C0061006E006F0000000100C4000000462301002EE050000007000000530065006D00690064006500790000000100C400000047230100E6BA860000070000005600ED006C006300680065007A0000000100C400000048230100E7BA86000008000000560061006C0065006E0063006900610000000100C400000049230100E8BA860000050000004D006F0072006500740000000100C40000004A230100EBBA86000005000000420061006E006600690000000100C40000004B230100ECBA8600000A0000004C006F006E0067006F006200610072006400790000000100C40000004C23010036E0500000080000004300610072006E006500690072006F0000000100C40000004D2301003AE050000006000000480061006C006C006500790000000100C40000004E2301003DE050000005000000440075007200E1006E0000000100C40000004F23010044E050000005000000530061006C006100730000000100C40000005023010046E0500000070000004F0072006F0070
"Édson Araújo",308345,50176,319,"SC Corinthians Paulista",NORMAL,INTERNAL_PERSON_ID,50176,0x005B5BFA,False,-1,-1,31,31,8D484445AD457A11,"I|I|I|B|L|L|L|L|L|L|L|L|REF|L|L|I|I|I|I|I|B|I|I|S|L|L|L|L|L|L|S|L|L|I|I|I|",E050000007000000530065006D00690064006500790000000100C400000047230100E6BA860000070000005600ED006C006300680065007A0000000100C400000048230100E7BA86000008000000560061006C0065006E0063006900610000000100C400000049230100E8BA860000050000004D006F0072006500740000000100C40000004A230100EBBA86000005000000420061006E006600690000000100C40000004B230100ECBA8600000A0000004C006F006E0067006F006200610072006400790000000100C40000004C23010036E0500000080000004300610072006E006500690072006F0000000100C40000004D2301003AE050000006000000480061006C006C006500790000000100C40000004E2301003DE050000005000000440075007200E1006E0000000100C40000004F23010044E050000005000000530061006C006100730000000100C40000005023010046E0500000070000004F0072006F00700065007A00610000000100C4000000512301004DE0500000070000004D006F
"Édson Araújo",308345,50176,319,"SC Corinthians Paulista",NORMAL,INTERNAL_PERSON_ID,50176,0x005B5C19,False,-1,-1,31,41,2C26E03231E7BA41,"B|I|I|B|L|L|L|L|L|L|L|L|REF|L|L|I|I|I|I|I|I|B|L|L|L|L|L|L|L|L|S|L|L|L|S|B|",230100E6BA860000070000005600ED006C006300680065007A0000000100C400000048230100E7BA86000008000000560061006C0065006E0063006900610000000100C400000049230100E8BA860000050000004D006F0072006500740000000100C40000004A230100EBBA86000005000000420061006E006600690000000100C40000004B230100ECBA8600000A0000004C006F006E0067006F006200610072006400790000000100C40000004C23010036E0500000080000004300610072006E006500690072006F0000000100C40000004D2301003AE050000006000000480061006C006C006500790000000100C40000004E2301003DE050000005000000440075007200E1006E0000000100C40000004F23010044E050000005000000530061006C006100730000000100C40000005023010046E0500000070000004F0072006F00700065007A00610000000100C4000000512301004DE0500000070000004D006F006E0074006100F1006F0000000100C400000052230100F0BA860000050000
"Édson Araújo",308345,50176,319,"SC Corinthians Paulista",NORMAL,INTERNAL_PERSON_ID,50176,0x005B5C42,False,-1,-1,41,37,C3EEF7CCD14329EC,"I|I|B|I|I|S|L|L|L|L|L|L|REF|L|L|I|I|I|I|I|B|L|L|L|L|L|L|L|S|L|L|L|S|B|I|L|",000008000000560061006C0065006E0063006900610000000100C400000049230100E8BA860000050000004D006F0072006500740000000100C40000004A230100EBBA86000005000000420061006E006600690000000100C40000004B230100ECBA8600000A0000004C006F006E0067006F006200610072006400790000000100C40000004C23010036E0500000080000004300610072006E006500690072006F0000000100C40000004D2301003AE050000006000000480061006C006C006500790000000100C40000004E2301003DE050000005000000440075007200E1006E0000000100C40000004F23010044E050000005000000530061006C006100730000000100C40000005023010046E0500000070000004F0072006F00700065007A00610000000100C4000000512301004DE0500000070000004D006F006E0074006100F1006F0000000100C400000052230100F0BA860000050000004F00630068006F00610000000100C40000005323010053E050000006000000470075007A006D00E1
"Édson Araújo",308345,50176,319,"SC Corinthians Paulista",NORMAL,INTERNAL_PERSON_ID,50176,0x005B5C67,False,-1,-1,37,33,EC99C1CBD64478F5,"I|I|I|B|I|I|S|L|L|L|L|L|REF|L|L|I|I|I|I|B|L|L|L|L|L|L|L|L|S|L|L|I|I|I|I|I|",0000050000004D006F0072006500740000000100C40000004A230100EBBA86000005000000420061006E006600690000000100C40000004B230100ECBA8600000A0000004C006F006E0067006F006200610072006400790000000100C40000004C23010036E0500000080000004300610072006E006500690072006F0000000100C40000004D2301003AE050000006000000480061006C006C006500790000000100C40000004E2301003DE050000005000000440075007200E1006E0000000100C40000004F23010044E050000005000000530061006C006100730000000100C40000005023010046E0500000070000004F0072006F00700065007A00610000000100C4000000512301004DE0500000070000004D006F006E0074006100F1006F0000000100C400000052230100F0BA860000050000004F00630068006F00610000000100C40000005323010053E050000006000000470075007A006D00E1006E0000000100C40000005423010054E0500000060000005000650072006F007A006F0000
"Édson Araújo",308345,50176,319,"SC Corinthians Paulista",NORMAL,INTERNAL_PERSON_ID,50176,0x005B5C88,False,-1,-1,33,31,319A7CEE047BE573,"I|I|I|I|B|I|I|S|L|L|L|L|REF|L|L|I|I|I|I|I|B|I|I|S|L|L|S|L|L|L|S|B|I|I|I|B|",05000000420061006E006600690000000100C40000004B230100ECBA8600000A0000004C006F006E0067006F006200610072006400790000000100C40000004C23010036E0500000080000004300610072006E006500690072006F0000000100C40000004D2301003AE050000006000000480061006C006C006500790000000100C40000004E2301003DE050000005000000440075007200E1006E0000000100C40000004F23010044E050000005000000530061006C006100730000000100C40000005023010046E0500000070000004F0072006F00700065007A00610000000100C4000000512301004DE0500000070000004D006F006E0074006100F1006F0000000100C400000052230100F0BA860000050000004F00630068006F00610000000100C40000005323010053E050000006000000470075007A006D00E1006E0000000100C40000005423010054E0500000060000005000650072006F007A006F0000000100C400000055230100F4BA8600000500000050006F006E0074006500000001
"Édson Araújo",308345,50176,319,"SC Corinthians Paulista",NORMAL,INTERNAL_PERSON_ID,50176,0x005B5CA7,False,-1,-1,31,31,E3DE9544CC802DEB,"I|I|I|B|L|L|L|L|L|L|L|L|REF|L|L|I|I|I|I|I|B|I|I|S|L|L|L|S|L|L|L|S|B|I|I|L|",0A0000004C006F006E0067006F006200610072006400790000000100C40000004C23010036E0500000080000004300610072006E006500690072006F0000000100C40000004D2301003AE050000006000000480061006C006C006500790000000100C40000004E2301003DE050000005000000440075007200E1006E0000000100C40000004F23010044E050000005000000530061006C006100730000000100C40000005023010046E0500000070000004F0072006F00700065007A00610000000100C4000000512301004DE0500000070000004D006F006E0074006100F1006F0000000100C400000052230100F0BA860000050000004F00630068006F00610000000100C40000005323010053E050000006000000470075007A006D00E1006E0000000100C40000005423010054E0500000060000005000650072006F007A006F0000000100C400000055230100F4BA8600000500000050006F006E007400650000000100C40000005623010057E0500000070000004D006100740068006500750073
"Édson Araújo",308345,50176,319,"SC Corinthians Paulista",NORMAL,INTERNAL_PERSON_ID,50176,0x005B5CC6,False,-1,-1,31,35,8B5FCE664C6B72CD,"B|I|L|B|L|L|L|L|L|L|L|L|REF|L|L|I|I|I|I|I|I|B|I|I|S|L|L|L|S|L|L|L|S|B|I|I|",004C23010036E0500000080000004300610072006E006500690072006F0000000100C40000004D2301003AE050000006000000480061006C006C006500790000000100C40000004E2301003DE050000005000000440075007200E1006E0000000100C40000004F23010044E050000005000000530061006C006100730000000100C40000005023010046E0500000070000004F0072006F00700065007A00610000000100C4000000512301004DE0500000070000004D006F006E0074006100F1006F0000000100C400000052230100F0BA860000050000004F00630068006F00610000000100C40000005323010053E050000006000000470075007A006D00E1006E0000000100C40000005423010054E0500000060000005000650072006F007A006F0000000100C400000055230100F4BA8600000500000050006F006E007400650000000100C40000005623010057E0500000070000004D0061007400680065007500730000000100C400000057230100F5BA8600000600000050007500720072006F
"Édson Araújo",308345,50176,319,"SC Corinthians Paulista",NORMAL,INTERNAL_PERSON_ID,50176,0x005B5CE9,False,-1,-1,35,35,A710B2D0E39E313E,"I|I|B|L|L|L|L|L|L|L|L|L|REF|L|L|I|I|I|I|I|I|B|I|I|S|L|L|S|L|L|L|S|B|I|I|I|",0000004D2301003AE050000006000000480061006C006C006500790000000100C40000004E2301003DE050000005000000440075007200E1006E0000000100C40000004F23010044E050000005000000530061006C006100730000000100C40000005023010046E0500000070000004F0072006F00700065007A00610000000100C4000000512301004DE0500000070000004D006F006E0074006100F1006F0000000100C400000052230100F0BA860000050000004F00630068006F00610000000100C40000005323010053E050000006000000470075007A006D00E1006E0000000100C40000005423010054E0500000060000005000650072006F007A006F0000000100C400000055230100F4BA8600000500000050006F006E007400650000000100C40000005623010057E0500000070000004D0061007400680065007500730000000100C400000057230100F5BA8600000600000050007500720072006F00790000000100C4000000582301005FE0500000070000004300610072006D006F006E
"Édson Araújo",308345,50176,319,"SC Corinthians Paulista",NORMAL,INTERNAL_PERSON_ID,50176,0x005B5D0C,False,-1,-1,35,31,BAED73480CF650C1,"I|I|B|L|L|L|L|L|L|L|L|L|REF|L|L|I|I|I|I|I|B|I|I|S|L|L|L|L|S|L|L|I|I|I|I|B|",004E2301003DE050000005000000440075007200E1006E0000000100C40000004F23010044E050000005000000530061006C006100730000000100C40000005023010046E0500000070000004F0072006F00700065007A00610000000100C4000000512301004DE0500000070000004D006F006E0074006100F1006F0000000100C400000052230100F0BA860000050000004F00630068006F00610000000100C40000005323010053E050000006000000470075007A006D00E1006E0000000100C40000005423010054E0500000060000005000650072006F007A006F0000000100C400000055230100F4BA8600000500000050006F006E007400650000000100C40000005623010057E0500000070000004D0061007400680065007500730000000100C400000057230100F5BA8600000600000050007500720072006F00790000000100C4000000582301005FE0500000070000004300610072006D006F006E00610000000100C40000005923010060E0500000060000004D0065006A00ED00610073
"Édson Araújo",308345,50176,319,"SC Corinthians Paulista",NORMAL,INTERNAL_PERSON_ID,50176,0x005B5D2B,False,-1,-1,31,33,4077572C4097B1FC,"I|I|L|B|L|L|L|L|L|L|L|L|REF|L|L|I|I|I|L|B|L|L|L|L|L|L|L|S|L|L|L|S|B|I|I|B|",004F23010044E050000005000000530061006C006100730000000100C40000005023010046E0500000070000004F0072006F00700065007A00610000000100C4000000512301004DE0500000070000004D006F006E0074006100F1006F0000000100C400000052230100F0BA860000050000004F00630068006F00610000000100C40000005323010053E050000006000000470075007A006D00E1006E0000000100C40000005423010054E0500000060000005000650072006F007A006F0000000100C400000055230100F4BA8600000500000050006F006E007400650000000100C40000005623010057E0500000070000004D0061007400680065007500730000000100C400000057230100F5BA8600000600000050007500720072006F00790000000100C4000000582301005FE0500000070000004300610072006D006F006E00610000000100C40000005923010060E0500000060000004D0065006A00ED006100730000000100C40000005A23010063E0500000080000004700720061006E0061
"Édson Araújo",308345,50176,319,"SC Corinthians Paulista",NORMAL,INTERNAL_PERSON_ID,50176,0x005B5D4C,False,-1,-1,33,33,4407A62848BDFFF9,"I|I|I|I|B|I|I|S|L|L|L|L|REF|L|L|I|I|I|I|B|L|L|L|L|L|L|L|L|S|L|L|I|I|I|I|I|",23010046E0500000070000004F0072006F00700065007A00610000000100C4000000512301004DE0500000070000004D006F006E0074006100F1006F0000000100C400000052230100F0BA860000050000004F00630068006F00610000000100C40000005323010053E050000006000000470075007A006D00E1006E0000000100C40000005423010054E0500000060000005000650072006F007A006F0000000100C400000055230100F4BA8600000500000050006F006E007400650000000100C40000005623010057E0500000070000004D0061007400680065007500730000000100C400000057230100F5BA8600000600000050007500720072006F00790000000100C4000000582301005FE0500000070000004300610072006D006F006E00610000000100C40000005923010060E0500000060000004D0065006A00ED006100730000000100C40000005A23010063E0500000080000004700720061006E00610064006F00730000000100C40000005B230100F7BA860000080000004300680069
"Édson Araújo",308345,50176,319,"SC Corinthians Paulista",NORMAL,INTERNAL_PERSON_ID,50176,0x005B5D6D,False,-1,-1,33,31,AEC60DC029AB5C11,"I|I|I|I|B|I|I|S|L|L|L|L|REF|L|L|I|I|I|I|I|B|I|I|S|L|L|L|S|L|L|L|S|B|I|I|I|",00512301004DE0500000070000004D006F006E0074006100F1006F0000000100C400000052230100F0BA860000050000004F00630068006F00610000000100C40000005323010053E050000006000000470075007A006D00E1006E0000000100C40000005423010054E0500000060000005000650072006F007A006F0000000100C400000055230100F4BA8600000500000050006F006E007400650000000100C40000005623010057E0500000070000004D0061007400680065007500730000000100C400000057230100F5BA8600000600000050007500720072006F00790000000100C4000000582301005FE0500000070000004300610072006D006F006E00610000000100C40000005923010060E0500000060000004D0065006A00ED006100730000000100C40000005A23010063E0500000080000004700720061006E00610064006F00730000000100C40000005B230100F7BA86000008000000430068006900720069006E006F00730000000100C40000005C23010068E05000000800000050
"Édson Araújo",308345,50176,319,"SC Corinthians Paulista",NORMAL,INTERNAL_PERSON_ID,50176,0x005B5D8C,False,-1,-1,31,35,394BD2043B24F004,"I|I|I|B|L|L|L|L|L|L|L|L|REF|L|L|I|I|I|I|I|I|B|I|I|S|L|L|L|L|S|L|L|I|I|I|I|",00C400000052230100F0BA860000050000004F00630068006F00610000000100C40000005323010053E050000006000000470075007A006D00E1006E0000000100C40000005423010054E0500000060000005000650072006F007A006F0000000100C400000055230100F4BA8600000500000050006F006E007400650000000100C40000005623010057E0500000070000004D0061007400680065007500730000000100C400000057230100F5BA8600000600000050007500720072006F00790000000100C4000000582301005FE0500000070000004300610072006D006F006E00610000000100C40000005923010060E0500000060000004D0065006A00ED006100730000000100C40000005A23010063E0500000080000004700720061006E00610064006F00730000000100C40000005B230100F7BA86000008000000430068006900720069006E006F00730000000100C40000005C23010068E0500000080000005000650072006C0075007A007A006F0000000100C40000005D23010069E05000
"Édson Araújo",308345,50176,319,"SC Corinthians Paulista",NORMAL,INTERNAL_PERSON_ID,50176,0x005B5DAF,False,-1,-1,35,33,659C8CA3A689DF3F,"I|I|B|L|L|L|L|L|L|L|L|L|REF|L|L|I|I|I|I|B|L|L|L|L|L|L|L|L|L|S|L|L|I|I|I|I|",005323010053E050000006000000470075007A006D00E1006E0000000100C40000005423010054E0500000060000005000650072006F007A006F0000000100C400000055230100F4BA8600000500000050006F006E007400650000000100C40000005623010057E0500000070000004D0061007400680065007500730000000100C400000057230100F5BA8600000600000050007500720072006F00790000000100C4000000582301005FE0500000070000004300610072006D006F006E00610000000100C40000005923010060E0500000060000004D0065006A00ED006100730000000100C40000005A23010063E0500000080000004700720061006E00610064006F00730000000100C40000005B230100F7BA86000008000000430068006900720069006E006F00730000000100C40000005C23010068E0500000080000005000650072006C0075007A007A006F0000000100C40000005D23010069E050000004000000500065006E007A0000000100C40000005E2301006AE05000000600000055
"Édson Araújo",308345,50176,319,"SC Corinthians Paulista",NORMAL,INTERNAL_PERSON_ID,50176,0x005B5DD0,False,-1,-1,33,35,CFB40C02D7D39872,"I|I|I|I|B|I|I|S|L|L|L|L|REF|L|L|I|I|I|I|I|I|B|I|I|S|L|L|L|L|S|L|L|I|I|I|I|",005423010054E0500000060000005000650072006F007A006F0000000100C400000055230100F4BA8600000500000050006F006E007400650000000100C40000005623010057E0500000070000004D0061007400680065007500730000000100C400000057230100F5BA8600000600000050007500720072006F00790000000100C4000000582301005FE0500000070000004300610072006D006F006E00610000000100C40000005923010060E0500000060000004D0065006A00ED006100730000000100C40000005A23010063E0500000080000004700720061006E00610064006F00730000000100C40000005B230100F7BA86000008000000430068006900720069006E006F00730000000100C40000005C23010068E0500000080000005000650072006C0075007A007A006F0000000100C40000005D23010069E050000004000000500065006E007A0000000100C40000005E2301006AE05000000600000055007200620069006E00610000000100C40000005F2301006CE0500000050000004F
"Édson Araújo",308345,50176,319,"SC Corinthians Paulista",NORMAL,INTERNAL_PERSON_ID,50176,0x005B5DF3,False,-1,-1,35,33,E85215546CF8E28F,"I|I|B|L|L|L|L|L|L|L|L|L|REF|L|L|I|I|I|I|B|L|L|L|L|L|L|L|L|S|L|L|L|S|B|I|I|",230100F4BA8600000500000050006F006E007400650000000100C40000005623010057E0500000070000004D0061007400680065007500730000000100C400000057230100F5BA8600000600000050007500720072006F00790000000100C4000000582301005FE0500000070000004300610072006D006F006E00610000000100C40000005923010060E0500000060000004D0065006A00ED006100730000000100C40000005A23010063E0500000080000004700720061006E00610064006F00730000000100C40000005B230100F7BA86000008000000430068006900720069006E006F00730000000100C40000005C23010068E0500000080000005000650072006C0075007A007A006F0000000100C40000005D23010069E050000004000000500065006E007A0000000100C40000005E2301006AE05000000600000055007200620069006E00610000000100C40000005F2301006CE0500000050000004F006A0065006400610000000100C400000060230100F8BA86000008000000560069006C
"Édson Araújo",308345,50176,319,"SC Corinthians Paulista",NORMAL,INTERNAL_PERSON_ID,50176,0x005B5E14,False,-1,-1,33,37,F1CDFEF74AB5ED01,"I|I|I|I|B|I|I|S|L|L|L|L|REF|L|L|I|I|I|I|I|B|L|L|L|L|L|L|L|L|S|L|L|L|S|B|I|",0057E0500000070000004D0061007400680065007500730000000100C400000057230100F5BA8600000600000050007500720072006F00790000000100C4000000582301005FE0500000070000004300610072006D006F006E00610000000100C40000005923010060E0500000060000004D0065006A00ED006100730000000100C40000005A23010063E0500000080000004700720061006E00610064006F00730000000100C40000005B230100F7BA86000008000000430068006900720069006E006F00730000000100C40000005C23010068E0500000080000005000650072006C0075007A007A006F0000000100C40000005D23010069E050000004000000500065006E007A0000000100C40000005E2301006AE05000000600000055007200620069006E00610000000100C40000005F2301006CE0500000050000004F006A0065006400610000000100C400000060230100F8BA86000008000000560069006C006C00650067006100730000000100C400000061230100F9BA8600000A00000042
"Édson Araújo",308345,50176,319,"SC Corinthians Paulista",NORMAL,INTERNAL_PERSON_ID,50176,0x005B5E39,False,-1,-1,37,37,656B0617673B2074,"L|I|I|B|I|I|S|L|L|L|L|L|REF|L|L|I|I|I|I|I|B|L|L|L|L|L|L|L|L|S|L|L|L|S|B|I|",BA8600000600000050007500720072006F00790000000100C4000000582301005FE0500000070000004300610072006D006F006E00610000000100C40000005923010060E0500000060000004D0065006A00ED006100730000000100C40000005A23010063E0500000080000004700720061006E00610064006F00730000000100C40000005B230100F7BA86000008000000430068006900720069006E006F00730000000100C40000005C23010068E0500000080000005000650072006C0075007A007A006F0000000100C40000005D23010069E050000004000000500065006E007A0000000100C40000005E2301006AE05000000600000055007200620069006E00610000000100C40000005F2301006CE0500000050000004F006A0065006400610000000100C400000060230100F8BA86000008000000560069006C006C00650067006100730000000100C400000061230100F9BA8600000A00000042006500740061006E0063006F0075007200740000000100C40000006223010073E050000005
"Édson Araújo",308345,50176,319,"SC Corinthians Paulista",NORMAL,INTERNAL_PERSON_ID,50176,0x005B5E5E,False,-1,-1,37,37,CFFFB8341C611339,"I|I|I|B|I|I|S|L|L|L|L|L|REF|L|L|I|I|I|I|I|B|L|L|L|L|L|L|S|L|L|L|S|B|I|I|I|",070000004300610072006D006F006E00610000000100C40000005923010060E0500000060000004D0065006A00ED006100730000000100C40000005A23010063E0500000080000004700720061006E00610064006F00730000000100C40000005B230100F7BA86000008000000430068006900720069006E006F00730000000100C40000005C23010068E0500000080000005000650072006C0075007A007A006F0000000100C40000005D23010069E050000004000000500065006E007A0000000100C40000005E2301006AE05000000600000055007200620069006E00610000000100C40000005F2301006CE0500000050000004F006A0065006400610000000100C400000060230100F8BA86000008000000560069006C006C00650067006100730000000100C400000061230100F9BA8600000A00000042006500740061006E0063006F0075007200740000000100C40000006223010073E0500000050000005400720065006A006F0000000100C400000063230100FABA86000009000000510075
"Édson Araújo",308345,50176,319,"SC Corinthians Paulista",NORMAL,INTERNAL_PERSON_ID,50176,0x005B5E83,False,-1,-1,37,29,67E2F2B501D28ABA,"I|I|I|B|I|I|S|L|L|L|L|L|REF|L|L|I|I|I|B|L|L|L|L|L|L|L|S|L|L|L|S|B|I|I|B|L|",00004D0065006A00ED006100730000000100C40000005A23010063E0500000080000004700720061006E00610064006F00730000000100C40000005B230100F7BA86000008000000430068006900720069006E006F00730000000100C40000005C23010068E0500000080000005000650072006C0075007A007A006F0000000100C40000005D23010069E050000004000000500065006E007A0000000100C40000005E2301006AE05000000600000055007200620069006E00610000000100C40000005F2301006CE0500000050000004F006A0065006400610000000100C400000060230100F8BA86000008000000560069006C006C00650067006100730000000100C400000061230100F9BA8600000A00000042006500740061006E0063006F0075007200740000000100C40000006223010073E0500000050000005400720065006A006F0000000100C400000063230100FABA860000090000005100750069006C006100670075007200790000000100C4000000642301007AE05000000400000056
"Édson Araújo",308345,50176,319,"SC Corinthians Paulista",NORMAL,INTERNAL_PERSON_ID,50176,0x005B5EA0,False,-1,-1,29,33,31FC4A7A5BAE8EF9,"I|I|I|I|I|B|I|I|S|L|L|L|REF|L|L|I|I|I|I|B|L|L|L|L|L|L|L|L|S|L|L|I|I|I|I|I|",0000080000004700720061006E00610064006F00730000000100C40000005B230100F7BA86000008000000430068006900720069006E006F00730000000100C40000005C23010068E0500000080000005000650072006C0075007A007A006F0000000100C40000005D23010069E050000004000000500065006E007A0000000100C40000005E2301006AE05000000600000055007200620069006E00610000000100C40000005F2301006CE0500000050000004F006A0065006400610000000100C400000060230100F8BA86000008000000560069006C006C00650067006100730000000100C400000061230100F9BA8600000A00000042006500740061006E0063006F0075007200740000000100C40000006223010073E0500000050000005400720065006A006F0000000100C400000063230100FABA860000090000005100750069006C006100670075007200790000000100C4000000642301007AE050000004000000560065006700610000000100C4000000652301007DE05000000B00000041
"Édson Araújo",308345,50176,319,"SC Corinthians Paulista",NORMAL,INTERNAL_PERSON_ID,50176,0x005B5EC1,False,-1,-1,33,31,4B7FEF7DA00F061A,"B|I|I|I|B|I|I|S|L|L|L|L|REF|L|L|I|I|I|I|I|B|I|I|S|L|L|L|L|L|S|L|L|I|I|I|I|",00F7BA86000008000000430068006900720069006E006F00730000000100C40000005C23010068E0500000080000005000650072006C0075007A007A006F0000000100C40000005D23010069E050000004000000500065006E007A0000000100C40000005E2301006AE05000000600000055007200620069006E00610000000100C40000005F2301006CE0500000050000004F006A0065006400610000000100C400000060230100F8BA86000008000000560069006C006C00650067006100730000000100C400000061230100F9BA8600000A00000042006500740061006E0063006F0075007200740000000100C40000006223010073E0500000050000005400720065006A006F0000000100C400000063230100FABA860000090000005100750069006C006100670075007200790000000100C4000000642301007AE050000004000000560065006700610000000100C4000000652301007DE05000000B0000004100720069007300740069007A00E100620061006C0000000100C400000066230100
"Édson Araújo",308345,50176,319,"SC Corinthians Paulista",NORMAL,INTERNAL_PERSON_ID,50176,0x005B5EE0,False,-1,-1,31,37,0C61B0B09376DB31,"I|I|I|B|L|L|L|L|L|L|L|L|REF|L|L|I|I|I|I|I|B|L|L|L|L|L|L|L|L|L|S|L|L|L|S|B|",0000005C23010068E0500000080000005000650072006C0075007A007A006F0000000100C40000005D23010069E050000004000000500065006E007A0000000100C40000005E2301006AE05000000600000055007200620069006E00610000000100C40000005F2301006CE0500000050000004F006A0065006400610000000100C400000060230100F8BA86000008000000560069006C006C00650067006100730000000100C400000061230100F9BA8600000A00000042006500740061006E0063006F0075007200740000000100C40000006223010073E0500000050000005400720065006A006F0000000100C400000063230100FABA860000090000005100750069006C006100670075007200790000000100C4000000642301007AE050000004000000560065006700610000000100C4000000652301007DE05000000B0000004100720069007300740069007A00E100620061006C0000000100C4000000662301007EE05000000500000043006F006E006400650000000100C400000067230100
"Édson Araújo",308345,50176,319,"SC Corinthians Paulista",NORMAL,INTERNAL_PERSON_ID,50176,0x005B5F05,False,-1,-1,37,41,B18B0CE6273DC49A,"I|I|I|B|I|I|S|L|L|L|L|L|REF|L|L|I|I|I|I|I|I|B|L|L|L|L|L|L|L|L|S|L|L|I|I|I|",0000005D23010069E050000004000000500065006E007A0000000100C40000005E2301006AE05000000600000055007200620069006E00610000000100C40000005F2301006CE0500000050000004F006A0065006400610000000100C400000060230100F8BA86000008000000560069006C006C00650067006100730000000100C400000061230100F9BA8600000A00000042006500740061006E0063006F0075007200740000000100C40000006223010073E0500000050000005400720065006A006F0000000100C400000063230100FABA860000090000005100750069006C006100670075007200790000000100C4000000642301007AE050000004000000560065006700610000000100C4000000652301007DE05000000B0000004100720069007300740069007A00E100620061006C0000000100C4000000662301007EE05000000500000043006F006E006400650000000100C4000000672301007FE0500000050000004100790061006C00610000000100C40000006823010080E050000008
"Édson Araújo",308345,50176,319,"SC Corinthians Paulista",NORMAL,INTERNAL_PERSON_ID,50176,0x005B5F2E,False,-1,-1,41,31,1E6D327A88BDF356,"I|I|B|I|I|S|L|L|L|L|L|L|REF|L|L|I|I|I|I|I|B|I|I|S|L|L|L|L|S|L|L|L|S|B|I|I|",0600000055007200620069006E00610000000100C40000005F2301006CE0500000050000004F006A0065006400610000000100C400000060230100F8BA86000008000000560069006C006C00650067006100730000000100C400000061230100F9BA8600000A00000042006500740061006E0063006F0075007200740000000100C40000006223010073E0500000050000005400720065006A006F0000000100C400000063230100FABA860000090000005100750069006C006100670075007200790000000100C4000000642301007AE050000004000000560065006700610000000100C4000000652301007DE05000000B0000004100720069007300740069007A00E100620061006C0000000100C4000000662301007EE05000000500000043006F006E006400650000000100C4000000672301007FE0500000050000004100790061006C00610000000100C40000006823010080E05000000800000043006100730061006E006F007600610000000100C40000006923010081E05000000700000041
"Édson Araújo",308345,50176,319,"SC Corinthians Paulista",NORMAL,INTERNAL_PERSON_ID,50176,0x005B5F4D,False,-1,-1,31,39,EF02851558947BFD,"I|I|I|B|L|L|L|L|L|L|L|L|REF|L|L|I|I|I|I|I|I|I|B|I|I|S|L|L|L|S|L|L|I|I|I|I|",0000050000004F006A0065006400610000000100C400000060230100F8BA86000008000000560069006C006C00650067006100730000000100C400000061230100F9BA8600000A00000042006500740061006E0063006F0075007200740000000100C40000006223010073E0500000050000005400720065006A006F0000000100C400000063230100FABA860000090000005100750069006C006100670075007200790000000100C4000000642301007AE050000004000000560065006700610000000100C4000000652301007DE05000000B0000004100720069007300740069007A00E100620061006C0000000100C4000000662301007EE05000000500000043006F006E006400650000000100C4000000672301007FE0500000050000004100790061006C00610000000100C40000006823010080E05000000800000043006100730061006E006F007600610000000100C40000006923010081E05000000700000041006E006400720061006400650000000100C40000006A23010083E050000007
"Édson Araújo",308345,50176,319,"SC Corinthians Paulista",NORMAL,INTERNAL_PERSON_ID,50176,0x005B5F74,False,-1,-1,39,29,08E1458A0518C016,"I|B|L|L|L|L|L|L|L|L|L|L|REF|L|L|I|I|I|B|L|L|L|L|L|L|L|L|L|L|L|S|L|L|I|I|I|",69006C006C00650067006100730000000100C400000061230100F9BA8600000A00000042006500740061006E0063006F0075007200740000000100C40000006223010073E0500000050000005400720065006A006F0000000100C400000063230100FABA860000090000005100750069006C006100670075007200790000000100C4000000642301007AE050000004000000560065006700610000000100C4000000652301007DE05000000B0000004100720069007300740069007A00E100620061006C0000000100C4000000662301007EE05000000500000043006F006E006400650000000100C4000000672301007FE0500000050000004100790061006C00610000000100C40000006823010080E05000000800000043006100730061006E006F007600610000000100C40000006923010081E05000000700000041006E006400720061006400650000000100C40000006A23010083E050000007000000430068006F007500720069006F0000000100C40000006B23010085E05000000600000041
"Édson Araújo",308345,50176,319,"SC Corinthians Paulista",NORMAL,INTERNAL_PERSON_ID,50176,0x005B5F91,False,-1,-1,29,43,512430D9F987DDAD,"I|I|I|I|I|B|I|I|S|L|L|L|REF|L|L|I|I|I|I|I|I|I|I|B|I|I|S|L|L|S|L|L|L|S|B|I|",00000A00000042006500740061006E0063006F0075007200740000000100C40000006223010073E0500000050000005400720065006A006F0000000100C400000063230100FABA860000090000005100750069006C006100670075007200790000000100C4000000642301007AE050000004000000560065006700610000000100C4000000652301007DE05000000B0000004100720069007300740069007A00E100620061006C0000000100C4000000662301007EE05000000500000043006F006E006400650000000100C4000000672301007FE0500000050000004100790061006C00610000000100C40000006823010080E05000000800000043006100730061006E006F007600610000000100C40000006923010081E05000000700000041006E006400720061006400650000000100C40000006A23010083E050000007000000430068006F007500720069006F0000000100C40000006B23010085E05000000600000041006C00630061006C00E10000000100C40000006C230100FDBA86000007
"Édson Araújo",308345,50176,319,"SC Corinthians Paulista",NORMAL,INTERNAL_PERSON_ID,50176,0x005B5FBC,False,-1,-1,43,31,763A99941A8AE0FF,"B|L|L|L|L|L|L|L|L|L|L|L|REF|L|L|I|I|I|I|I|B|I|I|S|L|L|S|L|L|L|S|B|I|I|I|I|",050000005400720065006A006F0000000100C400000063230100FABA860000090000005100750069006C006100670075007200790000000100C4000000642301007AE050000004000000560065006700610000000100C4000000652301007DE05000000B0000004100720069007300740069007A00E100620061006C0000000100C4000000662301007EE05000000500000043006F006E006400650000000100C4000000672301007FE0500000050000004100790061006C00610000000100C40000006823010080E05000000800000043006100730061006E006F007600610000000100C40000006923010081E05000000700000041006E006400720061006400650000000100C40000006A23010083E050000007000000430068006F007500720069006F0000000100C40000006B23010085E05000000600000041006C00630061006C00E10000000100C40000006C230100FDBA860000070000004500730063006F0062006100720000000100C40000006D23010090E05000000700000053006F006C
"Édson Araújo",308345,50176,319,"SC Corinthians Paulista",NORMAL,INTERNAL_PERSON_ID,50176,0x005B5FDB,False,-1,-1,31,31,03CC0BA27D9A72A0,"I|L|I|B|L|L|L|L|L|L|L|L|REF|L|L|I|I|I|I|I|B|I|I|S|L|L|L|L|L|S|L|L|I|I|I|I|",090000005100750069006C006100670075007200790000000100C4000000642301007AE050000004000000560065006700610000000100C4000000652301007DE05000000B0000004100720069007300740069007A00E100620061006C0000000100C4000000662301007EE05000000500000043006F006E006400650000000100C4000000672301007FE0500000050000004100790061006C00610000000100C40000006823010080E05000000800000043006100730061006E006F007600610000000100C40000006923010081E05000000700000041006E006400720061006400650000000100C40000006A23010083E050000007000000430068006F007500720069006F0000000100C40000006B23010085E05000000600000041006C00630061006C00E10000000100C40000006C230100FDBA860000070000004500730063006F0062006100720000000100C40000006D23010090E05000000700000053006F006C00610072007400650000000100C40000006E23010000BB8600000800000045
"Édson Araújo",308345,50176,319,"SC Corinthians Paulista",NORMAL,INTERNAL_PERSON_ID,50176,0x005B5FFA,False,-1,-1,31,37,9BD6F4180578E4EE,"B|I|I|B|L|L|L|L|L|L|L|L|REF|L|L|I|I|I|I|I|B|L|L|L|L|L|L|L|L|L|S|L|L|I|I|I|",2301007AE050000004000000560065006700610000000100C4000000652301007DE05000000B0000004100720069007300740069007A00E100620061006C0000000100C4000000662301007EE05000000500000043006F006E006400650000000100C4000000672301007FE0500000050000004100790061006C00610000000100C40000006823010080E05000000800000043006100730061006E006F007600610000000100C40000006923010081E05000000700000041006E006400720061006400650000000100C40000006A23010083E050000007000000430068006F007500720069006F0000000100C40000006B23010085E05000000600000041006C00630061006C00E10000000100C40000006C230100FDBA860000070000004500730063006F0062006100720000000100C40000006D23010090E05000000700000053006F006C00610072007400650000000100C40000006E23010000BB8600000800000045006C0069007A0061006C006400650000000100C40000006F23010009BB8600
"Édson Araújo",308345,50176,319,"SC Corinthians Paulista",NORMAL,INTERNAL_PERSON_ID,50176,0x005B601F,False,-1,-1,37,35,43094CA1127F1BF5,"I|I|I|B|I|I|S|L|L|L|L|L|REF|L|L|I|I|I|I|I|I|B|I|I|S|L|L|L|S|L|L|L|S|B|I|I|",0B0000004100720069007300740069007A00E100620061006C0000000100C4000000662301007EE05000000500000043006F006E006400650000000100C4000000672301007FE0500000050000004100790061006C00610000000100C40000006823010080E05000000800000043006100730061006E006F007600610000000100C40000006923010081E05000000700000041006E006400720061006400650000000100C40000006A23010083E050000007000000430068006F007500720069006F0000000100C40000006B23010085E05000000600000041006C00630061006C00E10000000100C40000006C230100FDBA860000070000004500730063006F0062006100720000000100C40000006D23010090E05000000700000053006F006C00610072007400650000000100C40000006E23010000BB8600000800000045006C0069007A0061006C006400650000000100C40000006F23010009BB860000080000004C006100670061007A0065007400610000000100C40000007023010097E05000
"Édson Araújo",308345,50176,319,"SC Corinthians Paulista",NORMAL,INTERNAL_PERSON_ID,50176,0x005B6042,False,-1,-1,35,35,E38F0E9FED71C3D5,"I|I|B|L|L|L|L|L|L|L|L|L|REF|L|L|I|I|I|I|I|I|B|I|I|S|L|L|L|L|S|L|L|I|I|I|I|",2301007EE05000000500000043006F006E006400650000000100C4000000672301007FE0500000050000004100790061006C00610000000100C40000006823010080E05000000800000043006100730061006E006F007600610000000100C40000006923010081E05000000700000041006E006400720061006400650000000100C40000006A23010083E050000007000000430068006F007500720069006F0000000100C40000006B23010085E05000000600000041006C00630061006C00E10000000100C40000006C230100FDBA860000070000004500730063006F0062006100720000000100C40000006D23010090E05000000700000053006F006C00610072007400650000000100C40000006E23010000BB8600000800000045006C0069007A0061006C006400650000000100C40000006F23010009BB860000080000004C006100670061007A0065007400610000000100C40000007023010097E050000009000000530061006E006D0069006700750065006C0000000100C400000071230100
"Édson Araújo",308345,50176,319,"SC Corinthians Paulista",NORMAL,INTERNAL_PERSON_ID,50176,0x005B6065,False,-1,-1,35,33,659C8CA3A689DF3F,"I|I|B|L|L|L|L|L|L|L|L|L|REF|L|L|I|I|I|I|B|L|L|L|L|L|L|L|L|L|S|L|L|I|I|I|I|",E0500000050000004100790061006C00610000000100C40000006823010080E05000000800000043006100730061006E006F007600610000000100C40000006923010081E05000000700000041006E006400720061006400650000000100C40000006A23010083E050000007000000430068006F007500720069006F0000000100C40000006B23010085E05000000600000041006C00630061006C00E10000000100C40000006C230100FDBA860000070000004500730063006F0062006100720000000100C40000006D23010090E05000000700000053006F006C00610072007400650000000100C40000006E23010000BB8600000800000045006C0069007A0061006C006400650000000100C40000006F23010009BB860000080000004C006100670061007A0065007400610000000100C40000007023010097E050000009000000530061006E006D0069006700750065006C0000000100C40000007123010098E05000000A000000560061006C0065006E00740069006E006500720000000100C400
"Édson Araújo",308345,50176,319,"SC Corinthians Paulista",NORMAL,INTERNAL_PERSON_ID,50176,0x005B6086,False,-1,-1,33,35,69741B4F478F8F5D,"I|I|I|I|B|I|I|S|L|L|L|L|REF|L|L|I|I|I|I|I|I|B|I|I|S|L|L|L|S|L|L|S|S|B|I|I|",00000800000043006100730061006E006F007600610000000100C40000006923010081E05000000700000041006E006400720061006400650000000100C40000006A23010083E050000007000000430068006F007500720069006F0000000100C40000006B23010085E05000000600000041006C00630061006C00E10000000100C40000006C230100FDBA860000070000004500730063006F0062006100720000000100C40000006D23010090E05000000700000053006F006C00610072007400650000000100C40000006E23010000BB8600000800000045006C0069007A0061006C006400650000000100C40000006F23010009BB860000080000004C006100670061007A0065007400610000000100C40000007023010097E050000009000000530061006E006D0069006700750065006C0000000100C40000007123010098E05000000A000000560061006C0065006E00740069006E006500720000000100C4000000722301009AE050000006000000410073007300610066006F0000000100C400
"Édson Araújo",308345,50176,319,"SC Corinthians Paulista",NORMAL,INTERNAL_PERSON_ID,50176,0x005B60A9,False,-1,-1,35,35,4112AC0468D489DA,"I|I|B|L|L|L|L|L|L|L|L|L|REF|L|L|I|I|I|I|I|I|B|I|I|S|L|L|L|L|L|S|L|L|I|I|I|",E05000000700000041006E006400720061006400650000000100C40000006A23010083E050000007000000430068006F007500720069006F0000000100C40000006B23010085E05000000600000041006C00630061006C00E10000000100C40000006C230100FDBA860000070000004500730063006F0062006100720000000100C40000006D23010090E05000000700000053006F006C00610072007400650000000100C40000006E23010000BB8600000800000045006C0069007A0061006C006400650000000100C40000006F23010009BB860000080000004C006100670061007A0065007400610000000100C40000007023010097E050000009000000530061006E006D0069006700750065006C0000000100C40000007123010098E05000000A000000560061006C0065006E00740069006E006500720000000100C4000000722301009AE050000006000000410073007300610066006F0000000100C4000000732301009BE05000000C000000420065007200720069007A006200650069007400
"Édson Araújo",308345,50176,319,"SC Corinthians Paulista",NORMAL,INTERNAL_PERSON_ID,50176,0x005B60CC,False,-1,-1,35,37,C37DE9F39038D1EC,"I|I|B|L|L|L|L|L|L|L|L|L|REF|L|L|I|I|I|I|I|B|L|L|L|L|L|L|L|L|S|L|L|L|S|B|I|",E050000007000000430068006F007500720069006F0000000100C40000006B23010085E05000000600000041006C00630061006C00E10000000100C40000006C230100FDBA860000070000004500730063006F0062006100720000000100C40000006D23010090E05000000700000053006F006C00610072007400650000000100C40000006E23010000BB8600000800000045006C0069007A0061006C006400650000000100C40000006F23010009BB860000080000004C006100670061007A0065007400610000000100C40000007023010097E050000009000000530061006E006D0069006700750065006C0000000100C40000007123010098E05000000A000000560061006C0065006E00740069006E006500720000000100C4000000722301009AE050000006000000410073007300610066006F0000000100C4000000732301009BE05000000C000000420065007200720069007A006200650069007400ED00610000000100C4000000742301009CE05000000A000000530061006E0076006900
"Édson Araújo",308345,50176,319,"SC Corinthians Paulista",NORMAL,INTERNAL_PERSON_ID,50176,0x005B60F1,False,-1,-1,37,37,46985AE25D375F67,"I|I|I|B|I|I|S|L|L|L|L|L|REF|L|L|I|I|I|I|I|B|L|L|L|L|L|L|L|L|L|L|S|L|L|I|I|",00000600000041006C00630061006C00E10000000100C40000006C230100FDBA860000070000004500730063006F0062006100720000000100C40000006D23010090E05000000700000053006F006C00610072007400650000000100C40000006E23010000BB8600000800000045006C0069007A0061006C006400650000000100C40000006F23010009BB860000080000004C006100670061007A0065007400610000000100C40000007023010097E050000009000000530061006E006D0069006700750065006C0000000100C40000007123010098E05000000A000000560061006C0065006E00740069006E006500720000000100C4000000722301009AE050000006000000410073007300610066006F0000000100C4000000732301009BE05000000C000000420065007200720069007A006200650069007400ED00610000000100C4000000742301009CE05000000A000000530061006E0076006900630065006E007400650000000100C4000000752301009DE0500000080000004D006F006E00
"Édson Araújo",308345,50176,319,"SC Corinthians Paulista",NORMAL,INTERNAL_PERSON_ID,50176,0x005B6116,False,-1,-1,37,39,589C5FABE5DA4CB6,"I|I|I|B|I|I|S|L|L|L|L|L|REF|L|L|I|I|I|I|I|I|I|B|I|I|S|L|L|L|L|L|L|S|L|L|I|",00004500730063006F0062006100720000000100C40000006D23010090E05000000700000053006F006C00610072007400650000000100C40000006E23010000BB8600000800000045006C0069007A0061006C006400650000000100C40000006F23010009BB860000080000004C006100670061007A0065007400610000000100C40000007023010097E050000009000000530061006E006D0069006700750065006C0000000100C40000007123010098E05000000A000000560061006C0065006E00740069006E006500720000000100C4000000722301009AE050000006000000410073007300610066006F0000000100C4000000732301009BE05000000C000000420065007200720069007A006200650069007400ED00610000000100C4000000742301009CE05000000A000000530061006E0076006900630065006E007400650000000100C4000000752301009DE0500000080000004D006F006E00730061006C007600650000000100C4000000762301009EE050000006000000460065006200
"Édson Araújo",308345,50176,319,"SC Corinthians Paulista",NORMAL,INTERNAL_PERSON_ID,50176,0x005B613D,False,-1,-1,39,41,F0673C955F20B2E7,"I|B|L|L|L|L|L|L|L|L|L|L|REF|L|L|I|I|I|I|I|I|B|L|L|L|L|L|L|L|S|L|L|L|S|B|I|",6F006C00610072007400650000000100C40000006E23010000BB8600000800000045006C0069007A0061006C006400650000000100C40000006F23010009BB860000080000004C006100670061007A0065007400610000000100C40000007023010097E050000009000000530061006E006D0069006700750065006C0000000100C40000007123010098E05000000A000000560061006C0065006E00740069006E006500720000000100C4000000722301009AE050000006000000410073007300610066006F0000000100C4000000732301009BE05000000C000000420065007200720069007A006200650069007400ED00610000000100C4000000742301009CE05000000A000000530061006E0076006900630065006E007400650000000100C4000000752301009DE0500000080000004D006F006E00730061006C007600650000000100C4000000762301009EE05000000600000046006500620072006500730000000100C4000000772301009FE0500000090000004D0061006E006A0061007200
"Édson Araújo",308345,50176,319,"SC Corinthians Paulista",NORMAL,INTERNAL_PERSON_ID,50176,0x005B6166,False,-1,-1,41,33,2697FEECFC5F9A51,"I|I|B|I|I|S|L|L|L|L|L|L|REF|L|L|I|I|I|I|B|L|L|L|L|L|L|L|L|L|L|S|L|L|L|S|B|",61006C006400650000000100C40000006F23010009BB860000080000004C006100670061007A0065007400610000000100C40000007023010097E050000009000000530061006E006D0069006700750065006C0000000100C40000007123010098E05000000A000000560061006C0065006E00740069006E006500720000000100C4000000722301009AE050000006000000410073007300610066006F0000000100C4000000732301009BE05000000C000000420065007200720069007A006200650069007400ED00610000000100C4000000742301009CE05000000A000000530061006E0076006900630065006E007400650000000100C4000000752301009DE0500000080000004D006F006E00730061006C007600650000000100C4000000762301009EE05000000600000046006500620072006500730000000100C4000000772301009FE0500000090000004D0061006E006A00610072007200E9007A0000000100C4000000782301000ABB8600000600000042006F006E006900630069000000
"Édson Araújo",308345,50176,319,"SC Corinthians Paulista",NORMAL,INTERNAL_PERSON_ID,50176,0x005B6187,False,-1,-1,33,45,30A067F8029B689E,"I|I|I|I|B|I|I|S|L|L|L|L|REF|L|L|I|I|I|I|I|I|L|B|L|L|L|L|L|L|L|L|L|S|L|L|L|",670061007A0065007400610000000100C40000007023010097E050000009000000530061006E006D0069006700750065006C0000000100C40000007123010098E05000000A000000560061006C0065006E00740069006E006500720000000100C4000000722301009AE050000006000000410073007300610066006F0000000100C4000000732301009BE05000000C000000420065007200720069007A006200650069007400ED00610000000100C4000000742301009CE05000000A000000530061006E0076006900630065006E007400650000000100C4000000752301009DE0500000080000004D006F006E00730061006C007600650000000100C4000000762301009EE05000000600000046006500620072006500730000000100C4000000772301009FE0500000090000004D0061006E006A00610072007200E9007A0000000100C4000000782301000ABB8600000600000042006F006E0069006300690000000100C400000079230100A1E050000007000000530061006E0074006F0072006F00
"Édson Araújo",308345,50176,319,"SC Corinthians Paulista",NORMAL,INTERNAL_PERSON_ID,50176,0x005B61B4,False,-1,-1,45,41,C78FDF0A576E4849,"I|B|I|I|S|L|L|L|L|L|L|L|REF|L|L|I|I|I|I|I|I|B|L|L|L|L|L|L|L|L|S|L|L|L|S|B|",750065006C0000000100C40000007123010098E05000000A000000560061006C0065006E00740069006E006500720000000100C4000000722301009AE050000006000000410073007300610066006F0000000100C4000000732301009BE05000000C000000420065007200720069007A006200650069007400ED00610000000100C4000000742301009CE05000000A000000530061006E0076006900630065006E007400650000000100C4000000752301009DE0500000080000004D006F006E00730061006C007600650000000100C4000000762301009EE05000000600000046006500620072006500730000000100C4000000772301009FE0500000090000004D0061006E006A00610072007200E9007A0000000100C4000000782301000ABB8600000600000042006F006E0069006300690000000100C400000079230100A1E050000007000000530061006E0074006F0072006F0000000100C40000007A230100A2E05000000300000050006F006C0000000100C40000007B2301000CBB86000007
"Édson Araújo",308345,50176,319,"SC Corinthians Paulista",NORMAL,INTERNAL_PERSON_ID,50176,0x005B61DD,False,-1,-1,41,37,ED21386E4FD6F73B,"I|I|B|I|I|S|L|L|L|L|L|L|REF|L|L|I|I|I|I|I|B|L|L|L|L|L|L|L|S|L|L|L|S|B|I|I|",6E006500720000000100C4000000722301009AE050000006000000410073007300610066006F0000000100C4000000732301009BE05000000C000000420065007200720069007A006200650069007400ED00610000000100C4000000742301009CE05000000A000000530061006E0076006900630065006E007400650000000100C4000000752301009DE0500000080000004D006F006E00730061006C007600650000000100C4000000762301009EE05000000600000046006500620072006500730000000100C4000000772301009FE0500000090000004D0061006E006A00610072007200E9007A0000000100C4000000782301000ABB8600000600000042006F006E0069006300690000000100C400000079230100A1E050000007000000530061006E0074006F0072006F0000000100C40000007A230100A2E05000000300000050006F006C0000000100C40000007B2301000CBB8600000700000042006100720072006F0073006F0000000100C40000007C230100A8E0500000070000004C006F
"Édson Araújo",308345,50176,319,"SC Corinthians Paulista",NORMAL,INTERNAL_PERSON_ID,50176,0x005B6202,False,-1,-1,37,33,A7618BD3005B5F35,"I|I|I|B|I|I|S|L|L|L|L|L|REF|L|L|I|I|I|I|B|L|L|L|L|L|L|L|L|L|L|S|L|L|I|I|I|",6F0000000100C4000000732301009BE05000000C000000420065007200720069007A006200650069007400ED00610000000100C4000000742301009CE05000000A000000530061006E0076006900630065006E007400650000000100C4000000752301009DE0500000080000004D006F006E00730061006C007600650000000100C4000000762301009EE05000000600000046006500620072006500730000000100C4000000772301009FE0500000090000004D0061006E006A00610072007200E9007A0000000100C4000000782301000ABB8600000600000042006F006E0069006300690000000100C400000079230100A1E050000007000000530061006E0074006F0072006F0000000100C40000007A230100A2E05000000300000050006F006C0000000100C40000007B2301000CBB8600000700000042006100720072006F0073006F0000000100C40000007C230100A8E0500000070000004C006F006E0064006F00F1006F0000000100C40000007D230100A9E0500000040000005200ED006F
"Édson Araújo",308345,50176,319,"SC Corinthians Paulista",NORMAL,INTERNAL_PERSON_ID,50176,0x005B6223,False,-1,-1,33,39,58341E1A0ABAFAEB,"I|I|I|I|B|I|I|S|L|L|L|L|REF|L|L|I|I|I|I|I|I|I|B|I|I|S|L|L|L|L|S|L|L|I|I|I|",7A006200650069007400ED00610000000100C4000000742301009CE05000000A000000530061006E0076006900630065006E007400650000000100C4000000752301009DE0500000080000004D006F006E00730061006C007600650000000100C4000000762301009EE05000000600000046006500620072006500730000000100C4000000772301009FE0500000090000004D0061006E006A00610072007200E9007A0000000100C4000000782301000ABB8600000600000042006F006E0069006300690000000100C400000079230100A1E050000007000000530061006E0074006F0072006F0000000100C40000007A230100A2E05000000300000050006F006C0000000100C40000007B2301000CBB8600000700000042006100720072006F0073006F0000000100C40000007C230100A8E0500000070000004C006F006E0064006F00F1006F0000000100C40000007D230100A9E0500000040000005200ED006F00730000000100C40000007E230100AAE05000000700000043006100700065006C
"Édson Araújo",308345,50176,319,"SC Corinthians Paulista",NORMAL,INTERNAL_PERSON_ID,50176,0x005B624A,False,-1,-1,39,33,6528E8EADB5607DA,"I|B|L|L|L|L|L|L|L|L|L|L|REF|L|L|I|I|I|I|B|L|L|L|L|L|L|L|L|L|S|L|L|I|I|I|I|",6E0076006900630065006E007400650000000100C4000000752301009DE0500000080000004D006F006E00730061006C007600650000000100C4000000762301009EE05000000600000046006500620072006500730000000100C4000000772301009FE0500000090000004D0061006E006A00610072007200E9007A0000000100C4000000782301000ABB8600000600000042006F006E0069006300690000000100C400000079230100A1E050000007000000530061006E0074006F0072006F0000000100C40000007A230100A2E05000000300000050006F006C0000000100C40000007B2301000CBB8600000700000042006100720072006F0073006F0000000100C40000007C230100A8E0500000070000004C006F006E0064006F00F1006F0000000100C40000007D230100A9E0500000040000005200ED006F00730000000100C40000007E230100AAE05000000700000043006100700065006C006C00610000000100C40000007F230100ABE050000006000000410072006F0063006800610000
"Édson Araújo",308345,50176,319,"SC Corinthians Paulista",NORMAL,INTERNAL_PERSON_ID,50176,0x005B626B,False,-1,-1,33,35,9C72CA5CCCC4F48E,"I|I|I|I|B|I|I|S|L|L|L|L|REF|L|L|I|I|I|I|I|I|B|I|I|S|L|S|L|L|L|S|B|I|I|I|B|",080000004D006F006E00730061006C007600650000000100C4000000762301009EE05000000600000046006500620072006500730000000100C4000000772301009FE0500000090000004D0061006E006A00610072007200E9007A0000000100C4000000782301000ABB8600000600000042006F006E0069006300690000000100C400000079230100A1E050000007000000530061006E0074006F0072006F0000000100C40000007A230100A2E05000000300000050006F006C0000000100C40000007B2301000CBB8600000700000042006100720072006F0073006F0000000100C40000007C230100A8E0500000070000004C006F006E0064006F00F1006F0000000100C40000007D230100A9E0500000040000005200ED006F00730000000100C40000007E230100AAE05000000700000043006100700065006C006C00610000000100C40000007F230100ABE050000006000000410072006F0063006800610000000100C4000000802301000EBB8600000A000000530061006E00740061006D0061
"Édson Araújo",308345,50176,319,"SC Corinthians Paulista",NORMAL,INTERNAL_PERSON_ID,50176,0x005B628E,False,-1,-1,35,27,23006C257C9BB0D4,"I|I|B|L|L|L|L|L|L|L|L|L|REF|L|L|I|I|I|I|B|I|I|S|L|L|L|S|L|L|L|S|B|I|I|L|B|",00000600000046006500620072006500730000000100C4000000772301009FE0500000090000004D0061006E006A00610072007200E9007A0000000100C4000000782301000ABB8600000600000042006F006E0069006300690000000100C400000079230100A1E050000007000000530061006E0074006F0072006F0000000100C40000007A230100A2E05000000300000050006F006C0000000100C40000007B2301000CBB8600000700000042006100720072006F0073006F0000000100C40000007C230100A8E0500000070000004C006F006E0064006F00F1006F0000000100C40000007D230100A9E0500000040000005200ED006F00730000000100C40000007E230100AAE05000000700000043006100700065006C006C00610000000100C40000007F230100ABE050000006000000410072006F0063006800610000000100C4000000802301000EBB8600000A000000530061006E00740061006D0061007200ED00610000000100C400000081230100ADE0500000060000005300650069006A
"Édson Araújo",308345,50176,319,"SC Corinthians Paulista",NORMAL,INTERNAL_PERSON_ID,50176,0x005B62A9,False,-1,-1,27,35,E63C5E33719B121A,"B|I|I|I|B|L|L|L|L|L|L|L|REF|L|L|I|I|I|I|I|I|B|I|I|S|L|L|L|S|L|L|L|S|B|L|I|",2301009FE0500000090000004D0061006E006A00610072007200E9007A0000000100C4000000782301000ABB8600000600000042006F006E0069006300690000000100C400000079230100A1E050000007000000530061006E0074006F0072006F0000000100C40000007A230100A2E05000000300000050006F006C0000000100C40000007B2301000CBB8600000700000042006100720072006F0073006F0000000100C40000007C230100A8E0500000070000004C006F006E0064006F00F1006F0000000100C40000007D230100A9E0500000040000005200ED006F00730000000100C40000007E230100AAE05000000700000043006100700065006C006C00610000000100C40000007F230100ABE050000006000000410072006F0063006800610000000100C4000000802301000EBB8600000A000000530061006E00740061006D0061007200ED00610000000100C400000081230100ADE0500000060000005300650069006A006100730000000100C4000000822301000FBB8600000600000047
"Édson Araújo",308345,50176,319,"SC Corinthians Paulista",NORMAL,INTERNAL_PERSON_ID,50176,0x005B62CC,False,-1,-1,35,35,1DC44BF1E25CA29B,"B|I|B|L|L|L|L|L|L|L|L|L|REF|L|L|I|I|I|I|I|I|B|I|I|S|L|L|L|S|L|L|I|I|I|I|I|",000000782301000ABB8600000600000042006F006E0069006300690000000100C400000079230100A1E050000007000000530061006E0074006F0072006F0000000100C40000007A230100A2E05000000300000050006F006C0000000100C40000007B2301000CBB8600000700000042006100720072006F0073006F0000000100C40000007C230100A8E0500000070000004C006F006E0064006F00F1006F0000000100C40000007D230100A9E0500000040000005200ED006F00730000000100C40000007E230100AAE05000000700000043006100700065006C006C00610000000100C40000007F230100ABE050000006000000410072006F0063006800610000000100C4000000802301000EBB8600000A000000530061006E00740061006D0061007200ED00610000000100C400000081230100ADE0500000060000005300650069006A006100730000000100C4000000822301000FBB8600000600000047007500610069007400610000000100C40000008323010010BB86000003000000500061
"Édson Araújo",308345,50176,319,"SC Corinthians Paulista",NORMAL,INTERNAL_PERSON_ID,50176,0x005B62EF,False,-1,-1,35,29,6EDC4226935B9A2F,"I|I|B|L|L|L|L|L|L|L|L|L|REF|L|L|I|I|I|B|L|L|L|L|L|L|L|L|L|S|L|L|I|I|I|I|B|",0079230100A1E050000007000000530061006E0074006F0072006F0000000100C40000007A230100A2E05000000300000050006F006C0000000100C40000007B2301000CBB8600000700000042006100720072006F0073006F0000000100C40000007C230100A8E0500000070000004C006F006E0064006F00F1006F0000000100C40000007D230100A9E0500000040000005200ED006F00730000000100C40000007E230100AAE05000000700000043006100700065006C006C00610000000100C40000007F230100ABE050000006000000410072006F0063006800610000000100C4000000802301000EBB8600000A000000530061006E00740061006D0061007200ED00610000000100C400000081230100ADE0500000060000005300650069006A006100730000000100C4000000822301000FBB8600000600000047007500610069007400610000000100C40000008323010010BB86000003000000500061007A0000000100C400000084230100B1E0500000070000004200610072007200ED006F
"Édson Araújo",308345,50176,319,"SC Corinthians Paulista",NORMAL,INTERNAL_PERSON_ID,50176,0x005B630C,False,-1,-1,29,35,BDCE7CBA56E8CAA4,"I|I|I|I|I|B|I|I|S|L|L|L|REF|L|L|I|I|I|I|I|I|B|I|I|S|L|L|L|L|S|L|L|I|I|I|I|",000100C40000007A230100A2E05000000300000050006F006C0000000100C40000007B2301000CBB8600000700000042006100720072006F0073006F0000000100C40000007C230100A8E0500000070000004C006F006E0064006F00F1006F0000000100C40000007D230100A9E0500000040000005200ED006F00730000000100C40000007E230100AAE05000000700000043006100700065006C006C00610000000100C40000007F230100ABE050000006000000410072006F0063006800610000000100C4000000802301000EBB8600000A000000530061006E00740061006D0061007200ED00610000000100C400000081230100ADE0500000060000005300650069006A006100730000000100C4000000822301000FBB8600000600000047007500610069007400610000000100C40000008323010010BB86000003000000500061007A0000000100C400000084230100B1E0500000070000004200610072007200ED006F00730000000100C40000008523010011BB860000060000004F0072006F
"Édson Araújo",308345,50176,319,"SC Corinthians Paulista",NORMAL,INTERNAL_PERSON_ID,50176,0x005B632F,False,-1,-1,35,33,A5D9A84F5393063C,"I|I|B|L|L|L|L|L|L|L|L|L|REF|L|L|I|I|I|I|B|L|L|L|L|L|L|L|L|L|S|L|L|L|S|B|I|",2301000CBB8600000700000042006100720072006F0073006F0000000100C40000007C230100A8E0500000070000004C006F006E0064006F00F1006F0000000100C40000007D230100A9E0500000040000005200ED006F00730000000100C40000007E230100AAE05000000700000043006100700065006C006C00610000000100C40000007F230100ABE050000006000000410072006F0063006800610000000100C4000000802301000EBB8600000A000000530061006E00740061006D0061007200ED00610000000100C400000081230100ADE0500000060000005300650069006A006100730000000100C4000000822301000FBB8600000600000047007500610069007400610000000100C40000008323010010BB86000003000000500061007A0000000100C400000084230100B1E0500000070000004200610072007200ED006F00730000000100C40000008523010011BB860000060000004F0072006F007A0063006F0000000100C400000086230100B6E050000008000000410070006F006C
"Édson Araújo",308345,50176,319,"SC Corinthians Paulista",NORMAL,INTERNAL_PERSON_ID,50176,0x005B6350,False,-1,-1,33,41,C0641D051C9AF650,"I|I|I|I|B|I|I|S|L|L|L|L|REF|L|L|I|I|I|I|I|L|B|L|L|L|L|L|L|L|S|L|L|L|S|B|I|",007C230100A8E0500000070000004C006F006E0064006F00F1006F0000000100C40000007D230100A9E0500000040000005200ED006F00730000000100C40000007E230100AAE05000000700000043006100700065006C006C00610000000100C40000007F230100ABE050000006000000410072006F0063006800610000000100C4000000802301000EBB8600000A000000530061006E00740061006D0061007200ED00610000000100C400000081230100ADE0500000060000005300650069006A006100730000000100C4000000822301000FBB8600000600000047007500610069007400610000000100C40000008323010010BB86000003000000500061007A0000000100C400000084230100B1E0500000070000004200610072007200ED006F00730000000100C40000008523010011BB860000060000004F0072006F007A0063006F0000000100C400000086230100B6E050000008000000410070006F006C0069006E006100720000000100C400000087230100B7E0500000060000004F006C
"Édson Araújo",308345,50176,319,"SC Corinthians Paulista",NORMAL,INTERNAL_PERSON_ID,50176,0x005B6379,False,-1,-1,41,33,314A34CB3A88BA67,"I|I|B|I|I|S|L|L|L|L|L|L|REF|L|L|I|I|I|I|B|L|L|L|L|L|L|L|S|L|L|L|S|B|I|B|L|",E0500000040000005200ED006F00730000000100C40000007E230100AAE05000000700000043006100700065006C006C00610000000100C40000007F230100ABE050000006000000410072006F0063006800610000000100C4000000802301000EBB8600000A000000530061006E00740061006D0061007200ED00610000000100C400000081230100ADE0500000060000005300650069006A006100730000000100C4000000822301000FBB8600000600000047007500610069007400610000000100C40000008323010010BB86000003000000500061007A0000000100C400000084230100B1E0500000070000004200610072007200ED006F00730000000100C40000008523010011BB860000060000004F0072006F007A0063006F0000000100C400000086230100B6E050000008000000410070006F006C0069006E006100720000000100C400000087230100B7E0500000060000004F006C00690076006100720000000100C400000088230100B8E05000000A000000420072006100630061006D
"Édson Araújo",308345,50176,319,"SC Corinthians Paulista",NORMAL,INTERNAL_PERSON_ID,50176,0x005B639A,False,-1,-1,33,33,6F74B9BECBC36C18,"I|I|I|I|B|I|I|S|L|L|L|L|REF|L|L|I|I|I|I|B|L|L|L|L|L|L|L|S|L|L|I|I|I|L|I|I|",0700000043006100700065006C006C00610000000100C40000007F230100ABE050000006000000410072006F0063006800610000000100C4000000802301000EBB8600000A000000530061006E00740061006D0061007200ED00610000000100C400000081230100ADE0500000060000005300650069006A006100730000000100C4000000822301000FBB8600000600000047007500610069007400610000000100C40000008323010010BB86000003000000500061007A0000000100C400000084230100B1E0500000070000004200610072007200ED006F00730000000100C40000008523010011BB860000060000004F0072006F007A0063006F0000000100C400000086230100B6E050000008000000410070006F006C0069006E006100720000000100C400000087230100B7E0500000060000004F006C00690076006100720000000100C400000088230100B8E05000000A000000420072006100630061006D006F006E007400650000000100C400000089230100BAE0500000070000004D0065
"Édson Araújo",308345,50176,319,"SC Corinthians Paulista",NORMAL,INTERNAL_PERSON_ID,50176,0x005B63BB,False,-1,-1,33,27,95C16D59D8DCBD1C,"I|I|I|I|B|I|I|S|L|L|L|L|REF|L|L|I|I|I|I|B|I|I|S|L|L|L|S|L|L|L|S|B|I|I|I|I|",000006000000410072006F0063006800610000000100C4000000802301000EBB8600000A000000530061006E00740061006D0061007200ED00610000000100C400000081230100ADE0500000060000005300650069006A006100730000000100C4000000822301000FBB8600000600000047007500610069007400610000000100C40000008323010010BB86000003000000500061007A0000000100C400000084230100B1E0500000070000004200610072007200ED006F00730000000100C40000008523010011BB860000060000004F0072006F007A0063006F0000000100C400000086230100B6E050000008000000410070006F006C0069006E006100720000000100C400000087230100B7E0500000060000004F006C00690076006100720000000100C400000088230100B8E05000000A000000420072006100630061006D006F006E007400650000000100C400000089230100BAE0500000070000004D0065006E0064006F007A00610000000100C40000008A230100BBE05000000700000044
"Édson Araújo",308345,50176,319,"SC Corinthians Paulista",NORMAL,INTERNAL_PERSON_ID,50176,0x005B63D6,False,-1,-1,27,35,CDC7BE8DC1732E79,"I|I|I|I|B|L|L|L|L|L|L|L|REF|L|L|I|I|I|L|I|I|B|I|I|S|L|L|L|L|S|L|L|I|I|I|I|",2301000EBB8600000A000000530061006E00740061006D0061007200ED00610000000100C400000081230100ADE0500000060000005300650069006A006100730000000100C4000000822301000FBB8600000600000047007500610069007400610000000100C40000008323010010BB86000003000000500061007A0000000100C400000084230100B1E0500000070000004200610072007200ED006F00730000000100C40000008523010011BB860000060000004F0072006F007A0063006F0000000100C400000086230100B6E050000008000000410070006F006C0069006E006100720000000100C400000087230100B7E0500000060000004F006C00690076006100720000000100C400000088230100B8E05000000A000000420072006100630061006D006F006E007400650000000100C400000089230100BAE0500000070000004D0065006E0064006F007A00610000000100C40000008A230100BBE050000007000000440075006700610072007400650000000100C40000008B230100BCE0
"Édson Araújo",308345,50176,319,"SC Corinthians Paulista",NORMAL,INTERNAL_PERSON_ID,50176,0x005B63F9,False,-1,-1,35,33,23CC268B185DB5E2,"B|I|B|L|L|L|L|L|L|L|L|L|REF|L|L|I|I|I|I|B|L|L|L|L|L|L|L|L|S|L|L|L|S|B|I|I|",00C400000081230100ADE0500000060000005300650069006A006100730000000100C4000000822301000FBB8600000600000047007500610069007400610000000100C40000008323010010BB86000003000000500061007A0000000100C400000084230100B1E0500000070000004200610072007200ED006F00730000000100C40000008523010011BB860000060000004F0072006F007A0063006F0000000100C400000086230100B6E050000008000000410070006F006C0069006E006100720000000100C400000087230100B7E0500000060000004F006C00690076006100720000000100C400000088230100B8E05000000A000000420072006100630061006D006F006E007400650000000100C400000089230100BAE0500000070000004D0065006E0064006F007A00610000000100C40000008A230100BBE050000007000000440075006700610072007400650000000100C40000008B230100BCE0500000070000004F0072006400F300F10065007A0000000100C40000008C230100BFE0
"Édson Araújo",308345,50176,319,"SC Corinthians Paulista",NORMAL,INTERNAL_PERSON_ID,50176,0x005B641A,False,-1,-1,33,37,8FF811AF0562A7F4,"I|L|I|I|B|I|I|S|L|L|L|L|REF|L|L|I|I|I|I|I|B|L|L|L|L|L|L|L|S|L|L|L|S|B|I|I|",00C4000000822301000FBB8600000600000047007500610069007400610000000100C40000008323010010BB86000003000000500061007A0000000100C400000084230100B1E0500000070000004200610072007200ED006F00730000000100C40000008523010011BB860000060000004F0072006F007A0063006F0000000100C400000086230100B6E050000008000000410070006F006C0069006E006100720000000100C400000087230100B7E0500000060000004F006C00690076006100720000000100C400000088230100B8E05000000A000000420072006100630061006D006F006E007400650000000100C400000089230100BAE0500000070000004D0065006E0064006F007A00610000000100C40000008A230100BBE050000007000000440075006700610072007400650000000100C40000008B230100BCE0500000070000004F0072006400F300F10065007A0000000100C40000008C230100BFE0500000060000005000610064007200F3006E0000000100C40000008D23010012BB
"Édson Araújo",308345,50176,319,"SC Corinthians Paulista",NORMAL,INTERNAL_PERSON_ID,50176,0x005B643F,False,-1,-1,37,33,9453BD7FCC9E6E51,"I|I|I|B|I|I|S|L|L|L|L|L|REF|L|L|I|I|I|I|B|L|L|L|L|L|L|L|L|L|S|L|L|L|S|B|I|",008323010010BB86000003000000500061007A0000000100C400000084230100B1E0500000070000004200610072007200ED006F00730000000100C40000008523010011BB860000060000004F0072006F007A0063006F0000000100C400000086230100B6E050000008000000410070006F006C0069006E006100720000000100C400000087230100B7E0500000060000004F006C00690076006100720000000100C400000088230100B8E05000000A000000420072006100630061006D006F006E007400650000000100C400000089230100BAE0500000070000004D0065006E0064006F007A00610000000100C40000008A230100BBE050000007000000440075006700610072007400650000000100C40000008B230100BCE0500000070000004F0072006400F300F10065007A0000000100C40000008C230100BFE0500000060000005000610064007200F3006E0000000100C40000008D23010012BB860000090000004600750065006E006D00610079006F00720000000100C40000008E230100
"Édson Araújo",308345,50176,319,"SC Corinthians Paulista",NORMAL,INTERNAL_PERSON_ID,50176,0x005B6460,False,-1,-1,33,41,E1558C1A824FDAAA,"I|I|I|I|B|I|I|S|L|L|L|L|REF|L|L|I|I|I|I|I|I|B|L|L|L|L|L|L|L|L|L|S|L|L|I|I|",E0500000070000004200610072007200ED006F00730000000100C40000008523010011BB860000060000004F0072006F007A0063006F0000000100C400000086230100B6E050000008000000410070006F006C0069006E006100720000000100C400000087230100B7E0500000060000004F006C00690076006100720000000100C400000088230100B8E05000000A000000420072006100630061006D006F006E007400650000000100C400000089230100BAE0500000070000004D0065006E0064006F007A00610000000100C40000008A230100BBE050000007000000440075006700610072007400650000000100C40000008B230100BCE0500000070000004F0072006400F300F10065007A0000000100C40000008C230100BFE0500000060000005000610064007200F3006E0000000100C40000008D23010012BB860000090000004600750065006E006D00610079006F00720000000100C40000008E230100C6E0500000080000004D006F006C006C00650067006100730000000100C4000000
"Édson Araújo",308345,50176,319,"SC Corinthians Paulista",NORMAL,INTERNAL_PERSON_ID,50176,0x005B6489,False,-1,-1,41,35,500C8272287C7017,"I|I|B|I|I|S|L|L|L|L|L|L|REF|L|L|I|I|I|I|I|I|B|I|I|S|L|L|L|S|L|L|L|S|B|I|L|",00004F0072006F007A0063006F0000000100C400000086230100B6E050000008000000410070006F006C0069006E006100720000000100C400000087230100B7E0500000060000004F006C00690076006100720000000100C400000088230100B8E05000000A000000420072006100630061006D006F006E007400650000000100C400000089230100BAE0500000070000004D0065006E0064006F007A00610000000100C40000008A230100BBE050000007000000440075006700610072007400650000000100C40000008B230100BCE0500000070000004F0072006400F300F10065007A0000000100C40000008C230100BFE0500000060000005000610064007200F3006E0000000100C40000008D23010012BB860000090000004600750065006E006D00610079006F00720000000100C40000008E230100C6E0500000080000004D006F006C006C00650067006100730000000100C40000008F230100C7E050000008000000440065007000610062006C006F00730000000100C400000090230100
"Édson Araújo",308345,50176,319,"SC Corinthians Paulista",NORMAL,INTERNAL_PERSON_ID,50176,0x005B64AC,False,-1,-1,35,35,90CD3D30D27616CE,"I|I|B|L|L|L|L|L|L|L|L|L|REF|L|L|I|I|I|I|I|I|B|I|I|S|L|L|L|S|L|L|L|S|B|I|I|",410070006F006C0069006E006100720000000100C400000087230100B7E0500000060000004F006C00690076006100720000000100C400000088230100B8E05000000A000000420072006100630061006D006F006E007400650000000100C400000089230100BAE0500000070000004D0065006E0064006F007A00610000000100C40000008A230100BBE050000007000000440075006700610072007400650000000100C40000008B230100BCE0500000070000004F0072006400F300F10065007A0000000100C40000008C230100BFE0500000060000005000610064007200F3006E0000000100C40000008D23010012BB860000090000004600750065006E006D00610079006F00720000000100C40000008E230100C6E0500000080000004D006F006C006C00650067006100730000000100C40000008F230100C7E050000008000000440065007000610062006C006F00730000000100C400000090230100CAE05000000600000053006900650072007200610000000100C400000091230100CFE0
"Édson Araújo",308345,50176,319,"SC Corinthians Paulista",NORMAL,INTERNAL_PERSON_ID,50176,0x005B64CF,False,-1,-1,35,35,3D66EF7B9AB1BF6B,"I|I|B|L|L|L|L|L|L|L|L|L|REF|L|L|I|I|I|L|I|I|B|I|I|S|L|L|L|L|S|L|L|I|I|I|I|",00004F006C00690076006100720000000100C400000088230100B8E05000000A000000420072006100630061006D006F006E007400650000000100C400000089230100BAE0500000070000004D0065006E0064006F007A00610000000100C40000008A230100BBE050000007000000440075006700610072007400650000000100C40000008B230100BCE0500000070000004F0072006400F300F10065007A0000000100C40000008C230100BFE0500000060000005000610064007200F3006E0000000100C40000008D23010012BB860000090000004600750065006E006D00610079006F00720000000100C40000008E230100C6E0500000080000004D006F006C006C00650067006100730000000100C40000008F230100C7E050000008000000440065007000610062006C006F00730000000100C400000090230100CAE05000000600000053006900650072007200610000000100C400000091230100CFE050000008000000430061007200760061006A0061006C0000000100C400000092230100
"Édson Araújo",308345,50176,319,"SC Corinthians Paulista",NORMAL,INTERNAL_PERSON_ID,50176,0x005B64F2,False,-1,-1,35,33,AFB5511343D4283E,"I|I|B|L|L|L|L|L|L|L|L|L|REF|L|L|I|I|I|L|B|L|L|L|L|L|L|L|L|L|L|S|L|L|I|I|I|",420072006100630061006D006F006E007400650000000100C400000089230100BAE0500000070000004D0065006E0064006F007A00610000000100C40000008A230100BBE050000007000000440075006700610072007400650000000100C40000008B230100BCE0500000070000004F0072006400F300F10065007A0000000100C40000008C230100BFE0500000060000005000610064007200F3006E0000000100C40000008D23010012BB860000090000004600750065006E006D00610079006F00720000000100C40000008E230100C6E0500000080000004D006F006C006C00650067006100730000000100C40000008F230100C7E050000008000000440065007000610062006C006F00730000000100C400000090230100CAE05000000600000053006900650072007200610000000100C400000091230100CFE050000008000000430061007200760061006A0061006C0000000100C400000092230100D0E05000000A0000004D0061006D006D006100720065006C006C00610000000100C400
"Édson Araújo",308345,50176,319,"SC Corinthians Paulista",NORMAL,INTERNAL_PERSON_ID,50176,0x005B6513,False,-1,-1,33,39,B22450D58F8B6918,"I|L|I|I|B|I|I|S|L|L|L|L|REF|L|L|I|I|I|I|I|I|I|B|I|I|S|L|L|L|L|L|S|L|L|I|I|",E0500000070000004D0065006E0064006F007A00610000000100C40000008A230100BBE050000007000000440075006700610072007400650000000100C40000008B230100BCE0500000070000004F0072006400F300F10065007A0000000100C40000008C230100BFE0500000060000005000610064007200F3006E0000000100C40000008D23010012BB860000090000004600750065006E006D00610079006F00720000000100C40000008E230100C6E0500000080000004D006F006C006C00650067006100730000000100C40000008F230100C7E050000008000000440065007000610062006C006F00730000000100C400000090230100CAE05000000600000053006900650072007200610000000100C400000091230100CFE050000008000000430061007200760061006A0061006C0000000100C400000092230100D0E05000000A0000004D0061006D006D006100720065006C006C00610000000100C400000093230100D7E0500000090000004D006F006E00740061006E00610072006900
"Édson Araújo",308345,50176,319,"SC Corinthians Paulista",NORMAL,INTERNAL_PERSON_ID,50176,0x005B653A,False,-1,-1,39,37,A17FA95F3181CA55,"L|B|L|L|L|L|L|L|L|L|L|L|REF|L|L|I|I|I|I|I|B|L|L|L|L|L|L|L|L|S|L|L|L|S|B|I|",07000000440075006700610072007400650000000100C40000008B230100BCE0500000070000004F0072006400F300F10065007A0000000100C40000008C230100BFE0500000060000005000610064007200F3006E0000000100C40000008D23010012BB860000090000004600750065006E006D00610079006F00720000000100C40000008E230100C6E0500000080000004D006F006C006C00650067006100730000000100C40000008F230100C7E050000008000000440065007000610062006C006F00730000000100C400000090230100CAE05000000600000053006900650072007200610000000100C400000091230100CFE050000008000000430061007200760061006A0061006C0000000100C400000092230100D0E05000000A0000004D0061006D006D006100720065006C006C00610000000100C400000093230100D7E0500000090000004D006F006E00740061006E0061007200690000000100C40000009423010014BB860000060000004F007300700069006E00610000000100C400
"Édson Araújo",308345,50176,319,"SC Corinthians Paulista",NORMAL,INTERNAL_PERSON_ID,50176,0x005B655F,False,-1,-1,37,37,8E5B9541161D41BE,"I|I|I|B|I|I|S|L|L|L|L|L|REF|L|L|I|I|I|I|I|B|L|L|L|L|L|L|L|S|L|L|L|S|B|I|I|",00004F0072006400F300F10065007A0000000100C40000008C230100BFE0500000060000005000610064007200F3006E0000000100C40000008D23010012BB860000090000004600750065006E006D00610079006F00720000000100C40000008E230100C6E0500000080000004D006F006C006C00650067006100730000000100C40000008F230100C7E050000008000000440065007000610062006C006F00730000000100C400000090230100CAE05000000600000053006900650072007200610000000100C400000091230100CFE050000008000000430061007200760061006A0061006C0000000100C400000092230100D0E05000000A0000004D0061006D006D006100720065006C006C00610000000100C400000093230100D7E0500000090000004D006F006E00740061006E0061007200690000000100C40000009423010014BB860000060000004F007300700069006E00610000000100C40000009523010015BB860000070000004200610071007500650072006F0000000100C4000000
"Édson Araújo",308345,50176,319,"SC Corinthians Paulista",NORMAL,INTERNAL_PERSON_ID,50176,0x005B6584,False,-1,-1,37,33,8653A5AA13F87F5F,"I|I|I|B|I|I|S|L|L|L|L|L|REF|L|L|I|I|I|I|B|L|L|L|L|L|L|L|L|S|L|L|L|S|B|I|I|",5000610064007200F3006E0000000100C40000008D23010012BB860000090000004600750065006E006D00610079006F00720000000100C40000008E230100C6E0500000080000004D006F006C006C00650067006100730000000100C40000008F230100C7E050000008000000440065007000610062006C006F00730000000100C400000090230100CAE05000000600000053006900650072007200610000000100C400000091230100CFE050000008000000430061007200760061006A0061006C0000000100C400000092230100D0E05000000A0000004D0061006D006D006100720065006C006C00610000000100C400000093230100D7E0500000090000004D006F006E00740061006E0061007200690000000100C40000009423010014BB860000060000004F007300700069006E00610000000100C40000009523010015BB860000070000004200610071007500650072006F0000000100C40000009623010016BB8600000700000050006900F10061006E0067006F0000000100C40000009723
"Édson Araújo",308345,50176,319,"SC Corinthians Paulista",NORMAL,INTERNAL_PERSON_ID,50176,0x005B65A5,False,-1,-1,33,37,27BA0C222833238B,"I|I|I|I|B|I|I|S|L|L|L|L|REF|L|L|I|I|I|I|I|B|L|L|L|L|L|L|L|L|L|S|L|L|L|S|B|",4600750065006E006D00610079006F00720000000100C40000008E230100C6E0500000080000004D006F006C006C00650067006100730000000100C40000008F230100C7E050000008000000440065007000610062006C006F00730000000100C400000090230100CAE05000000600000053006900650072007200610000000100C400000091230100CFE050000008000000430061007200760061006A0061006C0000000100C400000092230100D0E05000000A0000004D0061006D006D006100720065006C006C00610000000100C400000093230100D7E0500000090000004D006F006E00740061006E0061007200690000000100C40000009423010014BB860000060000004F007300700069006E00610000000100C40000009523010015BB860000070000004200610071007500650072006F0000000100C40000009623010016BB8600000700000050006900F10061006E0067006F0000000100C400000097230100E1E050000008000000430061007300740069006C006C006F0000000100C400
"Édson Araújo",308345,50176,319,"SC Corinthians Paulista",NORMAL,INTERNAL_PERSON_ID,50176,0x005B65CA,False,-1,-1,37,41,E6C83BD4DD8B1398,"I|I|I|B|I|I|S|L|L|L|L|L|REF|L|L|I|I|I|I|I|I|B|L|L|L|L|L|L|L|L|L|L|S|L|L|I|",00004D006F006C006C00650067006100730000000100C40000008F230100C7E050000008000000440065007000610062006C006F00730000000100C400000090230100CAE05000000600000053006900650072007200610000000100C400000091230100CFE050000008000000430061007200760061006A0061006C0000000100C400000092230100D0E05000000A0000004D0061006D006D006100720065006C006C00610000000100C400000093230100D7E0500000090000004D006F006E00740061006E0061007200690000000100C40000009423010014BB860000060000004F007300700069006E00610000000100C40000009523010015BB860000070000004200610071007500650072006F0000000100C40000009623010016BB8600000700000050006900F10061006E0067006F0000000100C400000097230100E1E050000008000000430061007300740069006C006C006F0000000100C400000098230100E9E050000008000000430061007200760061006C006C006F0000000100C400
"Édson Araújo",308345,50176,319,"SC Corinthians Paulista",NORMAL,INTERNAL_PERSON_ID,50176,0x005B65F3,False,-1,-1,41,39,C30D1138911637C6,"I|I|B|I|I|S|L|L|L|L|L|L|REF|L|L|I|I|I|I|I|I|I|B|I|I|S|L|L|L|L|S|L|L|I|I|I|",65007000610062006C006F00730000000100C400000090230100CAE05000000600000053006900650072007200610000000100C400000091230100CFE050000008000000430061007200760061006A0061006C0000000100C400000092230100D0E05000000A0000004D0061006D006D006100720065006C006C00610000000100C400000093230100D7E0500000090000004D006F006E00740061006E0061007200690000000100C40000009423010014BB860000060000004F007300700069006E00610000000100C40000009523010015BB860000070000004200610071007500650072006F0000000100C40000009623010016BB8600000700000050006900F10061006E0067006F0000000100C400000097230100E1E050000008000000430061007300740069006C006C006F0000000100C400000098230100E9E050000008000000430061007200760061006C006C006F0000000100C400000099230100EBE0500000040000004C00650061006C0000000100C40000009A23010017BB8600000A
"Édson Araújo",308345,50176,319,"SC Corinthians Paulista",NORMAL,INTERNAL_PERSON_ID,50176,0x005B661A,False,-1,-1,39,33,8EE99A1A90742BF2,"I|B|L|L|L|L|L|L|L|L|L|L|REF|L|L|I|I|I|I|B|L|L|L|L|L|L|L|L|L|S|L|L|I|I|L|I|",650072007200610000000100C400000091230100CFE050000008000000430061007200760061006A0061006C0000000100C400000092230100D0E05000000A0000004D0061006D006D006100720065006C006C00610000000100C400000093230100D7E0500000090000004D006F006E00740061006E0061007200690000000100C40000009423010014BB860000060000004F007300700069006E00610000000100C40000009523010015BB860000070000004200610071007500650072006F0000000100C40000009623010016BB8600000700000050006900F10061006E0067006F0000000100C400000097230100E1E050000008000000430061007300740069006C006C006F0000000100C400000098230100E9E050000008000000430061007200760061006C006C006F0000000100C400000099230100EBE0500000040000004C00650061006C0000000100C40000009A23010017BB8600000A000000440065006C0020004E0075006E007A0069006F0000000100C40000009B230100D2073A00
"Édson Araújo",308345,50176,319,"SC Corinthians Paulista",NORMAL,INTERNAL_PERSON_ID,50176,0x005B663B,False,-1,-1,33,35,4980D99F7FED33F9,"I|I|I|I|B|I|I|S|L|L|L|L|REF|L|L|I|I|I|I|I|I|B|I|I|S|L|L|L|S|L|L|L|S|B|I|I|",7200760061006A0061006C0000000100C400000092230100D0E05000000A0000004D0061006D006D006100720065006C006C00610000000100C400000093230100D7E0500000090000004D006F006E00740061006E0061007200690000000100C40000009423010014BB860000060000004F007300700069006E00610000000100C40000009523010015BB860000070000004200610071007500650072006F0000000100C40000009623010016BB8600000700000050006900F10061006E0067006F0000000100C400000097230100E1E050000008000000430061007300740069006C006C006F0000000100C400000098230100E9E050000008000000430061007200760061006C006C006F0000000100C400000099230100EBE0500000040000004C00650061006C0000000100C40000009A23010017BB8600000A000000440065006C0020004E0075006E007A0069006F0000000100C40000009B230100D2073A0000060000005300750061006E006E006F0000000100C40000009C230100F2E05000
"Édson Araújo",308345,50176,319,"SC Corinthians Paulista",NORMAL,INTERNAL_PERSON_ID,50176,0x005B665E,False,-1,-1,35,35,7DDE66ADE84BBE92,"I|I|B|L|L|L|L|L|L|L|L|L|REF|L|L|I|I|L|I|I|I|B|I|I|S|L|L|L|L|L|S|L|L|I|I|I|",61006D006D006100720065006C006C00610000000100C400000093230100D7E0500000090000004D006F006E00740061006E0061007200690000000100C40000009423010014BB860000060000004F007300700069006E00610000000100C40000009523010015BB860000070000004200610071007500650072006F0000000100C40000009623010016BB8600000700000050006900F10061006E0067006F0000000100C400000097230100E1E050000008000000430061007300740069006C006C006F0000000100C400000098230100E9E050000008000000430061007200760061006C006C006F0000000100C400000099230100EBE0500000040000004C00650061006C0000000100C40000009A23010017BB8600000A000000440065006C0020004E0075006E007A0069006F0000000100C40000009B230100D2073A0000060000005300750061006E006E006F0000000100C40000009C230100F2E0500000060000004100720072006F0079006F0000000100C40000009D230100F6E050000005
"Édson Araújo",308345,50176,319,"SC Corinthians Paulista",NORMAL,INTERNAL_PERSON_ID,50176,0x005B6681,False,-1,-1,35,37,C37DE9F39038D1EC,"I|I|B|L|L|L|L|L|L|L|L|L|REF|L|L|I|I|I|I|I|B|L|L|L|L|L|L|L|L|S|L|L|L|S|B|I|",090000004D006F006E00740061006E0061007200690000000100C40000009423010014BB860000060000004F007300700069006E00610000000100C40000009523010015BB860000070000004200610071007500650072006F0000000100C40000009623010016BB8600000700000050006900F10061006E0067006F0000000100C400000097230100E1E050000008000000430061007300740069006C006C006F0000000100C400000098230100E9E050000008000000430061007200760061006C006C006F0000000100C400000099230100EBE0500000040000004C00650061006C0000000100C40000009A23010017BB8600000A000000440065006C0020004E0075006E007A0069006F0000000100C40000009B230100D2073A0000060000005300750061006E006E006F0000000100C40000009C230100F2E0500000060000004100720072006F0079006F0000000100C40000009D230100F6E05000000500000053006F006C006500720000000100C40000009E230100ADBE8600000700000042
"Édson Araújo",308345,50176,319,"SC Corinthians Paulista",NORMAL,INTERNAL_PERSON_ID,50176,0x005B66A6,False,-1,-1,37,37,CFFFB8341C611339,"I|I|I|B|I|I|S|L|L|L|L|L|REF|L|L|I|I|I|I|I|B|L|L|L|L|L|L|S|L|L|L|S|B|I|I|I|",0000060000004F007300700069006E00610000000100C40000009523010015BB860000070000004200610071007500650072006F0000000100C40000009623010016BB8600000700000050006900F10061006E0067006F0000000100C400000097230100E1E050000008000000430061007300740069006C006C006F0000000100C400000098230100E9E050000008000000430061007200760061006C006C006F0000000100C400000099230100EBE0500000040000004C00650061006C0000000100C40000009A23010017BB8600000A000000440065006C0020004E0075006E007A0069006F0000000100C40000009B230100D2073A0000060000005300750061006E006E006F0000000100C40000009C230100F2E0500000060000004100720072006F0079006F0000000100C40000009D230100F6E05000000500000053006F006C006500720000000100C40000009E230100ADBE8600000700000042006100720062006F007A00610000000100C40000009F230100F8E050000005000000500061
"Édson Araújo",308345,50176,319,"SC Corinthians Paulista",NORMAL,INTERNAL_PERSON_ID,50176,0x005B66CB,False,-1,-1,37,29,5E2624D5439FD8AA,"I|I|I|B|I|I|S|L|L|L|L|L|REF|L|L|I|I|I|B|L|L|L|L|L|L|L|L|L|S|L|L|L|S|B|I|I|",00004200610071007500650072006F0000000100C40000009623010016BB8600000700000050006900F10061006E0067006F0000000100C400000097230100E1E050000008000000430061007300740069006C006C006F0000000100C400000098230100E9E050000008000000430061007200760061006C006C006F0000000100C400000099230100EBE0500000040000004C00650061006C0000000100C40000009A23010017BB8600000A000000440065006C0020004E0075006E007A0069006F0000000100C40000009B230100D2073A0000060000005300750061006E006E006F0000000100C40000009C230100F2E0500000060000004100720072006F0079006F0000000100C40000009D230100F6E05000000500000053006F006C006500720000000100C40000009E230100ADBE8600000700000042006100720062006F007A00610000000100C40000009F230100F8E050000005000000500061007600F3006E0000000100C4000000A0230100FAE0500000070000004D00650072006D0065
"Édson Araújo",308345,50176,319,"SC Corinthians Paulista",NORMAL,INTERNAL_PERSON_ID,50176,0x005B66E8,False,-1,-1,29,41,302026ACC7F3E05F,"I|I|I|I|I|B|I|I|S|L|L|L|REF|L|L|I|I|I|I|I|I|B|L|L|L|L|L|L|L|S|L|L|L|S|B|I|",BB8600000700000050006900F10061006E0067006F0000000100C400000097230100E1E050000008000000430061007300740069006C006C006F0000000100C400000098230100E9E050000008000000430061007200760061006C006C006F0000000100C400000099230100EBE0500000040000004C00650061006C0000000100C40000009A23010017BB8600000A000000440065006C0020004E0075006E007A0069006F0000000100C40000009B230100D2073A0000060000005300750061006E006E006F0000000100C40000009C230100F2E0500000060000004100720072006F0079006F0000000100C40000009D230100F6E05000000500000053006F006C006500720000000100C40000009E230100ADBE8600000700000042006100720062006F007A00610000000100C40000009F230100F8E050000005000000500061007600F3006E0000000100C4000000A0230100FAE0500000070000004D00650072006D0065006A006F0000000100C4000000A1230100FBE050000007000000430061
"Édson Araújo",308345,50176,319,"SC Corinthians Paulista",NORMAL,INTERNAL_PERSON_ID,50176,0x005B6711,False,-1,-1,41,33,4C627CCC7D3457BC,"I|I|B|I|I|S|L|L|L|L|L|L|REF|L|L|I|I|I|I|B|L|L|L|L|L|L|L|S|L|L|L|S|B|I|I|B|",0000430061007300740069006C006C006F0000000100C400000098230100E9E050000008000000430061007200760061006C006C006F0000000100C400000099230100EBE0500000040000004C00650061006C0000000100C40000009A23010017BB8600000A000000440065006C0020004E0075006E007A0069006F0000000100C40000009B230100D2073A0000060000005300750061006E006E006F0000000100C40000009C230100F2E0500000060000004100720072006F0079006F0000000100C40000009D230100F6E05000000500000053006F006C006500720000000100C40000009E230100ADBE8600000700000042006100720062006F007A00610000000100C40000009F230100F8E050000005000000500061007600F3006E0000000100C4000000A0230100FAE0500000070000004D00650072006D0065006A006F0000000100C4000000A1230100FBE050000007000000430061006D006100720067006F0000000100C4000000A2230100FDE05000000900000047006F006C0069006E
"Édson Araújo",308345,50176,319,"SC Corinthians Paulista",NORMAL,INTERNAL_PERSON_ID,50176,0x005B6732,False,-1,-1,33,33,4407A62848BDFFF9,"I|I|I|I|B|I|I|S|L|L|L|L|REF|L|L|I|I|I|I|B|L|L|L|L|L|L|L|L|S|L|L|I|I|I|I|I|",000008000000430061007200760061006C006C006F0000000100C400000099230100EBE0500000040000004C00650061006C0000000100C40000009A23010017BB8600000A000000440065006C0020004E0075006E007A0069006F0000000100C40000009B230100D2073A0000060000005300750061006E006E006F0000000100C40000009C230100F2E0500000060000004100720072006F0079006F0000000100C40000009D230100F6E05000000500000053006F006C006500720000000100C40000009E230100ADBE8600000700000042006100720062006F007A00610000000100C40000009F230100F8E050000005000000500061007600F3006E0000000100C4000000A0230100FAE0500000070000004D00650072006D0065006A006F0000000100C4000000A1230100FBE050000007000000430061006D006100720067006F0000000100C4000000A2230100FDE05000000900000047006F006C0069006E00640061006E006F0000000100C4000000A323010000E15000000600000041006C
"Édson Araújo",308345,50176,319,"SC Corinthians Paulista",NORMAL,INTERNAL_PERSON_ID,50176,0x005B6753,False,-1,-1,33,31,4AE8F14C666D67C5,"I|I|I|I|B|I|I|S|L|L|L|L|REF|L|L|I|I|I|I|I|B|I|I|S|L|L|L|S|L|L|L|S|B|I|L|B|",00EBE0500000040000004C00650061006C0000000100C40000009A23010017BB8600000A000000440065006C0020004E0075006E007A0069006F0000000100C40000009B230100D2073A0000060000005300750061006E006E006F0000000100C40000009C230100F2E0500000060000004100720072006F0079006F0000000100C40000009D230100F6E05000000500000053006F006C006500720000000100C40000009E230100ADBE8600000700000042006100720062006F007A00610000000100C40000009F230100F8E050000005000000500061007600F3006E0000000100C4000000A0230100FAE0500000070000004D00650072006D0065006A006F0000000100C4000000A1230100FBE050000007000000430061006D006100720067006F0000000100C4000000A2230100FDE05000000900000047006F006C0069006E00640061006E006F0000000100C4000000A323010000E15000000600000041006C00640061006E00610000000100C4000000A423010017AA86000006000000530069
"Édson Araújo",308345,50176,319,"SC Corinthians Paulista",NORMAL,INTERNAL_PERSON_ID,50176,0x005B6772,False,-1,-1,31,35,4EAC5939684CD370,"I|I|I|B|L|L|L|L|L|L|L|L|REF|L|L|I|I|I|I|I|I|B|I|I|S|L|L|S|L|L|L|S|B|I|I|I|",BB8600000A000000440065006C0020004E0075006E007A0069006F0000000100C40000009B230100D2073A0000060000005300750061006E006E006F0000000100C40000009C230100F2E0500000060000004100720072006F0079006F0000000100C40000009D230100F6E05000000500000053006F006C006500720000000100C40000009E230100ADBE8600000700000042006100720062006F007A00610000000100C40000009F230100F8E050000005000000500061007600F3006E0000000100C4000000A0230100FAE0500000070000004D00650072006D0065006A006F0000000100C4000000A1230100FBE050000007000000430061006D006100720067006F0000000100C4000000A2230100FDE05000000900000047006F006C0069006E00640061006E006F0000000100C4000000A323010000E15000000600000041006C00640061006E00610000000100C4000000A423010017AA8600000600000053006900760069007200610000000100C4000000A523010003E15000000900000041
"Édson Araújo",308345,50176,319,"SC Corinthians Paulista",NORMAL,INTERNAL_PERSON_ID,50176,0x005B6795,False,-1,-1,35,31,97169B0CF8F4C7FC,"I|I|B|L|L|L|L|L|L|L|L|L|REF|L|L|I|I|I|I|I|B|I|I|S|L|L|L|S|L|L|L|S|B|I|I|I|",009B230100D2073A0000060000005300750061006E006E006F0000000100C40000009C230100F2E0500000060000004100720072006F0079006F0000000100C40000009D230100F6E05000000500000053006F006C006500720000000100C40000009E230100ADBE8600000700000042006100720062006F007A00610000000100C40000009F230100F8E050000005000000500061007600F3006E0000000100C4000000A0230100FAE0500000070000004D00650072006D0065006A006F0000000100C4000000A1230100FBE050000007000000430061006D006100720067006F0000000100C4000000A2230100FDE05000000900000047006F006C0069006E00640061006E006F0000000100C4000000A323010000E15000000600000041006C00640061006E00610000000100C4000000A423010017AA8600000600000053006900760069007200610000000100C4000000A523010003E15000000900000041006D0075006E006400610072006100790000000100C4000000A623010007E150000005
"Édson Araújo",308345,50176,319,"SC Corinthians Paulista",NORMAL,INTERNAL_PERSON_ID,50176,0x005B67B4,False,-1,-1,31,35,523FAC6F14F58ACC,"I|I|I|B|L|L|L|L|L|L|L|L|REF|L|L|I|I|I|I|I|I|B|I|I|S|L|L|L|S|L|L|L|S|B|I|I|",0000009C230100F2E0500000060000004100720072006F0079006F0000000100C40000009D230100F6E05000000500000053006F006C006500720000000100C40000009E230100ADBE8600000700000042006100720062006F007A00610000000100C40000009F230100F8E050000005000000500061007600F3006E0000000100C4000000A0230100FAE0500000070000004D00650072006D0065006A006F0000000100C4000000A1230100FBE050000007000000430061006D006100720067006F0000000100C4000000A2230100FDE05000000900000047006F006C0069006E00640061006E006F0000000100C4000000A323010000E15000000600000041006C00640061006E00610000000100C4000000A423010017AA8600000600000053006900760069007200610000000100C4000000A523010003E15000000900000041006D0075006E006400610072006100790000000100C4000000A623010007E15000000500000044007500760061006C0000000100C4000000A723010009E150000007
"Édson Araújo",308345,50176,319,"SC Corinthians Paulista",NORMAL,INTERNAL_PERSON_ID,50176,0x005B67D7,False,-1,-1,35,35,836A41F736C805BE,"I|L|B|L|L|L|L|L|L|L|L|L|REF|L|L|I|I|I|I|I|I|B|I|I|S|L|L|L|L|S|L|L|S|S|B|I|",009D230100F6E05000000500000053006F006C006500720000000100C40000009E230100ADBE8600000700000042006100720062006F007A00610000000100C40000009F230100F8E050000005000000500061007600F3006E0000000100C4000000A0230100FAE0500000070000004D00650072006D0065006A006F0000000100C4000000A1230100FBE050000007000000430061006D006100720067006F0000000100C4000000A2230100FDE05000000900000047006F006C0069006E00640061006E006F0000000100C4000000A323010000E15000000600000041006C00640061006E00610000000100C4000000A423010017AA8600000600000053006900760069007200610000000100C4000000A523010003E15000000900000041006D0075006E006400610072006100790000000100C4000000A623010007E15000000500000044007500760061006C0000000100C4000000A723010009E15000000700000043006100720072006500F1006F0000000100C4000000A82301000AE150000009
"Édson Araújo",308345,50176,319,"SC Corinthians Paulista",NORMAL,INTERNAL_PERSON_ID,50176,0x005B67FA,False,-1,-1,35,39,CE3FCDDBE41470F7,"I|I|B|L|L|L|L|L|L|L|L|L|REF|L|L|I|I|I|I|I|I|I|B|I|I|S|L|L|L|L|S|L|L|I|I|I|",00ADBE8600000700000042006100720062006F007A00610000000100C40000009F230100F8E050000005000000500061007600F3006E0000000100C4000000A0230100FAE0500000070000004D00650072006D0065006A006F0000000100C4000000A1230100FBE050000007000000430061006D006100720067006F0000000100C4000000A2230100FDE05000000900000047006F006C0069006E00640061006E006F0000000100C4000000A323010000E15000000600000041006C00640061006E00610000000100C4000000A423010017AA8600000600000053006900760069007200610000000100C4000000A523010003E15000000900000041006D0075006E006400610072006100790000000100C4000000A623010007E15000000500000044007500760061006C0000000100C4000000A723010009E15000000700000043006100720072006500F1006F0000000100C4000000A82301000AE150000009000000560065006C00E10073007100750065007A0000000100C4000000A92301000BE1
"Édson Araújo",308345,50176,319,"SC Corinthians Paulista",NORMAL,INTERNAL_PERSON_ID,50176,0x005B6821,False,-1,-1,39,33,9BB03F89C93A258F,"I|B|L|L|L|L|L|L|L|L|L|L|REF|L|L|I|I|I|I|B|L|L|L|L|L|L|L|S|L|L|L|S|B|I|I|I|",000005000000500061007600F3006E0000000100C4000000A0230100FAE0500000070000004D00650072006D0065006A006F0000000100C4000000A1230100FBE050000007000000430061006D006100720067006F0000000100C4000000A2230100FDE05000000900000047006F006C0069006E00640061006E006F0000000100C4000000A323010000E15000000600000041006C00640061006E00610000000100C4000000A423010017AA8600000600000053006900760069007200610000000100C4000000A523010003E15000000900000041006D0075006E006400610072006100790000000100C4000000A623010007E15000000500000044007500760061006C0000000100C4000000A723010009E15000000700000043006100720072006500F1006F0000000100C4000000A82301000AE150000009000000560065006C00E10073007100750065007A0000000100C4000000A92301000BE15000000500000041006C0065006A006F0000000100C4000000AA2301000CE15000000700000043
"Édson Araújo",308345,50176,319,"SC Corinthians Paulista",NORMAL,INTERNAL_PERSON_ID,50176,0x005B6842,False,-1,-1,33,33,828EDB126553D5FB,"I|I|I|I|B|I|I|S|L|L|L|L|REF|L|L|I|I|I|I|B|L|L|L|L|L|L|L|L|L|L|S|L|L|I|I|I|",070000004D00650072006D0065006A006F0000000100C4000000A1230100FBE050000007000000430061006D006100720067006F0000000100C4000000A2230100FDE05000000900000047006F006C0069006E00640061006E006F0000000100C4000000A323010000E15000000600000041006C00640061006E00610000000100C4000000A423010017AA8600000600000053006900760069007200610000000100C4000000A523010003E15000000900000041006D0075006E006400610072006100790000000100C4000000A623010007E15000000500000044007500760061006C0000000100C4000000A723010009E15000000700000043006100720072006500F1006F0000000100C4000000A82301000AE150000009000000560065006C00E10073007100750065007A0000000100C4000000A92301000BE15000000500000041006C0065006A006F0000000100C4000000AA2301000CE15000000700000043006800750065006C006C006F0000000100C4000000AB23010018AA860000050000
"Édson Araújo",308345,50176,319,"SC Corinthians Paulista",NORMAL,INTERNAL_PERSON_ID,50176,0x005B6863,False,-1,-1,33,39,E321D8EF79872AFC,"I|I|I|I|B|I|I|S|L|L|L|L|REF|L|L|I|I|I|I|I|I|I|B|I|I|S|L|L|S|L|L|L|S|B|I|I|",000007000000430061006D006100720067006F0000000100C4000000A2230100FDE05000000900000047006F006C0069006E00640061006E006F0000000100C4000000A323010000E15000000600000041006C00640061006E00610000000100C4000000A423010017AA8600000600000053006900760069007200610000000100C4000000A523010003E15000000900000041006D0075006E006400610072006100790000000100C4000000A623010007E15000000500000044007500760061006C0000000100C4000000A723010009E15000000700000043006100720072006500F1006F0000000100C4000000A82301000AE150000009000000560065006C00E10073007100750065007A0000000100C4000000A92301000BE15000000500000041006C0065006A006F0000000100C4000000AA2301000CE15000000700000043006800750065006C006C006F0000000100C4000000AB23010018AA8600000500000042006F0061006400610000000100C4000000AC2301000EE15000000900000041
"Édson Araújo",308345,50176,319,"SC Corinthians Paulista",NORMAL,INTERNAL_PERSON_ID,50176,0x005B688A,False,-1,-1,39,31,4F2B182785D621C7,"I|B|L|L|L|L|L|L|L|L|L|L|REF|L|L|I|I|I|I|I|B|I|I|S|L|L|L|S|L|L|L|S|B|I|L|I|",000047006F006C0069006E00640061006E006F0000000100C4000000A323010000E15000000600000041006C00640061006E00610000000100C4000000A423010017AA8600000600000053006900760069007200610000000100C4000000A523010003E15000000900000041006D0075006E006400610072006100790000000100C4000000A623010007E15000000500000044007500760061006C0000000100C4000000A723010009E15000000700000043006100720072006500F1006F0000000100C4000000A82301000AE150000009000000560065006C00E10073007100750065007A0000000100C4000000A92301000BE15000000500000041006C0065006A006F0000000100C4000000AA2301000CE15000000700000043006800750065006C006C006F0000000100C4000000AB23010018AA8600000500000042006F0061006400610000000100C4000000AC2301000EE15000000900000041007400650068006F0072007400FA00610000000100C4000000AD23010010E15000000600000056
"Édson Araújo",308345,50176,319,"SC Corinthians Paulista",NORMAL,INTERNAL_PERSON_ID,50176,0x005B68A9,False,-1,-1,31,35,39083D4AE382C147,"I|I|I|B|L|L|L|L|L|L|L|L|REF|L|L|I|I|I|I|I|I|B|I|I|S|L|L|L|L|S|L|L|L|S|B|I|",0000E15000000600000041006C00640061006E00610000000100C4000000A423010017AA8600000600000053006900760069007200610000000100C4000000A523010003E15000000900000041006D0075006E006400610072006100790000000100C4000000A623010007E15000000500000044007500760061006C0000000100C4000000A723010009E15000000700000043006100720072006500F1006F0000000100C4000000A82301000AE150000009000000560065006C00E10073007100750065007A0000000100C4000000A92301000BE15000000500000041006C0065006A006F0000000100C4000000AA2301000CE15000000700000043006800750065006C006C006F0000000100C4000000AB23010018AA8600000500000042006F0061006400610000000100C4000000AC2301000EE15000000900000041007400650068006F0072007400FA00610000000100C4000000AD23010010E15000000600000056006100720067006100730000000100C4000000AE23010013E1500000060000
"Édson Araújo",308345,50176,319,"SC Corinthians Paulista",NORMAL,INTERNAL_PERSON_ID,50176,0x005B68CC,False,-1,-1,35,39,5E3EE4AFA1C72A7F,"I|I|B|L|L|L|L|L|L|L|L|L|REF|L|L|I|I|I|I|I|I|I|B|I|I|S|L|L|S|L|L|L|S|B|I|I|",AA8600000600000053006900760069007200610000000100C4000000A523010003E15000000900000041006D0075006E006400610072006100790000000100C4000000A623010007E15000000500000044007500760061006C0000000100C4000000A723010009E15000000700000043006100720072006500F1006F0000000100C4000000A82301000AE150000009000000560065006C00E10073007100750065007A0000000100C4000000A92301000BE15000000500000041006C0065006A006F0000000100C4000000AA2301000CE15000000700000043006800750065006C006C006F0000000100C4000000AB23010018AA8600000500000042006F0061006400610000000100C4000000AC2301000EE15000000900000041007400650068006F0072007400FA00610000000100C4000000AD23010010E15000000600000056006100720067006100730000000100C4000000AE23010013E150000006000000520069006E006300F3006E0000000100C4000000AF2301001AAA8600000700000044
"Édson Araújo",308345,50176,319,"SC Corinthians Paulista",NORMAL,INTERNAL_PERSON_ID,50176,0x005B68F3,False,-1,-1,39,31,B05E05C43586B91B,"L|B|L|L|L|L|L|L|L|L|L|L|REF|L|L|I|I|I|I|I|B|I|I|S|L|L|L|S|L|L|L|S|B|I|I|B|",000041006D0075006E006400610072006100790000000100C4000000A623010007E15000000500000044007500760061006C0000000100C4000000A723010009E15000000700000043006100720072006500F1006F0000000100C4000000A82301000AE150000009000000560065006C00E10073007100750065007A0000000100C4000000A92301000BE15000000500000041006C0065006A006F0000000100C4000000AA2301000CE15000000700000043006800750065006C006C006F0000000100C4000000AB23010018AA8600000500000042006F0061006400610000000100C4000000AC2301000EE15000000900000041007400650068006F0072007400FA00610000000100C4000000AD23010010E15000000600000056006100720067006100730000000100C4000000AE23010013E150000006000000520069006E006300F3006E0000000100C4000000AF2301001AAA8600000700000044007500640061006D0065006C0000000100C4000000B023010017E15000000500000050006F006E
"Édson Araújo",308345,50176,319,"SC Corinthians Paulista",NORMAL,INTERNAL_PERSON_ID,50176,0x005B6912,False,-1,-1,31,35,FCCEBFB41BDAAB7A,"L|I|I|B|L|L|L|L|L|L|L|L|REF|L|L|I|I|I|I|I|I|B|I|I|S|L|L|S|L|L|L|S|B|I|I|I|",0007E15000000500000044007500760061006C0000000100C4000000A723010009E15000000700000043006100720072006500F1006F0000000100C4000000A82301000AE150000009000000560065006C00E10073007100750065007A0000000100C4000000A92301000BE15000000500000041006C0065006A006F0000000100C4000000AA2301000CE15000000700000043006800750065006C006C006F0000000100C4000000AB23010018AA8600000500000042006F0061006400610000000100C4000000AC2301000EE15000000900000041007400650068006F0072007400FA00610000000100C4000000AD23010010E15000000600000056006100720067006100730000000100C4000000AE23010013E150000006000000520069006E006300F3006E0000000100C4000000AF2301001AAA8600000700000044007500640061006D0065006C0000000100C4000000B023010017E15000000500000050006F006E007A006F0000000100C4000000B1230100284C6600000900000053006F006C
"Édson Araújo",308345,50176,319,"SC Corinthians Paulista",NORMAL,INTERNAL_PERSON_ID,50176,0x005B6935,False,-1,-1,35,31,1FDDFFC0FDD41AEE,"I|I|B|L|L|L|L|L|L|L|L|L|REF|L|L|I|I|I|I|I|B|I|I|S|L|L|L|L|S|L|L|L|S|B|I|I|",00000700000043006100720072006500F1006F0000000100C4000000A82301000AE150000009000000560065006C00E10073007100750065007A0000000100C4000000A92301000BE15000000500000041006C0065006A006F0000000100C4000000AA2301000CE15000000700000043006800750065006C006C006F0000000100C4000000AB23010018AA8600000500000042006F0061006400610000000100C4000000AC2301000EE15000000900000041007400650068006F0072007400FA00610000000100C4000000AD23010010E15000000600000056006100720067006100730000000100C4000000AE23010013E150000006000000520069006E006300F3006E0000000100C4000000AF2301001AAA8600000700000044007500640061006D0065006C0000000100C4000000B023010017E15000000500000050006F006E007A006F0000000100C4000000B1230100284C6600000900000053006F006C00F30072007A0061006E006F0000000100C4000000B2230100F4DF5000000900000041
"Édson Araújo",308345,50176,319,"SC Corinthians Paulista",NORMAL,INTERNAL_PERSON_ID,50176,0x005B6954,False,-1,-1,31,39,E3C2AB6F656862D2,"I|I|I|B|L|L|L|L|L|L|L|L|REF|L|L|I|I|I|I|I|I|I|B|I|I|S|L|L|L|L|S|L|L|I|I|I|",000AE150000009000000560065006C00E10073007100750065007A0000000100C4000000A92301000BE15000000500000041006C0065006A006F0000000100C4000000AA2301000CE15000000700000043006800750065006C006C006F0000000100C4000000AB23010018AA8600000500000042006F0061006400610000000100C4000000AC2301000EE15000000900000041007400650068006F0072007400FA00610000000100C4000000AD23010010E15000000600000056006100720067006100730000000100C4000000AE23010013E150000006000000520069006E006300F3006E0000000100C4000000AF2301001AAA8600000700000044007500640061006D0065006C0000000100C4000000B023010017E15000000500000050006F006E007A006F0000000100C4000000B1230100284C6600000900000053006F006C00F30072007A0061006E006F0000000100C4000000B2230100F4DF5000000900000041006E006E006100720065006C006C00690000000100C4000000B32301008B4E
"Édson Araújo",308345,50176,319,"SC Corinthians Paulista",NORMAL,INTERNAL_PERSON_ID,50176,0x005B697B,False,-1,-1,39,33,9BB03F89C93A258F,"I|B|L|L|L|L|L|L|L|L|L|L|REF|L|L|I|I|I|I|B|L|L|L|L|L|L|L|S|L|L|L|S|B|I|I|I|",000BE15000000500000041006C0065006A006F0000000100C4000000AA2301000CE15000000700000043006800750065006C006C006F0000000100C4000000AB23010018AA8600000500000042006F0061006400610000000100C4000000AC2301000EE15000000900000041007400650068006F0072007400FA00610000000100C4000000AD23010010E15000000600000056006100720067006100730000000100C4000000AE23010013E150000006000000520069006E006300F3006E0000000100C4000000AF2301001AAA8600000700000044007500640061006D0065006C0000000100C4000000B023010017E15000000500000050006F006E007A006F0000000100C4000000B1230100284C6600000900000053006F006C00F30072007A0061006E006F0000000100C4000000B2230100F4DF5000000900000041006E006E006100720065006C006C00690000000100C4000000B32301008B4E660000050000004E00610063006300610000000100C4000000B423010058F24D00000600000050
"Édson Araújo",308345,50176,319,"SC Corinthians Paulista",NORMAL,INTERNAL_PERSON_ID,50176,0x005B699C,False,-1,-1,33,33,87011EFEB846AF77,"I|I|I|I|B|I|I|S|L|L|L|L|REF|L|L|I|I|I|L|B|L|L|L|L|L|L|L|L|L|S|L|L|I|I|I|I|",E15000000700000043006800750065006C006C006F0000000100C4000000AB23010018AA8600000500000042006F0061006400610000000100C4000000AC2301000EE15000000900000041007400650068006F0072007400FA00610000000100C4000000AD23010010E15000000600000056006100720067006100730000000100C4000000AE23010013E150000006000000520069006E006300F3006E0000000100C4000000AF2301001AAA8600000700000044007500640061006D0065006C0000000100C4000000B023010017E15000000500000050006F006E007A006F0000000100C4000000B1230100284C6600000900000053006F006C00F30072007A0061006E006F0000000100C4000000B2230100F4DF5000000900000041006E006E006100720065006C006C00690000000100C4000000B32301008B4E660000050000004E00610063006300610000000100C4000000B423010058F24D000006000000500065006C00E10065007A0000000100C4000000B523010064F30E00000C00000052
"Édson Araújo",308345,50176,319,"SC Corinthians Paulista",NORMAL,INTERNAL_PERSON_ID,50176,0x005B69BD,False,-1,-1,33,35,9B567B393D3B4D4F,"I|I|I|I|B|I|I|S|L|L|L|L|REF|L|L|I|I|I|I|I|I|B|I|I|S|L|L|S|L|L|L|S|B|I|L|I|",0018AA8600000500000042006F0061006400610000000100C4000000AC2301000EE15000000900000041007400650068006F0072007400FA00610000000100C4000000AD23010010E15000000600000056006100720067006100730000000100C4000000AE23010013E150000006000000520069006E006300F3006E0000000100C4000000AF2301001AAA8600000700000044007500640061006D0065006C0000000100C4000000B023010017E15000000500000050006F006E007A006F0000000100C4000000B1230100284C6600000900000053006F006C00F30072007A0061006E006F0000000100C4000000B2230100F4DF5000000900000041006E006E006100720065006C006C00690000000100C4000000B32301008B4E660000050000004E00610063006300610000000100C4000000B423010058F24D000006000000500065006C00E10065007A0000000100C4000000B523010064F30E00000C00000052006900760069006C006C006F002D005200750069007A0000000100C4000000B623
"Édson Araújo",308345,50176,319,"SC Corinthians Paulista",NORMAL,INTERNAL_PERSON_ID,50176,0x005B69E0,False,-1,-1,35,31,64179C66A8EAC99D,"I|L|B|L|L|L|L|L|L|L|L|L|REF|L|L|I|I|I|I|I|B|I|I|S|L|L|L|L|S|L|L|L|S|B|I|I|",00000900000041007400650068006F0072007400FA00610000000100C4000000AD23010010E15000000600000056006100720067006100730000000100C4000000AE23010013E150000006000000520069006E006300F3006E0000000100C4000000AF2301001AAA8600000700000044007500640061006D0065006C0000000100C4000000B023010017E15000000500000050006F006E007A006F0000000100C4000000B1230100284C6600000900000053006F006C00F30072007A0061006E006F0000000100C4000000B2230100F4DF5000000900000041006E006E006100720065006C006C00690000000100C4000000B32301008B4E660000050000004E00610063006300610000000100C4000000B423010058F24D000006000000500065006C00E10065007A0000000100C4000000B523010064F30E00000C00000052006900760069006C006C006F002D005200750069007A0000000100C4000000B6230100A0F00E0000050000004D007500F1006F007A0000000100C4000000B7230100DFE1
"Édson Araújo",308345,50176,319,"SC Corinthians Paulista",NORMAL,INTERNAL_PERSON_ID,50176,0x005B69FF,False,-1,-1,31,39,FF1BB65DC00A0CF3,"I|I|I|B|L|L|L|L|L|L|L|L|REF|L|L|I|I|I|I|I|I|I|B|I|I|S|L|L|L|L|S|L|L|L|S|B|",00AD23010010E15000000600000056006100720067006100730000000100C4000000AE23010013E150000006000000520069006E006300F3006E0000000100C4000000AF2301001AAA8600000700000044007500640061006D0065006C0000000100C4000000B023010017E15000000500000050006F006E007A006F0000000100C4000000B1230100284C6600000900000053006F006C00F30072007A0061006E006F0000000100C4000000B2230100F4DF5000000900000041006E006E006100720065006C006C00690000000100C4000000B32301008B4E660000050000004E00610063006300610000000100C4000000B423010058F24D000006000000500065006C00E10065007A0000000100C4000000B523010064F30E00000C00000052006900760069006C006C006F002D005200750069007A0000000100C4000000B6230100A0F00E0000050000004D007500F1006F007A0000000100C4000000B7230100DFE10E0000050000004100730061006100640000000200C5000000B82301008243
"Édson Araújo",308345,50176,319,"SC Corinthians Paulista",NORMAL,INTERNAL_PERSON_ID,50176,0x005B6A26,False,-1,-1,39,39,8E8E25D56FA8C450,"I|B|L|L|L|L|L|L|L|L|L|L|REF|L|L|I|I|I|I|I|I|I|B|I|I|S|L|L|S|L|L|L|S|B|I|L|",E150000006000000520069006E006300F3006E0000000100C4000000AF2301001AAA8600000700000044007500640061006D0065006C0000000100C4000000B023010017E15000000500000050006F006E007A006F0000000100C4000000B1230100284C6600000900000053006F006C00F30072007A0061006E006F0000000100C4000000B2230100F4DF5000000900000041006E006E006100720065006C006C00690000000100C4000000B32301008B4E660000050000004E00610063006300610000000100C4000000B423010058F24D000006000000500065006C00E10065007A0000000100C4000000B523010064F30E00000C00000052006900760069006C006C006F002D005200750069007A0000000100C4000000B6230100A0F00E0000050000004D007500F1006F007A0000000100C4000000B7230100DFE10E0000050000004100730061006100640000000200C5000000B82301008243020000070000004B006500740074006C0075006E0000000200C5000000B9230100190256000008
"Édson Araújo",308345,50176,319,"SC Corinthians Paulista",NORMAL,INTERNAL_PERSON_ID,50176,0x005B6A4D,False,-1,-1,39,31,4786159D0D754948,"I|B|L|L|L|L|L|L|L|L|L|L|REF|L|L|I|I|I|I|I|B|I|I|S|L|L|L|L|S|L|L|I|I|I|I|I|",000044007500640061006D0065006C0000000100C4000000B023010017E15000000500000050006F006E007A006F0000000100C4000000B1230100284C6600000900000053006F006C00F30072007A0061006E006F0000000100C4000000B2230100F4DF5000000900000041006E006E006100720065006C006C00690000000100C4000000B32301008B4E660000050000004E00610063006300610000000100C4000000B423010058F24D000006000000500065006C00E10065007A0000000100C4000000B523010064F30E00000C00000052006900760069006C006C006F002D005200750069007A0000000100C4000000B6230100A0F00E0000050000004D007500F1006F007A0000000100C4000000B7230100DFE10E0000050000004100730061006100640000000200C5000000B82301008243020000070000004B006500740074006C0075006E0000000200C5000000B92301001902560000080000004100620075002D00520069007A00710000000100C5000000BA2301001104560000090000
"Édson Araújo",308345,50176,319,"SC Corinthians Paulista",NORMAL,INTERNAL_PERSON_ID,50176,0x005B6A6C,False,-1,-1,31,33,25F4EB26BE326489,"I|I|I|B|L|L|L|L|L|L|L|L|REF|L|L|I|I|I|I|B|L|L|L|L|L|L|L|L|L|L|S|L|L|L|S|B|",00000500000050006F006E007A006F0000000100C4000000B1230100284C6600000900000053006F006C00F30072007A0061006E006F0000000100C4000000B2230100F4DF5000000900000041006E006E006100720065006C006C00690000000100C4000000B32301008B4E660000050000004E00610063006300610000000100C4000000B423010058F24D000006000000500065006C00E10065007A0000000100C4000000B523010064F30E00000C00000052006900760069006C006C006F002D005200750069007A0000000100C4000000B6230100A0F00E0000050000004D007500F1006F007A0000000100C4000000B7230100DFE10E0000050000004100730061006100640000000200C5000000B82301008243020000070000004B006500740074006C0075006E0000000200C5000000B92301001902560000080000004100620075002D00520069007A00710000000100C5000000BA2301001104560000090000004100620075002D0041006C0069006100680000000100C5000000BB230100
"Édson Araújo",308345,50176,319,"SC Corinthians Paulista",NORMAL,INTERNAL_PERSON_ID,50176,0x005B6A8D,False,-1,-1,33,45,086B65FB8E308D0A,"I|I|I|I|B|I|I|S|L|L|L|L|REF|L|L|I|I|I|I|I|I|I|B|L|L|L|L|L|L|L|L|S|L|L|I|I|",0900000053006F006C00F30072007A0061006E006F0000000100C4000000B2230100F4DF5000000900000041006E006E006100720065006C006C00690000000100C4000000B32301008B4E660000050000004E00610063006300610000000100C4000000B423010058F24D000006000000500065006C00E10065007A0000000100C4000000B523010064F30E00000C00000052006900760069006C006C006F002D005200750069007A0000000100C4000000B6230100A0F00E0000050000004D007500F1006F007A0000000100C4000000B7230100DFE10E0000050000004100730061006100640000000200C5000000B82301008243020000070000004B006500740074006C0075006E0000000200C5000000B92301001902560000080000004100620075002D00520069007A00710000000100C5000000BA2301001104560000090000004100620075002D0041006C0069006100680000000100C5000000BB2301002402560000090000004100620075002D004A0061007A006100720000000100C500
"Édson Araújo",308345,50176,319,"SC Corinthians Paulista",NORMAL,INTERNAL_PERSON_ID,50176,0x005B6ABA,False,-1,-1,45,31,C1F7BD84A20872E7,"I|B|I|I|S|L|L|L|L|L|L|L|REF|L|L|I|I|L|I|I|B|I|I|S|L|L|S|L|L|L|S|B|I|I|I|B|",6E006E006100720065006C006C00690000000100C4000000B32301008B4E660000050000004E00610063006300610000000100C4000000B423010058F24D000006000000500065006C00E10065007A0000000100C4000000B523010064F30E00000C00000052006900760069006C006C006F002D005200750069007A0000000100C4000000B6230100A0F00E0000050000004D007500F1006F007A0000000100C4000000B7230100DFE10E0000050000004100730061006100640000000200C5000000B82301008243020000070000004B006500740074006C0075006E0000000200C5000000B92301001902560000080000004100620075002D00520069007A00710000000100C5000000BA2301001104560000090000004100620075002D0041006C0069006100680000000100C5000000BB2301002402560000090000004100620075002D004A0061007A006100720000000100C5000000BC23010023025600000700000045006C002D004B0061006900720000000100C5000000BD23010021025600
"Édson Araújo",308345,50176,319,"SC Corinthians Paulista",NORMAL,INTERNAL_PERSON_ID,50176,0x005B6AD9,False,-1,-1,31,25607,9B7604ED51E58DE3,"I|I|I|B|L|L|L|L|L|L|L|L|REF|L|L|I|I|I|I|I|B|I|I|S|L|L|L|S|L|L|L|S|B|I|I|I|",0000050000004E00610063006300610000000100C4000000B423010058F24D000006000000500065006C00E10065007A0000000100C4000000B523010064F30E00000C00000052006900760069006C006C006F002D005200750069007A0000000100C4000000B6230100A0F00E0000050000004D007500F1006F007A0000000100C4000000B7230100DFE10E0000050000004100730061006100640000000200C5000000B82301008243020000070000004B006500740074006C0075006E0000000200C5000000B92301001902560000080000004100620075002D00520069007A00710000000100C5000000BA2301001104560000090000004100620075002D0041006C0069006100680000000100C5000000BB2301002402560000090000004100620075002D004A0061007A006100720000000100C5000000BC23010023025600000700000045006C002D004B0061006900720000000100C5000000BD230100210256000006000000480061006A006A0061006A0000000100C5000000BE2301002002
"Édson Araújo",308345,50176,319,"SC Corinthians Paulista",NORMAL,INTERNAL_PERSON_ID,50176,0x005BCEE0,False,-1,-1,25607,363313,C88A37A847DD71AF,"I|B|I|L|L|L|L|L|L|L|L|S|REF|L|I|I|I|I|I|I|I|I|B|I|L|L|L|L|L|L|L|L|L|L|S|S|",987C0000050000004200720075006E006F000000010006000000C1000000217C7C000007000000450066006F0075006C006F0075000000010006000000C2000000E7657C00000600000053006F006E007400730061000000010006000000C3000000D4C6790000070000004D006F0075006B006F006B006F000000010006000000C4000000A6A00100000E000000530069006D006F006E0020004100740061006E00670061006E0061000000010006000000C50000005C1D7600000B0000004F006E0061006E00610020004A0075006C00650073000000010006000000C6000000391D7600000A0000004D00620065006E00670020004A00650061006E000000010006000000C7000000AB1C7600000B0000004A0061006E0067002000530075006E006400610079000000010006000000C8000000A41C76000004000000530069006D006F000000010006000000C9000000FDDD5500000E000000470065006F0072006700650020004E00690063006F006C00610073000000010006000000CA00000019
"Édson Araújo",308345,50176,319,"SC Corinthians Paulista",NORMAL,INTERNAL_PERSON_ID,50176,0x0062E3C4,False,-1,-1,8460,37,0CF129625E678710,"I|I|I|I|I|B|S|I|S|L|L|L|REF|I|L|I|I|I|I|I|B|L|L|L|L|L|L|S|L|L|L|S|B|I|I|I|",7500650000000100C3000000A72C0000E4B086000012000000430068007200690073007400690061006E00200047006F006E007A0061006C006500730000000100C3000000A82C00003C26760000070000004E00690063006F006C00E100730000000100C3000000A92C0000331C540000040000004A00650061006E0000000100C4000000AA2C0000CFD56A0000080000004A006F006E0061007400680061006E0000000100C4000000AB2C0000F1590B000004000000440061006E00690000000100C4000000AC2C0000895E0B0000040000004C0075006900730000000100C4000000AD2C00005BED160000040000004D0069006300750000000100C4000000AE2C0000BEEE1600000C00000050006500640072006F002000530061006E0074006F00730000000100C4000000AF2C00002FC40D000004000000C1006C006500780000000100C4000000B02C0000224240000005000000440061006E006E00790000000100C4000000B12C0000BC1C0B00000C0000004D0061006E0073006F00750072
"Édson Araújo",308345,50176,319,"SC Corinthians Paulista",NORMAL,INTERNAL_PERSON_ID,50176,0x0062E3E9,False,-1,-1,37,29,59157063736BD19F,"I|I|I|B|S|I|S|L|L|L|L|L|REF|I|L|I|I|I|B|L|L|L|L|L|L|S|L|L|L|S|B|I|I|I|B|S|",690061006E00200047006F006E007A0061006C006500730000000100C3000000A82C00003C26760000070000004E00690063006F006C00E100730000000100C3000000A92C0000331C540000040000004A00650061006E0000000100C4000000AA2C0000CFD56A0000080000004A006F006E0061007400680061006E0000000100C4000000AB2C0000F1590B000004000000440061006E00690000000100C4000000AC2C0000895E0B0000040000004C0075006900730000000100C4000000AD2C00005BED160000040000004D0069006300750000000100C4000000AE2C0000BEEE1600000C00000050006500640072006F002000530061006E0074006F00730000000100C4000000AF2C00002FC40D000004000000C1006C006500780000000100C4000000B02C0000224240000005000000440061006E006E00790000000100C4000000B12C0000BC1C0B00000C0000004D0061006E0073006F007500720020004800610064006A0000000100C5000000B22C00000FCA5100000C0000004E00690063
"Édson Araújo",308345,50176,319,"SC Corinthians Paulista",NORMAL,INTERNAL_PERSON_ID,50176,0x0062E406,False,-1,-1,29,29,6D5301F16985D64F,"I|I|I|I|I|B|S|I|S|L|L|L|REF|I|L|I|I|I|B|L|L|L|L|L|L|S|L|L|L|S|B|I|I|I|I|I|",000000A82C00003C26760000070000004E00690063006F006C00E100730000000100C3000000A92C0000331C540000040000004A00650061006E0000000100C4000000AA2C0000CFD56A0000080000004A006F006E0061007400680061006E0000000100C4000000AB2C0000F1590B000004000000440061006E00690000000100C4000000AC2C0000895E0B0000040000004C0075006900730000000100C4000000AD2C00005BED160000040000004D0069006300750000000100C4000000AE2C0000BEEE1600000C00000050006500640072006F002000530061006E0074006F00730000000100C4000000AF2C00002FC40D000004000000C1006C006500780000000100C4000000B02C0000224240000005000000440061006E006E00790000000100C4000000B12C0000BC1C0B00000C0000004D0061006E0073006F007500720020004800610064006A0000000100C5000000B22C00000FCA5100000C0000004E00690063006F006C00610020004800610064007700610000000100C5000000B32C
"Édson Araújo",308345,50176,319,"SC Corinthians Paulista",NORMAL,INTERNAL_PERSON_ID,50176,0x0062E423,False,-1,-1,29,29,5BFC70BE14548D90,"S|B|I|I|I|B|S|I|S|L|L|L|REF|I|L|I|I|I|B|L|L|L|L|L|L|L|L|L|L|S|L|L|L|S|B|I|",0000000100C3000000A92C0000331C540000040000004A00650061006E0000000100C4000000AA2C0000CFD56A0000080000004A006F006E0061007400680061006E0000000100C4000000AB2C0000F1590B000004000000440061006E00690000000100C4000000AC2C0000895E0B0000040000004C0075006900730000000100C4000000AD2C00005BED160000040000004D0069006300750000000100C4000000AE2C0000BEEE1600000C00000050006500640072006F002000530061006E0074006F00730000000100C4000000AF2C00002FC40D000004000000C1006C006500780000000100C4000000B02C0000224240000005000000440061006E006E00790000000100C4000000B12C0000BC1C0B00000C0000004D0061006E0073006F007500720020004800610064006A0000000100C5000000B22C00000FCA5100000C0000004E00690063006F006C00610020004800610064007700610000000100C5000000B32C0000EBB28600000E000000430068006F0069002000530075006E006700
"Édson Araújo",308345,50176,319,"SC Corinthians Paulista",NORMAL,INTERNAL_PERSON_ID,50176,0x0062E440,False,-1,-1,29,45,7E11E78F64CDF95F,"S|B|I|I|I|B|S|I|S|L|L|L|REF|I|L|I|I|I|I|I|I|I|B|L|L|L|L|L|L|S|L|L|L|S|B|I|",0000000100C4000000AA2C0000CFD56A0000080000004A006F006E0061007400680061006E0000000100C4000000AB2C0000F1590B000004000000440061006E00690000000100C4000000AC2C0000895E0B0000040000004C0075006900730000000100C4000000AD2C00005BED160000040000004D0069006300750000000100C4000000AE2C0000BEEE1600000C00000050006500640072006F002000530061006E0074006F00730000000100C4000000AF2C00002FC40D000004000000C1006C006500780000000100C4000000B02C0000224240000005000000440061006E006E00790000000100C4000000B12C0000BC1C0B00000C0000004D0061006E0073006F007500720020004800610064006A0000000100C5000000B22C00000FCA5100000C0000004E00690063006F006C00610020004800610064007700610000000100C5000000B32C0000EBB28600000E000000430068006F0069002000530075006E0067002D004300680069006E0000000100CA000000B42C000070F35500000B00
"Édson Araújo",308345,50176,319,"SC Corinthians Paulista",NORMAL,INTERNAL_PERSON_ID,50176,0x0062E46D,False,-1,-1,45,29,89E5EAFEBD0BE132,"I|B|S|I|S|L|L|L|L|L|L|L|REF|I|L|I|L|I|B|L|L|L|L|L|L|L|L|S|I|L|I|I|I|I|I|I|",00AB2C0000F1590B000004000000440061006E00690000000100C4000000AC2C0000895E0B0000040000004C0075006900730000000100C4000000AD2C00005BED160000040000004D0069006300750000000100C4000000AE2C0000BEEE1600000C00000050006500640072006F002000530061006E0074006F00730000000100C4000000AF2C00002FC40D000004000000C1006C006500780000000100C4000000B02C0000224240000005000000440061006E006E00790000000100C4000000B12C0000BC1C0B00000C0000004D0061006E0073006F007500720020004800610064006A0000000100C5000000B22C00000FCA5100000C0000004E00690063006F006C00610020004800610064007700610000000100C5000000B32C0000EBB28600000E000000430068006F0069002000530075006E0067002D004300680069006E0000000100CA000000B42C000070F35500000B0000004C006500650020005400610065002D0048007700610000000100CA000000B52C0000A34B0200000F000000
"Édson Araújo",308345,50176,319,"SC Corinthians Paulista",NORMAL,INTERNAL_PERSON_ID,50176,0x0062E48A,False,-1,-1,29,31,41DE8D22FE703B0D,"I|I|I|I|I|B|S|I|S|L|L|L|REF|I|L|I|I|I|I|I|B|S|I|S|L|L|L|L|L|L|L|S|I|L|I|I|",00AC2C0000895E0B0000040000004C0075006900730000000100C4000000AD2C00005BED160000040000004D0069006300750000000100C4000000AE2C0000BEEE1600000C00000050006500640072006F002000530061006E0074006F00730000000100C4000000AF2C00002FC40D000004000000C1006C006500780000000100C4000000B02C0000224240000005000000440061006E006E00790000000100C4000000B12C0000BC1C0B00000C0000004D0061006E0073006F007500720020004800610064006A0000000100C5000000B22C00000FCA5100000C0000004E00690063006F006C00610020004800610064007700610000000100C5000000B32C0000EBB28600000E000000430068006F0069002000530075006E0067002D004300680069006E0000000100CA000000B42C000070F35500000B0000004C006500650020005400610065002D0048007700610000000100CA000000B52C0000A34B0200000F0000004300680061006E006700200059006F0075006E0067002D004B00790075
"Édson Araújo",308345,50176,319,"SC Corinthians Paulista",NORMAL,INTERNAL_PERSON_ID,50176,0x0062E4A9,False,-1,-1,31,32861,3A2476130A2F99B8,"I|L|I|B|L|L|L|L|L|L|L|L|REF|I|L|I|I|I|I|I|I|I|B|L|L|L|L|L|L|L|L|L|L|S|L|L|",2C00005BED160000040000004D0069006300750000000100C4000000AE2C0000BEEE1600000C00000050006500640072006F002000530061006E0074006F00730000000100C4000000AF2C00002FC40D000004000000C1006C006500780000000100C4000000B02C0000224240000005000000440061006E006E00790000000100C4000000B12C0000BC1C0B00000C0000004D0061006E0073006F007500720020004800610064006A0000000100C5000000B22C00000FCA5100000C0000004E00690063006F006C00610020004800610064007700610000000100C5000000B32C0000EBB28600000E000000430068006F0069002000530075006E0067002D004300680069006E0000000100CA000000B42C000070F35500000B0000004C006500650020005400610065002D0048007700610000000100CA000000B52C0000A34B0200000F0000004300680061006E006700200059006F0075006E0067002D004B007900750000000100CA000000B62C000037A10F0000090000004C0069006E00200041
"Édson Araújo",308345,50176,319,"SC Corinthians Paulista",NORMAL,INTERNAL_PERSON_ID,50176,0x00636506,False,90,2,32861,397515,9CC2715023F62084,"S|S|I|L|L|L|L|L|B|S|S|Z|REF|S|Z|L|L|L|L|L|B|S|S|Z|S|S|I|L|L|L|L|L|B|S|S|S|",00030023020000CB240000840200000505000000C6C40000F6A000000000000007B700000005000000000000000001010002002402000089020000850200000605000000409C0000A08C00000000000003AE00000005000000007200490001020003002502000043140000860200000705000000D6890000AB1E00000000000000C40000000500000000000000000103000000260200000E1500008702000008050000004C4F0000B03600000000000002B8000000050000000072004A00010300000027020000FFFFFFFF880200000905000000E4570000E45700003075000003B000000005E457000072004A0001010003002802000085020000890200000B05000000F6420100D00101000000000003B300000005000000007D00520001010002002A020000AE2400008A0200000D05000000C4860000FC21000060EA000000FFFFFFFF050000000072004C0001040000002B0200005E0900008B0200000E05000000983A0000E8030000983A000000FFFFFFFF05000000000000000001030000002C
"Édson Araújo",308345,50176,319,"SC Corinthians Paulista",NORMAL,INTERNAL_PERSON_ID,50176,0x0069E6A8,False,12,16,3879,39321,286B314798D708D4,"S|L|I|L|L|Z|Z|L|L|Z|Z|Z|REF|L|I|L|L|Z|Z|L|L|Z|Z|Z|I|L|I|L|L|Z|Z|L|L|Z|Z|Z|",000088130000000000000000000000FFFFFFFF0500000000000000000000000000DD000000FFFFFFFF382500007D9B5E0000E8030000E80300000000000000FFFFFFFF0500000000000000000000000000D7000000FFFFFFFF392500007E9B5E0000EE020000000000000000000000FFFFFFFF0500000000000000000000000000C4000000FFFFFFFF3A2500007F9B5E0000DC050000000000000000000000FFFFFFFF050000000000000000000000000042240000FFFFFFFF3B250000809B5E0000B80B0000000000000000000000FFFFFFFF0500000000000000000000000000A9000000FFFFFFFF3C250000829B5E0000B80B0000000000000000000000FFFFFFFF0500000000000000000000000000B4000000FFFFFFFF3D250000839B5E0000DC050000000000000000000000FFFFFFFF0500000000000000000000000000B8000000FFFFFFFF3E250000849B5E0000E8030000000000000000000000FFFFFFFF050000000000000000000000000043240000FFFFFFFF3F250000859B5E00009411
"Édson Araújo",308345,50176,319,"SC Corinthians Paulista",NORMAL,INTERNAL_PERSON_ID,50176,0x006AEF6C,False,16,15,28459,12869,CA1F3304A1100C1A,"L|I|L|L|I|Z|L|L|Z|Z|B|S|REF|I|L|L|I|Z|L|L|Z|Z|B|I|L|I|L|L|L|Z|L|L|S|Z|S|I|",0000320000000000000000FFFFFFFF0500000000000000000105000000B11C0000AF2A0000BC2A0000495D7C0000B80B0000320000000000000000FFFFFFFF0500000000000000000100000000F70C0000FFFFFFFFBD2A0000505E7C0000D0070000320000000000000000FFFFFFFF050000000000000000010000000035000000C4000000BE2A0000605F7C0000D0070000320000000000000000FFFFFFFF0500000000000000000100000000092D0000FFFFFFFFBF2A0000635F7C0000581B0000C80000000000000000FFFFFFFF05C40900000000000001040000000A2D0000C12A0000C02A00006F5F7C0000C4090000320000000000000000FFFFFFFF05000000000000000001000000000A2D0000C02A0000C12A0000705F7C0000C4090000C80000000000000000FFFFFFFF05000000000000000001000000000D2D0000AF000000C22A0000715F7C0000D0070000320000000000000000FFFFFFFF05000000000000000001000000000C2D0000C42A0000C32A0000725F7C0000D00700003200
"Édson Araújo",308345,50176,319,"SC Corinthians Paulista",NORMAL,INTERNAL_PERSON_ID,50176,0x006C842E,False,12,64,90749,32263,28145FE688CE2EAF,"L|FF|L|FF|L|FF|L|FF|L|Z|Z|Z|REF|I|S|S|S|FF|FF|S|FF|FF|L|L|B|Z|FF|Z|L|Z|Z|Z|L|S|FF|S|",000000C3000000860100000A000094110000DE010000FFFFFFFFFFFFFFFFC8040000FFFFFFFFFFFFFFFF00007600000000102700000000000000FFFFFFFF000000000000F03F0000000000000000000000006C07FFFFFFFF0000FFFFFFFFFFFF00006C07FFFFFFFF0000FFFFFFFFFFFF0000004B00000000000000000000000000C4000000890100000A0000A00F0000DE010000FFFFFFFFFFFFFFFFC8040000FFFFFFFFFFFFFFFF0000FFFFFFFF00102700000000000000FFFFFFFF000000000000F03F0000000000000000000000006C07FFFFFFFF0000FFFFFFFFFFFF00006C07FFFFFFFF0000FFFFFFFFFFFF0000004C00000000000000000000000000C50000008E0100000A00003818000023020000FFFFFFFFFFFFFFFF00060000FFFFFFFFFFFFFFFF0000FFFFFFFF00102700000000000000FFFFFFFF000000000000F03F0000000000000000000000006C07FFFFFFFF0000FFFFFFFFFFFF00006C07FFFFFFFF0000FFFFFFFFFFFF0000004D00000000000000000000000000C60000008F0100
"Édson Araújo",308345,50176,319,"SC Corinthians Paulista",NORMAL,INTERNAL_PERSON_ID,50176,0x006D0235,False,93,47,32263,2677,F54BF9815FC24C0C,"L|L|I|L|Z|L|L|L|L|L|S|S|REF|S|S|S|I|I|I|I|I|I|I|I|I|Z|L|L|L|FF|L|L|L|FF|B|B|",006C07FFFFFFFF0000FFFFFFFFFFFF00006C07FFFFFFFF0000FFFFFFFFFFFF000000B20000000000000000000000000063010000890300000A00064C1D00001000000010000000FFFFFFFF8A02000011170000FFFFFFFF0000F301000001102700000000000000FFFFFFFFB512CD162325F03F050000000F006900000078000000C4000000C6000000D0000000D20000003F0100008502000037030000F1160000F9160000FC1200002B190000C9180000D31800000000000000006C07FFFFFFFF0000FFFFFFFFFFFF00006C07FFFFFFFF0000FFFFFFFFFFFF000000B300000000000000000000000000640100008B0300000A000B901A00001000000010000000FFFFFFFFD52D0000FFFFFFFFFFFFFFFF0000FFFFFFFF00102700000000000000FFFFFFFFDBF5AA773F6DE93F050100000800E712000093180000E2000000E30000003F02000000170000EC160000041200000000000000006C07FFFFFFFF0000FFFFFFFFFFFF00006C07FFFFFFFF0000FFFFFFFFFFFF000000B4000000000000000000
"Édson Araújo",308345,50176,319,"SC Corinthians Paulista",NORMAL,INTERNAL_PERSON_ID,50176,0x006D0CAA,False,44,0,2677,29724,8C0DB5B15D0ABAED,"L|Z|Z|Z|L|S|FF|S|L|S|FF|S|REF|Z|Z|L|L|L|L|I|I|L|L|L|FF|S|FF|I|Z|L|L|L|I|I|S|S|",000000C30000000000000000000000000074010000B40300000A0003E61400001100000013000000FFFFFFFF87020000FFFFFFFFFFFFFFFF0000FA01000000102700000000000000FFFFFFFF000000000000F03F0000000000000000000000006C07FFFFFFFF0000FFFFFFFFFFFF00006C07FFFFFFFF0000FFFFFFFFFFFF000000C40000000000000000000000000075010000B50300000A0011381800001100000010000000FFFFFFFFD7240000FFFFFFFFFFFFFFFF0000FFFFFFFF00102700000000000000FFFFFFFFC3D8E8EED0B2EF3F0A0000000300F3160000B6030000F20000000000000000006C07FFFFFFFF0000FFFFFFFFFFFF00006C07FFFFFFFF0000FFFFFFFFFFFF000000C50000000000000000000000000076010000BB0300000A00047E1D00001000000010000000FFFFFFFFBA02000096010000FFFFFFFF0000F101000001102700000000000000FFFFFFFF5E0F09EC3FD5EF3F0401000010004300000050000000CD180000C8180000F10000007E010000B50100009B020000D311
"Édson Araújo",308345,50176,319,"SC Corinthians Paulista",NORMAL,INTERNAL_PERSON_ID,50176,0x006D80C6,False,-1,0,29724,52069,4463BB6E2EF67D29,"L|L|L|S|L|S|FF|S|L|S|FF|L|REF|Z|Z|L|L|L|L|I|I|L|L|L|FF|S|FF|I|Z|L|L|L|I|I|S|S|",D4074201D407450103075300D5075500D507480103075700D5075900D5074C0103079900D5079B00D507530103079D00D5079F00D50758010307F400D507F600D5075D0103071701D5071901D507610103071B01D5071D01D5076801030700006C07FFFFFFFF0000FFFFFFFFFFFF00006C07FFFFFFFF0000FFFFFFFFFFFF000100C400000000000000000000000000330200007A0600000A000E3E1700003200000032000000FFFFFFFF81010000FFFFFFFFFFFFFFFF0000FFFFFFFF00102700000000000000FFFFFFFF7E2E97DA113FED3F08000000040080180000801A00009C000000D41700000000000000006C07FFFFFFFF0000FFFFFFFFFFFF00006C07FFFFFFFF0000FFFFFFFFFFFF0000006F01000000000000000000000000340200007C0600000A000D881300003300000033000000FFFFFFFF441B0000FFFFFFFFFFFFFFFF0000FFFFFFFF00102700000000000000FFFFFFFF65EA278F97EBF33F07000000050019000000E30100006002000097170000A91700000000000000006C07FFFF
"Édson Araújo",308345,50176,319,"SC Corinthians Paulista",NORMAL,INTERNAL_PERSON_ID,50176,0x006E4C2B,False,30,45,52069,125107,788F164E5BB76D48,"L|L|FF|B|S|Z|Z|L|I|I|I|S|REF|L|I|I|L|L|L|S|Z|L|B|L|B|Z|Z|L|L|L|L|L|L|L|L|L|",000000FFFFFFFF55080000FFFFFFFFFFFFFFFF0000FFFFFFFF00102700000000000000FFFFFFFF46C06BDADC2802400A0000000100160000000000000000006C07FFFFFFFF0000FFFFFFFFFFFF00006C07FFFFFFFF0000FFFFFFFFFFFF0000009C020000000000000000000000008C0300003F0002000A0002D0070000C9000000C4000000FFFFFFFF292100008C180000FFFFFFFF0000FFFFFFFF00102700000000000020FFFFFFFF000000000000F03F0000000000000000000000006C07FFFFFFFF0000FFFFFFFFFFFF00006C07FFFFFFFF0000FFFFFFFFFFFF0000009D02000000000000A000000000488D030000960002000A0000B80B0000DE010000FFFFFFFFFFFFFFFFFFFFFFFFFFFFFFFFFFFFFFFF0000FFFFFFFF001027000000000000C8FFFFFFFF000000000000F03F0000000000000000000000006C07FFFFFFFF0000FFFFFFFFFFFF00006C07FFFFFFFF0000FFFFFFFFFFFF0000009E02000000000000D800000000E08E030000AE0002000A0000E80300000E020000FFFFFFFFFFFFFF
"Édson Araújo",308345,50176,319,"SC Corinthians Paulista",NORMAL,INTERNAL_PERSON_ID,50176,0x007034DE,False,44,148,125107,317694,E42E709A3E065CA0,"L|Z|Z|Z|L|S|FF|S|L|S|FF|I|REF|S|L|L|L|L|L|L|L|L|L|S|I|I|I|I|L|I|I|I|B|I|L|L|",65007200670020002800410029000000002207000029610D000A0005C4090000E4030000E4030000FFFFFFFF0E150000FFFFFFFFFFFFFFFF0000FFFFFFFF001027000000000000D0FFFFFFFF000000000000F03F0000000000000000000000006C07FFFFFFFF0000FFFFFFFFFFFF00006C07FFFFFFFF0000FFFFFFFFFFFF0F0000C40000001300000031002E00460043002000530061006100720062007200FC0063006B0065006E002000490049000000000E000000530061006100720062007200FC0063006B0065006E00200049004900000000230700002A610D000A0005280A0000E2030000E2030000FFFFFFFFAC150000FFFFFFFFFFFFFFFF0000FFFFFFFF001027000000000000A0FFFFFFFF000000000000F03F0000000000000000000000006C07FFFFFFFF0000FFFFFFFFFFFF00006C07FFFFFFFF0000FFFFFFFFFFFF0E0000BF0000001400000053004300200046007200650069006200750072006700200041006D006100740065007500720065000000000F0000005300430020004600
"Édson Araújo",308345,50176,319,"SC Corinthians Paulista",NORMAL,INTERNAL_PERSON_ID,50176,0x00767CF7,False,114,17,93979,47,CFB223022C84D2BB,"I|I|L|L|I|I|Z|L|S|L|L|L|REF|L|B|L|I|B|Z|Z|Z|S|I|S|B|S|I|L|I|Z|Z|L|I|L|L|S|",0000000300000000000000008B03000000000000000000000100000000110000000000B2011100B201010000010400D407A200D407FFFFFFFF00FFFFFFFF00FFFFFFFF0066005A000000006C07FFFFFFFF44720000118B0000FFFFFFFF8D00B207008F0000007500000000000000FFFFFFFF0000006C0764010000010000D10700C4000000FFFFFFFF0000000000FFFFFFFF01000100000000000000000000000000000098010000A80C010000010000C400000000B3000000983A0000B400D507020400000000000000000000D1073602321A00000000010703016400C500000001034B00FC00000001035A00A70000000045001AFFFFFFFF01612100A700000001613600B300000002623600910000000100FE000000000000D1070000C4000000BE210000024C1D5E1A88149100A700C1000000FFFFFFFFD88F23000A3210270000102700FF3F0000000000003E00002A8637000000000000000000000000000000000000000000000000000000000000010000000000000000A40200000000000100
"Édson Araújo",308345,50176,319,"SC Corinthians Paulista",NORMAL,INTERNAL_PERSON_ID,50176,0x00767D26,False,26,16,47,110,D460B1AFF48AD339,"L|L|S|L|L|S|Z|Z|Z|I|L|I|REF|L|L|L|L|Z|Z|L|L|Z|L|L|L|L|L|L|L|L|L|L|L|L|L|I|",D407A200D407FFFFFFFF00FFFFFFFF00FFFFFFFF0066005A000000006C07FFFFFFFF44720000118B0000FFFFFFFF8D00B207008F0000007500000000000000FFFFFFFF0000006C0764010000010000D10700C4000000FFFFFFFF0000000000FFFFFFFF01000100000000000000000000000000000098010000A80C010000010000C400000000B3000000983A0000B400D507020400000000000000000000D1073602321A00000000010703016400C500000001034B00FC00000001035A00A70000000045001AFFFFFFFF01612100A700000001613600B300000002623600910000000100FE000000000000D1070000C4000000BE210000024C1D5E1A88149100A700C1000000FFFFFFFFD88F23000A3210270000102700FF3F0000000000003E00002A8637000000000000000000000000000000000000000000000000000000000000010000000000000000A40200000000000100000000010A000A006F00340034001B016F001B01010000010400D4079E00D407190000000AFFFFFFFF00FFFFFFFF00
"Édson Araújo",308345,50176,319,"SC Corinthians Paulista",NORMAL,INTERNAL_PERSON_ID,50176,0x00767D94,False,90,51,110,1212,58015CEE43B38744,"B|L|FF|I|B|I|B|I|B|L|Z|I|REF|I|L|L|L|B|FF|I|L|L|I|Z|S|I|Z|Z|Z|Z|Z|Z|Z|S|Z|L|",0000000000000098010000A80C010000010000C400000000B3000000983A0000B400D507020400000000000000000000D1073602321A00000000010703016400C500000001034B00FC00000001035A00A70000000045001AFFFFFFFF01612100A700000001613600B300000002623600910000000100FE000000000000D1070000C4000000BE210000024C1D5E1A88149100A700C1000000FFFFFFFFD88F23000A3210270000102700FF3F0000000000003E00002A8637000000000000000000000000000000000000000000000000000000000000010000000000000000A40200000000000100000000010A000A006F00340034001B016F001B01010000010400D4079E00D407190000000AFFFFFFFF00FFFFFFFF0066005A000000006C07FFFFFFFF10660000A4770000FFFFFFFF8F00B5070089000000A7000000481900001D0100000100006C0701010000018B00CF070AC5000000FFFFFFFF0000000000FFFFFFFF0100010000000000000018040000180200000000000015A5020000010000C500
"Édson Araújo",308345,50176,319,"SC Corinthians Paulista",NORMAL,INTERNAL_PERSON_ID,50176,0x00768250,False,57,32,1212,130410,51103FCCB321FD6E,"L|L|L|L|I|Z|L|L|L|L|L|L|REF|L|L|L|L|L|L|I|L|Z|Z|Z|Z|Z|Z|Z|I|Z|L|B|Z|L|I|I|",C8000000270900000000000000FFFFFFFF0100010000004B00000000000000190000000000000042020000000100010033DF0100C80000000036020000FA0100005D01D407020400000000000000000000D407300232FF00000000010101610600450200000000000000D4070000C8000000D921000002781E781EF219A300B400C4000000FFFFFFFF5E7C2B000A3210270000102700FF3F0000000100004900001765870000000000000000000000000000000000000000000000000000000000000100000000000000008503000000000000000000000104000400C9000B000B003401C9003401010000010400D407A200D407FFFFFFFF00FFFFFFFF00FFFFFFFF0066005A000000006C07FFFFFFFFC17600008E8F0000FFFFFFFF0A00B6070091000000FFFFFFFF2D010C00FFFFFFFF0000006C076101000001B600CC070AC9000000941400000000000000FFFFFFFF0100010000000000000000000000000000000000000010BF020000010000C900000000B0000000C8AF0000B500D80701040000
"Édson Araújo",308345,50176,319,"SC Corinthians Paulista",NORMAL,INTERNAL_PERSON_ID,50176,0x00787FBA,False,20,111,130410,24766,B5CCC527187D4D37,"Z|Z|Z|Z|S|Z|L|Z|Z|I|Z|L|REF|L|L|L|L|L|FF|L|I|B|L|L|L|L|L|I|B|B|S|S|L|I|I|L|",6D000000000000B500D30700005C02000061D8010002461E681BE3129800A5001D020000FFFFFFFF7CC621000A3210270000102700FF7F0100000000004A0000CE0E8B000000000000000000000000000000000000000000000000000000000000010000000000000000640300000000000000000000010000000000000E000E00C4000000C400010000010400D4071800D407FFFFFFFF00FFFFFFFF00FFFFFFFF0001005A000000006C07FFFFFFFF7FCB00005F150100FFFFFFFF0C00B80700BF0000009E000000260200002E0200000100006C0757010000010400D4070A42020000480900000000000000FFFFFFFF01000100000000000000000000000000000000000000FA920200880100005D02000000A600000019470000B500D807010400000000000000000400D4073902640600000000010B0103640011000000010364002B0000000103640058000000010341009E000000010464000900000000450006FFFFFFFF016107001100000002620700BB000000016151009E000000026251008F
"Édson Araújo",308345,50176,319,"SC Corinthians Paulista",NORMAL,INTERNAL_PERSON_ID,50176,0x0078E078,False,141,46,24766,38801,B4BABA5C8BD3AD98,"L|L|L|B|L|L|L|Z|L|L|S|I|REF|S|Z|I|I|I|L|L|B|B|S|L|S|Z|Z|L|S|L|I|B|I|B|I|B|",07002A000A000A0034002A003400010000010400D4070700D407FFFFFFFF00FFFFFFFF00FFFFFFFF0006005A000000006C07FFFFFFFFA8BE0000A0020100CD2000001F00BF0700BD000000FFFFFFFF00000000FFFFFFFF0000006C0790000000010000D1070A91020000000900000000000000FFFFFFFF0100010000003E060000C40000006E00000000000000BE35000000010002030F00000000CD6C9D00AD02000000340000007D0C00001E00D607030400000000000000000000D10732024BFF0000000001030103500034000000010450003300000001613600340000000000000000D1070000AD0200001C2C0200024A154A155A0A73008F005E020000FFFFFFFF1DB60D000A00641900001027000000000000000000480000F83F0B00000000000000000000000000000000000000000000000000000000000001000000000000000044010000000000000000000000010000010400D4070400D307FFFFFFFF00FFFFFFFF00FFFFFFFF0066005A000000006C07FFFFFFFFA9BE0000400B01001B
"Édson Araújo",308345,50176,319,"SC Corinthians Paulista",NORMAL,INTERNAL_PERSON_ID,50176,0x007A5DD7,False,121,50,42288,33684,21ABEDFF8CD716F4,"L|L|L|L|S|L|L|L|S|L|L|S|REF|S|S|Z|I|I|I|L|L|B|B|S|L|S|Z|Z|L|S|L|L|I|L|L|L|",00000000003F010000000000000000000000010000010400D4070400D307FFFFFFFF00FFFFFFFF00FFFFFFFF00000005000000006C07FFFFFFFFB9BE0000A4020100742900004500BD0700BD000000FFFFFFFF00000000FFFFFFFF0000006C071A030000010000D1070AEE030000FFFFFFFF0000000000FFFFFFFF020001000000C4000000270000001300000000000000A70B0000F0010002030F00000000F70D1E001F0400000030000000880100001E00D607050400000000000000000000D1072B0200FF00000001FFFFFFFF0304001F040000003E020000880100006D01D407020000000000000000000000D40764FF00FF000000000102016136003E02000001613100300000000000000000D10700001F04000020A4040002B004B00432004200810050030000FFFFFFFF381D00000A00E015000010270000000000000000000000005304000000000000000000000000000000000000000000000000000000000000000100000000000000003F010000000000000000000000010000010400D4
"Édson Araújo",308345,50176,319,"SC Corinthians Paulista",NORMAL,INTERNAL_PERSON_ID,50176,0x007AE16B,False,36,67,33684,118420,978C9D1344217172,"Z|L|L|Z|Z|L|L|L|L|L|L|Z|REF|L|L|L|L|L|L|S|L|S|L|L|L|I|L|B|L|I|Z|Z|Z|Z|Z|Z|",5F040000020000D1070A67040000FFFFFFFF0000000000FFFFFFFF0100000000000000000000000000000000000000000000000000B00200009B0400000062030000640000001E00D907020400000000000000000000D1072A0237FF00000000000000000000D10700009B0400008AA5040001F809F809FB043300AA0000000000C4000000ECC2000084050100FFFFFFFF5E00A90700BD000000FFFFFFFF00000000FFFFFFFF0000006C075F040000020000D1070A68040000FFFFFFFF0000000000FFFFFFFF0100000000000000000000000000000000000000000000000000300200009C0400000062030000640000001E00D807020400000000000000000000D1072B0237FF00000000000000000000D10700009C0400008BA5040002120D120D96005A006D00AA030000FFFFFFFF460400000A000C1700001027040000000000000000470000EE0200000000000000000000000000000000000000000000000000000000000000010000000000000000C5A201000000000000000000000100000104
"Édson Araújo",308345,50176,319,"SC Corinthians Paulista",NORMAL,INTERNAL_PERSON_ID,50176,0x007CAFFF,False,14,29,118420,52615,C0276ECA62D7784D,"B|L|L|L|Z|L|L|S|S|Z|Z|S|REF|I|L|L|L|L|L|L|B|Z|L|L|B|L|L|Z|Z|S|S|I|L|L|L|L|",1300010000010400D4070400D307FFFFFFFF00FFFFFFFF00FFFFFFFF0066005A000000006C07FFFFFFFFE6BF0000010C0100B22200006300B00700BD000000FFFFFFFF00000000FFFFFFFF0000006C079B000000010000D1070A150600003D0400000000000000FFFFFFFF01000100000014000000000000000000000006000000C40000000001000100E26D00005F060000003F000000870000001E00D507020400000000000000000000D1072B0232FF000000000101016130003F0000000000000000D10700005F06000035AD04000260096009960061006E00EE040000FFFFFFFFEA1800000A000C170000102700000000000000000000000087500000000000000000000000000000000000000000000000000000000000000003000000000000000096980400000000000000000000010000010400D4070400D307FFFFFFFF00FFFFFFFF00FFFFFFFF0066005A000000006C07FFFFFFFFA7C3000050030100302100004301B70700BD000000FFFFFFFF00000000FFFFFFFF0000006C0719040000
"Édson Araújo",308345,50176,319,"SC Corinthians Paulista",NORMAL,INTERNAL_PERSON_ID,50176,0x007D7D86,False,41,7,52615,17743,25E733E53D8B8B7D,"I|I|Z|Z|I|L|L|L|S|I|S|I|REF|L|I|Z|Z|L|L|L|L|I|Z|L|L|L|L|L|L|I|L|L|L|L|B|Z|",FF0006005A000000006C07FFFFFFFFFEBE0000C6030100642100007D00B90700BD000000FFFFFFFF00000000FFFFFFFF0000006C0719030000010000D2070AE60600007A3200000000000000FFFFFFFF0100010000001D000000000000000000000009000000820200008801000202A3D904000095F0060030070000003D020000C40000001E00D607020400000000000000000000D2072B0232FF00000000010101612B003D0200000000000000D2070000300700008FB0040002F411F4113200740081007A050000FFFFFFFFA9A700000A00901B0000F8260000000000000000000000008D9C00000000000000000000000000000000000000000000000000000000000000010000000000000000C1A20100000000000000000001010001000C00010001000C000C000C00010000010400D4070500D407FFFFFFFF00FFFFFFFF00FFFFFFFF00070058000000006C07FFFFFFFF9DBF00007C0B0100A12600001601B60700BD000000FFFFFFFF00000000FFFFFFFF0000006C0711030000010400D4070A
"Édson Araújo",308345,50176,319,"SC Corinthians Paulista",NORMAL,INTERNAL_PERSON_ID,50176,0x007DC2D5,False,67,120,17743,213,67571323C70AB5D9,"I|I|L|L|L|FF|L|L|L|S|L|FF|REF|I|S|L|S|S|Z|L|B|L|L|L|S|S|Z|L|L|L|L|L|Z|L|L|L|",1900001027000000000000000000460000D0A61C0000000000000000000000000000000000000000000000000000000000000100000000000000003F010000000000000000000001000000000000090009002A0000002A00010000010400D4070400D307FFFFFFFF00FFFFFFFF00FFFFFFFF0066005A000000006C07FFFFFFFF00C400001502010086260000CF00BC0700BD0000003E00000000000000FFFFFFFF0000006C07E7020000010400D4070A2F070000A50500000000000000FFFFFFFF020001000000770100004600000025000000000000009E2E00000C010002030F00000000F78C8A00790700000030000000EE0200006D01D407040400000000000000000400D407320200FF00000001FFFFFFFF03040079070000000B020000EE0200006D01D407040400000000000000000B01D30764FF00FF000000000101016117003E0000000000000400D40700007907000079B4040002480D480D64005C008B00A2050000FFFFFFFFE3D800000A000C1700001027040000000000000000000000
"Édson Araújo",308345,50176,319,"SC Corinthians Paulista",NORMAL,INTERNAL_PERSON_ID,50176,0x007F4FD5,False,30,72,4723,1473,55AD32B148D2231C,"S|Z|Z|L|S|Z|Z|S|S|I|L|L|REF|L|L|L|L|L|I|B|FF|Z|FF|L|I|S|L|L|L|Z|FF|Z|Z|S|S|I|",FF0000006C07210300000C0000D1070AB3080000FFFFFFFF0000000000FFFFFFFF0100000000000000000000000000000000000000000000000000780C0000FD08000000450200004B0000001E00D807040400000000000000000000D1072A0237FF00000000000000000000D1070000FD080000A1BF040001BC1BBC1BDE0D8E00C40000000000240200008DC5000036020100FFFFFFFF2500AD0700BD000000FFFFFFFF00000000FFFFFFFF0000006C0765040000180000D1070AB4080000FFFFFFFF0000000000FFFFFFFF0000000000000000D1070000FE080000A2BF040001BC1BBC1BDE0D8E00900000000000250200008EC500001C020100FFFFFFFFF100A90700BD000000FFFFFFFF00000000FFFFFFFF0000006C07650400000C0000D1070AB5080000FFFFFFFF0000000000FFFFFFFF0100010000000000000000000000000000000000000000000000180C0000FF0800000068030000CB0100001E00D707040400000000000000000000D107240237FF00000000000000000000D1070000FF
"Édson Araújo",308345,50176,319,"SC Corinthians Paulista",NORMAL,INTERNAL_PERSON_ID,50176,0x007F5596,False,55,75,1473,129243,D9BBEFFDA9FDC35C,"L|L|B|L|L|B|I|S|S|I|L|L|REF|L|L|L|L|L|I|B|FF|Z|FF|L|S|S|L|L|L|Z|FF|I|Z|Z|Z|Z|",070AB90800006B3200000000000000FFFFFFFF01000100000049000000000000001800000000000000490F0000F001000100F6D9160003090000003D000000ED0100006A01D407020400000000000000000400D4072B0232FF00000000010101612100280400000000000400D407000003090000A7BF040001A41FA41FD20FA200C4000000000027020000B5BE00005A0A0100FFFFFFFF0E00AB0700BD000000FFFFFFFF00000000FFFFFFFF0000006C079E0000000C0000D1070ABA080000FFFFFFFF0000000000FFFFFFFF0100010000000000000000000000000000000000000000000000400C0000040900000042000000580200001E00D707040400000000000000000000D1072C0237FF00000000000000000000D107000004090000A9BF040001A41FA41FD20FA200A2000000000028020000E8BE0000CD030100FFFFFFFF5300B10700BD000000FFFFFFFF00000000FFFFFFFF0000006C079E0000000C0000D1070ABB080000FFFFFFFF0000000000FFFFFFFF01000100000000000000000000
"Édson Araújo",308345,50176,319,"SC Corinthians Paulista",NORMAL,INTERNAL_PERSON_ID,50176,0x00814E71,False,33,57,129243,154255,AB068264B9E0FEA4,"I|S|L|I|Z|Z|L|L|L|L|I|L|REF|L|I|Z|L|L|L|L|L|L|I|L|I|L|L|B|Z|I|I|Z|Z|Z|Z|Z|",000000000010000000080000000000000044000000380100010053FC0000D00A0000001D060000A90000001E00D607070500000000000000000000D1072002E7FF00000001FFFFFFFF030400D00A00000071020000A90000006D01D407020400000000000000000000D40764FF32FF000000000103016136007102000002623600C4000000016131001D0600000000000000D1070000D00A0000E0CF04000266086608320051006600FC070000FFFFFFFF441E00000A00A81600001027000000000000000000470000EE1B0000000000000000000000000000000000000000000000000000000000000001000000000000000084BF0D00000000000000000000010000010400D4070400D307FFFFFFFF00FFFFFFFF00FFFFFFFF0066005A000000006C07FFFFFFFFACBE00005A090100CB200000C700BF0700BD000000FFFFFFFF00000000FFFFFFFF0000006C079D0D0000010000D1070A870A0000FFFFFFFF0000000000FFFFFFFF01000100000000000000000000000600000000000000220000003C
"Édson Araújo",308345,50176,319,"SC Corinthians Paulista",NORMAL,INTERNAL_PERSON_ID,50176,0x0083A900,False,121,50,154255,19190,53C78BE6E7BBDE58,"L|L|L|L|B|L|L|L|Z|L|L|S|REF|S|S|Z|I|I|I|L|L|B|B|S|L|S|Z|Z|L|S|L|L|I|I|L|L|",000000000051010000000000000000000000010000010400D4070400D407FFFFFFFF00FFFFFFFF00FFFFFFFF0007004C000000006C07FFFFFFFFD1BE0000010801005D2B00002200BE0700BD000000FFFFFFFF00000000FFFFFFFF0000006C0799000000010000D1070AA00C0000680600000000000000FFFFFFFF020001000000C4000000380000001C00000000000000C331000008010002030F0000000058B55100EA0C00000042000000310200001E00D607050400000000000000000000D107330200FF00000001FFFFFFFF020400EA0C0000003D000000310200006D01D407050400000000000000000B01D30764FF00FF000000000102016136003D00000001613100420000000000000000D1070000EA0C00005FD4040002B004B00432004A008900AE090000FFFFFFFF7E2500000A004416000010270000000000000000000000000E1B0000000000000000000000000000000000000000000000000000000000000003000000000000000051010000000000000000000000010000010400D4
"Édson Araújo",308345,50176,319,"SC Corinthians Paulista",NORMAL,INTERNAL_PERSON_ID,50176,0x008438D3,False,153,34,17471,26375,9E659734AAF10EEF,"B|L|L|L|S|L|L|S|S|Z|S|Z|REF|I|I|L|L|B|B|B|L|S|Z|I|L|S|L|I|B|L|I|I|L|L|I|I|",0600010000010400D4070400D307FFFFFFFF00FFFFFFFF00FFFFFFFF0066005A000000006C07FFFFFFFF1DBF0000B9070100A72B00006500BE0700BD000000FFFFFFFF00000000FFFFFFFF0000006C0794000000010400D4070A160D0000FFFFFFFF0000000000FFFFFFFF01000100000025000000000000000300000000000000C400000000010002030F0000000012420100600D000000380000004B0000006301D407040400000000000000000400D407270200FF00000000010101610900380000000000000400D4070000600D000007D50400020F0D0F0D96006C0089001D0A0000FFFFFFFFA70201000A00781800001027000000000000000000490000C6C0000000000000000000000000000000000000000000000000000000000000000100000000000000004F01000000000000000000000100000000000001000100120000001200010000010400D4070100D407FFFFFFFF00FFFFFFFF00FFFFFFFF0007002B000000006C07FFFFFFFFF9C60000870301003C2200007F00BD0700BD000000
"Édson Araújo",308345,50176,319,"SC Corinthians Paulista",NORMAL,INTERNAL_PERSON_ID,50176,0x00849FDA,False,45,7,26375,46,AF06E63F4B2B01F3,"I|Z|Z|Z|I|L|L|L|Z|I|S|I|REF|L|I|Z|Z|L|L|L|L|L|L|L|L|L|Z|Z|L|L|B|L|L|L|L|B|",FF0066005A000000006C07FFFFFFFF0BC70000280201002A2200004500BE0700BD000000FFFFFFFF00000000FFFFFFFF0000006C078A000000010000D3070A6F0D00009D0500000000000000FFFFFFFF02000100000000000000000000000000000009000000A900000000010002030A000000005B790300B90D0000003E020000C40000001E00D607020400000000000000000000D307240237FF00000001FFFFFFFF030400B90D0000002E000000C40000006D01D407040000000000000000000000D40764FF00FF000000000102016112002E00000001610D003E0200000000000000D3070000B90D0000B5D504000250145014320069007D00690A0000FFFFFFFFF81802000A0070170000102700000000000000000044000057FC02000000000000000000000000000000000000000000000000000000000000010000000000000000F2BE0400000000000000000000010000010400D4070400D307FFFFFFFF00FFFFFFFF00FFFFFFFF0066005A000000006C07FFFFFFFFE1C100007C0701007824
"Édson Araújo",308345,50176,319,"SC Corinthians Paulista",NORMAL,INTERNAL_PERSON_ID,50176,0x0084A008,False,35,6,46,81728,1D23AFEA73E447AF,"L|L|L|B|Z|L|L|B|L|I|S|S|REF|L|S|Z|Z|L|L|L|L|S|L|I|Z|L|L|L|L|L|L|I|L|L|L|L|",FFFF0000006C078A000000010000D3070A6F0D00009D0500000000000000FFFFFFFF02000100000000000000000000000000000009000000A900000000010002030A000000005B790300B90D0000003E020000C40000001E00D607020400000000000000000000D307240237FF00000001FFFFFFFF030400B90D0000002E000000C40000006D01D407040000000000000000000000D40764FF00FF000000000102016112002E00000001610D003E0200000000000000D3070000B90D0000B5D504000250145014320069007D00690A0000FFFFFFFFF81802000A0070170000102700000000000000000044000057FC02000000000000000000000000000000000000000000000000000000000000010000000000000000F2BE0400000000000000000000010000010400D4070400D307FFFFFFFF00FFFFFFFF00FFFFFFFF0066005A000000006C07FFFFFFFFE1C100007C07010078240000F200BD0700BD000000FFFFFFFF00000000FFFFFFFF0000006C0726050000010400D4070A700D0000AF090000
"Édson Araújo",308345,50176,319,"SC Corinthians Paulista",NORMAL,INTERNAL_PERSON_ID,50176,0x0085DF48,False,40,7,81728,4911,BA3A57BC436B4DF2,"L|L|Z|Z|Z|L|L|L|I|I|S|I|REF|L|I|Z|Z|L|L|Z|Z|I|I|L|L|I|I|S|FF|S|L|L|Z|Z|S|S|",FF00FFFFFFFF0066005A000000006C07FFFFFFFF81C7000019070100832500009A00B70700BD000000FFFFFFFF00000000FFFFFFFF0000006C07B9050000010000D4070A9A0E0000FFFFFFFF0000000000FFFFFFFF01000100000000000000000000000000000009000000C3000000F401000100A70B0200E40E000000BB040000C40000001E00D607010400000000000000000000D407290264FF00000000000000000000D4070000E40E000080DA0400021A041A04320044006E004E0B0000FFFFFFFF8E0500000A00E015000010270000000000000000004A00001F0400000000000000000000000000000000000000000000000000000000000000030000000000000000D8A20100000000000000000000010000010400D4070400D307FFFFFFFF00FFFFFFFF00FFFFFFFF0066005A000000006C07FFFFFFFF82C70000510701002D210000C900BD0700BD000000FFFFFFFF00000000FFFFFFFF0000006C071D030000010000D1070A9B0E00003F0400000000000000FFFFFFFF0100010000000000
"Édson Araújo",308345,50176,319,"SC Corinthians Paulista",NORMAL,INTERNAL_PERSON_ID,50176,0x0085F277,False,179,7,4911,6447,5005154661513AC3,"I|I|Z|I|Z|I|L|L|Z|I|S|I|REF|L|I|Z|Z|L|L|L|L|I|Z|L|L|L|L|L|L|I|L|L|L|L|B|Z|",FF0066005A000000006C07FFFFFFFF89C70000A00701008B2500002A00BF0700BD000000FFFFFFFF00000000FFFFFFFF0000006C07F9080000010000D1070AAA0E0000C90900000000000000FFFFFFFF010001000000440000000000000009000000000000005600000028010002030500000000D5720300F40E0000003D020000C40000001E00D607050600000000000000000000D107360200FF000000000101016118003D0200000000000000D1070000F40E0000A7DA040002560FD90E660069007E005D0B0000FFFFFFFF619F00000A000C1C00001027000000000000000000440000E68300000000000000000000000000000000000000000000000000000000000000010000000000000000D0A2010000000000000000000100000000150000000000150015001500010000010400D4070700D407FFFFFFFF00FFFFFFFF00FFFFFFFF0006005A000000006C07FFFFFFFFA8BE0000A30701008C2500005801B80700BD000000FFFFFFFF00000000FFFFFFFF0000006C0719030000010000D1070A
"Édson Araújo",308345,50176,319,"SC Corinthians Paulista",NORMAL,INTERNAL_PERSON_ID,50176,0x00860BA6,False,120,55,6447,91569,60412EC5C5532C84,"L|L|L|L|S|L|L|L|Z|L|L|S|REF|Z|S|Z|I|I|L|L|Z|I|S|I|I|L|I|Z|L|L|L|Z|L|I|I|L|",0000000000D6A20100000000000000000000010000010400D4070400D307FFFFFFFF00FFFFFFFF00FFFFFFFF0066005A000000006C07FFFFFFFF8CC7000067080100A32200000501BE0700BD000000FFFFFFFF00000000FFFFFFFF0000006C07FF080000010100D4070AC20E0000F20800000000000000FFFFFFFF010001000000C40000000000000013000000000000007C0200008801000302770A0600030A00000000C4FF04000C0F00000040020000880100001B01D407050400000000000000000100D407250200FF00000000000000000100D40700000C0F0000DFDA0400028C0A8C0A3200540077006E0B0000FFFFFFFF372600000A00A81600001027000000000000000000490000E5B60000000000000000000000000000000000000000000000000000000000000001000000000000000015990400000000000000000000010000010400D4070400D307FFFFFFFF00FFFFFFFF00FFFFFFFF0066005A000000006C07FFFFFFFF0DC0000069080100F52200000200BE0700BD000000FFFFFFFF
"Édson Araújo",308345,50176,319,"SC Corinthians Paulista",NORMAL,INTERNAL_PERSON_ID,50176,0x00877157,False,18,29,91569,7707,4F2A31045BAF2C58,"S|L|L|L|S|L|L|S|Z|Z|Z|Z|REF|I|L|L|L|L|L|L|B|Z|L|L|B|L|L|B|Z|S|S|I|L|L|L|L|",0000010000010400D4070600D407FFFFFFFF00FFFFFFFF00FFFFFFFF0007005A000000006C07FFFFFFFFBBBE00002C0E0100612700005500B60700BD000000FFFFFFFF00000000FFFFFFFF0000006C075F040000010000D1070A09100000FFFFFFFF0000000000FFFFFFFF01000100000000000000000000000000000000000000C4000000E001000100B2E70100531000000062030000E60000001E00D607010400000000000000000000D1072A0264FF00000000010101613600620300000000000000D10700005310000000E1040002C201C201320040007800720C0000FFFFFFFF5D1500000A00E015000010270000000000000000004900006F0F000000000000000000000000000000000000000000000000000000000000000100000000000000001E990400000000000000000000010000010400D4070400D307FFFFFFFF00FFFFFFFF00FFFFFFFF0066005A000000006C07FFFFFFFF7AC1000015020100622700003C01C00700BD000000FFFFFFFF00000000FFFFFFFF0000006C07190A0000
"Édson Araújo",308345,50176,319,"SC Corinthians Paulista",NORMAL,INTERNAL_PERSON_ID,50176,0x0087C848,False,137,34,14550,34853,278D3ABFFEE8E26D,"S|L|L|L|S|L|L|S|S|S|S|Z|REF|I|I|L|L|B|B|B|L|S|Z|Z|L|S|L|I|B|Z|I|I|L|L|I|I|",0000010000010400D4070400D307FFFFFFFF00FFFFFFFF00FFFFFFFF0066005A000000006C07FFFFFFFF5CBF0000310F0100F62000005800C00700BD000000FFFFFFFF00000000FFFFFFFF0000006C07C9080000010000D1070A5C100000FFFFFFFF0000000000FFFFFFFF0100010000001A000000070000000300000000000000C400000048010002030F000000006FA10800A610000000440000004B0000001E00D507050600000000000000000000D107330200FF00000000010101613600440000000000000000D1070000A61000001EE304000234083408320064009300AC0C0000FFFFFFFFAF2C01000A0070170000102700000000000000000045000053DA000000000000000000000000000000000000000000000000000000000000000100000000000000005301000000000000000000000100000000080000000000080008000800010000010400D4070400D307FFFFFFFF00FFFFFFFF00FFFFFFFF0066005A000000006C07FFFFFFFF40BF00003A0F0100D72200006701C00700BD000000
"Édson Araújo",308345,50176,319,"SC Corinthians Paulista",NORMAL,INTERNAL_PERSON_ID,50176,0x008850DE,False,33,7,113,62,A8FD30716692F8A5,"I|I|Z|I|Z|Z|L|L|Z|I|S|S|REF|L|I|Z|L|L|L|L|L|S|L|S|Z|L|L|L|L|L|L|I|L|I|L|L|",FF00060036000000006C07FFFFFFFF25C80000880301009C2700005B00C20700BD0000003600000000000000FFFFFFFF0000006C078C000000010400D4070ACE1000006A3300000000000000FFFFFFFF010001000000620000000000000009000000000000000000000060010002030F0000000063CF0900181100000030000000C40000000300D707040400000000000000000400D407320200FF000000000102010355003600000001612400360000000000000400D40700001811000006E5040002F401F401320037009900160D0000FFFFFFFF283200000A007C15C80010270000000000000000000000004725000000000000000000000000000000000000000000000000000000000000000100000000000000003F010000000000000000000000010000010400D4070400D307FFFFFFFF00FFFFFFFF00FFFFFFFF0066005A000000006C07FFFFFFFF26C80000D70E01009D2700002600C20700BD000000FFFFFFFF00000000FFFFFFFF0000006C07A2080000010000D1070ACF100000FFFFFFFF
"Édson Araújo",308345,50176,319,"SC Corinthians Paulista",NORMAL,INTERNAL_PERSON_ID,50176,0x0088F65E,False,145,37,42306,76739,E3273AE422F73168,"L|L|S|L|L|L|Z|L|L|S|I|Z|REF|Z|I|I|I|L|L|L|L|L|B|Z|L|L|B|L|L|L|L|B|L|L|L|L|",11001100720061007200010000010400D4076001D3070500000007FFFFFFFF00FFFFFFFF0066005A000000006C07FFFFFFFFEC980000B5C60000FFFFFFFF0701BE0700A5000000FFFFFFFF12000000FFFFFFFF0000006C070D020000013C00D0070A59110000F31900000000000000FFFFFFFF010001000000CB08000000000000C400000000000000022A000000010001030F000000AD110000005201000096110000D400D60702040000000000000000AB00D4073302320700000000010503016400AE110000010364005201000000450007FFFFFFFF01615F005201000002611200A50000000000003C00D0070000AD11000087420700012E222E2288139900A60001000000D5030000CE980000D4C50000FFFFFFFF82009B0700A5000000FFFFFFFF00000000FFFFFFFF0000006C070D020000100900C8070A5A110000890700000000000000FFFFFFFF0100010000000000000000000000000000000000000000000000D8100000AE1100000052010000930C00001E00D907040400000000000000
"Édson Araújo",308345,50176,319,"SC Corinthians Paulista",NORMAL,INTERNAL_PERSON_ID,50176,0x008A759B,False,87,44,21370,132,A7AB3DA67DF1F29F,"FF|L|L|L|S|L|FF|S|S|FF|L|S|REF|S|S|S|L|L|L|S|S|Z|L|L|Z|Z|L|B|L|L|L|B|S|S|I|L|",0000000000000000000000000000000000000000000000000000000000000100000000000000009F03000000000000000000000102000200300007000700610030006100010000010400D407A200D407FFFFFFFF00FFFFFFFF00FFFFFFFF0066005A000000006C07FFFFFFFFB54A0000BB480000FFFFFFFF5300BD070061000000C400000008000000AC0000000100006C076C01000001B500D2070A88120000CD1D00000000000000FFFFFFFF010001000000000000000000000003020000000000000349010030010001030F000000F212000000BB000000D4300000B400D60703040000000000000000B500D2072E024B1600000000010500450016FFFFFFFF01610900C4000000026248009100000001613F00BB0000000261100061000000000000B500D2070000F2120000E87F0D00027E1D7E1D6A189F00AA008B0E0000FFFFFFFFD28D80000A3210270000102700FF3F0000000100004B00006DF2D3000000000000000000000000000000000000000000000000000000000000010000000000
"Édson Araújo",308345,50176,319,"SC Corinthians Paulista",NORMAL,INTERNAL_PERSON_ID,50176,0x008A761F,False,33,88,132,8742,0013A9D9A5F67BB1,"S|I|L|I|Z|L|L|I|L|I|L|L|REF|L|S|L|S|L|S|Z|L|L|L|L|L|L|I|L|L|L|L|L|L|I|L|Z|",0008000000AC0000000100006C076C01000001B500D2070A88120000CD1D00000000000000FFFFFFFF010001000000000000000000000003020000000000000349010030010001030F000000F212000000BB000000D4300000B400D60703040000000000000000B500D2072E024B1600000000010500450016FFFFFFFF01610900C4000000026248009100000001613F00BB0000000261100061000000000000B500D2070000F2120000E87F0D00027E1D7E1D6A189F00AA008B0E0000FFFFFFFFD28D80000A3210270000102700FF3F0000000100004B00006DF2D3000000000000000000000000000000000000000000000000000000000000010000000000000000C00300000000000000000000011B001B004600240024005F0046005F00010000010400D407A200D407FFFFFFFF00FFFFFFFF00FFFFFFFF0066005A000000006C07FFFFFFFFEE760000A8900000FFFFFFFF3C00BE070091000000FFFFFFFF0F040602FFFFFFFF0000006C077701000001B500CD070A891200003704000000000000
"Édson Araújo",308345,50176,319,"SC Corinthians Paulista",NORMAL,INTERNAL_PERSON_ID,50176,0x008A9845,False,118,64,8742,38227,12BA66811CA5A045,"I|L|L|I|L|S|L|I|L|L|L|I|REF|Z|L|I|B|S|Z|B|Z|S|L|S|I|L|L|L|L|Z|Z|L|L|Z|L|L|",00000000000000005A03000000000000000000000102000200210006000600700021007000010000010400D4079900D407FFFFFFFF00FFFFFFFF00FFFFFFFF0066005A000000006C07FFFFFFFF4E720000248B0000FFFFFFFF4501BE07008F000000FFFFFFFF000003005F0F00000100006C075301000001B500D3070AA3120000C40000000000000000FFFFFFFF0100010000001C0400000000000069000000000000007FCC0000D8010001030F0000000D13000000A200000038080000B400D907020400000000000000008A00D4072A02320C0000000001020045000CFFFFFFFF01613100A2000000000000B500D30700000D130000E8E40D0002201C201C8813A000AF00A50E0000FFFFFFFF8F6F3F000A3210270000102700FF3F000000000000460000B8B4B100000000000000000000000000000000000000000000000000000000000001000000000000000062030000800040000008000001000000000000050005008D0000008D00010000010400D4079900D407FFFFFFFF00FFFFFFFF00FF
"Édson Araújo",308345,50176,319,"SC Corinthians Paulista",NORMAL,INTERNAL_PERSON_ID,50176,0x008B2D98,False,175,7,38227,77441,5D9F004128FF86A9,"L|L|L|Z|L|Z|L|Z|I|S|S|S|REF|L|I|Z|Z|L|L|L|L|S|L|L|L|L|L|B|L|L|L|L|L|L|I|L|",FF00FFFFFFFF0006005A000000006C07FFFFFFFF5CC40000EA0301002B2800006600B50700BD000000FFFFFFFF00000000FFFFFFFF0000006C079B000000010000D2070A18130000850900000000000000FFFFFFFF010001000000130000000000000009000000000000006E0000000001000100D6BF000084130000003F000000C40000001E00D507070500000000000000000000D2072F02E7FF000000000101016118003F00000005000F0200003A02000042020000480200001F030000000000D2070000841300002E8A1E0002F41AF41A88149100BB000D0F0000FFFFFFFF74981F000A9C64190000102700FF3F0000000000004500003E224700000000000000000000000000000000000000000000000000000000000001000000000000000043010000000001000000000001000000000000910091001C0100001C01010000010400D4070400D307FFFFFFFF00FFFFFFFF00FFFFFFFF0066005A000000006C07FFFFFFFFE3BF0000230F0100342300005B00B30700BD00000044000000270900
"Édson Araújo",308345,50176,319,"SC Corinthians Paulista",NORMAL,INTERNAL_PERSON_ID,50176,0x008C5C19,False,84,152,77441,22916,D84355C87B7D7358,"L|L|L|L|I|I|L|FF|FF|L|L|L|REF|I|I|L|L|L|FF|L|Z|L|L|L|L|I|L|L|Z|L|L|L|B|L|L|L|",908B0000000000000000000000000000000000000000000000000000000000000001000000000000000059090000000000000000000001000000000000020002005000000050000100010C0100FFFF0201006A01D30706BD000000FF00016A01D3075000000050000000FFFFFFFFFFFFFFFFFFFFFFFF028C0000008B0000000200C4000000010400D4070400D407FFFFFFFF00FFFFFFFF00FFFFFFFF0007004D000000006C07FFFFFFFF32C00000950D0100392800000C00BB0700BD0000003800000000000000FFFFFFFF0000006C078C00000001B500D3070AF9130000370400000000000000FFFFFFFF020001000000C3000000000000004100000000000000611E0000C80100006514000000D501000014050000B500D80704040000000000000000B500D3072E02370800000001FFFFFFFF030400651400000030000000140500006D01D407040000000000000000000000D40764FF00FF000000000107010450004400000000450008FFFFFFFF016104000D020000016128003800000001610900
"Édson Araújo",308345,50176,319,"SC Corinthians Paulista",NORMAL,INTERNAL_PERSON_ID,50176,0x008D48A2,False,55,72,14159,12542,F4EE2A2838C87ED5,"L|I|B|L|L|B|Z|S|S|I|L|L|REF|L|L|L|L|L|I|B|FF|Z|FF|L|I|S|L|L|L|Z|FF|Z|Z|S|S|I|",00FFFFFFFF0000000000FFFFFFFF010001000000000000000700000003000000000000000600000048010002030F000000005B22000033150000003F0200004B0000001E00D607050600000000000000000000D1072C0200FF000000000101016136003F0200000000000000D107000033150000465D320001F609F609FB043300C400000000004A0400002FBF00008F0B0100FFFFFFFFC100950700BD000000FFFFFFFF00000000FFFFFFFF0000006C071B030000040000D1070AC8140000FFFFFFFF0000000000FFFFFFFF0000000000000000D107000034150000475D3200010100010001005C006100030000004B040000ABC40000900B0100FFFFFFFF9A00A10700BD000000FFFFFFFF00000000FFFFFFFF0000006C07FFFFFFFF100400D40700C9140000FFFFFFFF0000000000FFFFFFFF0000000000000400D407000035150000485D320001F609F609FB0433003300000000004C040000D8BE00001A020100FFFFFFFF67019C0700BD000000FFFFFFFF00000000FFFFFFFF0000006C071B0300
"Édson Araújo",308345,50176,319,"SC Corinthians Paulista",NORMAL,INTERNAL_PERSON_ID,50176,0x008DBA6E,False,42,7,16358,112425,F3DB9814E4B8C9EA,"L|S|Z|Z|Z|Z|L|Z|I|S|S|I|REF|L|I|Z|Z|L|L|L|L|I|Z|L|L|L|L|L|L|I|L|L|L|L|B|Z|",FF00FFFFFFFF0066005A000000006C07FFFFFFFFD2C400003C02010021220000A900B40700BD000000FFFFFFFF00000000FFFFFFFF0000006C0715040000010000D2070A38150000FFFFFFFF0000000000FFFFFFFF010000000000000000000000000000000000000000003300000000010001004BE60000A41500000018030000C40000001E00D507010400000000000000000000D207310264FF00000000010101612400180300000000000000D2070000A4150000525E32000268106810840379008700D1100000FFFFFFFFB48E01000A007017000010270000000000000000004B000064BD030000000000000000000000000000000000000000000000000000000000000300000000000000004F01000000000000000000000100000000000000000000340000003400010000010400D4070400D307FFFFFFFF00FFFFFFFF00FFFFFFFF0066005A000000006C07FFFFFFFF6CC2000002100100452100002E01B90700BD0000002804000000000000FFFFFFFF0000006C079C000000010000D4070A
"Édson Araújo",308345,50176,319,"SC Corinthians Paulista",NORMAL,INTERNAL_PERSON_ID,50176,0x008F7197,False,31,37,112425,18295,74496976159ADBB8,"L|L|L|L|B|Z|L|L|B|S|I|Z|REF|Z|L|L|I|L|L|L|L|L|B|Z|L|L|B|L|L|L|L|B|L|L|L|L|",FFFFFF00000602FFFFFFFF0000006C079F02000001B500D2070A9E160000DF0100000000000000FFFFFFFF020001000000FF030000000000006600000000000000A413010024010101030F0000001817000000CC010000FE070000A700D70703040000000000000000BE00D3072C024B2E0000000001000000EE07000000000000C400000000000000DC130600A4010101030F0000001817000000FC000000DC0F0000A700D70707050000000000000000B500D2072C02E7FF00000000010501036400FC00000001036400050100000045002EFFFFFFFF016115000501000001613A00CC010000000000B500D2070000181700009E013A0002521C521C540B8900AF0003120000FFFFFFFF25825D000A00102700001027000000000000000000460000D6C8BD0000000000000000000000000000000000000000000000000000000000000100000000000000007304000000000000000000000100000000000012001200630000006300010000010400D407AB00D407FFFFFFFF00FFFFFFFF00FFFFFFFF
"Édson Araújo",308345,50176,319,"SC Corinthians Paulista",NORMAL,INTERNAL_PERSON_ID,50176,0x009002E4,False,10,37,18666,4107,007A5277238D7941,"L|L|S|L|L|L|Z|L|L|S|Z|Z|REF|Z|I|I|L|L|L|L|L|L|B|Z|L|L|B|L|L|L|L|B|L|L|L|B|",15001500610100006101010000010400D407B700D407FFFFFFFF00FFFFFFFF00FFFFFFFF0066005A000000006C07FFFFFFFFA39F000066DA0000FFFFFFFFE900B30700AA0000008901000000000000FFFFFFFF0000006C0735020000010400D4070A13170000420100000000000000FFFFFFFF0100010000000000000000000000C400000000000000466A0000B801000100D1256800971700000070010000A00F0000B400D50702040000000000000000AB00D40736023215000000000104010364008D010000010364008401000000450015FFFFFFFF01613100890100000000000400D407000097170000B71A400002721F02213A1DAD00BB0063120000FFFFFFFF0B99D2000A3210270000102700FF3F0000000100004B0000011CEF00000000000000000000000000000000000000000000000000000000000001000000000000000093030000102400000004000001170017002000A400A4005A0120005A01010000010400D407A200D407FFFFFFFF00FFFFFFFF00FFFFFFFF0066005A00000000
"Édson Araújo",308345,50176,319,"SC Corinthians Paulista",NORMAL,INTERNAL_PERSON_ID,50176,0x009012EF,False,155,37,4107,53482,FB4A5D5090D2B21C,"L|L|S|L|L|L|Z|L|L|S|I|Z|REF|Z|L|I|L|L|L|L|L|L|B|Z|L|L|B|L|L|L|L|L|L|B|L|L|",160016001001A7001001010000010400D407B700D407FFFFFFFF00FFFFFFFF00FFFFFFFF0066005A000000006C07FFFFFFFF529F000068DA00002E1C00008100B80700AA0000007501000000000000FFFFFFFF0000006C075502000001B500CD070A1F170000570100000000000000FFFFFFFF0100010000005802000000000000C4000000000000005F2E010008010001006C74AB00A31700000088010000A00F0000B400D70702040000000000000000AB00D4072E02320E00000000010502096400C700000001034B007501000001036400880100000045000EFFFFFFFF0161640088010000000000B500CD070000A31700000A1D4000025E1A5E1A44169C00AA006E120000FFFFFFFF30E640000A001027000010270000000000000100004C0000B7668E000000000000000000000000000000000000000000000000000000000000010000000000000000C1030000000000000000000001200020004B005A005A00E3004B00E300010000010400D407A200D407FFFFFFFF00FFFFFFFF00FFFFFFFF
"Édson Araújo",308345,50176,319,"SC Corinthians Paulista",NORMAL,INTERNAL_PERSON_ID,50176,0x0090E3D9,False,137,45,53482,5267,612A49A057C7AD72,"L|L|L|L|B|L|L|L|Z|L|L|S|REF|S|S|Z|S|I|I|L|L|L|L|L|B|Z|L|L|B|I|L|L|L|L|L|Z|",000100000000040000000000040004000400010000010400D4070B00D407FFFFFFFF00FFFFFFFF00FFFFFFFF0002005A000000006C07FFFFFFFF39CE00004C150100FFFFFFFF0200C00700BF000000FFFFFFFF02000102E70F00000100006C0787000000010000D1070AC7170000480900000000000000FFFFFFFF010001000000C40000002700000013000000000000005700000000010001030F00000054180000002B000000880100001E00D607020400000000000000000000D1073702320900000000010300450009FFFFFFFF01610C002B00000002610400BF0000000000000000D1070000541800001F4A50000288138813740B8200A100FE120000FFFFFFFFCC8A0D000A00102700001027000100000000000000460000DB3212000000000000000000000000000000000000000000000000000000000000010000000000000000A301000000000000000000000101000100150001000100150015001500010000010400D4070B00D407FFFFFFFF00FFFFFFFF00FFFFFFFF0002005A00000000
"Édson Araújo",308345,50176,319,"SC Corinthians Paulista",NORMAL,INTERNAL_PERSON_ID,50176,0x0090F86C,False,83,99,5267,144,F4C43ABDD26F8ACD,"L|FF|L|L|L|S|L|FF|S|I|FF|L|REF|I|I|I|S|L|L|I|S|S|Z|L|L|L|L|L|Z|L|L|I|L|S|S|I|",000ECE21000000000000000000000000000000000000000000000000000000000000010000000000000000510100000000000000000000010000000000000D000D00270000002700010000010400D4070C00D407FFFFFFFF00FFFFFFFF00FFFFFFFF0001005A000000006C07FFFFFFFF69D60000D7220100FFFFFFFFF100B90700C4000000700200001B040000330200000100006C079E000000010400D40700D91700000D3300000000000000FFFFFFFF010001000000870000005A0000002D00000000000000CD8C00003C01000100329CAE0066180000004200000089030000B900D507020400000000000000000400D407390232FF00000000010301610E0057020000016125007002000002613400C40000000000000400D4070000661800003DDF500001A217A217920981008C0004000000D80400006CD60000D8220100FFFFFFFF6D01A00700C4000000FFFFFFFF0B000000330200001000006C07FFFFFFFF100400D40700DA170000790900000000000000FFFFFFFF0000000000000400D407
"Édson Araújo",308345,50176,319,"SC Corinthians Paulista",NORMAL,INTERNAL_PERSON_ID,50176,0x0090F8FC,False,41,153,144,57,FFB3565E28F8A7FF,"L|I|Z|L|L|L|L|L|I|L|I|L|REF|Z|L|L|L|L|L|L|S|I|L|L|L|L|L|L|I|L|I|L|L|L|I|I|",000100006C079E000000010400D40700D91700000D3300000000000000FFFFFFFF010001000000870000005A0000002D00000000000000CD8C00003C01000100329CAE0066180000004200000089030000B900D507020400000000000000000400D407390232FF00000000010301610E0057020000016125007002000002613400C40000000000000400D4070000661800003DDF500001A217A217920981008C0004000000D80400006CD60000D8220100FFFFFFFF6D01A00700C4000000FFFFFFFF0B000000330200001000006C07FFFFFFFF100400D40700DA170000790900000000000000FFFFFFFF0000000000000400D4070000671800003EDF500002600960093200580073000E130000FFFFFFFFFA1000000A00A816000010270000000000000000000000004B0E00000000000000000000000000000000000000000000000000000000000000010000000000000000129A0100000000000000000000010000010400D4070400D307FFFFFFFF00FFFFFFFF00FFFFFFFF0066005A000000006C07
"Édson Araújo",308345,50176,319,"SC Corinthians Paulista",NORMAL,INTERNAL_PERSON_ID,50176,0x0090F935,False,98,96,57,50714,1E87F6663B1B4260,"I|I|L|L|L|I|B|S|S|I|FF|L|REF|L|S|I|S|L|L|I|S|S|Z|L|B|L|I|I|L|L|I|I|S|FF|S|L|",00003C01000100329CAE0066180000004200000089030000B900D507020400000000000000000400D407390232FF00000000010301610E0057020000016125007002000002613400C40000000000000400D4070000661800003DDF500001A217A217920981008C0004000000D80400006CD60000D8220100FFFFFFFF6D01A00700C4000000FFFFFFFF0B000000330200001000006C07FFFFFFFF100400D40700DA170000790900000000000000FFFFFFFF0000000000000400D4070000671800003EDF500002600960093200580073000E130000FFFFFFFFFA1000000A00A816000010270000000000000000000000004B0E00000000000000000000000000000000000000000000000000000000000000010000000000000000129A0100000000000000000000010000010400D4070400D307FFFFFFFF00FFFFFFFF00FFFFFFFF0066005A000000006C07FFFFFFFF54C900003C0E01009E240000EF00B30700BD000000FFFFFFFF00000000FFFFFFFF0000006C07F3020000010000D3070ADB170000FF
"Édson Araújo",308345,50176,319,"SC Corinthians Paulista",NORMAL,INTERNAL_PERSON_ID,50176,0x00924213,False,137,55,4851,1949,6F4D42D20958D365,"Z|L|L|L|B|L|L|L|Z|L|L|S|REF|S|S|Z|I|I|L|L|Z|I|S|S|I|L|I|Z|Z|L|L|L|L|S|L|S|",0001000000000000150015003F0000003F00010000010400D4070800D407FFFFFFFF00FFFFFFFF00FFFFFFFF0002003C000000006C07FFFFFFFF4CC00000F10D0100702500003601BF0700BD0000003F00000000000100E30F00000100006C0789000000010000D4070AE5180000AD0A00000000000000FFFFFFFF010001000000C4000000380000001C0000000000000086270000000100030243133100030A00000000279B3D0075190000002D000000300200001E00D507030400000000000000000000D40723024BFF00000000010201610A003C000000016127003F0000000000000000D407000075190000CC4969000212161216B80B79009C00F9130000FFFFFFFF000000000A19E01518FC102700FF1F0000000000004A0000000000000000000000000000000000000000000000000000000000000000000000020000000000000000FFFFFFFF0000000000000000010000000000000B000B00910000009100010000010400D4070400D307FFFFFFFF00FFFFFFFF00FFFFFFFF0066005A0000
"Édson Araújo",308345,50176,319,"SC Corinthians Paulista",NORMAL,INTERNAL_PERSON_ID,50176,0x0095370F,False,35,7,1564,28380,23349C1125BAFCAB,"B|L|I|B|Z|Z|Z|Z|Z|S|S|S|REF|L|I|Z|Z|L|L|Z|Z|I|I|L|L|I|L|S|FF|I|L|L|Z|Z|S|I|",00007DC7860001B80BB80BDC057E00A00000000000A5050000F3BE0000B0110100FFFFFFFF0500B10700BD000000FFFFFFFF00000000FFFFFFFF0000006C07960000000C0000D1070A9D1B0000FFFFFFFF0000000000FFFFFFFF0100010000000000000000000000000000000000000000000000000C0000401C0000003A000000C40000001E00D707040400000000000000000000D1072C0237FF00000000000000000000D1070000401C00007EC78600028A0F8A0F96007A009B0005160000FFFFFFFFE0F112000A000C17000010270000000000000000004B000056BA2E00000000000000000000000000000000000000000000000000000000000001000000000000000049010000000000000000000000010000010400D4070000D407FFFFFFFF00FFFFFFFF00FFFFFFFF00060014000000006C07FFFFFFFFB7BE0000AF1101001D2500009200BF0700BD000000FFFFFFFF00000000FFFFFFFF0000006C0796000000010000D4070A9E1B00009D0900000000000000FFFFFFFF010001000000C000
"Édson Araújo",308345,50176,319,"SC Corinthians Paulista",NORMAL,INTERNAL_PERSON_ID,50176,0x0095A5EB,False,163,7,28380,234683,2A7D15D35506D325,"I|I|Z|I|Z|L|L|L|Z|I|S|I|REF|L|I|Z|Z|L|L|L|L|I|Z|L|L|L|L|L|L|I|L|L|L|L|S|Z|",FF0066005A000000006C07FFFFFFFF89C80000150201000C2C00001E01BF0700BD000000FFFFFFFF00000000FFFFFFFF0000006C07E9080000010000D1070A011C0000FFFFFFFF0000000000FFFFFFFF0100010000004400000000000000090000000000000091010000F8010002030A0000000093F20B00A41C00000035020000C40000001E00D507050600000000000000000000D1072A0200FF00000000010101613600350200000000000000D1070000A41C0000C6C9860002B210B40F32008400A50057160000FFFFFFFF6F2601000A009C180000102703000000000000000048000002AC01000000000000000000000000000000000000000000000000000000000000010000000000000000C1A20100000000000000000000010000010400D4076A01D307FFFFFFFF00FFFFFFFF00FFFFFFFF00070002000000006C07FFFFFFFFACBE0000531101000D2C0000E200BD0700BD000000FFFFFFFF00000000FFFFFFFF0000006C0711030000010000D3070A021C00004E0B00000000000000FFFFFF
"Édson Araújo",308345,50176,319,"SC Corinthians Paulista",NORMAL,INTERNAL_PERSON_ID,50176,0x00993AA6,False,-1,-1,234683,25773,9978F4C7B2F9BDCF,"I|I|L|L|L|L|Z|S|S|I|FF|L|REF|L|B|I|S|L|L|I|S|FF|Z|L|B|L|I|I|L|L|L|I|Z|S|S|S|",000000006F080000DCBA0000BCFC0000FFFFFFFFAE00A60700BA000000FFFFFFFF00000000F10100001000006C07FFFFFFFF100400D4070046200000FFFFFFFF0000000000FFFFFFFF0000000000000400D4070000E920000088E3F505014D0C4D0CC4063F00B60000000000700800003ED600006A220100FFFFFFFFA800A70700C4000000FFFFFFFF00000000330200001000006C07FFFFFFFF100400D4070047200000FFFFFFFF0000000000FFFFFFFF0000000000000400D4070000EA20000089E3F50501E803E803F4011400240000000000710800006B390000CF3B0000FFFFFFFF6500A40700C5000000FFFFFFFF00000000360200001000006C07FFFFFFFF100400D4070048200000FFFFFFFF0000000000FFFFFFFF0000000000000400D4070000EB2000008AE3F50501F401F401FA000A00530000000000720800004D6B0000C37D0000FFFFFFFF36019A0700C8000000FFFFFFFF00000000610300001000006C07FFFFFFFF100400D4070049200000FFFFFFFF0000000000FFFFFFFF000000
"Édson Araújo",308345,50176,319,"SC Corinthians Paulista",NORMAL,INTERNAL_PERSON_ID,50176,0x009B867E,False,61,45,37669,110,89498F4CBB1C29C4,"L|L|FF|I|L|L|B|Z|S|I|FF|L|REF|L|B|L|S|L|I|I|FF|FF|Z|L|B|Z|I|I|L|L|I|L|L|I|Z|L|",00008ED40000A41E0100FFFFFFFFDC00A70700C3000000FFFFFFFF00000000FFFFFFFF2000006C07FFFFFFFF2000006C0700FFFFFFFFFFFFFFFF0000000000FFFFFFFF00000000000000006C070000C329000002F4F50504FFFFFFFF53002C000E0A060F0A12100908000000000000003BD600006D220100FFFFFFFF4F00AC0700C4000000FFFFFFFF00000000FFFFFFFF2000006C07FFFFFFFF2000006C0700FFFFFFFFFFFFFFFF0000000000FFFFFFFF00000000000000006C070000C429000003F4F50504FFFFFFFF09005B002B03040C050910050A0000000000000042D600006C220100FFFFFFFF0C01A50700C4000000FFFFFFFF00000000FFFFFFFF2000006C07FFFFFFFF2000006C0700FFFFFFFFFFFFFFFF0000000000FFFFFFFF00000000000000006C070000C529000004F4F50504FFFFFFFF2D004B006E02060713090A1114000000000000003ED6000070220100FFFFFFFF9A00AC0700C4000000FFFFFFFF00000000FFFFFFFF2000006C07FFFFFFFF2000006C0700FFFFFFFFFFFFFFFF
"Édson Araújo",308345,50176,319,"SC Corinthians Paulista",NORMAL,INTERNAL_PERSON_ID,50176,0x009B86EC,False,61,45,110,110,89498F4CBB1C29C4,"L|L|FF|I|L|L|B|Z|S|I|FF|L|REF|L|B|L|S|L|I|I|FF|FF|Z|L|B|Z|I|I|L|L|I|L|L|I|Z|L|",00003BD600006D220100FFFFFFFF4F00AC0700C4000000FFFFFFFF00000000FFFFFFFF2000006C07FFFFFFFF2000006C0700FFFFFFFFFFFFFFFF0000000000FFFFFFFF00000000000000006C070000C429000003F4F50504FFFFFFFF09005B002B03040C050910050A0000000000000042D600006C220100FFFFFFFF0C01A50700C4000000FFFFFFFF00000000FFFFFFFF2000006C07FFFFFFFF2000006C0700FFFFFFFFFFFFFFFF0000000000FFFFFFFF00000000000000006C070000C529000004F4F50504FFFFFFFF2D004B006E02060713090A1114000000000000003ED6000070220100FFFFFFFF9A00AC0700C4000000FFFFFFFF00000000FFFFFFFF2000006C07FFFFFFFF2000006C0700FFFFFFFFFFFFFFFF0000000000FFFFFFFF00000000000000006C070000C629000005F4F50504FFFFFFFF3B0024004A02090B030A110F0C0000000000000033390000CA3A0000FFFFFFFFCD00A40700C5000000FFFFFFFF00000000FFFFFFFF2000006C07FFFFFFFF2000006C0700FFFFFFFFFFFFFFFF
"Édson Araújo",308345,50176,319,"SC Corinthians Paulista",NORMAL,INTERNAL_PERSON_ID,50176,0x009B875A,False,61,45,110,16417,89498F4CBB1C29C4,"L|L|FF|I|L|L|B|Z|S|I|FF|L|REF|L|B|L|S|L|I|I|FF|FF|Z|L|B|Z|I|I|L|L|I|L|L|I|Z|L|",000042D600006C220100FFFFFFFF0C01A50700C4000000FFFFFFFF00000000FFFFFFFF2000006C07FFFFFFFF2000006C0700FFFFFFFFFFFFFFFF0000000000FFFFFFFF00000000000000006C070000C529000004F4F50504FFFFFFFF2D004B006E02060713090A1114000000000000003ED6000070220100FFFFFFFF9A00AC0700C4000000FFFFFFFF00000000FFFFFFFF2000006C07FFFFFFFF2000006C0700FFFFFFFFFFFFFFFF0000000000FFFFFFFF00000000000000006C070000C629000005F4F50504FFFFFFFF3B0024004A02090B030A110F0C0000000000000033390000CA3A0000FFFFFFFFCD00A40700C5000000FFFFFFFF00000000FFFFFFFF2000006C07FFFFFFFF2000006C0700FFFFFFFFFFFFFFFF0000000000FFFFFFFF00000000000000006C070000C729000006F4F50504FFFFFFFF47000F0077070302100B08140A000000000000005B390000BE3B0000FFFFFFFF2100A00700C5000000FFFFFFFF00000000FFFFFFFF2000006C07FFFFFFFF2000006C0700FFFFFFFFFFFFFFFF
"Édson Araújo",308345,50176,319,"SC Corinthians Paulista",NORMAL,INTERNAL_PERSON_ID,50176,0x009E4887,False,-1,-1,164108,626266,2420E901A6328FFA,"L|L|L|L|L|L|L|L|L|L|L|L|REF|L|L|L|L|L|L|L|L|L|L|L|L|L|L|L|L|L|L|L|L|L|L|L|",88882525881B08EFD10914060A0406090404070D0A0D060B0D060B070505100E080702090BE1D100C3000000FFFFFFFF0001141401010101010A01010F01140101010101010101010101C4EDC0FBEC0EE3EC0DFBCF8383838383831E0983FF98F1D106141005131102030A0812070B14110B13060F0F11120B12140D1212FF0900C4000000FFFFFFFF0001010101010114010101011401010101010101010101140101C0CAE82ED0110BFC090CC68383838383830BED8311D1FCED0A140C020F11070906020C0414120A1310050F130E0E0D0E0C030F10DE0600C5000000FFFFFFFF000101010114140101050A140F010101010A0F0514140A0101012A43CE0C07F6E51B0ADD0C8585858585850C1685F607F8DA140F090C0A0C060603050B0A09100C090C10080B0B0A0B0A0A0A0E0C0C0C00C6000000FFFFFFFF000101010114010101010A01140101010101140A010101010101F9FEF9FE17150D170D0D0D83838383838317268306ACD1EF0B140B0F0F0E0504080A0710100B060E0F08090F0F0610
"Édson Araújo",308345,50176,319,"SC Corinthians Paulista",NORMAL,INTERNAL_PERSON_ID,50176,0x00A7D6E1,False,-1,-1,626266,26380,2C609AECFAC38EB8,"S|L|L|L|B|FF|B|FF|FF|FF|B|I|REF|L|L|L|FF|FF|FF|L|L|S|B|L|L|L|FF|FF|FF|I|L|L|L|I|I|L|",FFFFFF88000000CF93080000C1000000D407FFFFFFFFA7010000FFFFFFFFFFFFFFFFFFFFFFFFFFFFFFFF890000006964150000C2000000CC077A0100007D010000FFFFFFFFFFFFFFFFFFFFFFFF871900008A0000005B7E0A0000C3000000D307CD000000FFFFFFFFCB000000FFFFFFFFFFFFFFFFFFFFFFFF8B000000084A0F0000C4000000D307FFFFFFFF8D030000FFFFFFFFFFFFFFFFFFFFFFFFFFFFFFFF8C000000834A0F0000C6000000D307D7000000D8000000FFFFFFFFFFFFFFFFFFFFFFFFFFFFFFFF8D000000D4100A0000C7000000D1076D0700006E070000FFFFFFFFFFFFFFFFFFFFFFFFFFFFFFFF8E0000000AE80A0000C8000000CE0786020000A0000000FFFFFFFFFFFFFFFFFFFFFFFFFFFFFFFF8F00000073810E0000C9000000D3078C030000FFFFFFFFCC000000FFFFFFFFFFFFFFFFFFFFFFFF90000000824A0F0000CA000000D40726020000250200007B030000FFFFFFFFFFFFFFFFFFFFFFFF91000000BCCA560000CB000000D307FFFFFFFFFFFFFFFFFFFFFFFFFFFFFFFFFFFFFF
"Édson Araújo",308345,50176,319,"SC Corinthians Paulista",NORMAL,INTERNAL_PERSON_ID,50176,0x00A83DED,False,-1,-1,26380,33005,358BA8D31B91858A,"L|I|I|I|L|S|L|L|I|L|S|S|REF|L|L|I|L|I|S|S|L|L|I|I|L|S|S|L|L|I|Z|L|S|S|L|L|",FFFF1B0000007200D4076E00D507000000C0000000FFFFFFFF00FFFFFFFF1A00000000006C0700006C07010005C1000000FFFFFFFF00FFFFFFFF1700000000006C07F200D407000000C2000000FFFFFFFF00FFFFFFFF1B0000009800D4079700D50700010FC3000000FFFFFFFF00FFFFFFFF39000000DB00D40700006C07000000C4000000FFFFFFFF00FFFFFFFF1B0000001901D3070F00D507000000C5000000FFFFFFFF00FFFFFFFF160000009800D4074E01D407000000C6000000FFFFFFFF00FFFFFFFF1B0000000000D3070201D407000000C7000000FFFFFFFF00FFFFFFFF190000000E00D4073F01D407000000C8000000FFFFFFFF00FFFFFFFF1A000000EA00D307E800D407000014C9000000FFFFFFFF0078020000160000009800D4071101D407000000CA000000FFFFFFFF00FFFFFFFF0400000000006C0700006C07010005CB000000FFFFFFFF00FFFFFFFF0D000000B500D2074E01D207010007CC000000FFFFFFFF00FFFFFFFF0E0000005400D3077300D307000000CD000000FFFFFF
"Édson Araújo",308345,50176,319,"SC Corinthians Paulista",NORMAL,INTERNAL_PERSON_ID,50176,0x00A8BEDA,False,-1,22,33005,51381,F3D86C152A910763,"L|L|L|L|L|L|FF|L|B|FF|L|L|REF|L|L|I|L|L|S|Z|Z|Z|Z|L|Z|I|I|L|L|Z|B|B|S|I|I|L|",FF00FFFFFFFF07000C00BD000000FFFFFFFF00FFFFFFFF08000700BE000000FFFFFFFF00FFFFFFFF08000800BF000000FFFFFFFF00FFFFFFFF0C000C00C0000000FFFFFFFF00FFFFFFFF96000000C1000000FFFFFFFF00FFFFFFFF96000000C2000000FFFFFFFF00FFFFFFFFAA00AA00C3000000FFFFFFFF00FFFFFFFF64005000C4000000FFFFFFFF00FFFFFFFF96009600C5000000FFFFFFFF0000000000000000000000000000000000000000A60B000000000000070000000A000000000B0000000A000000001500000009000000001D0000000901000000070000000A010000000B0000000A010000001500000008010000001D00000008020000000700000005030000000700000008030000000A00000004030000000E00000005030000000E0000000203000000170000000A03000000170000000A060000000700000008060000000A00000004060000000E0000000A060000000E0000000707000000070000000A070000000A00000004070000000E0000000107000000170000000A080000
"Édson Araújo",308345,50176,319,"SC Corinthians Paulista",NORMAL,INTERNAL_PERSON_ID,50176,0x00A99962,False,-1,-1,2484,3325,87B4DBF1E0404F0B,"L|L|S|S|I|L|L|L|L|L|L|S|REF|I|L|L|L|L|L|L|S|S|I|L|L|L|L|L|L|S|S|I|L|L|L|L|",0000D9C3000001F4210000DBC3000001EC200000DEC300000134210000DFC30000011B220000E0C30000018C290000E2C30000018F290000E3C300000135210000E6C300000119240000E8C300000192290000EEC300000153210000F0C300000197260000F6C300000193260000FEC30000011A220000FFC30000018726000000C40000018626000001C40000018326000002C4000001E120000003C4000001BD24000004C40000018226000007C40000012522000008C4000001732100000AC4000001972100000CC40000019A29000013C4000001B222000017C40000017125000018C4000001CF21000019C4000001A12900001AC4000001822500001BC40000011E2100001CC4000001842500001DC4000001852500001FC40000018D25000021C40000019725000022C40000010B21000023C40000015D25000027C4000001F220000028C4000001EE2000002AC4000001A32500002BC4000001A42500002CC4000001A52500002DC40000011F21000030C4000001F120000031C4000001EA2000
"Édson Araújo",308345,50176,319,"SC Corinthians Paulista",NORMAL,INTERNAL_PERSON_ID,50176,0x00A9A65F,False,-1,-1,3325,2219,8E230F34C488124E,"B|B|S|S|I|L|L|L|L|B|B|S|REF|I|L|L|L|L|B|B|S|S|I|L|L|L|L|B|B|S|S|I|L|L|L|L|",00000089000000980400000084000000AC040000007B000000B0040000007F000000E004000000AB0000004B05000000B1000000AB05000000EB000000BE05000000F1000000C705000000F2000000CB05000000E8000000CC05000000EE000000EC05000000D2000000FF05000000C30000005B06000000B80000005D06000000C40000006E06000000F70000007106000000BA0000007406000000F30000009306000000BF0000009A06000000DB000000AA06000000F8000000AF06000000C0000000FE06000000E70000002707000000CB0000003E07000000DC0000004807000000DD0000005807000000C20000005C07000000E10000006A07000000D10000008C07000000E90000009107000000E50000009B07000000E4000000A807000000F6000000AE07000000BD000000B107000000EC000000B907000000F0000000BA07000000BE000000C3070000000A010000330A00000048010000650A00000045010000380B00000052010000910B00000056010000E70B00000050010000490C00
"Édson Araújo",308345,50176,319,"SC Corinthians Paulista",NORMAL,PERSON_DATABASE_ID,308345,0x002F317E,True,-1,-1,4,5376,4B6AF52389E2B903,"L|S|B|I|I|I|I|L|I|I|B|S|REF|S|L|L|L|S|L|L|L|S|B|I|I|I|I|I|B|L|L|L|L|L|L|L|",720074006F006E0020004C00650061006E00640072006F0000000100BD000000FEC300006EB40400000D000000520061006E00690065006C006C00690020004A006F007300E90000000100BD000000FFC300006FB40400000C000000C900640073006F006E002000410072006100FA006A006F0000000100BD00000000C4000079B404000007000000560061006C006B006D006100720000000100BD00000001C40000ADB40400000B000000440061006E00690065006C0020004C00750069007A0000000100BD00000002C40000B4B404000005000000C9006C0073006F006E0000000100BD00000003C40000B7B40400000E0000004300610072006C006F00730020005200F3006200730074006F006E0000000100BD00000004C40000B9B40400000E0000004300ED006300650072006F0020005200690063006100720064006F0000000100BD00000005C40000BDB4040000110000005200690063006100720064006F002000460072006500640065007200690063006F0000000100BD00000006C4
"Édson Araújo",308345,50176,319,"SC Corinthians Paulista",NORMAL,PERSON_DATABASE_ID,308345,0x0061E4E5,False,-1,-1,8059,11306,C9B8F08202634DFD,"L|S|B|I|I|I|I|L|I|I|B|S|REF|S|L|L|L|L|L|S|I|L|I|I|I|I|I|I|I|I|I|I|B|S|I|S|",64007200690067006F002000C100760069006C00610000000100BD0000008426000082B40400000E0000004A00FA006C0069006F0020004200610070007400690073007400610000000100BD000000852600007BB40400000C000000C900640073006F006E002000410072006100FA006A006F0000000100BD0000008626000079B404000008000000520061006E00690065006C006C00690000000100BD000000872600006FB40400000F00000043007200690073007400690061006E006F0020004E0075006E006500730000000100BD000000882600006BB4040000040000004B0065006E00610000000100BD0000008926000067B40400000700000041006300630069006F006C00790000000100BD0000008A26000064B4040000100000004700E900720073006F006E00200041006E006400720065006F0074007400690000000100BD0000008B2600005BB40400000F00000054006F006E0069006E0068006F00200042006100720072006F0073006F0000000100BD0000008C26000059B40400
"Édson Araújo",308345,50176,319,"SC Corinthians Paulista",NORMAL,PERSON_DATABASE_ID,308345,0x007DC3AA,False,43,32,213,96533,F778E31389F80269,"L|B|Z|L|L|B|L|L|Z|I|S|S|REF|L|L|L|L|L|L|I|L|Z|Z|L|B|Z|Z|Z|Z|Z|Z|Z|B|Z|I|Z|",00009E2E00000C010002030F00000000F78C8A00790700000030000000EE0200006D01D407040400000000000000000400D407320200FF00000001FFFFFFFF03040079070000000B020000EE0200006D01D407040400000000000000000B01D30764FF00FF000000000101016117003E0000000000000400D40700007907000079B4040002480D480D64005C008B00A2050000FFFFFFFFE3D800000A000C17000010270400000000000000000000006820000000000000000000000000000000000000000000000000000000000000000100000000000000005101000000000000000000000100000000010000000000060001000600010000010400D4070400D307FFFFFFFF00FFFFFFFF00FFFFFFFF0066005A000000006C07FFFFFFFFAABE00005A0B0100112100006F00BC0700BD000000E402000000000000FFFFFFFF0000006C079E000000010000D1070A30070000FFFFFFFF0000000000FFFFFFFF01000100000030000000000000000000000000000000ED0000005C010002030A000000006F
"Fabiano Eller",3300219,68361,322,"CR Flamengo",NORMAL,INTERNAL_PERSON_ID,68361,0x0057ACD6,True,-1,-1,7849,4,8256D65BEC2E4716,"S|B|I|I|I|I|I|I|I|I|I|B|REF|I|S|L|L|L|L|L|L|L|L|L|S|L|L|I|I|I|I|I|I|I|I|I|",6E00650064006900630074006F00200041006E00670065006C00690000000100BD000000070B010007FD0B000009000000640061006C006C002700490067006E00610000000100BD000000080B0100965B3200001000000045006C006C0065007200200064006F0073002000530061006E0074006F00730000000100BD000000090B01007B5B3200001000000053006F006100720065007300200064006500200042006100720072006F00730000000100BD0000000A0B0100795B3200000F000000530069006C00760069006E006F002000420061007400690073007400610000000100BD0000000B0B01006D5C320000060000004D0065006C006C0069006E0000000100BD0000000C0B0100725C3200000C00000042006100720072006F00730020004600610072006900610000000100BD0000000D0B0100735C3200001B0000004C006F00700065007300200064006F0073002000530061006E0074006F00730020004E0061007300630069006D0065006E0074006F0000000100BD0000000E0B01
"Fabiano Eller",3300219,68361,322,"CR Flamengo",NORMAL,INTERNAL_PERSON_ID,68361,0x008CB59D,False,71,111,22916,174,E2033B4310F2FE0B,"I|L|L|L|FF|L|L|L|S|L|FF|S|REF|S|L|S|S|Z|L|B|I|I|L|S|S|Z|L|L|L|Z|L|Z|L|L|I|I|",27000000000000000000470000EC3C1300000000000000000000000000000000000000000000000000000000000001000000000000000042010000000000000000000001010001001B000400040046001B004600010000010400D4070400D307FFFFFFFF00FFFFFFFF00FFFFFFFF0066005A000000006C07FFFFFFFFC7BE0000090B0100512800004201B90700BD0000003A00000000000000FFFFFFFF0000006C078F000000010000D3070A40140000370400000000000000FFFFFFFF01000100000051000000000000001B00000000000000BC48000090010001002B156000AC14000000330000001E0200001E00D607030400000000000000000000D3072F020AFF0000000001030161090044000000016109003A00000001612800330000000000000000D3070000AC1400007B5B320002201CF41AC4099100AA0020100000FFFFFFFF441B10000A1910270000102700FF1F0000000000004A000079F827000000000000000000000000000000000000000000000000000000000000030000000000
"Fabiano Eller",3300219,68361,322,"CR Flamengo",NORMAL,PERSON_DATABASE_ID,3300219,0x0057ACDA,True,-1,-1,4,17326,10279947FE743407,"B|I|I|I|I|I|I|I|I|I|B|I|REF|S|L|L|L|L|L|L|L|L|L|S|L|L|I|I|I|I|I|I|I|I|I|I|",64006900630074006F00200041006E00670065006C00690000000100BD000000070B010007FD0B000009000000640061006C006C002700490067006E00610000000100BD000000080B0100965B3200001000000045006C006C0065007200200064006F0073002000530061006E0074006F00730000000100BD000000090B01007B5B3200001000000053006F006100720065007300200064006500200042006100720072006F00730000000100BD0000000A0B0100795B3200000F000000530069006C00760069006E006F002000420061007400690073007400610000000100BD0000000B0B01006D5C320000060000004D0065006C006C0069006E0000000100BD0000000C0B0100725C3200000C00000042006100720072006F00730020004600610072006900610000000100BD0000000D0B0100735C3200001B0000004C006F00700065007300200064006F0073002000530061006E0074006F00730020004E0061007300630069006D0065006E0074006F0000000100BD0000000E0B0100785B32
"Fabiano Eller",3300219,68361,322,"CR Flamengo",NORMAL,PERSON_DATABASE_ID,3300219,0x00622E94,False,-1,-1,7557,1162,02A48CC8B87ACAF2,"L|I|I|I|I|I|I|I|I|I|B|S|REF|S|L|L|L|S|I|L|I|I|I|I|I|I|L|B|L|L|L|L|L|L|L|L|",5B3200000700000043006C006500690073006F006E0000000100BD0000004F280000735B3200000D00000041006E007400F4006E0069006F0020004C006F0070006500730000000100BD00000050280000785B3200000D000000460061006200690061006E006F00200045006C006C006500720000000100BD000000512800007B5B320000040000004E0061007300610000000100BD000000522800007F5B3200000C0000004D006100750072006F002000470061006C007600E3006F0000000100BD00000053280000815B3200000A00000041006C00650078002000500069006E0068006F0000000100BD00000054280000825B320000050000004F006400760061006E0000000100BD00000055280000835B320000080000004C0065006F0020004C0069006D00610000000100BD00000056280000855B320000050000004A006500730075006D0000000100BD000000572800006BAB040000070000004E0065006700750065007400650000000100BD00000058280000915B320000040000004900
"Fabiano Eller",3300219,68361,322,"CR Flamengo",NORMAL,PERSON_DATABASE_ID,3300219,0x008CB64B,False,16,46,174,18578,BC0D750DD9980DB4,"L|B|L|L|L|L|L|L|Z|Z|S|S|REF|L|L|L|L|L|L|I|I|S|Z|L|S|Z|Z|Z|Z|Z|Z|Z|B|Z|I|Z|",0000370400000000000000FFFFFFFF01000100000051000000000000001B00000000000000BC48000090010001002B156000AC14000000330000001E0200001E00D607030400000000000000000000D3072F020AFF0000000001030161090044000000016109003A00000001612800330000000000000000D3070000AC1400007B5B320002201CF41AC4099100AA0020100000FFFFFFFF441B10000A1910270000102700FF1F0000000000004A000079F827000000000000000000000000000000000000000000000000000000000000030000000000000000D505000000000000000000000100000000250000000000540025005400010000010400D4079400D407FFFFFFFF00FFFFFFFF00FFFFFFFF0066005A000000006C07FFFFFFFFAEC00000DB030100102200008800BA0700BD0000004400000006000000FFFFFFFF0000006C0703020000010000D3070A41140000210A00000000000000FFFFFFFF010001000000B400000000000000000000003C000000E181000000010000AD140000004801
"Fábio Baiano",3300471,9449,319,"SC Corinthians Paulista",SPECIAL_PRT,INTERNAL_PERSON_ID,9449,0x0006AA5F,False,25,6,18235,31500,46529F9860D61EF2,"L|B|S|I|L|I|Z|L|B|FF|Z|B|REF|I|S|Z|L|L|L|L|L|L|S|B|Z|L|L|S|L|L|L|B|Z|Z|S|L|",00000000000005AA000000FFFFFFFF00000000FF000000E6240000ACA771000004000000000000000006AA000000FFFFFFFF00000000FF000000E7240000ADA771000004000000000000000008AA000000FFFFFFFF00000000FF000000E8240000AEA771000004000000000000000005AA000000FFFFFFFF00000000FF000000E9240000AFA771000004000000000000000003AA000000FFFFFFFF00000000FF000000EA240000B0A771000004000000000000000005AA000000FFFFFFFF00000000FF000000EB240000B1A771000000000000000000000005AA000000FFFFFFFF00000000FF000000EC24000097B571000000000000000000000003AA000000FFFFFFFF00000000FF000000ED2400009AB571000000000000000000000005AA000000FFFFFFFF00000000FF000000EE2400009FB571000000000000000000000004AA000000FFFFFFFF00000000FF000000EF240000A2B571000000000000000000000004AA000000FFFFFFFF00000000FF000000F0240000A5B5710000000000000000
"Fábio Baiano",3300471,9449,319,"SC Corinthians Paulista",SPECIAL_PRT,INTERNAL_PERSON_ID,9449,0x00194705,False,-1,-1,18119,31432,5095ABEB95C3D193,"L|L|S|L|L|L|S|B|I|I|I|B|REF|I|S|L|L|L|L|S|I|L|I|I|I|I|B|I|L|L|L|L|L|L|L|S|",089774000004000000420069006A0075000000010039000000E6240000F59F740000070000004B0075006C0064006500650070000000010039000000E72400000697740000090000004A0061007300770069006E006400650072000000010039000000E824000004977400000400000053006900760061000000010039000000E9240000F69F74000006000000540061007200730065006D000000010039000000EA240000019774000006000000420061006C006A00690074000000010039000000EB240000FE9674000005000000560069006E00610079000000010039000000EC240000F79F74000006000000530068006900720061007A000000010039000000ED240000FC967400000700000052006F007A006100720069006F000000010039000000EE240000F99F74000009000000440068006100720061006D006A00690074000000010039000000EF240000EC96740000070000005300680069007600720061006A000000010039000000F0240000FA9F7400000300000050002E004D000000
"Fábio Baiano",3300471,9449,319,"SC Corinthians Paulista",SPECIAL_PRT,INTERNAL_PERSON_ID,9449,0x00379B34,False,-1,-1,17637,31196,91A67A60F834FB3D,"L|L|S|I|L|I|I|I|I|I|I|B|REF|I|S|L|L|S|L|L|L|S|B|I|I|B|I|L|L|L|L|L|L|L|S|I|",0061006900740061006E000000010039000000E62400003EA0740000090000004B0075007400740079006D0061006E0069000000010039000000E724000047A0740000070000004A006F0068006E0073006F006E000000010039000000E82400002E2502000007000000440068006100720061006E0069000000010039000000E924000048A0740000050000004E0075006E00650073000000010039000000EA24000050A0740000050000004D006F00620069006E000000010039000000EB24000052A074000005000000520069006E00770061000000010039000000EC2400005DA07400000400000042006900730074000000010039000000ED2400005FA0740000060000004100730068007200610066000000010039000000EE24000061A074000005000000410073006C0061006D000000010039000000EF24000062A074000006000000530061006E006B00610072000000010039000000F02400009AD155000007000000440069006E00670064006F0068000000010039000000F12400006FA0
"Fábio Baiano",3300471,9449,319,"SC Corinthians Paulista",SPECIAL_PRT,INTERNAL_PERSON_ID,9449,0x0061A3C8,True,-1,-1,18867,4,5154DD7802F8B70B,"L|L|S|B|L|I|I|I|I|I|I|B|REF|I|S|L|L|L|S|L|L|L|S|B|I|I|I|I|I|I|I|B|S|I|S|L|",0074006F0000000200BD000000E6240000765C320000080000005700650064006500720073006F006E0000000200BD000000E7240000BDBE04000006000000450072006900760061006E0000000200BD000000E824000086E36A00000C0000004600E100620069006F00200042006100690061006E006F0000000200BD000000E9240000775C32000007000000520061006E00690065007200790000000200BD000000EA2400000BE00400000C000000520061006600610065006C002000530069006C007600610000000200BD000000EB2400005EDF04000006000000540063006800650063006F0000000200BD000000EC240000B6A9040000100000004C00650061006E00640072006F002000430061007200760061006C0068006F0000000200BD000000ED240000E7AD86000004000000440061006400E10000000200BD000000EE24000055DF040000040000004C006500E3006F0000000200BD000000EF240000EBAD8600000B00000041006E0064007200E9002000500069006E0074006F0000
"Fábio Baiano",3300471,9449,319,"SC Corinthians Paulista",SPECIAL_PRT,INTERNAL_PERSON_ID,9449,0x0069D781,False,21,23,24728,3879,4D6842D53AA93AEB,"S|I|I|I|I|L|I|Z|L|B|S|FF|REF|I|I|I|Z|L|I|Z|Z|Z|S|FF|S|I|I|Z|Z|L|I|Z|Z|Z|S|FF|",000000000000FFFFFFFF050000000000000000000000000014240000FFFFFFFFE7240000B9965B0000401F0000000000000000000000FFFFFFFF050000000000000000000000000038020000FFFFFFFFE8240000BB965B0000401F00004C0400001027000000FFFFFFFF050000000000000000010400000015240000FFFFFFFFE9240000BD965B0000401F0000200300000000000000FFFFFFFF050000000000000000000000000016240000FFFFFFFFEA240000BF965B0000A00F0000000000000000000000FFFFFFFF050000000000000000000000000017240000FFFFFFFFEB240000C1965B0000B80B0000000000000000000000FFFFFFFF05000000000000000000000000000B240000FFFFFFFFEC240000C2965B000088130000000000000000000000FFFFFFFF050000000000000000000000000000310000FFFFFFFFED240000C4965B0000701700005E0100000000000000FFFFFFFF050000000000000000000000000018240000FFFFFFFFEE240000C6965B0000E803000000000000000000
"Fábio Baiano",3300471,9449,319,"SC Corinthians Paulista",SPECIAL_PRT,INTERNAL_PERSON_ID,9449,0x00878F72,False,12,0,7707,14550,D8ECF06E57DDC52F,"L|L|I|I|S|FF|S|L|L|Z|Z|S|REF|Z|Z|Z|Z|Z|Z|Z|S|Z|L|B|Z|L|L|L|L|L|FF|L|I|B|L|L|",00001401000100135F010071100000008D030000260100001E00D507020400000000000000000000D1072A0232FF00000000010201611C000A020000016136008D0300000000000000D10700007110000024E1040002B604B60432003D007F00850C0000FFFFFFFFE43200000A00E01500001027000000000000000000470000E924000000000000000000000000000000000000000000000000000000000000000100000000000000001EA30400000000000000000000010000010400D4076C01D307FFFFFFFF00FFFFFFFF00FFFFFFFF00070017000000006C07FFFFFFFFF4C70000860E01006C2700002400C10700BD000000FFFFFFFF00000000FFFFFFFF0000006C078A040000010000D1070A28100000260900000000000000FFFFFFFF010001000000000000000000000003000000000000000000000024010002030A00000000BF17010072100000008D0300004B0000001E00D507040400000000000000000000D1072A0200FF000000000101016136008D0300000000000000D10700007210
"Fábio Baiano",3300471,9449,319,"SC Corinthians Paulista",SPECIAL_PRT,INTERNAL_PERSON_ID,9449,0x008D10A9,False,75,107,4327,170,50E1AAB81568AF91,"L|L|L|FF|L|L|L|S|L|FF|S|I|REF|L|S|S|Z|L|B|I|L|L|S|S|Z|L|L|L|B|L|Z|L|B|I|I|S|",00000000000047000023AF3D0000000000000000000000000000000000000000000000000000000000000100000000000000003F01000000000000000000000100000000000011001100860000008600010000010400D4070300D407FFFFFFFF00FFFFFFFF00FFFFFFFF00060036000000006C07FFFFFFFFAABE0000D7030100E92400006F00B70700BD0000003300000000000000FFFFFFFF0000006C078C000000010400D4070A92140000D90800000000000000FFFFFFFF010001000000DB010000000000009A00000000000000DB5900000001000100DEED5100FE1400000030000000620C00006D01D407030400000000000000000400D40727020AFF0000000001030103550033000000016104003500000001613900330000000000000400D4070000FE140000775C320002EC13EC13520371008D0060100000FFFFFFFFD96709000A000019000010270000000000000000004100007EFB0B0000000000000000000000000000000000000000000000000000000000000100000000000000003B
"Fábio Baiano",3300471,9449,319,"SC Corinthians Paulista",SPECIAL_PRT,INTERNAL_PERSON_ID,9449,0x00942EC3,False,66,8,75226,46313,AADA51F229AB43CB,"L|I|S|Z|I|I|L|L|I|I|S|FF|REF|L|L|Z|Z|S|S|Z|Z|Z|Z|Z|Z|Z|S|Z|L|B|Z|L|L|L|L|L|",FFFFFF010001000000210000000600000003000000000000000000000000010002030F00000000AB3A0100521B00000067030000430000001E00D507050600000000000000000000D107230200FF00000000010101613600670300000000000000D1070000521B000033BD860002F401F401320047008A003F150000FFFFFFFFE92400000A00441600001027000000000000000000450000AF1A0000000000000000000000000000000000000000000000000000000000000001000000000000000028990400000000000000000000010000010400D4070400D307FFFFFFFF00FFFFFFFF00FFFFFFFF0066005A000000006C07FFFFFFFFB8C8000025060100902B0000FE00C00700BD000000FFFFFFFF00000000FFFFFFFF0000006C07230A0000010000D1070AB01A00003B0400000000000000FFFFFFFF010001000000210000000600000003000000000000001400000000010002030A00000000B1D50000531B00000067030000430000001E00D507050600000000000000000000D1072E0200FF00
"Fábio Baiano",3300471,9449,319,"SC Corinthians Paulista",SPECIAL_PRT,INTERNAL_PERSON_ID,9449,0x009A0AE3,False,-1,-1,27536,59510,4E3AA3B89842E22C,"L|L|L|L|L|L|L|L|L|L|S|Z|REF|L|S|L|L|L|S|S|L|L|L|L|S|Z|S|L|S|L|L|L|S|S|L|L|",007400790061006E00740079006E000000060000004200610062007900630068000000000000E724000026EFF505050500000041006E0074006F006E00000005000000530075006300680079000000000000E824000027EFF50505050000005000610076006F006C0000000600000053007400720061006B0061000000000000E924000028EFF505050700000045007600670065006E00690079000000090000004C006F007300680061006E006B006F0076000000000000EA24000029EFF50505070000004E0069006B006F006C0061007900000007000000520079006E006400790075006B000000000000EB2400002AEFF505050900000048006F006E0067007A00680065006E0067000000020000004C0069000000000000EC2400002BEFF50505060000005A00680065006E0079007500000002000000440075000000000000ED2400002CEFF5050505000000590061006C0069006E00000003000000480061006E000000000000EE2400002DEFF50505060000004C0069006E0067007800690000
"Fábio Baiano",3300471,9449,319,"SC Corinthians Paulista",SPECIAL_PRT,PERSON_DATABASE_ID,3300471,0x0061A3CC,True,-1,-1,4,1128,70D864B77B57592A,"L|S|B|L|I|I|I|I|I|I|B|S|REF|S|L|L|L|S|L|L|L|S|B|I|I|I|I|I|I|I|B|S|I|S|L|L|",0000000200BD000000E6240000765C320000080000005700650064006500720073006F006E0000000200BD000000E7240000BDBE04000006000000450072006900760061006E0000000200BD000000E824000086E36A00000C0000004600E100620069006F00200042006100690061006E006F0000000200BD000000E9240000775C32000007000000520061006E00690065007200790000000200BD000000EA2400000BE00400000C000000520061006600610065006C002000530069006C007600610000000200BD000000EB2400005EDF04000006000000540063006800650063006F0000000200BD000000EC240000B6A9040000100000004C00650061006E00640072006F002000430061007200760061006C0068006F0000000200BD000000ED240000E7AD86000004000000440061006400E10000000200BD000000EE24000055DF040000040000004C006500E3006F0000000200BD000000EF240000EBAD8600000B00000041006E0064007200E9002000500069006E0074006F0000000200BD
"Fábio Baiano",3300471,9449,319,"SC Corinthians Paulista",SPECIAL_PRT,PERSON_DATABASE_ID,3300471,0x008D1153,False,59,31,170,14159,BA09B146198EEB90,"L|B|L|L|L|L|L|L|Z|I|S|S|REF|L|L|L|L|L|L|I|I|Z|Z|L|S|Z|Z|Z|Z|Z|Z|Z|B|Z|I|Z|",0000D90800000000000000FFFFFFFF010001000000DB010000000000009A00000000000000DB5900000001000100DEED5100FE1400000030000000620C00006D01D407030400000000000000000400D40727020AFF0000000001030103550033000000016104003500000001613900330000000000000400D4070000FE140000775C320002EC13EC13520371008D0060100000FFFFFFFFD96709000A000019000010270000000000000000004100007EFB0B0000000000000000000000000000000000000000000000000000000000000100000000000000003B01000000000000000000000100000000040000000000040004000400010000010400D4070400D307FFFFFFFF00FFFFFFFF00FFFFFFFF0066005A000000006C07FFFFFFFFADBE0000150B0100052100002F01BC0700BD000000FFFFFFFF00000000FFFFFFFF0000006C079C080000010000D1070A931400003B0400000000000000FFFFFFFF010001000000FF000000330000001900000000000000C611000000010002030F000000009E
"Fábio Costa",6900151,8928,319,"SC Corinthians Paulista",NORMAL,INTERNAL_PERSON_ID,8928,0x00066324,False,25,6,35542,18235,33256E12F754543E,"S|Z|S|I|L|I|Z|L|B|FF|Z|B|REF|I|S|Z|L|L|L|L|L|L|S|B|Z|I|L|S|L|L|L|L|Z|Z|S|S|",0000000000000C6D000000FFFFFFFF00000000FF000000DD220000347856000004000000000000000009280000001000000000000000FF000000DE220000F8AB5600000400000000000000000A280000001A00000000000000FF000000DF220000F9AB5600000400000000000000000728000000FFFFFFFF00000000FF000000E022000029B75600000400000000000000000228000000FFFFFFFF00000000FF000000E12200002AB75600000400000000000000000128000000FFFFFFFF00000000FF000000E22200002EB756000004000000000000000002280000001D00000000000000FF000000E322000030B756000004000000000000000004280000001D00000000000000FF000000E4220000CCB956000004000000000000000001280000001D00000000000000FF000000E5220000CFBC5600000000000000000000000228000000FFFFFFFF00000000FF000000E6220000DEC65600000000000000000000000C28000000FFFFFFFF00000000FF000000E7220000E2C6560000000000000000
"Fábio Costa",6900151,8928,319,"SC Corinthians Paulista",NORMAL,INTERNAL_PERSON_ID,8928,0x0019003E,False,-1,-1,309123,18119,6656D14D7EE4C885,"L|L|S|I|L|I|I|I|I|I|I|B|REF|I|S|L|L|L|L|L|L|S|I|L|I|I|I|I|I|I|I|B|S|I|S|L|",004B00610069002000570061000000010038000000DD22000046720F00000800000053006900750020005300680075006E000000010038000000DE22000048720F0000070000004B00610020004B0069006E0067000000010038000000DF22000049720F000007000000570069006C006C00690061006D000000010038000000E02200004C720F00000A0000004E0061006E00670020004300680069006E0067000000010038000000E12200004D720F000009000000570069006E00670020004300680065006E000000010038000000E22200005F720F000007000000590061007400200048006F0069000000010038000000E322000007ED70000008000000430068006F00690020004D0061006E000000010038000000E422000062720F0000060000004B00610020004800650069000000010038000000E522000063720F00000800000046006F0072002000540069006E0067000000010038000000E622000064720F0000040000004E006700610069000000010038000000E722000065720F0000
"Fábio Costa",6900151,8928,319,"SC Corinthians Paulista",NORMAL,INTERNAL_PERSON_ID,8928,0x0037564F,False,-1,-1,302027,17637,51D1FA6FAFB4B133,"S|L|S|L|L|L|S|B|I|I|I|B|REF|I|S|L|L|L|S|I|L|I|I|I|B|I|L|L|L|L|L|S|L|L|L|S|",640062007500720079000000010038000000DC2200005C1C020000030000005700610069000000010038000000DD220000316C0F0000030000004C006F0077000000010038000000DE220000B1EA700000030000004C00690074000000010038000000DF220000B3EA7000000400000054007300610069000000010038000000E0220000BD740F0000040000004B0075006E0067000000010038000000E1220000796C0F00000400000052006500690073000000010038000000E222000044EB700000040000004300680069006D000000010038000000E32200005EEC7000000500000047007200610062006F000000010038000000E4220000560A02000003000000500075006E000000010038000000E5220000DB0A020000050000004B00690061006E0067000000010038000000E622000043730F0000020000004B0075000000010038000000E7220000D00A0200000600000041006B0061006E00640075000000010038000000E8220000F6EC700000030000004C006F00680000000100380000
"Fábio Costa",6900151,8928,319,"SC Corinthians Paulista",NORMAL,INTERNAL_PERSON_ID,8928,0x00615A11,True,-1,-1,363313,4,7E4C433AEFEB656F,"S|I|L|I|I|I|I|I|I|I|I|B|REF|I|S|L|L|L|L|S|I|L|I|I|I|I|B|L|L|L|L|L|L|L|L|S|",000000DD22000028023A0000080000004D0061007500720069006E0068006F0000000400BD000000DE220000F25D3200000C0000005000610075006C006F002000520065006E00610074006F0000000400BD000000DF22000056AB0400000B0000004600E100620069006F00200043006F0073007400610000000400BD000000E0220000B7496900000600000046006100ED0073006300610000000400BD000000E122000098CB5100000600000058006100760069006500720000000400BD000000E2220000C749690000050000004900730061006100630000000400BD000000E322000036AB0400000500000047006F006D006500730000000400BD000000E422000017CF04000003000000490076006F0000000400BD000000E5220000F5AA0400000D000000530061006E00640072006F00200047006100FA00630068006F0000000400BD000000E622000060AA040000040000004E0065006E00E90000000400BD000000E72200009160320000080000004D00610072006300ED006C0069006F00
"Fábio Costa",6900151,8928,319,"SC Corinthians Paulista",NORMAL,INTERNAL_PERSON_ID,8928,0x006975D1,False,21,23,397515,280,246A7A7C57D73015,"S|I|I|I|I|L|I|Z|L|B|S|FF|REF|I|I|I|I|L|I|Z|L|B|S|FF|S|I|I|I|Z|L|I|Z|L|B|S|FF|",000000000000FFFFFFFF050000000000000000010400000089080000FFFFFFFFDE2200000CAC56000010270000401F00000000000000FFFFFFFF0500000000000000000104000000DF220000FFFFFFFFDF2200000DAC560000E02E000028230000204E000000FFFFFFFF0500000000000000000103000000A5040000FFFFFFFFE022000034B3560000983A0000102700008813000000FFFFFFFF0500000000000000000104000000CA070000FFFFFFFFE122000021B7560000E02E0000E02E00000000000000FFFFFFFF0500000000000000000104000000DF220000FFFFFFFFE222000022B7560000401F0000401F00000000000000FFFFFFFF0500000000000000000105000000E8220000FFFFFFFFE322000024B7560000581B0000A00F00000000000000FFFFFFFF0500000000000000000104000000DF220000FFFFFFFFE422000026B7560000401F0000A00F00000000000000FFFFFFFF050000000000000000010400000017050000FFFFFFFFE522000027B7560000F023000005100000000000
"Fábio Costa",6900151,8928,319,"SC Corinthians Paulista",NORMAL,INTERNAL_PERSON_ID,8928,0x006976E9,False,13,31,280,24728,E9F42114BE1B2E0B,"S|FF|S|I|I|I|Z|L|I|Z|L|B|REF|FF|S|I|I|I|I|L|I|Z|L|B|S|FF|S|I|I|I|Z|L|I|Z|L|B|",00581B0000A00F00000000000000FFFFFFFF0500000000000000000104000000DF220000FFFFFFFFE422000026B7560000401F0000A00F00000000000000FFFFFFFF050000000000000000010400000017050000FFFFFFFFE522000027B7560000F0230000051000000000000000FFFFFFFF0500000000000000000104000000E0220000FFFFFFFFE622000028B7560000D0070000D0070000DC05000000FFFFFFFF0500000000000000000102000000A5040000FFFFFFFFE72200002BB75600001C200000681000000000000000FFFFFFFF0500000000000000000104000000A5040000FFFFFFFFE82200002CB756000088130000D00700000000000000FFFFFFFF0500000000000000000104000000E2220000FFFFFFFFE92200002DB7560000C83200007D1700000000000000FFFFFFFF0500000000000000000105000000E3220000FFFFFFFFEA2200002FB75600008C1900008C1900000000000000FFFFFFFF050000000000000000010400000017050000FFFFFFFFEB22000031B7560000D00700
"Fábio Costa",6900151,8928,319,"SC Corinthians Paulista",NORMAL,INTERNAL_PERSON_ID,8928,0x00922E7E,False,64,61,8223,162,0141DD856D48ED00,"L|L|L|FF|L|L|L|S|L|FF|S|I|REF|L|S|S|Z|L|B|I|I|L|S|S|Z|L|L|L|B|Z|L|L|B|I|I|S|",0000000000004A00004D4E3D0000000000000000000000000000000000000000000000000000000000000300000000000000003F01000000000000000000000100000000000000000000720000007200010000010400D4070600D407FFFFFFFF00FFFFFFFF00FFFFFFFF0007005A000000006C07FFFFFFFFAABE000023020100E02200004A01B90700BD0000004000000000000000FFFFFFFF0000006C078C000000010000D4070AD5180000D50800000000000000FFFFFFFF010001000000A30200000000000000000000DF000000793200000001000100861A4600651900000030000000941100001E00D607020400000000000000000000D407360232FF00000000010203025000CC02000001614F00400000000000000000D407000065190000B74969000270177017420F7D009E00EB130000FFFFFFFFE98717000A9C70170000102700FF1F000000010000460000433C370000000000000000000000000000000000000000000000000000000000000100000000000000003C0100000000000000
"Fábio Costa",6900151,8928,319,"SC Corinthians Paulista",NORMAL,INTERNAL_PERSON_ID,8928,0x009249B0,False,75,107,1949,48782,E00218AD9023A3B4,"L|L|L|FF|L|L|L|S|L|FF|S|I|REF|L|S|I|Z|L|B|I|I|L|S|S|Z|L|L|L|L|L|Z|L|L|I|I|S|",0000000000004700003BD2010000000000000000000000000000000000000000000000000000000000000100000000000000003B010000000000000000000001010001001500010001001A0015001A00010000010400D4070400D307FFFFFFFF00FFFFFFFF00FFFFFFFF0066005A000000006C07FFFFFFFFAABE0000F60D0100E0220000FE00BB0700BD0000007502000000000000FFFFFFFF0000006C0789000000010000D1070AEB1800003B0400000000000000FFFFFFFF010001000000490000004900000024000000000000000E2A00008801000100EBE538007B190000002D000000DF0200001E00D607070500000000000000000000D1073102E7FF00000000010201610E002D00000001610700750200000000000000D10700007B190000DA496900025014501452036C007B00FF130000FFFFFFFFA20600000A00701700001027000000000000000000470000EE0200000000000000000000000000000000000000000000000000000000000000010000000000000000C3A201000000000000
"Fábio Costa",6900151,8928,319,"SC Corinthians Paulista",NORMAL,INTERNAL_PERSON_ID,8928,0x00999F53,False,-1,-1,25773,27536,BA04CDDDAD11CE37,"S|L|L|L|S|S|L|L|L|L|S|Z|REF|L|S|L|L|L|L|L|L|L|S|Z|S|L|S|L|L|L|L|L|L|L|S|Z|",00610070000000000000DE2200001DEDF50505060000004D006100720069007500730000000D0000005300740061006E006B00650076006900630068006900750073000000000000DF2200001EEDF50505070000004400610069006E0069007500730000000900000047006C0065007600650063006B00610073000000000000E02200001FEDF5050506000000560061006C006400610073000000060000005400720061006B00790073000000000000E122000020EDF5050506000000560061006C006400610073000000060000005400720061006B00790073000000000000E222000021EDF50505050000004100690064006100730000000B00000050007200650069006B007300610069007400690073000000000000E322000022EDF5050507000000450064006700610072006100730000000A0000004A0061006E006B006100750073006B00610073000000000000E422000023EDF5050509000000430068007200690073007400690061006E0000000800000041006C00620072006500630068
"Fábio Costa",6900151,8928,319,"SC Corinthians Paulista",NORMAL,PERSON_DATABASE_ID,6900151,0x00615A15,True,-1,-1,4,18867,AB8D338F81D305AE,"I|L|I|I|I|I|I|I|I|I|B|S|REF|S|L|L|L|L|S|I|L|I|I|I|I|B|L|L|L|L|L|L|L|L|S|I|",22000028023A0000080000004D0061007500720069006E0068006F0000000400BD000000DE220000F25D3200000C0000005000610075006C006F002000520065006E00610074006F0000000400BD000000DF22000056AB0400000B0000004600E100620069006F00200043006F0073007400610000000400BD000000E0220000B7496900000600000046006100ED0073006300610000000400BD000000E122000098CB5100000600000058006100760069006500720000000400BD000000E2220000C749690000050000004900730061006100630000000400BD000000E322000036AB0400000500000047006F006D006500730000000400BD000000E422000017CF04000003000000490076006F0000000400BD000000E5220000F5AA0400000D000000530061006E00640072006F00200047006100FA00630068006F0000000400BD000000E622000060AA040000040000004E0065006E00E90000000400BD000000E72200009160320000080000004D00610072006300ED006C0069006F0000000400
"Fábio Costa",6900151,8928,319,"SC Corinthians Paulista",NORMAL,PERSON_DATABASE_ID,6900151,0x00922F20,False,16,46,162,4851,F7BE436DE4C44158,"Z|L|L|B|L|L|L|L|Z|Z|S|S|REF|L|L|L|L|L|L|I|I|S|S|L|S|Z|Z|Z|Z|Z|Z|Z|B|Z|I|Z|",010000D4070AD5180000D50800000000000000FFFFFFFF010001000000A30200000000000000000000DF000000793200000001000100861A4600651900000030000000941100001E00D607020400000000000000000000D407360232FF00000000010203025000CC02000001614F00400000000000000000D407000065190000B74969000270177017420F7D009E00EB130000FFFFFFFFE98717000A9C70170000102700FF1F000000010000460000433C370000000000000000000000000000000000000000000000000000000000000100000000000000003C01000000000000000000000100000000000034003400F6000000F600010000010400D4070400D307FFFFFFFF00FFFFFFFF00FFFFFFFF0066005A000000006C07FFFFFFFFC2BF0000E10D0100D5210000E300B70700BD000000FFFFFFFF0B080000FFFFFFFF0000006C078A000000010000D1070AD6180000A50500000000000000FFFFFFFF01000100000072000000720000003900000000000000E05E0000000100010083B73D006619
"Júlio César Moraes",8825041,69212,322,"CR Flamengo",NORMAL,INTERNAL_PERSON_ID,69212,0x00584C73,True,-1,-1,1385,4,CCBADB20F527FA57,"I|I|I|I|I|I|I|L|I|I|I|B|REF|I|S|L|L|L|L|L|L|L|L|L|S|L|L|I|I|I|I|I|I|I|I|B|",74006F0000000100BD0000005A0E0100CCA88600000E0000004D006900720061006E00640061002000470061007200630065007A0000000100BD0000005B0E0100CFA88600001700000043006F0065006C0068006F0020006400650020004D006F00720061006500730020004A00FA006E0069006F00720000000100BD0000005C0E0100D1A88600001000000042006100720062006F0073006100200043006F007500740069006E0068006F0000000100BD0000005D0E0100D3A88600000E00000053006F0075007A00610020004F006C0069007600650069007200610000000100BD0000005E0E01001CE10400000C000000530061006E0074006F00730020004C00650069007400650000000100BD0000005F0E0100F9A88600001400000046006F007200740075006E00610074006F00200064006F0073002000530061006E0074006F00730000000100BD000000600E0100FAA88600000E000000500065007300730061006E006800610020004100720069006100730000000100BD000000610E01
"Júlio César Moraes",8825041,69212,322,"CR Flamengo",NORMAL,INTERNAL_PERSON_ID,69212,0x0093083E,False,71,116,48782,171,6F706A7B8EEE1CFC,"I|L|L|L|FF|L|L|L|S|L|FF|S|REF|S|L|S|I|Z|L|B|I|I|L|S|S|Z|L|L|L|Z|L|Z|L|B|L|B|",2700000000000000000045000033FB0400000000000000000000000000000000000000000000000000000000000001000000000000000042010000000000000000000001000000000100010001000D0001000D00010000010400D4070400D307FFFFFFFF00FFFFFFFF00FFFFFFFF0066005A000000006C07FFFFFFFFC3BE00005C0E0100122B0000A500BE0700BD0000003602000000000000FFFFFFFF0000006C078F000000010000D1070A9E190000A50500000000000000FFFFFFFF010001000000290000000000000004000000000000006806000000010002030F00000000F2CF06003E1A00000033000000530000001E00D607030400000000000000000000D10720020AFF000000000102016112003602000001610200330000000000000000D10700003E1A0000D1A88600029D0E9D0E32005900780073140000FFFFFFFFB87C00000A00A81600001027000000000000000000000000611400000000000000000000000000000000000000000000000000000000000000010000000000000000
"Júlio César Moraes",8825041,69212,322,"CR Flamengo",NORMAL,PERSON_DATABASE_ID,8825041,0x00584C77,True,-1,-1,4,14833,B7BDE5FA81000B61,"I|I|I|I|I|I|L|I|I|I|B|I|REF|S|L|L|L|L|L|L|L|L|L|S|L|L|I|I|I|I|I|I|I|I|B|L|",00000100BD0000005A0E0100CCA88600000E0000004D006900720061006E00640061002000470061007200630065007A0000000100BD0000005B0E0100CFA88600001700000043006F0065006C0068006F0020006400650020004D006F00720061006500730020004A00FA006E0069006F00720000000100BD0000005C0E0100D1A88600001000000042006100720062006F0073006100200043006F007500740069006E0068006F0000000100BD0000005D0E0100D3A88600000E00000053006F0075007A00610020004F006C0069007600650069007200610000000100BD0000005E0E01001CE10400000C000000530061006E0074006F00730020004C00650069007400650000000100BD0000005F0E0100F9A88600001400000046006F007200740075006E00610074006F00200064006F0073002000530061006E0074006F00730000000100BD000000600E0100FAA88600000E000000500065007300730061006E006800610020004100720069006100730000000100BD000000610E0100FBA886
"Júlio César Moraes",8825041,69212,322,"CR Flamengo",NORMAL,PERSON_DATABASE_ID,8825041,0x0062A289,False,-1,-1,13809,4308,3AB63081C118664F,"L|I|I|L|I|I|I|I|I|I|B|S|REF|S|L|L|L|L|L|L|L|L|S|I|L|I|I|I|I|I|I|I|B|L|L|L|",6100740074006F0000000100BD000000102B0000CCA88600000F0000005200690063006100720064006F0020004D006900720061006E006400610000000100BD000000112B0000CFA8860000120000004A00FA006C0069006F0020004300E90073006100720020004D006F00720061006500730000000100BD000000122B0000D1A88600000E000000440061006E0069006C006F0020005000610067006F0074007400690000000100BD000000132B0000D8D30400000C0000005000610075006C006F00200042006C0061006E0063006F0000000100BD000000142B0000D8A88600000E000000440061006E00690065006C0020004D0061007200710075006500730000000100BD000000152B0000E7A886000006000000440065006C0061006E00690000000100BD000000162B0000F9A88600000D0000004C00E9006F00200046006F007200740075006E00610074006F0000000100BD000000172B0000FAA88600000500000054006F0073006300610000000100BD000000182B0000FBA88600000C
"Júlio César Moraes",8825041,69212,322,"CR Flamengo",NORMAL,PERSON_DATABASE_ID,8825041,0x009308E9,False,16,31,171,75226,9A638F2D6542BE05,"Z|L|L|B|L|L|L|L|Z|Z|S|S|REF|L|L|L|L|L|L|I|I|Z|Z|L|B|Z|Z|Z|Z|Z|Z|Z|B|Z|L|Z|",0A9E190000A50500000000000000FFFFFFFF010001000000290000000000000004000000000000006806000000010002030F00000000F2CF06003E1A00000033000000530000001E00D607030400000000000000000000D10720020AFF000000000102016112003602000001610200330000000000000000D10700003E1A0000D1A88600029D0E9D0E32005900780073140000FFFFFFFFB87C00000A00A81600001027000000000000000000000000611400000000000000000000000000000000000000000000000000000000000000010000000000000000C3A20100000000000000000000010000010400D4076A01D307FFFFFFFF00FFFFFFFF00FFFFFFFF00070005000000006C07FFFFFFFFD0BE00008C020100DD2000004601BA0700BD000000FFFFFFFF00000000FFFFFFFF0000006C0712030000010000D1070A9F190000620B00000000000000FFFFFFFF0100010000001C0000000000000009000000000000008000000000010001007F7402003F1A00000036020000C00000001E00D60707
"Júnior Baiano",6900111,68979,322,"CR Flamengo",NORMAL,INTERNAL_PERSON_ID,68979,0x00582088,True,-1,-1,12284,4,ED870D83409964BF,"I|I|I|I|I|I|I|L|I|I|I|B|REF|I|S|L|L|L|L|S|L|L|I|I|I|I|I|I|I|I|I|I|B|I|I|S|",730000000100BD000000710D010078A40400001100000043006F007500740069006E0068006F002000640061002000530069006C007600610000000100BD000000720D010077A404000015000000460065007200720065006900720061002000520061006D006F00730020004A00FA006E0069006F00720000000100BD000000730D01008F49690000060000004700610072006F007400650000000100BD000000740D010073A40400000F0000004300720075007A006500690072006F0020004C006100640061006700610000000100BD000000750D01006DA4040000070000004B00750063006B0065007200740000000100BD000000760D01006BA40400001200000064006500200048006F006C0061006E00640061002000420065007A00650072007200610000000100BD000000770D010069A404000015000000430061006D0070006F007300200064006500200042006100720072006F00730020004E00650074006F0000000100BD000000780D0100C5E00400000E0000004200610072007200
"Júnior Baiano",6900111,68979,322,"CR Flamengo",NORMAL,INTERNAL_PERSON_ID,68979,0x00920D89,False,71,65,19801,214,3483BB7C7B2E895D,"L|L|L|L|FF|L|L|L|S|L|FF|S|REF|S|L|S|I|I|L|B|I|L|L|S|S|Z|L|L|L|B|Z|Z|L|B|I|I|",2700FF3F0000000000004C00006DFA010000000000000000000000000000000000000000000000000000000000000100000000000000004201000000000000000000000108000800480017001700A8004800A800010000010400D4070400D307FFFFFFFF00FFFFFFFF00FFFFFFFF0066005A000000006C07FFFFFFFF2ABF0000730D01009E2500004800B20700BD000000080300001B020000FFFFFFFF0000006C078F000000010400D4070ABB180000D90800000000000000FFFFFFFF0100010000007A0100000000000000000000000000007A0700000001000100A40902004B1900000033000000D80900006D01D407030400000000000000000400D40719024BFF000000000108000A6400FFFFFFFF030164002C0B000001043C0037000000016102005400000002620200370000000161030037000000016101000803000002611B00BD0000000000000400D40700004B1900008F496900026A186A180A0F7E008C00D3130000FFFFFFFFC43F0D000A007017000010270000000000000000004700
"Júnior Baiano",6900111,68979,322,"CR Flamengo",NORMAL,PERSON_DATABASE_ID,6900111,0x0058208C,True,-1,-1,4,9850,B299F8C04297E0BA,"I|I|I|I|I|I|L|I|I|I|B|I|REF|S|L|L|L|L|S|L|L|I|I|I|I|I|I|I|I|I|I|B|I|I|S|L|",0100BD000000710D010078A40400001100000043006F007500740069006E0068006F002000640061002000530069006C007600610000000100BD000000720D010077A404000015000000460065007200720065006900720061002000520061006D006F00730020004A00FA006E0069006F00720000000100BD000000730D01008F49690000060000004700610072006F007400650000000100BD000000740D010073A40400000F0000004300720075007A006500690072006F0020004C006100640061006700610000000100BD000000750D01006DA4040000070000004B00750063006B0065007200740000000100BD000000760D01006BA40400001200000064006500200048006F006C0061006E00640061002000420065007A00650072007200610000000100BD000000770D010069A404000015000000430061006D0070006F007300200064006500200042006100720072006F00730020004E00650074006F0000000100BD000000780D0100C5E00400000E00000042006100720072006F007300
"Júnior Baiano",6900111,68979,322,"CR Flamengo",NORMAL,PERSON_DATABASE_ID,6900111,0x0061BF85,False,-1,-1,5969,1509,7FBA46A166EEB79F,"L|I|I|I|I|I|I|I|I|I|B|S|REF|S|L|L|L|S|I|L|I|I|I|I|B|L|L|L|L|L|L|L|S|L|L|L|",009B250000F2DA04000006000000430061006A0075007200750000000100BD0000009C250000F5DA0400000B0000004D0069006C0074006F006E00200064006F002000D30000000100BD0000009D25000094496900000D0000004A00FA006E0069006F007200200042006100690061006E006F0000000100BD0000009E2500008F4969000004000000540075007400690000000100BD0000009F250000FFDA040000060000005000690063006F006C00690000000100BD000000A02500008C4969000006000000440079006B0073006F006E0000000100BD000000A125000003DB040000140000004300610072006C006F007300200041006C0062006500720074006F002000530069006C007600610000000100BD000000A22500008B49690000070000004500640065007200760061006E0000000100BD000000A32500007E4969000009000000530069006C006600610072006C006500790000000100BD000000A42500007B496900000800000052006F006D00750061006C0064006F0000000100BD
"Júnior Baiano",6900111,68979,322,"CR Flamengo",NORMAL,PERSON_DATABASE_ID,6900111,0x00920E5F,False,99,31,214,8223,350BF93BF83F1F9B,"L|L|L|L|L|L|L|L|Z|I|S|S|REF|L|L|L|L|L|L|I|I|Z|Z|L|S|Z|Z|Z|Z|Z|Z|Z|B|Z|I|Z|",000001000100A40902004B1900000033000000D80900006D01D407030400000000000000000400D40719024BFF000000000108000A6400FFFFFFFF030164002C0B000001043C0037000000016102005400000002620200370000000161030037000000016101000803000002611B00BD0000000000000400D40700004B1900008F496900026A186A180A0F7E008C00D3130000FFFFFFFFC43F0D000A00701700001027000000000000000000470000D061190000000000000000000000000000000000000000000000000000000000000100000000000000004D010000000000000000000001000000000000260026008A0000008A00010000010400D4070400D307FFFFFFFF00FFFFFFFF00FFFFFFFF0066005A000000006C07FFFFFFFFFDBE0000C40201001E2100005400B60700BD0000005103000000000000FFFFFFFF0000006C079A000000010400D4070ABC180000CD0A00000000000000FFFFFFFF010001000000A6000000A60000005300000000000000633300000001000100D06119004C19
"Luciano Ratinho",6900008,68719,319,"SC Corinthians Paulista",SPECIAL_LST,INTERNAL_PERSON_ID,68719,0x0057F088,True,-1,-1,17326,4,13DCEF3244EEBFB7,"S|B|I|I|I|I|I|I|I|I|I|B|REF|I|S|L|L|L|S|L|L|L|S|B|I|I|I|I|I|I|I|I|B|L|L|L|",00004600650072007200650069007200610020004A006F00620069006D0000000100BD0000006D0C01004ADF040000080000005000610067006C0069006F007300610000000100BD0000006E0C01004CDF040000100000004600650072007200650069007200610020004700610062007200690065006C0000000100BD0000006F0C01002849690000070000004200720075006E006F0072006F0000000100BD000000700C01002949690000110000006400610073002000560069007200670065006E007300200041006C0076006500730000000100BD000000710C010051DF04000010000000640061002000530069006C00760061002000510075006500690072006F007A0000000100BD000000720C010052DF0400000C0000004E0075006E0065007300200043006F0065006C0068006F0000000100BD000000730C01002F496900000E000000430061007200760061006C0068006F002000540069006E0065006C0000000100BD000000740C010053DF040000080000004C006100720065006E00
"Luciano Ratinho",6900008,68719,319,"SC Corinthians Paulista",SPECIAL_LST,INTERNAL_PERSON_ID,68719,0x0091BF4F,False,71,116,50714,225,3BE19BAAFDAA7290,"I|L|L|L|FF|L|L|L|S|L|FF|S|REF|S|L|S|S|Z|L|B|I|L|L|S|S|Z|L|L|L|L|L|Z|L|B|L|B|",27000000000000000000450000D540020000000000000000000000000000000000000000000000000000000000000100000000000000003F010000000000000000000001000000000000040004002A0000002A00010000010400D4070300D407FFFFFFFF00FFFFFFFF00FFFFFFFF00070040000000006C07FFFFFFFFB9BE00006F0C0100C32500002201BB0700BD0000003800000000000000FFFFFFFF0000006C079100000001C900D1070A7A1800006A0600000000000000FFFFFFFF020001000000E50000002D0000001600000000000000121D000000010002030F00000000706949000A1900000030000000CB010000C900D50707050000000000000000C900D1073502E7FF00000001FFFFFFFF0204000A1900000035000000CB0100006D01D407040000000000000000000B01D30764FF00FF0000000001030161270030000000016113003800000001612C0035000000000000C900D10700000A1900002849690001C21AC21AE6149C00A40000000000ED040000C8BE0000700C0100FFFFFFFF
"Luciano Ratinho",6900008,68719,319,"SC Corinthians Paulista",SPECIAL_LST,PERSON_DATABASE_ID,6900008,0x0057F08C,True,-1,-1,4,12284,23792D537BABB3E9,"B|I|I|I|I|I|I|I|I|I|B|I|REF|S|L|L|L|S|L|L|L|S|B|I|I|I|I|I|I|I|I|B|L|L|L|L|",650072007200650069007200610020004A006F00620069006D0000000100BD0000006D0C01004ADF040000080000005000610067006C0069006F007300610000000100BD0000006E0C01004CDF040000100000004600650072007200650069007200610020004700610062007200690065006C0000000100BD0000006F0C01002849690000070000004200720075006E006F0072006F0000000100BD000000700C01002949690000110000006400610073002000560069007200670065006E007300200041006C0076006500730000000100BD000000710C010051DF04000010000000640061002000530069006C00760061002000510075006500690072006F007A0000000100BD000000720C010052DF0400000C0000004E0075006E0065007300200043006F0065006C0068006F0000000100BD000000730C01002F496900000E000000430061007200760061006C0068006F002000540069006E0065006C0000000100BD000000740C010053DF040000080000004C006100720065006E0074006900
"Luciano Ratinho",6900008,68719,319,"SC Corinthians Paulista",SPECIAL_LST,PERSON_DATABASE_ID,6900008,0x0061C56A,False,-1,-1,1509,8059,E298AA3B948DE361,"I|I|I|I|I|I|I|I|I|I|B|S|REF|S|L|L|L|L|L|L|L|S|I|L|I|I|I|I|I|B|L|L|L|L|L|L|",000052006F006D0065007200690074006F0000000100BD000000C125000033496900000D000000410064007200690061006E006F002000520061006D006F00730000000100BD000000C225000048C00400000F0000004C0075006300690061006E006F00200052006100740069006E0068006F0000000100BD000000C325000028496900000C000000C900640073006F006E00200042006100730074006F00730000000100BD000000C425000046C004000008000000430061006C006400650069007200610000000100BD000000C525000044C00400000D0000004D0061006E006F0065006C0020004100640065006C006D006F0000000100BD000000C625000087DB0400001000000043006C0061007500640069006E0068006F00200042006100690061006E006F0000000100BD000000C725000024496900000B00000041006E0064007200E90020004300650061007200E10000000100BD000000C825000040C00400000F0000004D0061007200630065006C006F00200056006100630061007200
"Luciano Ratinho",6900008,68719,319,"SC Corinthians Paulista",SPECIAL_LST,PERSON_DATABASE_ID,6900008,0x0091C030,False,60,84,225,19801,F42FB2CE3F0A3FC0,"L|B|L|L|L|L|L|L|Z|L|S|S|REF|L|L|S|L|L|L|L|L|I|B|FF|Z|FF|L|S|S|L|L|L|Z|FF|Z|Z|",706949000A1900000030000000CB010000C900D50707050000000000000000C900D1073502E7FF00000001FFFFFFFF0204000A1900000035000000CB0100006D01D407040000000000000000000B01D30764FF00FF0000000001030161270030000000016113003800000001612C0035000000000000C900D10700000A1900002849690001C21AC21AE6149C00A40000000000ED040000C8BE0000700C0100FFFFFFFF1B00B10700BD000000FFFFFFFF00000000FFFFFFFF0000006C079A000000080000D1070A7B180000FFFFFFFF0000000000FFFFFFFF0000000000000000D10700000B19000029496900022C1A2C1AAA0585008D009A130000FFFFFFFFD1E511000A009C1D000010270000000000000000004700001C01330000000000000000000000000000000000000000000000000000000000000100000000000000004701000000000000000000000105000500330006000600520033005200010000010400D4070700D407FFFFFFFF00FFFFFFFF00FFFFFFFF0006005A000000006C07FFFF
"Marcelo Magalhães",302580,69515,319,"SC Corinthians Paulista",SPECIAL_LST,INTERNAL_PERSON_ID,69515,0x00588668,True,-1,-1,14833,4,3737CD0E619C30A2,"S|B|I|I|I|I|I|I|L|I|I|B|REF|I|S|L|L|L|L|L|L|L|L|S|L|L|L|S|B|I|I|I|I|B|I|I|",69006C006C00690020004A00FA006E0069006F00720000000100BD000000890F0100F99D0400000C00000044006100750064006900200047006100730070006100720000000100BD0000008A0F01005F5F3200001000000047006100720063006900610020004D006100670061006C006800E3006500730000000100BD0000008B0F0100F49D040000110000005200690062006500690072006F00200047006F006E00E70061006C0076006500730000000100BD0000008C0F01005E5F32000006000000590061006D0061006400610000000100BD0000008D0F01005D5F3200000B000000440069006E0069007A002000530069006C007600610000000100BD0000008E0F01005A5F3200000E00000050006500720065006900720061002000530075007200630069006E0000000100BD0000008F0F0100575F3200000F00000050006F007A007A006900200052006F00640072006900670075006500730000000100BD000000900F0100565F3200001F0000006400650020004A0065007300FA007300
"Marcelo Magalhães",302580,69515,319,"SC Corinthians Paulista",SPECIAL_LST,INTERNAL_PERSON_ID,69515,0x00797809,False,71,64,38801,228,9B0CCA94A9ED68A3,"I|L|L|L|FF|L|L|L|S|L|FF|S|REF|S|L|S|S|Z|L|B|I|L|L|S|S|Z|L|L|L|Z|Z|Z|L|B|I|I|",27000000000000000000490000C644010000000000000000000000000000000000000000000000000000000000000100000000000000003F01000000000000000000000100000000000001000100180000001800010000010400D4070300D407FFFFFFFF00FFFFFFFF00FFFFFFFF00070040000000006C07FFFFFFFFA8BE00008B0F0100CD290000DA00BB0700BD0000003800000000000000FFFFFFFF0000006C079100000001B500D2070A20030000F30800000000000000FFFFFFFF0200010000001B000000000000000000000000000000DB1500000001000100986D27003C03000000300000000E0100006C01D50707050000000000000000B500D2073202E7FF00000001FFFFFFFF0204003C03000000350000000E0100006D01D407040000000000000000000B01D30764FF00FF000000000104016116003000000001610F0044000000016101003800000001611B0035000000000000B500D20700003C030000F49D0400027C157C15480584009F00BD020000FFFFFFFFFA290F000A009C1D00
"Marcelo Magalhães",302580,69515,319,"SC Corinthians Paulista",SPECIAL_LST,PERSON_DATABASE_ID,302580,0x0058866C,True,-1,-1,4,27137,4857C02E8EA4A91D,"B|I|I|I|I|I|I|L|I|I|B|I|REF|S|L|L|L|L|L|L|L|L|S|L|L|L|S|B|I|I|I|I|B|I|I|S|",6C00690020004A00FA006E0069006F00720000000100BD000000890F0100F99D0400000C00000044006100750064006900200047006100730070006100720000000100BD0000008A0F01005F5F3200001000000047006100720063006900610020004D006100670061006C006800E3006500730000000100BD0000008B0F0100F49D040000110000005200690062006500690072006F00200047006F006E00E70061006C0076006500730000000100BD0000008C0F01005E5F32000006000000590061006D0061006400610000000100BD0000008D0F01005D5F3200000B000000440069006E0069007A002000530069006C007600610000000100BD0000008E0F01005A5F3200000E00000050006500720065006900720061002000530075007200630069006E0000000100BD0000008F0F0100575F3200000F00000050006F007A007A006900200052006F00640072006900670075006500730000000100BD000000900F0100565F3200001F0000006400650020004A0065007300FA00730020004E00
"Marcelo Magalhães",302580,69515,319,"SC Corinthians Paulista",SPECIAL_LST,PERSON_DATABASE_ID,302580,0x00626C98,False,-1,-1,653,13809,407221BF574D5FA1,"I|I|I|I|I|I|I|L|I|I|B|S|REF|S|L|L|L|L|L|L|S|I|L|I|I|L|I|I|I|I|I|I|I|B|S|I|",4C0075006300690061006E006F0000000100BD000000CB290000009E0400000D000000440061006E0069006C006F002000530061006E0074006F00730000000100BD000000CC290000FE9D040000110000004D0061007200630065006C006F0020004D006100670061006C006800E3006500730000000100BD000000CD290000F49D0400000A0000004C00750069007A0020004D00E100720069006F0000000100BD000000CE290000F39D0400000F00000041006400ED006C0073006F006E002000420061007400690073007400610000000100BD000000CF290000E69D0400000A0000004100720074007500720020004E00650074006F0000000100BD000000D0290000E09D04000005000000530065006E006E00610000000100BD000000D1290000DE9D04000008000000C900770065007200740068006F006E0000000100BD000000D2290000CA9D0400000B0000004600E100620069006F0020004D0065006C006C006F0000000100BD000000D3290000969D040000040000004100780065006C
"Marcelo Magalhães",302580,69515,319,"SC Corinthians Paulista",SPECIAL_LST,PERSON_DATABASE_ID,302580,0x007978ED,False,68,31,228,6868,ACC8709F6E5BA70B,"L|L|L|L|L|L|L|L|Z|L|S|S|REF|L|L|L|L|L|L|I|I|Z|Z|L|S|Z|Z|Z|Z|Z|Z|Z|B|Z|I|Z|",00300000000E0100006C01D50707050000000000000000B500D2073202E7FF00000001FFFFFFFF0204003C03000000350000000E0100006D01D407040000000000000000000B01D30764FF00FF000000000104016116003000000001610F0044000000016101003800000001611B0035000000000000B500D20700003C030000F49D0400027C157C15480584009F00BD020000FFFFFFFFFA290F000A009C1D000010270000000000000000004A00003400320000000000000000000000000000000000000000000000000000000000000100000000000000003F01000000000000000000000102000200440002000200440044004400010000010400D4070600D407FFFFFFFF00FFFFFFFF00FFFFFFFF0007005A000000006C07FFFFFFFF28C500009A050100CF2000007500BC0700BD000000FFFFFFFF00000000FFFFFFFF0000006C078C000000010000D1070A21030000A50500000000000000FFFFFFFF010001000000CD000000000000000000000000000000A81C000000010002030F0000000092
"Reginaldo Araújo",3300780,50358,322,"CR Flamengo",SPECIAL_LST,INTERNAL_PERSON_ID,50358,0x002F51E4,True,-1,-1,2914,4,643066233A8E5BE4,"I|I|I|I|I|I|I|I|I|I|I|B|REF|I|S|L|L|L|L|L|L|S|L|L|L|S|B|I|L|I|I|I|I|B|L|L|",4100750067007500730074006F0000000100BD000000B4C40000975D3200000F000000460065006C0069007000650020005200650069006E0061006C0064006F0000000100BD000000B5C400009A5D3200001100000041006E007400F4006E0069006F00200052006500670069006E0061006C0064006F0000000100BD000000B6C40000AC5D3200000D0000004A006F0072006700650020004D0061007200630065006C006F0000000100BD000000B7C40000AD5D3200000D0000004A0065007300FA007300200043006C006500690074006F006E0000000100BD000000B8C40000B05D3200000F0000004100750067007500730074006F0020004A0075006300E9006C0069006F0000000100BD000000B9C40000C55D3200000C0000004A006F007300E90020004C0069006300ED006E0069006F0000000100BD000000BAC40000C85D3200000D000000530061006E00640072006F0020004A00FA006E0069006F00720000000100BD000000BBC40000C95D320000180000004600720061006E006300
"Reginaldo Araújo",3300780,50358,322,"CR Flamengo",SPECIAL_LST,INTERNAL_PERSON_ID,50358,0x004DA78D,False,-1,-1,2160,1707,1914B2FF10A15CA8,"L|L|S|L|L|L|S|B|I|L|I|B|REF|I|S|L|L|L|L|S|L|L|I|I|I|I|I|I|B|S|I|S|L|L|L|L|",0000B2C40000392573000005000000540075006C006500610000000100A4000000B3C400003C25730000060000004D006900740069007400690000000100A4000000B4C400003D257300000600000050006500720064006500690000000100A4000000B5C40000DE905B000004000000540069006300E30000000100A4000000B6C400003F25730000060000005000EE0072006A006F006C0000000100A4000000B7C4000042257300000700000042006F006700680069006300690000000100A4000000B8C40000C71D7300000600000045006C00690073006500690000000100A4000000B9C40000452573000006000000430068006500740061006E0000000100A4000000BAC4000047257300000A00000050006C0065006E0069006300650061006E00750000000100A4000000BBC400004825730000050000005300650070007300690000000100A4000000BCC40000492573000006000000420075007A00650061006E0000000100A4000000BDC400004A25730000060000004300690075006D00
"Reginaldo Araújo",3300780,50358,322,"CR Flamengo",SPECIAL_LST,INTERNAL_PERSON_ID,50358,0x008D79A0,False,66,69,12542,232,12EAA8B6551E4920,"I|I|L|L|L|FF|L|L|L|S|L|FF|REF|I|S|L|S|S|Z|L|B|I|I|L|S|S|Z|L|L|L|B|Z|Z|L|L|I|",1C00001027000000000000000000480000FB6C0900000000000000000000000000000000000000000000000000000000000001000000000000000048990100000000000000000001000000000000050005008A0000008A00010000010400D4070700D407FFFFFFFF00FFFFFFFF00FFFFFFFF0006005A000000006C07FFFFFFFFB6C4000078120100A32800001201B90700BD0000004000000000000000FFFFFFFF0000006C078F000000010000D1070AF8140000820A00000000000000FFFFFFFF020001000000D90100000000000000000000000000003B590000D0010001009BDF750064150000000D020000560C00001E00D607070500000000000000000000D1073302E7FF00000001FFFFFFFF020400641500000033000000560C00006D01D407030400000000000000000B01D30764FF0AFF000000000104016131000D02000001610D0042000000016139004000000001613600330000000000000000D107000064150000AC5D320002C819C819DA0574009400A8100000FFFFFFFFA7EE06000A
"Reginaldo Araújo",3300780,50358,322,"CR Flamengo",SPECIAL_LST,PERSON_DATABASE_ID,3300780,0x002F51E8,True,-1,-1,4,2101,72F10462B3D8849F,"I|I|I|I|I|I|I|I|I|I|B|S|REF|S|L|L|L|L|L|L|S|L|L|L|S|B|I|L|I|I|I|I|B|L|L|L|",67007500730074006F0000000100BD000000B4C40000975D3200000F000000460065006C0069007000650020005200650069006E0061006C0064006F0000000100BD000000B5C400009A5D3200001100000041006E007400F4006E0069006F00200052006500670069006E0061006C0064006F0000000100BD000000B6C40000AC5D3200000D0000004A006F0072006700650020004D0061007200630065006C006F0000000100BD000000B7C40000AD5D3200000D0000004A0065007300FA007300200043006C006500690074006F006E0000000100BD000000B8C40000B05D3200000F0000004100750067007500730074006F0020004A0075006300E9006C0069006F0000000100BD000000B9C40000C55D3200000C0000004A006F007300E90020004C0069006300ED006E0069006F0000000100BD000000BAC40000C85D3200000D000000530061006E00640072006F0020004A00FA006E0069006F00720000000100BD000000BBC40000C95D320000180000004600720061006E00630069007300
"Reginaldo Araújo",3300780,50358,322,"CR Flamengo",SPECIAL_LST,PERSON_DATABASE_ID,3300780,0x00591479,False,-1,-1,9228,141622,D88CBD3F44D252F1,"B|I|I|I|I|I|I|L|I|I|B|I|REF|S|L|L|L|L|L|L|L|L|L|S|L|L|L|S|B|I|I|I|I|I|I|B|",69006C007600610000000100BD000000761201009C5D32000011000000530061007400750072006E0069006E006F0020006400610020004300720075007A0000000100BD00000077120100A65D320000100000004D00610074006900610073002000640065002000410072006100FA006A006F0000000100BD00000078120100AC5D3200001300000043006100720072006F00630069006500720069002000640061002000530069006C007600610000000100BD00000079120100799C8000000D000000530065006C0065007300200042006100720062006F007300610000000100BD0000007A1201006A4E0200000E00000056006900650069007200610020004C006F0075007A0061006400610000000100BD0000007B120100054C0200000800000047006F006E007A00E1006C0065007A0000002800BE0000007C120100B91C500000050000004D007500F1006F007A0000001900BE0000007D120100CED18600000500000052006F006A006100730000001200BE0000007E120100132350000004
"Reginaldo Araújo",3300780,50358,322,"CR Flamengo",SPECIAL_LST,PERSON_DATABASE_ID,3300780,0x00623BFC,False,-1,-1,2266,11791,A38F25FC47F60BF6,"B|I|I|I|I|I|I|L|I|I|B|S|REF|S|L|L|L|S|L|L|L|S|B|I|I|B|L|L|L|L|L|L|L|L|L|S|",00005300630068006E006500690064006500720000000100BD000000A1280000E4CE0400000B000000460065006C0069007000650020004D0065006C006F0000000100BD000000A2280000E5CE0400001000000052006500670069006E0061006C0064006F002000410072006100FA006A006F0000000100BD000000A3280000AC5D320000070000004D0061006E00740065006E00610000000100BD000000A4280000B85D320000050000004900620073006F006E0000000100BD000000A5280000E7CE040000070000004A0075006300E9006C0069006F0000000100BD000000A6280000C55D32000005000000420061006C00E3006F0000000100BD000000A7280000C95D32000006000000430061006D0065007400E10000000100BD000000A8280000D05D320000100000004D00E1007200630069006F002000430061007300740061006E00680061006C0000000100BD000000A9280000D45D32000008000000410075006500630069006F006E00650000000100BD000000AA280000E05D320000
"Reginaldo Araújo",3300780,50358,322,"CR Flamengo",SPECIAL_LST,PERSON_DATABASE_ID,3300780,0x008D7A88,False,16,31,232,16358,1ABC834B104D0379,"L|L|L|L|L|L|L|L|Z|Z|S|S|REF|L|L|L|L|L|L|I|I|Z|Z|L|S|Z|Z|Z|Z|Z|Z|Z|B|Z|L|Z|",000D020000560C00001E00D607070500000000000000000000D1073302E7FF00000001FFFFFFFF020400641500000033000000560C00006D01D407030400000000000000000B01D30764FF0AFF000000000104016131000D02000001610D0042000000016139004000000001613600330000000000000000D107000064150000AC5D320002C819C819DA0574009400A8100000FFFFFFFFA7EE06000A00381C0000CE26000000000000000000490000A3230B000000000000000000000000000000000000000000000000000000000000010000000000000000A6B90400000000000000000001000000000000020002004A0000004A00010000010400D4070500D407FFFFFFFF00FFFFFFFF00FFFFFFFF0006004D000000006C07FFFFFFFFB7C400007D02010016210000FC00B70700BD0000003300000000000000FFFFFFFF0000006C07D9040000010000D4070AF9140000370400000000000000FFFFFFFF01000100000099000000000000003300000000000000161500000001000100A1C223006515
"Rosinei",316596,50913,319,"SC Corinthians Paulista",NORMAL,INTERNAL_PERSON_ID,50913,0x002FB1CD,True,-1,-1,22444,4,91F8CFCEAB4C7876,"L|L|S|L|L|I|I|I|I|I|I|B|REF|I|S|L|L|L|L|L|L|L|L|S|L|L|I|I|I|I|I|I|I|I|I|I|",00A7D40400000E000000410072006E0061006C0064006F0020004B0065006C00760069006E0000000100BD000000DFC60000A8D40400000D00000048006F006D0061006C006C0065007900200041006C006500780000000100BD000000E0C60000AAD40400000700000052006F00730069006E006500690000000100BD000000E1C60000B4D40400000E000000540068006900610067006F00200041006E007400F4006E0069006F0000000100BD000000E2C60000B6D404000012000000560069006E00ED0063006900750073002000410070006100720065006300690064006F0000000100BD000000E3C60000B8D40400000C00000041006E0064007200E90020004600610062006900E3006F0000000100BD000000E4C60000BED40400001000000041006E007400F4006E0069006F0020004E00610072006300E9006C0069006F0000000100BD000000E5C60000BFD40400000600000045006C00690074006F006E0000000100BD000000E6C60000C4D40400000E0000004600E100620069006F00
"Rosinei",316596,50913,319,"SC Corinthians Paulista",NORMAL,INTERNAL_PERSON_ID,50913,0x004DF4F6,False,-1,-1,18110,11916,0C7108BE1BDC94FF,"L|L|L|S|L|L|I|I|I|I|I|B|REF|I|S|L|L|L|L|L|S|L|L|I|I|I|I|I|I|I|I|B|S|I|S|L|",00000052007500640065006E006B006F0000000300A5000000DEC600009D9307000007000000520075006200740073006F00760000000300A5000000DFC60000392C7B0000080000004D007500730074006100660069006E0000000300A5000000E0C60000F893070000050000005A0069006D0069006E0000000300A5000000E1C6000088905B0000080000004D006F007A0067006F0076006F00790000000300A5000000E2C60000922C7B00000B00000053007400610072006F0076006F00690074006F00760000000300A5000000E3C60000DF2C7B0000090000004700610072006D006100730068006F00760000000300A5000000E4C60000164807000008000000430068007500640061006B006F00760000000300A5000000E5C60000409407000008000000500061006E006600650072006F00760000000300A5000000E6C60000FF3F070000080000005300610072007900630068006500760000000300A5000000E7C600009F94070000090000004B006100630068006D0061007A006F0076
"Rosinei",316596,50913,319,"SC Corinthians Paulista",NORMAL,INTERNAL_PERSON_ID,50913,0x0083F3F6,False,51,120,19190,158,BD359172897CBF15,"Z|Z|L|L|L|FF|L|L|L|S|L|FF|REF|I|S|L|S|L|B|L|B|I|I|L|S|S|Z|L|L|L|L|L|Z|L|L|L|",00E6090000FFFFFFFF02D102000A00A81B000010270000000000000000004300009B04030000000000000000000000000000000000000000000000000000000000000100000000000000003F010000000000000000000000010000010400D4070700D407FFFFFFFF00FFFFFFFF00FFFFFFFF0006005A000000006C07FFFFFFFFE1C60000DC0701007C2B00007A00BF0700BD000000FFFFFFFF00000000FFFFFFFF0000006C078C000000010000D4070ADE0C0000913300000000000000FFFFFFFF0100010000001A0000000700000003000000000000006400000048010002030F00000000FA4D0300280D000000300000004B0000006C00D607030400000000000000000000D40736024BFF00000000000000000000D4070000280D0000B4D404000296009600320043008100E7090000FFFFFFFF401F00000A00E015000010270000000000000000000000002516000000000000000000000000000000000000000000000000000000000000000100000000000000003F010000000000000000000000
"Rosinei",316596,50913,319,"SC Corinthians Paulista",NORMAL,INTERNAL_PERSON_ID,50913,0x00A9878F,False,-1,-1,51381,1755,87B4DBF1E0404F0B,"L|L|S|S|I|L|L|L|L|L|L|S|REF|I|L|L|L|L|L|L|S|S|I|L|L|L|L|L|L|S|S|I|L|L|L|L|",0000C9C60000015C2B0000CBC600000123210000CCC60000010D210000D1C6000001642B0000D3C6000001FA240000D4C6000001652B0000D6C60000013A210000D8C6000001712B0000D9C6000001C7230000DAC6000001732B0000DCC60000011F210000DDC6000001C7220000DFC6000001742B0000E0C6000001792B0000E1C60000017C2B0000E2C6000001EF200000E7C6000001D4200000E9C60000019C2B0000EAC60000019D210000EEC600000147210000EFC6000001A5210000F0C600000133210000F1C600000123230000F2C6000001FB200000F4C600000117210000F5C60000011D210000F7C6000001C52B0000F8C6000001C42B0000FBC6000001CE200000FCC6000001B72B000000C7000001CC20000001C70000012922000002C7000001B82B000003C7000001C82B000004C7000001EE20000005C7000001D12B000006C70000010522000007C7000001EC2B000008C7000001FB2B000009C7000001922100000AC7000001092C00000DC7000001CF2000000EC70000012D2700
"Rosinei",316596,50913,319,"SC Corinthians Paulista",NORMAL,PERSON_DATABASE_ID,316596,0x002FB1D1,True,-1,-1,4,14526,83574898B3F76FB3,"L|S|L|L|I|I|I|I|I|I|B|S|REF|S|L|L|L|L|L|L|L|L|S|L|L|I|I|I|I|I|I|I|I|I|I|B|",00000E000000410072006E0061006C0064006F0020004B0065006C00760069006E0000000100BD000000DFC60000A8D40400000D00000048006F006D0061006C006C0065007900200041006C006500780000000100BD000000E0C60000AAD40400000700000052006F00730069006E006500690000000100BD000000E1C60000B4D40400000E000000540068006900610067006F00200041006E007400F4006E0069006F0000000100BD000000E2C60000B6D404000012000000560069006E00ED0063006900750073002000410070006100720065006300690064006F0000000100BD000000E3C60000B8D40400000C00000041006E0064007200E90020004600610062006900E3006F0000000100BD000000E4C60000BED40400001000000041006E007400F4006E0069006F0020004E00610072006300E9006C0069006F0000000100BD000000E5C60000BFD40400000600000045006C00690074006F006E0000000100BD000000E6C60000C4D40400000E0000004600E100620069006F0020004600
"Rosinei",316596,50913,319,"SC Corinthians Paulista",NORMAL,PERSON_DATABASE_ID,316596,0x00571057,False,-1,-1,31429,32210,5F846CD95FA1B753,"S|L|L|L|S|B|I|I|I|I|B|I|REF|S|L|L|L|L|L|L|S|L|L|L|S|B|I|I|I|I|I|I|I|I|I|I|",6900720061002000640065002000530061006E00740061006E0061002000430061006D0070006F00730000000100BD000000DA070100B8D40400000A000000430061006D007000610067006E00610072006F0000000100BD000000DB070100B6D404000006000000410064006F006C0066006F0000000100BD000000DC070100B4D40400000D00000053006100720074006F0072006900200043006F0073007400610000000100BD000000DD070100B2D4040000120000004D0069006F006E006100200056006100720065006C006100200043006F0073007400610000000100BD000000DE070100B1D4040000100000004600650072006E0061006E00640065007300200041006D006F00720069006D0000000100BD000000DF070100D3E6040000110000004200610072006E006F0073006100200046006F007200740075006E00610074006F0000000100BD000000E0070100ABD4040000100000004600720065006900740061007300200064006100200043006F0073007400610000000100BD0000
"Rosinei",316596,50913,319,"SC Corinthians Paulista",NORMAL,PERSON_DATABASE_ID,316596,0x0062B35D,False,-1,-1,4308,3090,932199B93F0B4383,"L|S|I|L|I|I|I|I|I|I|B|S|REF|S|L|L|L|L|L|S|L|L|L|S|B|I|I|I|I|I|I|B|S|I|S|L|",00BD000000792B0000AAD404000005000000560069006C006C00610000000100BD0000007A2B0000B2D40400001000000041006C0065007300730061006E00640072006F0020004C006F0070006500730000000100BD0000007B2B000030B98600000700000052006F00730069006E006500690000000100BD0000007C2B0000B4D40400000B000000440061006E00690065006C002000560069006500720000000100BD0000007D2B0000A1BB8600000A0000004200720075006E006F002000480065007000700000000100BD0000007E2B0000A3BB86000009000000420061006C007400680061007A006100720000000100BD0000007F2B0000ADBB8600000900000041006E0074006F006E0065006C006C006F0000000100BD000000802B0000BABB8600000D0000005000610075006C006F00200052006F006700E900720069006F0000000100BD000000812B0000BBBB8600001000000044006F00750067006C006100730020004200610074006100740061006900730000000100BD000000822B
"Rosinei",316596,50913,319,"SC Corinthians Paulista",NORMAL,PERSON_DATABASE_ID,316596,0x0083F494,False,18,31,158,17471,25EEEBC0A8CE2815,"B|B|L|S|Z|Z|L|S|Z|Z|S|S|REF|L|L|L|L|L|L|I|I|Z|Z|L|B|Z|Z|Z|Z|Z|Z|Z|B|Z|I|Z|",FFFFFF0000006C078C000000010000D4070ADE0C0000913300000000000000FFFFFFFF0100010000001A0000000700000003000000000000006400000048010002030F00000000FA4D0300280D000000300000004B0000006C00D607030400000000000000000000D40736024BFF00000000000000000000D4070000280D0000B4D404000296009600320043008100E7090000FFFFFFFF401F00000A00E015000010270000000000000000000000002516000000000000000000000000000000000000000000000000000000000000000100000000000000003F010000000000000000000000010000010400D4070400D307FFFFFFFF00FFFFFFFF00FFFFFFFF0066005A000000006C07FFFFFFFFC1BE000015020100F2210000A200BF0700BD000000FFFFFFFF00000000FFFFFFFF0000006C07A2080000010000D1070ADF0C0000FFFFFFFF0000000000FFFFFFFF010001000000250000000700000003000000000000001500000000010002030A000000008DC20000290D000000300000004B000000
