reference_kind,signature_hash,occurrence_count,distinct_players,flamengo_players,corinthians_players,normal_players,special_status_players,min_previous_zero_run_distance,max_previous_zero_run_distance,min_next_zero_run_distance,max_next_zero_run_distance,assessment,player_names,structural_signature
INTERNAL_PERSON_ID,87B4DBF1E0404F0B,4,4,0,4,4,0,-1,-1,-1,-1,SAME_CLUB_OR_VARIANT_CLUSTER,"Bruno Octávio | Dinélson | Édson Araújo | Rosinei","L|L|S|S|I|L|L|L|L|L|L|S|REF|I|L|L|L|L|L|L|S|S|I|L|L|L|L|L|L|S|S|I|L|L|L|L|"
INTERNAL_PERSON_ID,4112AC0468D489DA,5,1,0,1,1,0,-1,-1,-1,-1,ISOLATED_LAYOUT,"Édson Araújo","I|I|B|L|L|L|L|L|L|L|L|L|REF|L|L|I|I|I|I|I|I|B|I|I|S|L|L|L|L|L|S|L|L|I|I|I|"
INTERNAL_PERSON_ID,4980D99F7FED33F9,5,1,0,1,1,0,-1,-1,-1,-1,ISOLATED_LAYOUT,"Édson Araújo","I|I|I|I|B|I|I|S|L|L|L|L|REF|L|L|I|I|I|I|I|I|B|I|I|S|L|L|L|S|L|L|L|S|B|I|I|"
INTERNAL_PERSON_ID,4B098FDAE338C86A,5,1,0,1,1,0,27,27,43,43,ISOLATED_LAYOUT,"Édson Araújo","L|L|L|L|L|B|Z|Z|Z|Z|S|I|REF|S|L|L|L|I|L|I|FF|L|B|I|Z|Z|I|I|I|Z|Z|I|I|I|I|I|"
INTERNAL_PERSON_ID,659C8CA3A689DF3F,5,1,0,1,1,0,-1,-1,-1,-1,ISOLATED_LAYOUT,"Édson Araújo","I|I|B|L|L|L|L|L|L|L|L|L|REF|L|L|I|I|I|I|B|L|L|L|L|L|L|L|L|L|S|L|L|I|I|I|I|"
INTERNAL_PERSON_ID,394BD2043B24F004,4,1,0,1,1,0,-1,-1,-1,-1,ISOLATED_LAYOUT,"Édson Araújo","I|I|I|B|L|L|L|L|L|L|L|L|REF|L|L|I|I|I|I|I|I|B|I|I|S|L|L|L|L|S|L|L|I|I|I|I|"
INTERNAL_PERSON_ID,7FAE13CE3CAF08FA,4,1,0,1,1,0,8,8,23,23,ISOLATED_LAYOUT,"Édson Araújo","S|L|L|L|I|Z|L|L|L|L|Z|Z|REF|S|Z|S|I|L|I|Z|Z|B|B|Z|B|S|I|S|Z|L|L|Z|L|L|L|S|"
INTERNAL_PERSON_ID,9BB03F89C93A258F,4,1,0,1,1,0,-1,-1,-1,-1,ISOLATED_LAYOUT,"Édson Araújo","I|B|L|L|L|L|L|L|L|L|L|L|REF|L|L|I|I|I|I|B|L|L|L|L|L|L|L|S|L|L|L|S|B|I|I|I|"
INTERNAL_PERSON_ID,AEC60DC029AB5C11,4,1,0,1,1,0,-1,-1,-1,-1,ISOLATED_LAYOUT,"Édson Araújo","I|I|I|I|B|I|I|S|L|L|L|L|REF|L|L|I|I|I|I|I|B|I|I|S|L|L|L|S|L|L|L|S|B|I|I|I|"
INTERNAL_PERSON_ID,C37DE9F39038D1EC,4,1,0,1,1,0,-1,-1,-1,-1,ISOLATED_LAYOUT,"Édson Araújo","I|I|B|L|L|L|L|L|L|L|L|L|REF|L|L|I|I|I|I|I|B|L|L|L|L|L|L|L|L|S|L|L|L|S|B|I|"
INTERNAL_PERSON_ID,EB17B80AE3E4DA57,4,1,0,1,1,0,-1,-1,-1,-1,ISOLATED_LAYOUT,"Édson Araújo","I|I|B|L|L|L|L|L|L|L|L|L|REF|L|L|I|I|I|I|I|B|L|L|L|L|L|L|L|L|L|S|L|L|I|I|I|"
INTERNAL_PERSON_ID,EC99C1CBD64478F5,4,1,0,1,1,0,-1,-1,-1,-1,ISOLATED_LAYOUT,"Édson Araújo","I|I|I|B|I|I|S|L|L|L|L|L|REF|L|L|I|I|I|I|B|L|L|L|L|L|L|L|L|S|L|L|I|I|I|I|I|"
INTERNAL_PERSON_ID,F20346FFD352799C,4,1,0,1,1,0,-1,-1,-1,-1,ISOLATED_LAYOUT,"Édson Araújo","I|I|I|B|L|L|L|L|L|L|L|L|REF|L|L|I|I|I|I|I|B|L|L|L|L|L|L|L|L|S|L|L|I|I|I|I|"
INTERNAL_PERSON_ID,0AEB65D85BB39257,3,1,0,1,1,0,-1,-1,-1,-1,ISOLATED_LAYOUT,"Édson Araújo","L|L|L|L|L|L|L|L|L|L|L|L|REF|L|L|I|I|I|I|I|I|I|I|B|L|L|L|L|L|L|L|L|L|L|L|S|"
INTERNAL_PERSON_ID,1AFC994D39C54447,3,1,0,1,1,0,-1,-1,-1,-1,ISOLATED_LAYOUT,"Édson Araújo","L|L|L|L|L|L|L|L|L|L|L|L|REF|L|L|I|I|I|I|I|I|I|B|S|I|S|L|L|S|L|L|L|S|B|I|I|"
INTERNAL_PERSON_ID,20FB76DB7C678159,3,1,0,1,1,0,11,11,20,20,ISOLATED_LAYOUT,"Édson Araújo","S|Z|Z|L|I|Z|L|L|L|B|Z|Z|REF|S|Z|S|I|L|Z|Z|Z|B|B|Z|B|S|I|Z|Z|L|L|Z|L|L|L|S|"
INTERNAL_PERSON_ID,30FE2467EA054EA4,3,1,0,1,1,0,-1,-1,-1,-1,ISOLATED_LAYOUT,"Édson Araújo","I|I|I|I|B|S|I|S|L|L|L|L|REF|L|L|I|I|I|I|I|B|L|L|L|L|L|L|L|S|L|L|L|S|B|I|I|"
INTERNAL_PERSON_ID,3307F356A78C988E,3,1,0,1,1,0,-1,-1,-1,-1,ISOLATED_LAYOUT,"Édson Araújo","I|I|I|B|L|L|L|L|L|L|L|L|REF|L|L|I|I|I|I|I|I|B|I|I|S|L|L|L|L|L|S|L|L|I|I|I|"
INTERNAL_PERSON_ID,4C4BCEB6665E6692,3,1,0,1,1,0,-1,-1,-1,-1,ISOLATED_LAYOUT,"Édson Araújo","B|S|I|S|L|L|L|L|L|L|L|L|REF|L|L|I|I|I|I|B|L|L|L|L|L|L|L|L|L|L|L|S|L|L|L|S|"
INTERNAL_PERSON_ID,4DDE9B3C981D9624,3,1,0,1,1,0,-1,-1,-1,-1,ISOLATED_LAYOUT,"Édson Araújo","B|S|I|S|L|L|L|L|L|L|L|L|REF|L|L|I|I|I|I|B|L|L|L|L|L|L|L|L|S|L|L|I|I|I|I|I|"
INTERNAL_PERSON_ID,523FAC6F14F58ACC,3,1,0,1,1,0,-1,-1,-1,-1,ISOLATED_LAYOUT,"Édson Araújo","I|I|I|B|L|L|L|L|L|L|L|L|REF|L|L|I|I|I|I|I|I|B|I|I|S|L|L|L|S|L|L|L|S|B|I|I|"
INTERNAL_PERSON_ID,556B5840AA35F601,3,1,0,1,1,0,-1,-1,-1,-1,ISOLATED_LAYOUT,"Édson Araújo","I|B|L|L|L|L|L|L|L|L|L|L|REF|L|L|I|I|I|I|I|I|B|I|I|S|L|L|L|L|S|L|L|I|I|I|I|"
INTERNAL_PERSON_ID,89498F4CBB1C29C4,3,1,0,1,1,0,61,61,45,45,ISOLATED_LAYOUT,"Édson Araújo","L|L|FF|I|L|L|B|Z|S|I|FF|L|REF|L|B|L|S|L|I|I|FF|FF|Z|L|B|Z|I|I|L|L|I|L|L|I|Z|L|"
INTERNAL_PERSON_ID,8A111A780961A999,3,1,0,1,1,0,8,8,58,58,ISOLATED_LAYOUT,"Édson Araújo","S|B|Z|L|I|Z|L|L|L|L|Z|Z|REF|S|Z|S|I|L|L|L|L|B|B|Z|I|S|I|S|Z|L|L|Z|L|L|L|S|"
INTERNAL_PERSON_ID,C2FAE5C35CD89AFC,3,1,0,1,1,0,-1,-1,-1,-1,ISOLATED_LAYOUT,"Édson Araújo","I|I|I|I|B|I|I|S|L|L|L|L|REF|L|L|I|I|I|I|B|L|L|L|L|L|L|L|L|L|S|L|L|I|I|I|I|"
INTERNAL_PERSON_ID,E38F0E9FED71C3D5,3,1,0,1,1,0,-1,-1,-1,-1,ISOLATED_LAYOUT,"Édson Araújo","I|I|B|L|L|L|L|L|L|L|L|L|REF|L|L|I|I|I|I|I|I|B|I|I|S|L|L|L|L|S|L|L|I|I|I|I|"
INTERNAL_PERSON_ID,FFD105C64AC2FC2B,3,1,0,1,1,0,-1,-1,-1,-1,ISOLATED_LAYOUT,"Édson Araújo","I|I|I|I|B|S|I|S|L|L|L|L|REF|L|L|I|I|I|I|I|B|S|I|S|L|L|L|L|S|L|L|I|I|I|I|I|"
INTERNAL_PERSON_ID,058AE09FF9F94BDF,2,1,0,1,1,0,-1,-1,-1,-1,ISOLATED_LAYOUT,"Édson Araújo","I|I|I|I|I|B|S|I|S|L|L|L|REF|L|L|I|I|I|I|I|B|S|I|S|L|L|L|L|S|L|L|I|I|I|I|I|"
INTERNAL_PERSON_ID,0772A67342A7710C,2,1,0,1,1,0,-1,-1,-1,-1,ISOLATED_LAYOUT,"Édson Araújo","I|I|B|L|L|L|L|L|L|L|L|L|REF|L|L|I|I|I|I|I|I|B|S|I|S|L|L|L|L|S|L|L|I|I|I|I|"
INTERNAL_PERSON_ID,0A5BD85D31E1567D,2,1,0,1,1,0,-1,-1,-1,-1,ISOLATED_LAYOUT,"Édson Araújo","I|I|I|I|B|I|I|S|L|L|L|L|REF|L|L|I|I|I|I|I|B|I|I|S|L|L|L|L|L|S|L|L|I|I|I|I|"
INTERNAL_PERSON_ID,0D7DEEA4B80F1CC6,2,1,0,1,1,0,-1,-1,-1,-1,ISOLATED_LAYOUT,"Édson Araújo","L|L|L|L|L|L|L|L|L|L|L|L|REF|L|L|I|I|I|I|I|I|I|I|I|B|S|I|S|L|L|L|L|L|L|L|L|"
INTERNAL_PERSON_ID,14F71A5EC8CD23FA,2,1,0,1,1,0,-1,-1,-1,-1,ISOLATED_LAYOUT,"Édson Araújo","I|I|B|L|L|L|L|L|L|L|L|L|REF|L|L|I|I|I|I|I|B|I|I|S|L|L|S|L|L|L|S|B|I|I|I|I|"
INTERNAL_PERSON_ID,196B120E0D21F5C7,2,1,0,1,1,0,-1,-1,-1,-1,ISOLATED_LAYOUT,"Édson Araújo","I|I|I|I|B|S|I|S|L|L|L|L|REF|L|L|I|I|I|I|I|I|B|L|L|L|L|L|L|L|L|S|L|L|I|I|I|"
INTERNAL_PERSON_ID,1F510D26E63D898C,2,1,0,1,1,0,-1,-1,-1,-1,ISOLATED_LAYOUT,"Édson Araújo","I|I|I|I|B|S|I|S|L|L|L|L|REF|L|L|I|I|I|I|I|I|I|I|B|L|L|L|L|L|L|L|L|L|L|L|L|"
INTERNAL_PERSON_ID,1FDDFFC0FDD41AEE,2,1,0,1,1,0,-1,-1,-1,-1,ISOLATED_LAYOUT,"Édson Araújo","I|I|B|L|L|L|L|L|L|L|L|L|REF|L|L|I|I|I|I|I|B|I|I|S|L|L|L|L|S|L|L|L|S|B|I|I|"
INTERNAL_PERSON_ID,21A34D7751D0340B,2,1,0,1,1,0,-1,-1,-1,-1,ISOLATED_LAYOUT,"Édson Araújo","I|I|I|B|L|L|L|L|L|L|L|L|REF|L|L|I|I|I|I|B|L|L|L|L|L|L|L|L|L|L|S|L|L|I|I|I|"
INTERNAL_PERSON_ID,25F4EB26BE326489,2,1,0,1,1,0,-1,-1,-1,-1,ISOLATED_LAYOUT,"Édson Araújo","I|I|I|B|L|L|L|L|L|L|L|L|REF|L|L|I|I|I|I|B|L|L|L|L|L|L|L|L|L|L|S|L|L|L|S|B|"
INTERNAL_PERSON_ID,2630B5CFB87DDE0A,2,1,0,1,1,0,-1,-1,-1,-1,ISOLATED_LAYOUT,"Édson Araújo","I|I|I|B|I|I|S|L|L|L|L|L|REF|L|L|I|I|I|I|I|I|B|I|I|S|L|L|L|L|S|L|L|I|I|I|I|"
INTERNAL_PERSON_ID,2AFF862B1694FB71,2,1,0,1,1,0,-1,-1,-1,-1,ISOLATED_LAYOUT,"Édson Araújo","I|I|I|I|B|S|I|S|L|L|L|L|REF|L|L|I|I|I|I|I|I|B|S|I|S|L|L|L|L|L|L|S|L|L|L|S|"
INTERNAL_PERSON_ID,2BB7C4E6C5A0580E,2,1,0,1,1,0,-1,-1,-1,-1,ISOLATED_LAYOUT,"Édson Araújo","I|I|I|B|I|I|S|L|L|L|L|L|REF|L|L|I|I|I|I|I|I|B|I|I|S|L|L|S|L|L|L|S|B|I|I|I|"
INTERNAL_PERSON_ID,2E1C695FDD85E32A,2,1,0,1,1,0,8,8,23,23,ISOLATED_LAYOUT,"Édson Araújo","S|L|L|L|I|Z|L|L|L|L|Z|Z|REF|S|Z|S|I|L|I|Z|Z|B|B|Z|B|S|I|L|L|L|L|Z|L|L|L|S|"
INTERNAL_PERSON_ID,3BEA5546377D353E,2,1,0,1,1,0,-1,-1,-1,-1,ISOLATED_LAYOUT,"Édson Araújo","L|L|L|L|L|L|L|L|L|L|L|L|REF|L|L|I|I|I|I|I|I|B|S|I|S|L|L|L|L|L|S|L|L|L|S|B|"
INTERNAL_PERSON_ID,3D00D28C6BCCD1DD,2,1,0,1,1,0,-1,-1,-1,-1,ISOLATED_LAYOUT,"Édson Araújo","I|I|I|B|L|L|L|L|L|L|L|L|REF|L|L|I|I|I|I|B|L|L|L|L|L|L|L|L|L|L|L|L|S|L|L|I|"
INTERNAL_PERSON_ID,418FCBACA1835843,2,1,0,1,1,0,-1,-1,-1,-1,ISOLATED_LAYOUT,"Édson Araújo","I|I|B|L|L|L|L|L|L|L|L|L|REF|L|L|I|I|I|I|B|L|L|L|L|L|L|L|L|L|L|L|L|S|L|L|I|"
INTERNAL_PERSON_ID,41CB81B36DA8D6A4,2,1,0,1,1,0,-1,-1,-1,-1,ISOLATED_LAYOUT,"Édson Araújo","L|L|L|L|L|L|L|L|L|L|L|L|REF|L|L|I|I|I|I|B|L|L|L|L|L|L|L|S|L|L|L|S|B|I|I|I|"
INTERNAL_PERSON_ID,43094CA1127F1BF5,2,1,0,1,1,0,-1,-1,-1,-1,ISOLATED_LAYOUT,"Édson Araújo","I|I|I|B|I|I|S|L|L|L|L|L|REF|L|L|I|I|I|I|I|I|B|I|I|S|L|L|L|S|L|L|L|S|B|I|I|"
INTERNAL_PERSON_ID,4407A62848BDFFF9,2,1,0,1,1,0,-1,-1,-1,-1,ISOLATED_LAYOUT,"Édson Araújo","I|I|I|I|B|I|I|S|L|L|L|L|REF|L|L|I|I|I|I|B|L|L|L|L|L|L|L|L|S|L|L|I|I|I|I|I|"
INTERNAL_PERSON_ID,47231B86E2F35C8A,2,1,0,1,1,0,-1,-1,-1,-1,ISOLATED_LAYOUT,"Édson Araújo","I|I|I|I|B|I|I|S|L|L|L|L|REF|L|L|I|I|I|I|I|I|I|B|I|I|S|L|L|L|S|L|L|L|S|B|I|"
INTERNAL_PERSON_ID,510E6CABD229B3B9,2,1,0,1,1,0,-1,-1,-1,-1,ISOLATED_LAYOUT,"Édson Araújo","I|I|I|I|B|S|I|S|L|L|L|L|REF|L|L|I|I|I|I|I|I|I|I|I|B|L|L|L|L|L|L|L|L|S|L|L|"
INTERNAL_PERSON_ID,58341E1A0ABAFAEB,2,1,0,1,1,0,-1,-1,-1,-1,ISOLATED_LAYOUT,"Édson Araújo","I|I|I|I|B|I|I|S|L|L|L|L|REF|L|L|I|I|I|I|I|I|I|B|I|I|S|L|L|L|L|S|L|L|I|I|I|"
INTERNAL_PERSON_ID,5E3EE4AFA1C72A7F,2,1,0,1,1,0,-1,-1,-1,-1,ISOLATED_LAYOUT,"Édson Araújo","I|I|B|L|L|L|L|L|L|L|L|L|REF|L|L|I|I|I|I|I|I|I|B|I|I|S|L|L|S|L|L|L|S|B|I|I|"
INTERNAL_PERSON_ID,62B30244C4FCFDB8,2,1,0,1,1,0,-1,-1,-1,-1,ISOLATED_LAYOUT,"Édson Araújo","I|I|I|I|B|S|I|S|L|L|L|L|REF|L|L|I|I|I|I|I|I|I|B|L|L|L|L|L|L|L|L|L|L|S|L|L|"
INTERNAL_PERSON_ID,651C0E9CC29EE886,2,1,0,1,1,0,28,28,43,43,ISOLATED_LAYOUT,"Édson Araújo","L|L|L|L|L|Z|Z|Z|Z|Z|S|I|REF|S|L|L|L|I|L|I|FF|L|B|I|Z|Z|I|I|I|Z|Z|I|I|I|I|I|"
INTERNAL_PERSON_ID,65F8FAB7A56196CF,2,1,0,1,1,0,-1,-1,-1,-1,ISOLATED_LAYOUT,"Édson Araújo","I|B|S|I|S|L|L|L|L|L|L|L|REF|L|L|I|I|I|I|I|I|I|I|B|S|I|S|L|L|L|L|S|L|L|L|S|"
INTERNAL_PERSON_ID,66A43F6BFB9DC59E,2,1,0,1,1,0,-1,-1,-1,-1,ISOLATED_LAYOUT,"Édson Araújo","I|I|I|I|B|I|I|S|L|L|L|L|REF|L|L|I|I|I|I|I|I|I|B|I|I|S|L|L|L|S|L|L|I|I|I|I|"
INTERNAL_PERSON_ID,6D0A0A87FEB6D84D,2,1,0,1,1,0,-1,-1,-1,-1,ISOLATED_LAYOUT,"Édson Araújo","I|I|B|L|L|L|L|L|L|L|L|L|REF|L|L|I|I|I|I|B|L|L|L|L|L|L|L|S|L|L|L|S|B|I|I|I|"
INTERNAL_PERSON_ID,7751B95DCC4F4D72,2,1,0,1,1,0,-1,-1,-1,-1,ISOLATED_LAYOUT,"Édson Araújo","I|I|I|B|I|I|S|L|L|L|L|L|REF|L|L|I|I|I|I|I|B|I|I|S|L|L|L|L|L|S|L|L|I|I|I|I|"
INTERNAL_PERSON_ID,7934226FEB5FE1BA,2,1,0,1,1,0,-1,-1,-1,-1,ISOLATED_LAYOUT,"Édson Araújo","I|I|B|L|L|L|L|L|L|L|L|L|REF|L|L|I|I|I|I|I|B|L|L|L|L|L|L|L|L|L|L|S|L|L|I|I|"
INTERNAL_PERSON_ID,828EDB126553D5FB,2,1,0,1,1,0,-1,-1,-1,-1,ISOLATED_LAYOUT,"Édson Araújo","I|I|I|I|B|I|I|S|L|L|L|L|REF|L|L|I|I|I|I|B|L|L|L|L|L|L|L|L|L|L|S|L|L|I|I|I|"
INTERNAL_PERSON_ID,83559321C8C5A0FE,2,1,0,1,1,0,-1,-1,-1,-1,ISOLATED_LAYOUT,"Édson Araújo","B|L|L|L|L|L|L|L|L|L|L|L|REF|L|L|I|I|I|I|I|I|I|L|B|L|L|L|L|L|L|L|L|L|L|S|L|"
INTERNAL_PERSON_ID,85770085030E5B6D,2,1,0,1,1,0,-1,-1,-1,-1,ISOLATED_LAYOUT,"Édson Araújo","I|I|I|B|L|L|L|L|L|L|L|L|REF|L|L|I|I|I|B|L|L|L|L|L|L|L|L|L|S|L|L|I|I|I|I|I|"
INTERNAL_PERSON_ID,8653A5AA13F87F5F,2,1,0,1,1,0,-1,-1,-1,-1,ISOLATED_LAYOUT,"Édson Araújo","I|I|I|B|I|I|S|L|L|L|L|L|REF|L|L|I|I|I|I|B|L|L|L|L|L|L|L|L|S|L|L|L|S|B|I|I|"
INTERNAL_PERSON_ID,8D484445AD457A11,2,1,0,1,1,0,-1,-1,-1,-1,ISOLATED_LAYOUT,"Édson Araújo","I|I|I|B|L|L|L|L|L|L|L|L|REF|L|L|I|I|I|I|I|B|I|I|S|L|L|L|L|L|L|S|L|L|I|I|I|"
INTERNAL_PERSON_ID,8E324A009BC3040C,2,1,0,1,1,0,-1,-1,-1,-1,ISOLATED_LAYOUT,"Édson Araújo","I|I|I|I|B|S|I|S|L|L|L|L|REF|L|L|I|I|I|I|I|I|B|S|I|S|L|L|L|L|S|L|L|I|I|I|I|"
INTERNAL_PERSON_ID,90B455CA1D22B760,2,1,0,1,1,0,-1,-1,-1,-1,ISOLATED_LAYOUT,"Édson Araújo","L|L|L|L|L|L|L|L|L|L|L|L|REF|L|L|I|I|I|I|I|B|S|I|S|L|L|L|L|S|L|L|I|I|I|I|I|"
INTERNAL_PERSON_ID,90CD3D30D27616CE,2,1,0,1,1,0,-1,-1,-1,-1,ISOLATED_LAYOUT,"Édson Araújo","I|I|B|L|L|L|L|L|L|L|L|L|REF|L|L|I|I|I|I|I|I|B|I|I|S|L|L|L|S|L|L|L|S|B|I|I|"
INTERNAL_PERSON_ID,93667F0D9A24793D,2,1,0,1,1,0,-1,-1,-1,-1,ISOLATED_LAYOUT,"Édson Araújo","B|S|I|S|L|L|L|L|L|L|L|L|REF|L|L|I|I|I|I|I|I|I|L|I|B|S|I|S|L|L|L|L|L|L|S|L|"
INTERNAL_PERSON_ID,97169B0CF8F4C7FC,2,1,0,1,1,0,-1,-1,-1,-1,ISOLATED_LAYOUT,"Édson Araújo","I|I|B|L|L|L|L|L|L|L|L|L|REF|L|L|I|I|I|I|I|B|I|I|S|L|L|L|S|L|L|L|S|B|I|I|I|"
INTERNAL_PERSON_ID,998E0BFC6EB10B10,2,1,0,1,1,0,-1,-1,-1,-1,ISOLATED_LAYOUT,"Édson Araújo","L|I|B|S|I|S|L|L|L|L|L|L|REF|L|L|I|I|I|I|I|I|I|I|B|L|L|L|L|L|L|L|L|L|L|L|L|"
INTERNAL_PERSON_ID,9C14CCC04383004D,2,1,0,1,1,0,-1,-1,-1,-1,ISOLATED_LAYOUT,"Édson Araújo","I|B|S|I|S|L|L|L|L|L|L|L|REF|L|L|I|I|I|I|I|I|I|B|L|L|L|L|L|L|L|L|L|L|L|L|S|"
INTERNAL_PERSON_ID,9CC18CC69B3FCE7D,2,1,0,1,1,0,-1,-1,-1,-1,ISOLATED_LAYOUT,"Édson Araújo","I|I|B|L|L|L|L|L|L|L|L|L|REF|L|L|I|I|I|I|B|L|L|L|L|L|L|L|L|L|L|L|S|L|L|I|I|"
INTERNAL_PERSON_ID,A17982FF624788D1,2,1,0,1,1,0,-1,-1,-1,-1,ISOLATED_LAYOUT,"Édson Araújo","I|I|I|I|B|S|I|S|L|L|L|L|REF|L|L|I|I|I|I|I|I|I|I|I|B|S|I|S|L|L|L|L|L|S|L|L|"
INTERNAL_PERSON_ID,A4079F6DF2F78963,2,1,0,1,1,0,-1,-1,-1,-1,ISOLATED_LAYOUT,"Édson Araújo","I|I|I|B|I|I|S|L|L|L|L|L|REF|L|L|I|I|I|I|I|I|I|B|I|I|S|L|L|S|L|L|L|S|B|I|I|"
INTERNAL_PERSON_ID,A5D9A84F5393063C,2,1,0,1,1,0,-1,-1,-1,-1,ISOLATED_LAYOUT,"Édson Araújo","I|I|B|L|L|L|L|L|L|L|L|L|REF|L|L|I|I|I|I|B|L|L|L|L|L|L|L|L|L|S|L|L|L|S|B|I|"
INTERNAL_PERSON_ID,A6D17014FB1E3F92,2,1,0,1,1,0,-1,-1,-1,-1,ISOLATED_LAYOUT,"Édson Araújo","B|L|L|L|L|L|L|L|L|L|L|L|REF|L|L|I|I|I|I|I|I|I|B|L|L|L|L|L|L|L|L|L|L|L|L|S|"
INTERNAL_PERSON_ID,A710B2D0E39E313E,2,1,0,1,1,0,-1,-1,-1,-1,ISOLATED_LAYOUT,"Édson Araújo","I|I|B|L|L|L|L|L|L|L|L|L|REF|L|L|I|I|I|I|I|I|B|I|I|S|L|L|S|L|L|L|S|B|I|I|I|"
INTERNAL_PERSON_ID,A716A7397F783F8B,2,1,0,1,1,0,-1,-1,-1,-1,ISOLATED_LAYOUT,"Édson Araújo","I|I|I|B|L|L|L|L|L|L|L|L|REF|L|L|I|I|I|I|I|B|S|I|S|L|L|L|S|L|L|L|S|B|I|I|I|"
INTERNAL_PERSON_ID,B31AB6249BBD522E,2,1,0,1,1,0,-1,-1,-1,-1,ISOLATED_LAYOUT,"Édson Araújo","I|B|L|L|L|L|L|L|L|L|L|L|REF|L|L|I|I|I|I|I|B|S|I|S|L|L|L|L|S|L|L|I|I|I|I|I|"
INTERNAL_PERSON_ID,B60871DE3CCD22C2,2,1,0,1,1,0,-1,-1,-1,-1,ISOLATED_LAYOUT,"Édson Araújo","I|I|I|I|B|I|I|S|L|L|L|L|REF|L|L|I|I|I|I|I|I|I|I|B|I|I|S|L|L|S|L|L|L|S|B|I|"
INTERNAL_PERSON_ID,BC274BC7AEC4BE1F,2,1,0,1,1,0,8,8,23,23,ISOLATED_LAYOUT,"Édson Araújo","S|B|Z|L|I|Z|L|L|L|L|Z|Z|REF|S|Z|S|I|L|I|Z|Z|B|B|Z|B|S|I|S|Z|L|L|Z|L|L|L|S|"
INTERNAL_PERSON_ID,BCBF03D68D5E7512,2,1,0,1,1,0,-1,-1,-1,-1,ISOLATED_LAYOUT,"Édson Araújo","B|S|I|S|L|L|L|L|L|L|L|L|REF|L|L|I|I|I|I|I|I|I|I|I|B|S|I|S|L|L|L|L|L|L|S|L|"
INTERNAL_PERSON_ID,C0FE01B76ED9C0C8,2,1,0,1,1,0,8,8,23,23,ISOLATED_LAYOUT,"Édson Araújo","S|B|Z|L|I|Z|L|L|L|L|Z|Z|REF|S|Z|S|I|L|I|Z|Z|B|B|Z|B|S|I|L|L|L|L|Z|L|L|L|S|"
INTERNAL_PERSON_ID,CFB40C02D7D39872,2,1,0,1,1,0,-1,-1,-1,-1,ISOLATED_LAYOUT,"Édson Araújo","I|I|I|I|B|I|I|S|L|L|L|L|REF|L|L|I|I|I|I|I|I|B|I|I|S|L|L|L|L|S|L|L|I|I|I|I|"
INTERNAL_PERSON_ID,CFFFB8341C611339,2,1,0,1,1,0,-1,-1,-1,-1,ISOLATED_LAYOUT,"Édson Araújo","I|I|I|B|I|I|S|L|L|L|L|L|REF|L|L|I|I|I|I|I|B|L|L|L|L|L|L|S|L|L|L|S|B|I|I|I|"
INTERNAL_PERSON_ID,E321D8EF79872AFC,2,1,0,1,1,0,-1,-1,-1,-1,ISOLATED_LAYOUT,"Édson Araújo","I|I|I|I|B|I|I|S|L|L|L|L|REF|L|L|I|I|I|I|I|I|I|B|I|I|S|L|L|S|L|L|L|S|B|I|I|"
INTERNAL_PERSON_ID,EB801A61B1B9054B,2,1,0,1,1,0,-1,-1,-1,-1,ISOLATED_LAYOUT,"Édson Araújo","I|B|S|I|S|L|L|L|L|L|L|L|REF|L|L|I|I|I|I|I|I|I|I|I|B|S|I|S|L|L|L|L|S|L|L|I|"
INTERNAL_PERSON_ID,EDAD471AD9E991F1,2,1,0,1,1,0,-1,-1,-1,-1,ISOLATED_LAYOUT,"Édson Araújo","L|L|L|L|L|L|L|L|L|L|L|L|REF|L|L|I|I|I|I|I|I|I|I|I|B|S|I|S|L|L|L|L|L|L|S|L|"
INTERNAL_PERSON_ID,F848D12A534A5C2F,2,1,0,1,1,0,43,43,23,23,ISOLATED_LAYOUT,"Édson Araújo","S|B|Z|L|I|Z|L|L|L|L|L|L|REF|S|Z|L|I|L|I|Z|Z|B|B|Z|B|S|I|L|L|L|L|Z|L|L|L|S|"
INTERNAL_PERSON_ID,F8B9F6BF21A37E30,2,1,0,1,1,0,-1,-1,-1,-1,ISOLATED_LAYOUT,"Édson Araújo","I|I|B|L|L|L|L|L|L|L|L|L|REF|L|L|I|I|I|I|I|I|B|S|I|S|L|L|L|S|L|L|L|S|B|I|I|"
INTERNAL_PERSON_ID,0013A9D9A5F67BB1,1,1,0,1,1,0,33,33,88,88,ISOLATED_LAYOUT,"Édson Araújo","S|I|L|I|Z|L|L|I|L|I|L|L|REF|L|S|L|S|L|S|Z|L|L|L|L|L|L|I|L|L|L|L|L|L|I|L|Z|"
INTERNAL_PERSON_ID,007A5277238D7941,1,1,0,1,1,0,10,10,37,37,ISOLATED_LAYOUT,"Édson Araújo","L|L|S|L|L|L|Z|L|L|S|Z|Z|REF|Z|I|I|L|L|L|L|L|L|B|Z|L|L|B|L|L|L|L|B|L|L|L|B|"
INTERNAL_PERSON_ID,01210B01B19A7BFB,1,1,0,1,1,0,-1,-1,-1,-1,ISOLATED_LAYOUT,"Édson Araújo","B|S|I|S|L|L|L|L|L|L|L|L|REF|L|L|I|I|I|I|I|B|S|I|S|L|L|L|L|L|L|S|L|L|I|I|I|"
INTERNAL_PERSON_ID,0141DD856D48ED00,1,1,0,1,1,0,64,64,61,61,ISOLATED_LAYOUT,"Fábio Costa","L|L|L|FF|L|L|L|S|L|FF|S|I|REF|L|S|S|Z|L|B|I|I|L|S|S|Z|L|L|L|B|Z|L|L|B|I|I|S|"
INTERNAL_PERSON_ID,01902016560DCB6E,1,1,1,0,0,1,-1,-1,-1,-1,ISOLATED_LAYOUT,"Bruno Santos","B|S|L|L|L|L|B|I|L|I|L|Z|REF|L|S|I|L|L|L|B|S|L|L|L|L|B|I|L|I|L|Z|S|L|S|I|L|"
PERSON_DATABASE_ID,02A48CC8B87ACAF2,1,1,1,0,1,0,-1,-1,-1,-1,ISOLATED_LAYOUT,"Fabiano Eller","L|I|I|I|I|I|I|I|I|I|B|S|REF|S|L|L|L|S|I|L|I|I|I|I|I|I|L|B|L|L|L|L|L|L|L|L|"
PERSON_DATABASE_ID,02B13D61C5C552AC,1,1,0,1,1,0,-1,-1,-1,-1,ISOLATED_LAYOUT,"Dinélson","L|L|L|S|B|I|L|I|I|I|B|S|REF|S|L|L|L|S|I|L|I|I|I|I|I|I|B|L|L|L|L|L|L|L|L|S|"
INTERNAL_PERSON_ID,037DC773DD406E86,1,1,0,1,1,0,-1,-1,-1,-1,ISOLATED_LAYOUT,"Édson Araújo","I|I|B|L|L|L|L|L|L|L|L|L|REF|L|L|I|I|I|I|I|I|I|B|L|L|L|L|L|L|L|L|L|S|L|L|L|"
INTERNAL_PERSON_ID,03BF9D1466943777,1,1,0,1,1,0,-1,-1,-1,-1,ISOLATED_LAYOUT,"Édson Araújo","I|I|I|I|B|S|I|S|L|L|L|L|REF|L|L|I|I|I|I|I|B|L|L|L|L|L|L|L|L|L|L|L|L|S|L|L|"
INTERNAL_PERSON_ID,03C598A0DC7CE835,1,1,0,1,1,0,-1,-1,-1,-1,ISOLATED_LAYOUT,"Édson Araújo","L|I|B|L|L|L|L|L|L|L|L|L|REF|L|L|I|I|L|I|I|B|I|I|S|L|L|L|L|S|L|L|I|I|I|I|I|"
INTERNAL_PERSON_ID,03CC0BA27D9A72A0,1,1,0,1,1,0,-1,-1,-1,-1,ISOLATED_LAYOUT,"Édson Araújo","I|L|I|B|L|L|L|L|L|L|L|L|REF|L|L|I|I|I|I|I|B|I|I|S|L|L|L|L|L|S|L|L|I|I|I|I|"
INTERNAL_PERSON_ID,04464AA7E3268BC8,1,1,0,1,1,0,-1,-1,-1,-1,ISOLATED_LAYOUT,"Édson Araújo","I|I|I|I|B|S|I|S|L|L|L|L|REF|L|L|I|I|I|I|I|B|S|I|S|L|L|L|L|L|L|L|S|L|L|L|S|"
INTERNAL_PERSON_ID,044E4F537254091D,1,1,1,0,0,1,-1,-1,-1,-1,ISOLATED_LAYOUT,"Bruno Santos","L|L|L|L|S|I|L|I|I|I|I|B|REF|I|S|L|L|L|S|L|L|L|S|B|I|I|I|I|B|S|I|S|L|L|L|L|"
INTERNAL_PERSON_ID,04D2F3C0A340CFD8,1,1,0,1,1,0,-1,-1,-1,-1,ISOLATED_LAYOUT,"Édson Araújo","I|B|L|L|L|L|L|L|L|L|L|L|REF|L|L|I|I|I|I|I|B|I|I|S|L|L|L|S|L|L|L|S|B|I|I|I|"
INTERNAL_PERSON_ID,04DD54FE7593A275,1,1,0,1,1,0,-1,-1,-1,-1,ISOLATED_LAYOUT,"Édson Araújo","I|I|B|L|L|L|L|L|L|L|L|L|REF|L|L|I|I|I|L|B|L|L|L|L|L|L|L|S|L|L|L|S|B|I|I|I|"
INTERNAL_PERSON_ID,05893EAC070778D0,1,1,0,1,1,0,-1,-1,-1,-1,ISOLATED_LAYOUT,"Édson Araújo","I|B|S|I|S|L|L|L|L|L|L|L|REF|L|L|I|I|I|I|I|I|I|I|I|B|S|I|S|L|L|L|S|L|L|L|S|"
INTERNAL_PERSON_ID,06D68071CD25E65A,1,1,0,1,1,0,-1,-1,-1,-1,ISOLATED_LAYOUT,"Édson Araújo","I|I|I|I|I|B|I|I|S|L|L|L|REF|L|L|I|I|I|I|I|I|I|B|I|I|S|L|L|L|S|L|L|L|S|B|I|"
INTERNAL_PERSON_ID,085636514A1FB64F,1,1,0,1,1,0,-1,-1,-1,-1,ISOLATED_LAYOUT,"Édson Araújo","B|I|I|I|I|B|I|I|S|L|L|L|REF|L|L|I|I|I|I|I|B|L|L|L|L|L|L|L|L|L|L|S|L|L|I|I|"
INTERNAL_PERSON_ID,086B65FB8E308D0A,1,1,0,1,1,0,-1,-1,-1,-1,ISOLATED_LAYOUT,"Édson Araújo","I|I|I|I|B|I|I|S|L|L|L|L|REF|L|L|I|I|I|I|I|I|I|B|L|L|L|L|L|L|L|L|S|L|L|I|I|"
INTERNAL_PERSON_ID,088727FCE376741F,1,1,0,1,1,0,-1,-1,-1,-1,ISOLATED_LAYOUT,"Édson Araújo","L|I|B|L|L|L|L|L|L|L|L|L|REF|L|L|I|I|I|I|B|L|L|L|L|L|L|L|L|L|L|S|L|L|I|I|I|"
INTERNAL_PERSON_ID,08E1458A0518C016,1,1,0,1,1,0,-1,-1,-1,-1,ISOLATED_LAYOUT,"Édson Araújo","I|B|L|L|L|L|L|L|L|L|L|L|REF|L|L|I|I|I|B|L|L|L|L|L|L|L|L|L|L|L|S|L|L|I|I|I|"
INTERNAL_PERSON_ID,0AAC2145AE2E701B,1,1,0,1,1,0,-1,-1,-1,-1,ISOLATED_LAYOUT,"Édson Araújo","I|I|B|L|L|L|L|L|L|L|L|L|REF|L|L|I|I|I|I|I|I|B|I|I|S|L|L|L|L|S|L|L|I|I|I|L|"
INTERNAL_PERSON_ID,0AD2820A92F6DDCA,1,1,0,1,1,0,-1,-1,-1,-1,ISOLATED_LAYOUT,"Édson Araújo","I|I|I|I|B|L|L|L|L|L|L|L|REF|L|L|I|I|I|I|I|I|B|I|I|S|L|L|L|S|L|L|L|S|B|I|I|"
INTERNAL_PERSON_ID,0AEDC6DCA2468E1D,1,1,0,1,1,0,-1,-1,-1,-1,ISOLATED_LAYOUT,"Édson Araújo","B|L|I|I|B|I|I|S|L|L|L|L|REF|L|L|I|I|I|I|B|L|L|L|L|L|L|L|L|L|S|L|L|I|I|I|I|"
INTERNAL_PERSON_ID,0B190DA60F0AA51E,1,1,0,1,1,0,-1,-1,-1,-1,ISOLATED_LAYOUT,"Édson Araújo","L|I|I|B|L|L|L|L|L|L|L|L|REF|L|L|I|I|I|I|I|I|I|B|I|I|S|L|L|S|L|L|L|S|B|I|L|"
INTERNAL_PERSON_ID,0C1C373EF964F6E1,1,1,0,1,1,0,-1,-1,-1,-1,ISOLATED_LAYOUT,"Édson Araújo","I|B|L|L|L|L|L|L|L|L|L|L|REF|L|I|I|I|I|I|I|I|I|I|I|I|B|S|I|S|L|L|L|S|L|L|L|"
INTERNAL_PERSON_ID,0C61B0B09376DB31,1,1,0,1,1,0,-1,-1,-1,-1,ISOLATED_LAYOUT,"Édson Araújo","I|I|I|B|L|L|L|L|L|L|L|L|REF|L|L|I|I|I|I|I|B|L|L|L|L|L|L|L|L|L|S|L|L|L|S|B|"
INTERNAL_PERSON_ID,0C7108BE1BDC94FF,1,1,0,1,1,0,-1,-1,-1,-1,ISOLATED_LAYOUT,"Rosinei","L|L|L|S|L|L|I|I|I|I|I|B|REF|I|S|L|L|L|L|L|S|L|L|I|I|I|I|I|I|I|I|B|S|I|S|L|"
INTERNAL_PERSON_ID,0CDA10C3CFF2BD8C,1,1,0,1,1,0,19,19,52,52,ISOLATED_LAYOUT,"Édson Araújo","I|L|L|L|S|S|I|B|Z|Z|Z|Z|REF|I|I|L|L|Z|L|L|L|L|L|L|Z|L|Z|Z|L|L|L|Z|L|B|L|S|"
INTERNAL_PERSON_ID,0CE6960E4A6B75CC,1,1,0,1,1,0,-1,-1,-1,-1,ISOLATED_LAYOUT,"Édson Araújo","I|I|I|I|B|I|I|S|L|L|L|L|REF|L|L|I|I|I|I|I|I|B|I|I|S|L|L|L|S|L|L|I|I|I|I|I|"
INTERNAL_PERSON_ID,0CF129625E678710,1,1,0,1,1,0,-1,-1,-1,-1,ISOLATED_LAYOUT,"Édson Araújo","I|I|I|I|I|B|S|I|S|L|L|L|REF|I|L|I|I|I|I|I|B|L|L|L|L|L|L|S|L|L|L|S|B|I|I|I|"
INTERNAL_PERSON_ID,0D6C6BC89F47E929,1,1,0,1,1,0,-1,-1,-1,-1,ISOLATED_LAYOUT,"Édson Araújo","I|B|S|I|S|L|L|L|L|L|L|L|REF|L|L|I|I|I|I|I|I|I|B|L|L|L|L|L|L|L|L|L|L|L|L|L|"
INTERNAL_PERSON_ID,0DBC10ED298B355D,1,1,0,1,1,0,-1,-1,-1,-1,ISOLATED_LAYOUT,"Édson Araújo","I|I|I|I|B|S|I|S|L|L|L|L|REF|L|L|I|I|I|I|I|I|I|B|S|I|S|L|L|L|L|L|S|L|L|L|S|"
INTERNAL_PERSON_ID,0E891C0927D58D76,1,1,0,1,1,0,-1,-1,-1,-1,ISOLATED_LAYOUT,"Édson Araújo","B|L|L|L|L|L|L|L|L|L|L|L|REF|L|L|I|I|L|I|I|I|I|B|L|L|L|L|L|L|L|L|L|L|L|L|S|"
INTERNAL_PERSON_ID,0FE1502563E64644,1,1,0,1,1,0,-1,-1,-1,-1,ISOLATED_LAYOUT,"Édson Araújo","I|I|I|B|L|L|L|L|L|L|L|L|REF|L|L|I|I|I|I|B|L|L|L|L|L|L|L|L|S|L|L|I|I|I|B|L|"
INTERNAL_PERSON_ID,10B6D5E308F4075F,1,1,0,1,1,0,11,11,55,55,ISOLATED_LAYOUT,"Édson Araújo","S|L|L|L|I|Z|L|L|L|B|Z|Z|REF|S|Z|S|I|L|L|L|L|B|B|Z|I|S|I|Z|Z|L|L|Z|L|L|L|S|"
INTERNAL_PERSON_ID,10CB7603C4C681CD,1,1,0,1,1,0,-1,-1,-1,-1,ISOLATED_LAYOUT,"Édson Araújo","I|I|I|B|L|L|L|L|L|L|L|L|REF|L|L|I|I|I|I|I|I|B|I|I|S|L|L|L|S|L|L|I|I|I|I|I|"
INTERNAL_PERSON_ID,10EBEC2ADC7BC2EA,1,1,0,1,1,0,-1,-1,-1,-1,ISOLATED_LAYOUT,"Édson Araújo","I|L|B|L|L|L|L|L|L|L|L|L|REF|L|L|I|I|I|I|I|I|I|B|S|I|S|L|L|L|L|L|L|L|L|S|L|"
INTERNAL_PERSON_ID,1143E68D5C7956DF,1,1,0,1,1,0,-1,-1,-1,-1,ISOLATED_LAYOUT,"Édson Araújo","I|B|L|L|L|L|L|L|L|L|L|L|REF|L|L|I|I|I|I|I|I|I|B|I|I|S|L|L|L|L|S|L|L|I|I|I|"
INTERNAL_PERSON_ID,11968D51AB22ABF7,1,1,0,1,1,0,-1,-1,-1,-1,ISOLATED_LAYOUT,"Édson Araújo","I|L|I|B|S|I|S|L|L|L|L|L|REF|L|L|I|I|I|I|I|B|S|I|S|L|L|L|L|L|S|L|L|I|I|I|I|"
INTERNAL_PERSON_ID,11ECFCE8351F7370,1,1,0,1,1,0,-1,-1,-1,-1,ISOLATED_LAYOUT,"Édson Araújo","L|L|L|L|L|L|L|L|L|L|L|L|REF|L|L|I|I|I|I|I|I|I|I|I|B|S|I|S|L|L|L|L|L|L|L|S|"
INTERNAL_PERSON_ID,123A8541E1F853B4,1,1,0,1,1,0,-1,-1,-1,-1,ISOLATED_LAYOUT,"Édson Araújo","I|I|I|I|B|S|I|S|L|L|L|L|REF|L|L|I|I|I|I|I|B|S|I|S|L|L|L|S|L|L|I|I|I|I|I|I|"
INTERNAL_PERSON_ID,12AB7892DF1B4219,1,1,0,1,1,0,-1,-1,-1,-1,ISOLATED_LAYOUT,"Édson Araújo","B|I|I|B|L|L|L|L|L|L|L|L|REF|L|L|I|I|I|B|L|L|L|L|L|L|L|L|L|L|S|L|L|I|I|I|L|"
INTERNAL_PERSON_ID,12BA66811CA5A045,1,1,0,1,1,0,118,118,64,64,ISOLATED_LAYOUT,"Édson Araújo","I|L|L|I|L|S|L|I|L|L|L|I|REF|Z|L|I|B|S|Z|B|Z|S|L|S|I|L|L|L|L|Z|Z|L|L|Z|L|L|"
INTERNAL_PERSON_ID,12E7F45E943F6835,1,1,0,1,1,0,-1,-1,-1,-1,ISOLATED_LAYOUT,"Édson Araújo","I|I|I|I|B|S|I|S|L|L|L|L|REF|L|L|I|I|I|I|I|B|S|I|S|L|L|L|L|L|L|S|L|L|I|I|L|"
INTERNAL_PERSON_ID,12EAA8B6551E4920,1,1,1,0,0,1,66,66,69,69,ISOLATED_LAYOUT,"Reginaldo Araújo","I|I|L|L|L|FF|L|L|L|S|L|FF|REF|I|S|L|S|S|Z|L|B|I|I|L|S|S|Z|L|L|L|B|Z|Z|L|L|I|"
INTERNAL_PERSON_ID,1465CC6FA121AE73,1,1,0,1,1,0,-1,-1,-1,-1,ISOLATED_LAYOUT,"Édson Araújo","I|I|I|I|I|B|S|I|S|L|L|L|REF|L|L|I|I|L|B|L|L|L|L|L|L|L|L|L|S|L|L|I|I|I|I|I|"
INTERNAL_PERSON_ID,149F9DA4EC2B1CEB,1,1,0,1,1,0,-1,-1,-1,-1,ISOLATED_LAYOUT,"Édson Araújo","I|B|L|L|L|L|L|L|L|L|L|L|REF|L|L|I|I|I|B|L|L|L|L|L|L|S|L|L|L|S|B|I|I|I|B|L|"
INTERNAL_PERSON_ID,160B7E039948B977,1,1,0,1,1,0,-1,-1,-1,-1,ISOLATED_LAYOUT,"Édson Araújo","B|I|I|B|L|L|L|L|L|L|L|L|REF|L|L|I|I|I|I|B|L|L|L|L|L|L|L|L|L|L|S|L|L|I|I|I|"
INTERNAL_PERSON_ID,165655792DBA7187,1,1,0,1,1,0,-1,-1,-1,-1,ISOLATED_LAYOUT,"Édson Araújo","I|I|I|B|L|L|L|L|L|L|L|L|REF|L|L|I|I|I|I|I|B|L|L|L|L|L|L|L|S|L|L|L|S|B|I|I|"
INTERNAL_PERSON_ID,16C52C7ABF748F87,1,1,0,1,1,0,-1,-1,-1,-1,ISOLATED_LAYOUT,"Édson Araújo","I|I|I|I|B|S|I|S|L|L|L|L|REF|L|L|I|I|I|I|I|I|B|S|I|S|L|L|L|L|L|L|L|L|S|L|L|"
INTERNAL_PERSON_ID,1751751727C81028,1,1,0,1,1,0,-1,-1,-1,-1,ISOLATED_LAYOUT,"Édson Araújo","I|I|I|B|L|L|L|L|L|L|L|L|REF|L|L|I|I|I|L|I|B|L|L|L|L|L|L|L|S|L|L|L|S|B|I|I|"
INTERNAL_PERSON_ID,181D0DF58C74356E,1,1,0,1,1,0,-1,-1,-1,-1,ISOLATED_LAYOUT,"Édson Araújo","I|I|I|I|B|I|I|S|L|L|L|L|REF|L|L|I|I|I|I|I|I|B|L|L|L|L|L|L|L|L|S|L|L|I|I|I|"
INTERNAL_PERSON_ID,188A05116FE0DEE3,1,1,0,1,1,0,-1,-1,-1,-1,ISOLATED_LAYOUT,"Édson Araújo","I|L|B|L|L|L|L|L|L|L|L|L|REF|L|L|I|I|I|I|I|I|I|I|I|B|S|I|S|L|L|L|L|L|L|S|L|"
INTERNAL_PERSON_ID,18A484953DF8038B,1,1,0,1,1,0,-1,-1,-1,-1,ISOLATED_LAYOUT,"Édson Araújo","I|I|I|B|I|I|S|L|L|L|L|L|REF|L|L|I|I|L|I|I|B|I|I|S|L|L|L|S|L|L|L|S|B|I|I|I|"
INTERNAL_PERSON_ID,1914B2FF10A15CA8,1,1,1,0,0,1,-1,-1,-1,-1,ISOLATED_LAYOUT,"Reginaldo Araújo","L|L|S|L|L|L|S|B|I|L|I|B|REF|I|S|L|L|L|L|S|L|L|I|I|I|I|I|I|B|S|I|S|L|L|L|L|"
PERSON_DATABASE_ID,1ABC834B104D0379,1,1,1,0,0,1,16,16,31,31,ISOLATED_LAYOUT,"Reginaldo Araújo","L|L|L|L|L|L|L|L|Z|Z|S|S|REF|L|L|L|L|L|L|I|I|Z|Z|L|S|Z|Z|Z|Z|Z|Z|Z|B|Z|L|Z|"
INTERNAL_PERSON_ID,1AF19815F7C5F856,1,1,0,1,1,0,-1,-1,-1,-1,ISOLATED_LAYOUT,"Édson Araújo","I|I|I|B|L|L|L|L|L|L|L|L|REF|L|L|I|I|I|I|I|I|L|I|B|S|I|S|L|L|L|L|L|L|L|S|L|"
INTERNAL_PERSON_ID,1BB8236965D3519E,1,1,0,1,1,0,-1,-1,-1,-1,ISOLATED_LAYOUT,"Édson Araújo","I|I|I|B|S|I|S|L|L|L|L|L|REF|L|L|I|I|I|I|I|I|B|S|I|S|L|L|L|L|L|L|L|S|L|L|I|"
INTERNAL_PERSON_ID,1BD119AE37C7B38D,1,1,0,1,1,0,-1,-1,-1,-1,ISOLATED_LAYOUT,"Édson Araújo","I|I|I|I|B|I|I|S|L|L|L|L|REF|L|L|I|I|I|I|I|B|L|L|L|L|L|L|L|L|L|S|L|L|I|I|I|"
INTERNAL_PERSON_ID,1C6C58B7EED1881E,1,1,0,1,1,0,-1,-1,-1,-1,ISOLATED_LAYOUT,"Édson Araújo","I|I|B|L|L|L|L|L|L|L|L|L|REF|L|L|I|I|I|I|I|I|I|B|L|L|L|L|L|L|L|S|L|L|L|S|B|"
INTERNAL_PERSON_ID,1C7A0BC13B25CBBB,1,1,0,1,1,0,-1,-1,-1,-1,ISOLATED_LAYOUT,"Édson Araújo","I|I|B|S|I|S|L|L|L|L|L|L|REF|L|L|I|I|I|I|I|B|L|L|L|L|L|L|L|L|S|L|L|L|S|B|I|"
INTERNAL_PERSON_ID,1C7EBCFA0239C5AB,1,1,0,1,1,0,-1,-1,-1,-1,ISOLATED_LAYOUT,"Édson Araújo","I|I|B|L|L|L|L|L|L|L|L|L|REF|L|L|I|I|I|I|I|I|I|B|L|L|L|L|L|L|S|L|L|L|S|B|I|"
INTERNAL_PERSON_ID,1D23AFEA73E447AF,1,1,0,1,1,0,35,35,6,6,ISOLATED_LAYOUT,"Édson Araújo","L|L|L|B|Z|L|L|B|L|I|S|S|REF|L|S|Z|Z|L|L|L|L|S|L|I|Z|L|L|L|L|L|L|I|L|L|L|L|"
INTERNAL_PERSON_ID,1D960F3A63344CC4,1,1,0,1,1,0,-1,-1,-1,-1,ISOLATED_LAYOUT,"Édson Araújo","I|I|I|I|I|B|I|I|S|L|L|L|REF|L|L|I|I|I|L|I|I|I|B|I|I|S|L|L|L|L|S|L|L|I|I|I|"
INTERNAL_PERSON_ID,1DC44BF1E25CA29B,1,1,0,1,1,0,-1,-1,-1,-1,ISOLATED_LAYOUT,"Édson Araújo","B|I|B|L|L|L|L|L|L|L|L|L|REF|L|L|I|I|I|I|I|I|B|I|I|S|L|L|L|S|L|L|I|I|I|I|I|"
INTERNAL_PERSON_ID,1DD3C19D55B4150A,1,1,0,1,1,0,-1,-1,-1,-1,ISOLATED_LAYOUT,"Édson Araújo","B|L|L|L|L|L|L|L|L|L|L|L|REF|L|L|I|I|I|I|I|B|I|I|S|L|L|L|S|L|L|L|S|B|I|I|I|"
INTERNAL_PERSON_ID,1E1C1809E7047D27,1,1,0,1,1,0,-1,-1,-1,-1,ISOLATED_LAYOUT,"Édson Araújo","I|I|I|B|L|L|L|L|L|L|L|L|REF|L|L|I|I|I|I|I|I|I|I|B|L|L|L|L|L|L|L|S|L|L|L|S|"
INTERNAL_PERSON_ID,1E6D327A88BDF356,1,1,0,1,1,0,-1,-1,-1,-1,ISOLATED_LAYOUT,"Édson Araújo","I|I|B|I|I|S|L|L|L|L|L|L|REF|L|L|I|I|I|I|I|B|I|I|S|L|L|L|L|S|L|L|L|S|B|I|I|"
INTERNAL_PERSON_ID,1E87F6663B1B4260,1,1,0,1,1,0,98,98,96,96,ISOLATED_LAYOUT,"Édson Araújo","I|I|L|L|L|I|B|S|S|I|FF|L|REF|L|S|I|S|L|L|I|S|S|Z|L|B|L|I|I|L|L|I|I|S|FF|S|L|"
INTERNAL_PERSON_ID,1E9B7BD3EDC8EFB6,1,1,0,1,1,0,-1,-1,-1,-1,ISOLATED_LAYOUT,"Édson Araújo","L|I|I|B|L|L|L|L|L|L|L|L|REF|L|L|I|I|I|I|B|L|L|L|L|L|L|L|S|L|L|L|S|B|I|I|I|"
INTERNAL_PERSON_ID,1F33360F1B457346,1,1,0,1,1,0,-1,-1,-1,-1,ISOLATED_LAYOUT,"Édson Araújo","I|L|I|I|I|B|I|I|S|L|L|L|REF|L|L|I|I|I|I|I|B|I|I|S|L|L|L|L|L|S|L|L|I|I|L|I|"
INTERNAL_PERSON_ID,1F84D21751C97E0F,1,1,0,1,1,0,-1,-1,-1,-1,ISOLATED_LAYOUT,"Édson Araújo","L|I|I|B|L|L|L|L|L|L|L|L|REF|L|L|I|I|I|L|B|L|L|L|L|L|L|L|L|L|L|L|L|S|L|L|I|"
INTERNAL_PERSON_ID,204EA6CEA58FACD7,1,1,0,1,1,0,-1,-1,-1,-1,ISOLATED_LAYOUT,"Édson Araújo","I|I|B|L|L|L|L|L|L|L|L|L|REF|L|L|I|I|I|I|I|I|I|B|L|L|L|L|L|L|L|L|L|L|L|S|L|"
INTERNAL_PERSON_ID,21ABEDFF8CD716F4,1,1,0,1,1,0,121,121,50,50,ISOLATED_LAYOUT,"Édson Araújo","L|L|L|L|S|L|L|L|S|L|L|S|REF|S|S|Z|I|I|I|L|L|B|B|S|L|S|Z|Z|L|S|L|L|I|L|L|L|"
PERSON_DATABASE_ID,22690EA7C705F2EF,1,1,0,1,0,1,16,16,-1,-1,ISOLATED_LAYOUT,"Alessandro","L|L|L|L|L|L|L|L|Z|Z|S|S|REF|L|L|L|L|L|L|L|L|I|B|FF|Z|FF|L|L|I|L|L|L|Z|FF|Z|I|"
INTERNAL_PERSON_ID,227B29199BFB649A,1,1,0,1,1,0,-1,-1,-1,-1,ISOLATED_LAYOUT,"Édson Araújo","I|I|I|I|B|S|I|S|L|L|L|L|REF|L|L|I|I|I|I|I|I|I|I|I|B|S|I|S|L|L|L|L|L|L|S|L|"
INTERNAL_PERSON_ID,23006C257C9BB0D4,1,1,0,1,1,0,-1,-1,-1,-1,ISOLATED_LAYOUT,"Édson Araújo","I|I|B|L|L|L|L|L|L|L|L|L|REF|L|L|I|I|I|I|B|I|I|S|L|L|L|S|L|L|L|S|B|I|I|L|B|"
INTERNAL_PERSON_ID,2312FBEB017CF04F,1,1,0,1,1,0,-1,-1,-1,-1,ISOLATED_LAYOUT,"Édson Araújo","I|I|L|I|B|I|I|S|L|L|L|L|REF|L|L|I|I|I|I|I|B|I|I|S|L|L|L|L|L|S|L|L|I|I|I|B|"
INTERNAL_PERSON_ID,23150B4BCB0F4AAD,1,1,0,1,1,0,-1,-1,-1,-1,ISOLATED_LAYOUT,"Édson Araújo","L|L|L|L|L|L|L|L|L|L|L|L|REF|L|L|I|I|I|I|I|I|I|I|B|S|I|S|L|L|L|L|L|L|S|L|L|"
INTERNAL_PERSON_ID,23349C1125BAFCAB,1,1,0,1,1,0,35,35,7,7,ISOLATED_LAYOUT,"Édson Araújo","B|L|I|B|Z|Z|Z|Z|Z|S|S|S|REF|L|I|Z|Z|L|L|Z|Z|I|I|L|L|I|L|S|FF|I|L|L|Z|Z|S|I|"
INTERNAL_PERSON_ID,23CC268B185DB5E2,1,1,0,1,1,0,-1,-1,-1,-1,ISOLATED_LAYOUT,"Édson Araújo","B|I|B|L|L|L|L|L|L|L|L|L|REF|L|L|I|I|I|I|B|L|L|L|L|L|L|L|L|S|L|L|L|S|B|I|I|"
INTERNAL_PERSON_ID,23DB7FF3BEA41C6A,1,1,0,1,1,0,-1,-1,-1,-1,ISOLATED_LAYOUT,"Édson Araújo","I|B|S|I|S|L|L|L|L|L|L|L|REF|L|L|I|I|I|I|I|B|L|L|L|L|L|L|L|L|S|L|L|I|I|I|I|"
INTERNAL_PERSON_ID,2420E901A6328FFA,1,1,0,1,1,0,-1,-1,-1,-1,ISOLATED_LAYOUT,"Édson Araújo","L|L|L|L|L|L|L|L|L|L|L|L|REF|L|L|L|L|L|L|L|L|L|L|L|L|L|L|L|L|L|L|L|L|L|L|L|"
INTERNAL_PERSON_ID,2466E21528246081,1,1,0,1,1,0,-1,-1,-1,-1,ISOLATED_LAYOUT,"Édson Araújo","I|L|I|I|B|I|I|S|L|L|L|L|REF|L|L|I|I|I|I|I|I|I|B|I|I|S|L|L|L|L|S|L|L|I|I|I|"
INTERNAL_PERSON_ID,246A7A7C57D73015,1,1,0,1,1,0,21,21,23,23,ISOLATED_LAYOUT,"Fábio Costa","S|I|I|I|I|L|I|Z|L|B|S|FF|REF|I|I|I|I|L|I|Z|L|B|S|FF|S|I|I|I|Z|L|I|Z|L|B|S|FF|"
INTERNAL_PERSON_ID,24D4812DA6916CFD,1,1,0,1,1,0,-1,-1,-1,-1,ISOLATED_LAYOUT,"Édson Araújo","L|I|B|S|I|S|L|L|L|L|L|L|REF|L|L|I|I|I|I|I|I|B|S|I|S|L|L|L|S|L|L|L|S|B|I|I|"
INTERNAL_PERSON_ID,253E2CDA42A924BF,1,1,0,1,1,0,-1,-1,-1,-1,ISOLATED_LAYOUT,"Édson Araújo","B|L|L|L|L|L|L|L|L|L|L|L|REF|L|L|I|I|I|I|I|I|I|I|I|B|L|L|L|L|L|L|L|L|L|L|L|"
INTERNAL_PERSON_ID,25B73BA092D9E3A1,1,1,0,1,1,0,-1,-1,-1,-1,ISOLATED_LAYOUT,"Édson Araújo","I|I|L|B|L|L|L|L|L|L|L|L|REF|L|L|I|I|I|L|I|B|L|L|L|L|L|L|L|L|L|L|S|L|L|I|I|"
INTERNAL_PERSON_ID,25E733E53D8B8B7D,1,1,0,1,1,0,41,41,7,7,ISOLATED_LAYOUT,"Édson Araújo","I|I|Z|Z|I|L|L|L|S|I|S|I|REF|L|I|Z|Z|L|L|L|L|I|Z|L|L|L|L|L|L|I|L|L|L|L|B|Z|"
PERSON_DATABASE_ID,25EEEBC0A8CE2815,1,1,0,1,1,0,18,18,31,31,ISOLATED_LAYOUT,"Rosinei","B|B|L|S|Z|Z|L|S|Z|Z|S|S|REF|L|L|L|L|L|L|I|I|Z|Z|L|B|Z|Z|Z|Z|Z|Z|Z|B|Z|I|Z|"
INTERNAL_PERSON_ID,25FDE502D09A541E,1,1,0,1,1,0,-1,-1,-1,-1,ISOLATED_LAYOUT,"Édson Araújo","I|I|I|B|I|I|S|L|L|L|L|L|REF|L|L|I|I|I|I|I|B|L|L|L|L|L|L|L|L|S|L|L|I|I|I|I|"
INTERNAL_PERSON_ID,2621F985549CD03E,1,1,0,1,1,0,-1,-1,-1,-1,ISOLATED_LAYOUT,"Édson Araújo","I|B|L|L|L|L|L|L|L|L|L|L|REF|L|L|I|I|L|B|L|L|L|L|L|L|L|L|S|L|L|L|S|B|I|I|I|"
INTERNAL_PERSON_ID,262657BB580CD00D,1,1,0,1,1,0,-1,-1,-1,-1,ISOLATED_LAYOUT,"Édson Araújo","I|I|I|B|I|I|S|L|L|L|L|L|REF|L|L|I|I|I|L|I|I|I|B|I|I|S|L|L|L|L|S|L|L|I|I|I|"
INTERNAL_PERSON_ID,264FD813F07BB65C,1,1,0,1,1,0,-1,-1,-1,-1,ISOLATED_LAYOUT,"Édson Araújo","I|I|B|S|I|S|L|L|L|L|L|L|REF|L|L|I|I|I|I|L|I|B|L|L|L|L|L|L|L|L|L|L|L|L|S|L|"
INTERNAL_PERSON_ID,266F4F34C4B4DB83,1,1,0,1,1,0,-1,-1,-1,-1,ISOLATED_LAYOUT,"Édson Araújo","I|I|I|I|B|S|I|S|L|L|L|L|REF|L|L|I|I|I|I|I|I|I|B|S|I|S|L|L|L|L|S|L|L|I|I|I|"
INTERNAL_PERSON_ID,2697FEECFC5F9A51,1,1,0,1,1,0,-1,-1,-1,-1,ISOLATED_LAYOUT,"Édson Araújo","I|I|B|I|I|S|L|L|L|L|L|L|REF|L|L|I|I|I|I|B|L|L|L|L|L|L|L|L|L|L|S|L|L|L|S|B|"
INTERNAL_PERSON_ID,26C231562BBC0462,1,1,0,1,1,0,45,45,36,36,ISOLATED_LAYOUT,"Édson Araújo","I|Z|Z|Z|Z|Z|Z|Z|Z|L|I|S|REF|Z|L|L|L|L|L|L|S|L|Z|Z|Z|Z|Z|Z|Z|Z|Z|L|I|L|Z|L|"
INTERNAL_PERSON_ID,270088E50C4B21CF,1,1,0,1,1,0,-1,-1,-1,-1,ISOLATED_LAYOUT,"Édson Araújo","I|I|I|I|B|I|I|S|L|L|L|L|REF|L|L|I|I|I|L|I|I|I|B|I|I|S|L|L|L|S|L|L|I|I|I|I|"
INTERNAL_PERSON_ID,2715CFCE49BE0496,1,1,0,1,1,0,-1,-1,-1,-1,ISOLATED_LAYOUT,"Édson Araújo","B|S|I|S|L|L|L|L|L|L|L|L|REF|L|L|I|I|I|I|I|I|L|B|L|L|L|L|L|L|L|L|L|L|L|L|S|"
INTERNAL_PERSON_ID,274E40B98007E8BB,1,1,0,1,1,0,-1,-1,-1,-1,ISOLATED_LAYOUT,"Édson Araújo","L|L|L|L|L|L|L|L|L|L|L|L|REF|L|L|I|I|I|I|I|L|B|L|L|L|L|L|L|L|L|L|L|L|L|L|S|"
INTERNAL_PERSON_ID,278D3ABFFEE8E26D,1,1,0,1,1,0,137,137,34,34,ISOLATED_LAYOUT,"Édson Araújo","S|L|L|L|S|L|L|S|S|S|S|Z|REF|I|I|L|L|B|B|B|L|S|Z|Z|L|S|L|I|B|Z|I|I|L|L|I|I|"
INTERNAL_PERSON_ID,27BA0C222833238B,1,1,0,1,1,0,-1,-1,-1,-1,ISOLATED_LAYOUT,"Édson Araújo","I|I|I|I|B|I|I|S|L|L|L|L|REF|L|L|I|I|I|I|I|B|L|L|L|L|L|L|L|L|L|S|L|L|L|S|B|"
INTERNAL_PERSON_ID,27D48558EC319463,1,1,0,1,1,0,-1,-1,-1,-1,ISOLATED_LAYOUT,"Édson Araújo","S|I|S|L|L|L|L|L|L|L|L|L|REF|L|L|I|I|I|I|I|B|S|I|S|L|L|L|L|L|L|L|L|S|L|L|I|"
INTERNAL_PERSON_ID,28145FE688CE2EAF,1,1,0,1,1,0,12,12,64,64,ISOLATED_LAYOUT,"Édson Araújo","L|FF|L|FF|L|FF|L|FF|L|Z|Z|Z|REF|I|S|S|S|FF|FF|S|FF|FF|L|L|B|Z|FF|Z|L|Z|Z|Z|L|S|FF|S|"
INTERNAL_PERSON_ID,286B314798D708D4,1,1,0,1,1,0,12,12,16,16,ISOLATED_LAYOUT,"Édson Araújo","S|L|I|L|L|Z|Z|L|L|Z|Z|Z|REF|L|I|L|L|Z|Z|L|L|Z|Z|Z|I|L|I|L|L|Z|Z|L|L|Z|Z|Z|"
INTERNAL_PERSON_ID,28AFFDF5FA07B059,1,1,0,1,1,0,-1,-1,-1,-1,ISOLATED_LAYOUT,"Édson Araújo","I|I|I|B|L|L|L|L|L|L|L|L|REF|L|L|I|I|I|I|I|B|L|L|L|L|L|L|L|L|S|L|L|L|S|B|I|"
INTERNAL_PERSON_ID,29B598E4BF629A0C,1,1,0,1,1,0,-1,-1,-1,-1,ISOLATED_LAYOUT,"Édson Araújo","L|L|L|L|L|L|L|L|L|L|L|L|REF|L|L|I|I|I|L|I|I|I|I|B|L|L|L|L|L|L|L|S|L|L|L|S|"
INTERNAL_PERSON_ID,2A7D15D35506D325,1,1,0,1,1,0,163,163,7,7,ISOLATED_LAYOUT,"Édson Araújo","I|I|Z|I|Z|L|L|L|Z|I|S|I|REF|L|I|Z|Z|L|L|L|L|I|Z|L|L|L|L|L|L|I|L|L|L|L|S|Z|"
INTERNAL_PERSON_ID,2AC7FCF5A7207BE5,1,1,0,1,1,0,-1,-1,-1,-1,ISOLATED_LAYOUT,"Édson Araújo","I|I|B|L|L|L|L|L|L|L|L|L|REF|L|L|I|I|I|I|I|I|I|B|L|L|L|L|L|L|L|L|L|S|L|L|I|"
INTERNAL_PERSON_ID,2AD972B87831DA40,1,1,0,1,1,0,-1,-1,-1,-1,ISOLATED_LAYOUT,"Édson Araújo","B|I|I|B|L|L|L|L|L|L|L|L|REF|L|L|I|I|I|I|I|I|B|L|L|L|L|L|L|L|S|L|L|L|S|B|I|"
INTERNAL_PERSON_ID,2C26E03231E7BA41,1,1,0,1,1,0,-1,-1,-1,-1,ISOLATED_LAYOUT,"Édson Araújo","B|I|I|B|L|L|L|L|L|L|L|L|REF|L|L|I|I|I|I|I|I|B|L|L|L|L|L|L|L|L|S|L|L|L|S|B|"
INTERNAL_PERSON_ID,2C3EBB53252AB87A,1,1,0,1,1,0,-1,-1,-1,-1,ISOLATED_LAYOUT,"Édson Araújo","I|I|I|I|B|S|I|S|L|L|L|L|REF|L|L|I|I|I|I|I|B|L|L|L|L|L|L|L|L|L|L|L|S|L|L|L|"
INTERNAL_PERSON_ID,2C609AECFAC38EB8,1,1,0,1,1,0,-1,-1,-1,-1,ISOLATED_LAYOUT,"Édson Araújo","S|L|L|L|B|FF|B|FF|FF|FF|B|I|REF|L|L|L|FF|FF|FF|L|L|S|B|L|L|L|FF|FF|FF|I|L|L|L|I|I|L|"
PERSON_DATABASE_ID,2C7F7BE5B5357CB1,1,1,1,0,1,0,16,16,87,87,ISOLATED_LAYOUT,"André Bahia","L|B|Z|L|L|B|L|L|Z|Z|S|S|REF|L|L|S|L|L|L|L|L|I|B|FF|Z|FF|L|S|S|L|L|L|Z|FF|I|Z|"
INTERNAL_PERSON_ID,2C977E2546FC3AAE,1,1,0,1,1,0,-1,-1,-1,-1,ISOLATED_LAYOUT,"Édson Araújo","L|L|L|L|L|L|L|L|L|L|L|L|REF|L|L|I|I|I|I|I|I|B|L|L|L|L|L|L|L|L|L|L|L|S|L|L|"
INTERNAL_PERSON_ID,2CE2EA4984E73D25,1,1,0,1,1,0,-1,-1,-1,-1,ISOLATED_LAYOUT,"Édson Araújo","B|S|I|S|L|L|L|L|L|L|L|L|REF|L|L|I|I|I|I|I|I|I|I|I|B|S|I|S|L|L|L|S|L|L|I|I|"
INTERNAL_PERSON_ID,2D886E2A81134A17,1,1,0,1,1,0,28,28,43,43,ISOLATED_LAYOUT,"Édson Araújo","I|I|L|S|L|Z|Z|Z|Z|Z|S|I|REF|S|L|L|L|I|L|I|FF|L|B|I|Z|Z|I|I|I|Z|Z|I|I|I|I|I|"
INTERNAL_PERSON_ID,2EE613F670BCC33A,1,1,0,1,1,0,-1,-1,-1,-1,ISOLATED_LAYOUT,"Édson Araújo","I|I|I|B|S|I|S|L|L|L|L|L|REF|L|L|I|I|I|I|B|L|L|L|L|L|L|L|L|L|L|L|L|S|L|L|L|"
INTERNAL_PERSON_ID,2F183B97EE7076DF,1,1,0,1,1,0,-1,-1,-1,-1,ISOLATED_LAYOUT,"Édson Araújo","B|I|I|I|B|I|I|S|L|L|L|L|REF|L|L|I|I|I|I|B|L|L|L|L|L|L|L|S|L|L|L|S|B|I|I|I|"
INTERNAL_PERSON_ID,2F4C4B7E166DD9F4,1,1,0,1,1,0,-1,-1,-1,-1,ISOLATED_LAYOUT,"Édson Araújo","L|L|L|L|L|L|L|L|L|L|L|L|REF|L|L|I|I|I|I|I|I|I|L|I|B|S|I|S|L|L|S|L|L|L|S|B|"
INTERNAL_PERSON_ID,2F8C1691EFF9E870,1,1,0,1,1,0,-1,-1,-1,-1,ISOLATED_LAYOUT,"Édson Araújo","I|I|B|L|L|L|L|L|L|L|L|L|REF|L|L|I|I|I|L|B|L|L|L|L|L|L|S|L|L|L|S|B|I|I|I|I|"
INTERNAL_PERSON_ID,302026ACC7F3E05F,1,1,0,1,1,0,-1,-1,-1,-1,ISOLATED_LAYOUT,"Édson Araújo","I|I|I|I|I|B|I|I|S|L|L|L|REF|L|L|I|I|I|I|I|I|B|L|L|L|L|L|L|L|S|L|L|L|S|B|I|"
INTERNAL_PERSON_ID,3035BD3D0D19DF7B,1,1,0,1,1,0,-1,-1,-1,-1,ISOLATED_LAYOUT,"Édson Araújo","I|B|B|L|L|L|L|L|L|L|L|Z|REF|L|I|I|I|I|I|Z|B|I|S|L|L|L|L|L|L|L|L|Z|S|L|I|I|"
INTERNAL_PERSON_ID,30A067F8029B689E,1,1,0,1,1,0,-1,-1,-1,-1,ISOLATED_LAYOUT,"Édson Araújo","I|I|I|I|B|I|I|S|L|L|L|L|REF|L|L|I|I|I|I|I|I|L|B|L|L|L|L|L|L|L|L|L|S|L|L|L|"
INTERNAL_PERSON_ID,30BA79EC2C5373DA,1,1,1,0,1,0,-1,-1,-1,-1,ISOLATED_LAYOUT,"Douglas Silva","L|B|S|S|I|I|L|L|L|L|B|S|REF|I|I|L|L|L|L|B|S|S|I|I|L|L|L|L|B|S|S|I|I|L|L|L|"
INTERNAL_PERSON_ID,314A34CB3A88BA67,1,1,0,1,1,0,-1,-1,-1,-1,ISOLATED_LAYOUT,"Édson Araújo","I|I|B|I|I|S|L|L|L|L|L|L|REF|L|L|I|I|I|I|B|L|L|L|L|L|L|L|S|L|L|L|S|B|I|B|L|"
INTERNAL_PERSON_ID,318B8DE1B3D8EC15,1,1,0,1,1,0,-1,-1,-1,-1,ISOLATED_LAYOUT,"Édson Araújo","I|L|B|L|L|L|L|L|L|L|L|L|REF|L|L|I|I|I|I|I|I|I|B|L|L|L|L|L|L|L|L|S|L|L|I|I|"
INTERNAL_PERSON_ID,319A7CEE047BE573,1,1,0,1,1,0,-1,-1,-1,-1,ISOLATED_LAYOUT,"Édson Araújo","I|I|I|I|B|I|I|S|L|L|L|L|REF|L|L|I|I|I|I|I|B|I|I|S|L|L|S|L|L|L|S|B|I|I|I|B|"
INTERNAL_PERSON_ID,319AE4F0E39F3C42,1,1,0,1,1,0,-1,-1,-1,-1,ISOLATED_LAYOUT,"Édson Araújo","I|I|I|I|I|B|S|I|S|L|L|L|REF|L|L|I|I|L|B|L|L|L|L|L|L|L|L|L|L|L|S|L|L|L|S|B|"
INTERNAL_PERSON_ID,31FC4A7A5BAE8EF9,1,1,0,1,1,0,-1,-1,-1,-1,ISOLATED_LAYOUT,"Édson Araújo","I|I|I|I|I|B|I|I|S|L|L|L|REF|L|L|I|I|I|I|B|L|L|L|L|L|L|L|L|S|L|L|I|I|I|I|I|"
INTERNAL_PERSON_ID,32BBF67423B6AF68,1,1,0,1,1,0,-1,-1,-1,-1,ISOLATED_LAYOUT,"Édson Araújo","I|I|B|L|L|L|L|L|L|L|L|L|REF|L|L|I|I|I|I|I|I|I|I|B|S|I|S|L|L|L|S|L|L|L|S|B|"
INTERNAL_PERSON_ID,33256E12F754543E,1,1,0,1,1,0,25,25,6,6,ISOLATED_LAYOUT,"Fábio Costa","S|Z|S|I|L|I|Z|L|B|FF|Z|B|REF|I|S|Z|L|L|L|L|L|L|S|B|Z|I|L|S|L|L|L|L|Z|Z|S|S|"
INTERNAL_PERSON_ID,337127BE5BF02755,1,1,0,1,1,0,-1,-1,-1,-1,ISOLATED_LAYOUT,"Édson Araújo","B|S|I|S|L|L|L|L|L|L|L|L|REF|L|L|I|I|I|B|L|L|L|L|L|L|L|L|S|L|L|I|I|I|I|B|L|"
INTERNAL_PERSON_ID,337AB6C244B53788,1,1,0,1,1,0,-1,-1,-1,-1,ISOLATED_LAYOUT,"Édson Araújo","I|I|I|I|B|S|I|S|L|L|L|L|REF|L|L|I|I|I|I|I|I|I|I|I|I|B|S|I|S|L|L|S|L|L|L|S|"
INTERNAL_PERSON_ID,3483BB7C7B2E895D,1,1,1,0,1,0,71,71,65,65,ISOLATED_LAYOUT,"Júnior Baiano","L|L|L|L|FF|L|L|L|S|L|FF|S|REF|S|L|S|I|I|L|B|I|L|L|S|S|Z|L|L|L|B|Z|Z|L|B|I|I|"
INTERNAL_PERSON_ID,349C24CD860B42C7,1,1,0,1,1,0,-1,-1,-1,-1,ISOLATED_LAYOUT,"Édson Araújo","I|I|I|I|B|S|I|S|L|L|L|L|REF|L|L|I|I|I|I|I|I|B|S|I|S|L|L|L|L|L|L|S|L|L|I|I|"
INTERNAL_PERSON_ID,34D449F839858C5A,1,1,0,1,1,0,-1,-1,-1,-1,ISOLATED_LAYOUT,"Édson Araújo","B|I|I|B|L|L|L|L|L|L|L|L|REF|L|L|I|I|I|I|I|B|L|L|L|L|L|L|S|L|L|L|S|B|I|I|I|"
PERSON_DATABASE_ID,350BF93BF83F1F9B,1,1,1,0,1,0,99,99,31,31,ISOLATED_LAYOUT,"Júnior Baiano","L|L|L|L|L|L|L|L|Z|I|S|S|REF|L|L|L|L|L|L|I|I|Z|Z|L|S|Z|Z|Z|Z|Z|Z|Z|B|Z|I|Z|"
INTERNAL_PERSON_ID,3547A5D03E74A2D1,1,1,0,1,1,0,-1,-1,-1,-1,ISOLATED_LAYOUT,"Édson Araújo","I|B|L|L|L|L|L|L|L|L|L|L|REF|L|L|I|I|I|I|I|B|L|L|L|L|L|L|L|L|L|L|S|L|L|I|I|"
INTERNAL_PERSON_ID,358454E8480A9FCA,1,1,0,1,1,0,-1,-1,-1,-1,ISOLATED_LAYOUT,"Édson Araújo","B|L|L|L|L|L|L|L|L|L|L|L|REF|L|L|I|I|I|I|I|I|I|I|I|B|S|I|S|L|L|L|L|L|L|L|L|"
INTERNAL_PERSON_ID,358BA8D31B91858A,1,1,0,1,1,0,-1,-1,-1,-1,ISOLATED_LAYOUT,"Édson Araújo","L|I|I|I|L|S|L|L|I|L|S|S|REF|L|L|I|L|I|S|S|L|L|I|I|L|S|S|L|L|I|Z|L|S|S|L|L|"
INTERNAL_PERSON_ID,366B11023895626E,1,1,0,1,1,0,-1,-1,-1,-1,ISOLATED_LAYOUT,"Édson Araújo","I|I|I|I|I|B|I|I|S|L|L|L|REF|L|L|I|I|I|I|I|B|I|I|S|L|L|L|S|L|L|L|S|B|I|I|I|"
INTERNAL_PERSON_ID,3700147D712BFE60,1,1,0,1,1,0,-1,-1,-1,-1,ISOLATED_LAYOUT,"Édson Araújo","I|I|I|B|I|I|S|L|L|L|L|L|REF|L|L|I|I|I|I|I|I|I|B|I|I|S|L|L|L|S|L|L|L|S|B|I|"
INTERNAL_PERSON_ID,38ED2522938A8D03,1,1,0,1,1,0,-1,-1,-1,-1,ISOLATED_LAYOUT,"Édson Araújo","I|I|I|I|B|I|I|S|L|L|L|L|REF|L|L|I|I|I|I|I|I|B|I|I|S|L|L|S|L|L|L|S|B|I|I|B|"
INTERNAL_PERSON_ID,39083D4AE382C147,1,1,0,1,1,0,-1,-1,-1,-1,ISOLATED_LAYOUT,"Édson Araújo","I|I|I|B|L|L|L|L|L|L|L|L|REF|L|L|I|I|I|I|I|I|B|I|I|S|L|L|L|L|S|L|L|L|S|B|I|"
INTERNAL_PERSON_ID,398645C988A000E3,1,1,0,1,1,0,-1,-1,-1,-1,ISOLATED_LAYOUT,"Édson Araújo","I|I|I|I|B|S|I|S|L|L|L|L|REF|L|L|I|I|L|I|I|I|I|I|I|I|B|S|I|S|L|L|L|L|S|L|L|"
INTERNAL_PERSON_ID,398AFAC8A9212B79,1,1,0,1,1,0,-1,-1,-1,-1,ISOLATED_LAYOUT,"Édson Araújo","I|I|B|L|L|L|L|L|L|L|L|L|REF|L|L|I|I|I|I|I|I|I|I|B|S|I|S|L|L|L|L|L|L|L|L|S|"
INTERNAL_PERSON_ID,3A2476130A2F99B8,1,1,0,1,1,0,-1,-1,-1,-1,ISOLATED_LAYOUT,"Édson Araújo","I|L|I|B|L|L|L|L|L|L|L|L|REF|I|L|I|I|I|I|I|I|I|B|L|L|L|L|L|L|L|L|L|L|S|L|L|"
INTERNAL_PERSON_ID,3A757E27370E7084,1,1,0,1,1,0,-1,-1,-1,-1,ISOLATED_LAYOUT,"Édson Araújo","I|I|I|I|B|S|I|S|L|L|L|L|REF|L|L|I|I|I|L|B|L|L|L|L|L|L|L|L|L|S|L|L|I|I|I|I|"
INTERNAL_PERSON_ID,3A9E5F5F7867F426,1,1,0,1,1,0,-1,-1,-1,-1,ISOLATED_LAYOUT,"Édson Araújo","I|I|B|I|I|S|L|L|L|L|L|L|REF|L|L|I|I|I|I|B|L|L|L|L|L|L|L|L|L|S|L|L|I|I|I|I|"
PERSON_DATABASE_ID,3AB63081C118664F,1,1,1,0,1,0,-1,-1,-1,-1,ISOLATED_LAYOUT,"Júlio César Moraes","L|I|I|L|I|I|I|I|I|I|B|S|REF|S|L|L|L|L|L|L|L|L|S|I|L|I|I|I|I|I|I|I|B|L|L|L|"
INTERNAL_PERSON_ID,3BE19BAAFDAA7290,1,1,0,1,0,1,71,71,116,116,ISOLATED_LAYOUT,"Luciano Ratinho","I|L|L|L|FF|L|L|L|S|L|FF|S|REF|S|L|S|S|Z|L|B|I|L|L|S|S|Z|L|L|L|L|L|Z|L|B|L|B|"
INTERNAL_PERSON_ID,3C2D5423FFBEABCA,1,1,0,1,1,0,-1,-1,-1,-1,ISOLATED_LAYOUT,"Édson Araújo","L|L|L|L|L|L|L|L|L|L|L|L|REF|L|L|I|I|I|I|I|I|I|I|I|B|S|I|S|L|L|L|L|L|S|L|L|"
INTERNAL_PERSON_ID,3C320F04EA36BA09,1,1,0,1,1,0,-1,-1,-1,-1,ISOLATED_LAYOUT,"Édson Araújo","I|B|L|L|L|L|L|L|L|L|L|L|REF|L|L|I|I|I|I|I|I|B|L|L|L|L|L|L|L|L|L|S|L|L|I|I|"
INTERNAL_PERSON_ID,3C3811143614F76D,1,1,0,1,1,0,-1,-1,-1,-1,ISOLATED_LAYOUT,"Édson Araújo","I|I|I|B|I|I|S|L|L|L|L|L|REF|L|L|I|I|I|I|I|I|I|B|I|S|S|L|S|L|L|L|S|B|I|I|I|"
INTERNAL_PERSON_ID,3C45BE09B3F090CC,1,1,1,0,1,0,-1,-1,-1,-1,ISOLATED_LAYOUT,"Douglas Silva","L|S|L|L|L|S|B|I|I|I|I|B|REF|I|S|L|L|L|S|L|L|L|S|B|I|I|B|I|L|L|L|L|L|L|S|L|"
INTERNAL_PERSON_ID,3D66EF7B9AB1BF6B,1,1,0,1,1,0,-1,-1,-1,-1,ISOLATED_LAYOUT,"Édson Araújo","I|I|B|L|L|L|L|L|L|L|L|L|REF|L|L|I|I|I|L|I|I|B|I|I|S|L|L|L|L|S|L|L|I|I|I|I|"
INTERNAL_PERSON_ID,3D82EBCBA24EC990,1,1,0,1,1,0,-1,-1,-1,-1,ISOLATED_LAYOUT,"Édson Araújo","I|B|L|L|L|L|L|L|L|L|L|L|REF|L|L|I|I|I|B|L|L|L|L|L|L|L|L|S|L|L|I|I|I|I|I|B|"
INTERNAL_PERSON_ID,3EE45B4DAC9DA8FE,1,1,0,1,1,0,-1,-1,-1,-1,ISOLATED_LAYOUT,"Édson Araújo","I|I|B|S|I|S|L|L|L|L|L|L|REF|L|L|I|I|I|I|I|I|I|I|I|B|S|I|S|L|L|L|L|L|L|L|L|"
INTERNAL_PERSON_ID,3F5D899C93E648AB,1,1,0,1,1,0,-1,-1,-1,-1,ISOLATED_LAYOUT,"Édson Araújo","L|I|I|I|B|I|I|S|L|L|L|L|REF|L|L|I|I|I|I|I|I|I|I|B|I|I|S|L|L|L|L|S|L|L|L|S|"
INTERNAL_PERSON_ID,406EA636CEF11270,1,1,0,1,1,0,-1,-1,-1,-1,ISOLATED_LAYOUT,"Édson Araújo","I|B|L|L|L|L|L|L|L|L|L|L|REF|L|I|I|I|I|I|B|I|I|S|L|L|L|S|L|L|I|I|I|I|I|B|L|"
PERSON_DATABASE_ID,407221BF574D5FA1,1,1,0,1,0,1,-1,-1,-1,-1,ISOLATED_LAYOUT,"Marcelo Magalhães","I|I|I|I|I|I|I|L|I|I|B|S|REF|S|L|L|L|L|L|L|S|I|L|I|I|L|I|I|I|I|I|I|I|B|S|I|"
INTERNAL_PERSON_ID,4077572C4097B1FC,1,1,0,1,1,0,-1,-1,-1,-1,ISOLATED_LAYOUT,"Édson Araújo","I|I|L|B|L|L|L|L|L|L|L|L|REF|L|L|I|I|I|L|B|L|L|L|L|L|L|L|S|L|L|L|S|B|I|I|B|"
INTERNAL_PERSON_ID,40D8EA0261F9A0C4,1,1,0,1,1,0,-1,-1,-1,-1,ISOLATED_LAYOUT,"Édson Araújo","I|I|I|I|B|S|I|S|L|L|L|L|REF|L|L|I|I|I|I|I|I|I|I|B|L|L|L|L|L|L|L|S|L|L|L|S|"
INTERNAL_PERSON_ID,40F245A1CCA44760,1,1,0,1,1,0,-1,-1,-1,-1,ISOLATED_LAYOUT,"Édson Araújo","I|B|L|L|L|L|L|L|L|L|L|L|REF|L|L|I|I|I|I|I|I|I|B|S|I|S|L|L|L|S|L|L|L|S|B|I|"
INTERNAL_PERSON_ID,40F5565FC52CB03D,1,1,0,1,1,0,-1,-1,-1,-1,ISOLATED_LAYOUT,"Édson Araújo","S|B|I|I|I|B|S|I|S|L|L|L|REF|L|L|I|I|I|I|I|I|I|I|B|L|L|L|L|L|L|L|S|L|L|L|S|"
INTERNAL_PERSON_ID,411512ADB03470DC,1,1,0,1,1,0,-1,-1,-1,-1,ISOLATED_LAYOUT,"Édson Araújo","B|I|I|I|I|B|S|I|S|L|L|L|REF|L|L|I|I|I|I|I|I|I|I|B|L|L|L|L|L|L|L|S|L|L|L|S|"
INTERNAL_PERSON_ID,413D7A73B6B607EC,1,1,0,1,1,0,-1,-1,-1,-1,ISOLATED_LAYOUT,"Édson Araújo","I|I|I|B|L|L|L|L|L|L|L|L|REF|L|L|I|I|I|I|I|I|B|L|L|L|L|L|L|L|L|L|S|L|L|I|I|"
INTERNAL_PERSON_ID,414B7677A74C3DB8,1,1,0,1,1,0,-1,-1,-1,-1,ISOLATED_LAYOUT,"Édson Araújo","I|I|I|B|L|L|L|L|L|L|L|L|REF|L|L|I|I|L|I|I|I|B|L|L|L|L|L|L|L|L|L|S|L|L|I|I|"
INTERNAL_PERSON_ID,4192F96610C7D50B,1,1,0,1,1,0,-1,-1,-1,-1,ISOLATED_LAYOUT,"Édson Araújo","I|I|I|I|B|S|I|S|L|L|L|L|REF|L|L|I|I|I|I|I|B|S|I|S|L|L|L|L|L|S|L|L|I|I|I|I|"
INTERNAL_PERSON_ID,41CBC0E90C672C47,1,1,0,1,1,0,43,43,23,23,ISOLATED_LAYOUT,"Édson Araújo","S|B|Z|L|I|Z|L|L|L|L|L|L|REF|S|Z|L|I|L|I|Z|Z|B|B|Z|B|S|I|L|L|L|L|L|L|L|L|S|"
INTERNAL_PERSON_ID,41DE8D22FE703B0D,1,1,0,1,1,0,-1,-1,-1,-1,ISOLATED_LAYOUT,"Édson Araújo","I|I|I|I|I|B|S|I|S|L|L|L|REF|I|L|I|I|I|I|I|B|S|I|S|L|L|L|L|L|L|L|S|I|L|I|I|"
INTERNAL_PERSON_ID,4216236D15CEB604,1,1,0,1,1,0,-1,-1,-1,-1,ISOLATED_LAYOUT,"Édson Araújo","L|I|I|B|L|L|L|L|L|L|L|L|REF|L|L|I|I|I|I|B|L|L|L|L|L|L|L|L|L|L|L|S|L|L|I|I|"
INTERNAL_PERSON_ID,4356BF9C988B1B51,1,1,0,1,1,0,-1,-1,-1,-1,ISOLATED_LAYOUT,"Édson Araújo","L|L|L|L|L|L|L|L|L|L|L|L|REF|L|L|I|I|I|I|I|I|L|I|B|S|I|S|L|L|L|L|L|L|S|L|L|"
INTERNAL_PERSON_ID,4394FAE3DEB5565E,1,1,0,1,1,0,-1,-1,-1,-1,ISOLATED_LAYOUT,"Édson Araújo","I|I|B|L|L|L|L|L|L|L|L|L|REF|L|L|I|I|I|I|I|I|I|B|L|L|L|L|L|L|L|L|L|L|L|L|S|"
INTERNAL_PERSON_ID,43D408B1F0DB385F,1,1,0,1,1,0,-1,-1,-1,-1,ISOLATED_LAYOUT,"Édson Araújo","I|I|I|I|B|I|I|S|L|L|L|L|REF|L|L|I|I|I|I|I|I|B|I|I|S|L|L|L|L|S|L|L|L|S|B|I|"
INTERNAL_PERSON_ID,4463BB6E2EF67D29,1,1,0,1,1,0,-1,-1,0,0,ISOLATED_LAYOUT,"Édson Araújo","L|L|L|S|L|S|FF|S|L|S|FF|L|REF|Z|Z|L|L|L|L|I|I|L|L|L|FF|S|FF|I|Z|L|L|L|I|I|S|S|"
INTERNAL_PERSON_ID,448C0846675AB004,1,1,0,1,1,0,-1,-1,-1,-1,ISOLATED_LAYOUT,"Édson Araújo","I|I|I|B|S|I|S|L|L|L|L|L|REF|L|L|I|I|I|I|I|I|I|I|I|B|L|L|L|L|L|L|L|L|L|L|L|"
INTERNAL_PERSON_ID,44AABD2392BB5613,1,1,0,1,1,0,-1,-1,-1,-1,ISOLATED_LAYOUT,"Édson Araújo","I|I|I|B|L|L|L|L|L|L|L|L|REF|L|L|I|I|I|I|I|B|I|I|S|L|L|L|L|L|S|L|L|I|I|I|B|"
INTERNAL_PERSON_ID,45965EBE0207B62F,1,1,0,1,1,0,-1,-1,-1,-1,ISOLATED_LAYOUT,"Édson Araújo","L|L|L|L|L|L|L|L|L|L|L|L|REF|L|L|I|I|I|I|I|I|L|I|B|L|L|L|L|L|L|L|L|L|L|L|L|"
INTERNAL_PERSON_ID,46274840A849913E,1,1,0,1,1,0,-1,-1,-1,-1,ISOLATED_LAYOUT,"Édson Araújo","S|I|S|L|L|L|L|L|L|L|L|L|REF|L|L|I|I|I|I|I|I|I|I|I|B|L|L|L|L|L|L|L|L|L|S|L|"
INTERNAL_PERSON_ID,462B3BA2FF603F42,1,1,0,1,1,0,8,8,58,58,ISOLATED_LAYOUT,"Édson Araújo","S|B|Z|L|I|Z|L|L|L|L|Z|Z|REF|S|Z|S|I|L|L|L|L|B|B|Z|S|S|I|S|Z|L|L|Z|L|L|B|S|"
INTERNAL_PERSON_ID,46529F9860D61EF2,1,1,0,1,0,1,25,25,6,6,ISOLATED_LAYOUT,"Fábio Baiano","L|B|S|I|L|I|Z|L|B|FF|Z|B|REF|I|S|Z|L|L|L|L|L|L|S|B|Z|L|L|S|L|L|L|B|Z|Z|S|L|"
INTERNAL_PERSON_ID,46985AE25D375F67,1,1,0,1,1,0,-1,-1,-1,-1,ISOLATED_LAYOUT,"Édson Araújo","I|I|I|B|I|I|S|L|L|L|L|L|REF|L|L|I|I|I|I|I|B|L|L|L|L|L|L|L|L|L|L|S|L|L|I|I|"
INTERNAL_PERSON_ID,470E0DAF0C38442B,1,1,0,1,1,0,-1,-1,-1,-1,ISOLATED_LAYOUT,"Édson Araújo","B|S|I|S|L|L|L|L|L|L|L|L|REF|L|L|I|I|I|I|B|L|L|L|L|L|L|L|L|L|L|S|L|L|L|S|B|"
INTERNAL_PERSON_ID,476DA6BDB2F8E36B,1,1,0,1,1,0,-1,-1,-1,-1,ISOLATED_LAYOUT,"Édson Araújo","I|I|I|I|B|S|I|S|L|L|L|L|REF|L|L|I|I|I|I|I|B|S|I|S|L|L|L|S|L|L|L|S|B|I|I|I|"
INTERNAL_PERSON_ID,4786159D0D754948,1,1,0,1,1,0,-1,-1,-1,-1,ISOLATED_LAYOUT,"Édson Araújo","I|B|L|L|L|L|L|L|L|L|L|L|REF|L|L|I|I|I|I|I|B|I|I|S|L|L|L|L|S|L|L|I|I|I|I|I|"
INTERNAL_PERSON_ID,480A9A12F2C77CEE,1,1,1,0,1,0,67,67,120,120,ISOLATED_LAYOUT,"Andrezinho","I|I|L|L|L|FF|L|L|L|S|L|FF|REF|I|S|L|S|L|L|I|S|I|L|L|S|S|Z|L|L|L|B|L|Z|L|L|L|"
INTERNAL_PERSON_ID,49A508E721568261,1,1,0,1,1,0,-1,-1,-1,-1,ISOLATED_LAYOUT,"Édson Araújo","I|I|B|S|I|S|L|L|L|L|L|L|REF|L|L|I|I|I|L|I|I|L|B|L|L|L|L|L|L|L|L|L|S|L|L|L|"
INTERNAL_PERSON_ID,49B9C2A83417C7BF,1,1,0,1,1,0,-1,-1,-1,-1,ISOLATED_LAYOUT,"Édson Araújo","I|I|I|I|I|B|I|I|S|L|L|L|REF|L|L|I|I|I|I|I|B|I|I|S|L|L|L|L|L|S|L|L|I|I|I|I|"
INTERNAL_PERSON_ID,4A34DEE8D60F2B94,1,1,0,1,1,0,-1,-1,-1,-1,ISOLATED_LAYOUT,"Édson Araújo","S|I|S|L|L|L|L|L|L|L|L|L|REF|L|L|I|I|I|I|I|B|S|I|S|L|L|L|L|L|S|L|L|L|S|B|I|"
INTERNAL_PERSON_ID,4AE8F14C666D67C5,1,1,0,1,1,0,-1,-1,-1,-1,ISOLATED_LAYOUT,"Édson Araújo","I|I|I|I|B|I|I|S|L|L|L|L|REF|L|L|I|I|I|I|I|B|I|I|S|L|L|L|S|L|L|L|S|B|I|L|B|"
INTERNAL_PERSON_ID,4B7FEF7DA00F061A,1,1,0,1,1,0,-1,-1,-1,-1,ISOLATED_LAYOUT,"Édson Araújo","B|I|I|I|B|I|I|S|L|L|L|L|REF|L|L|I|I|I|I|I|B|I|I|S|L|L|L|L|L|S|L|L|I|I|I|I|"
INTERNAL_PERSON_ID,4BACA606FA2F410F,1,1,0,1,1,0,-1,-1,-1,-1,ISOLATED_LAYOUT,"Édson Araújo","I|I|I|B|L|L|L|L|L|L|L|L|REF|L|L|I|I|I|I|B|L|L|L|L|L|L|L|L|S|L|L|I|I|I|I|I|"
INTERNAL_PERSON_ID,4BB8C375258DAFD6,1,1,0,1,1,0,-1,-1,-1,-1,ISOLATED_LAYOUT,"Édson Araújo","I|I|I|I|B|I|I|S|L|L|L|L|REF|L|L|I|I|I|L|I|I|B|I|I|S|L|L|S|L|L|L|S|B|I|I|I|"
INTERNAL_PERSON_ID,4BC9D6F848BF60C3,1,1,0,1,1,0,-1,-1,-1,-1,ISOLATED_LAYOUT,"Édson Araújo","I|I|B|L|L|L|L|L|L|L|L|L|REF|L|L|I|I|I|I|L|B|L|L|L|L|L|L|L|L|L|S|L|L|L|S|B|"
INTERNAL_PERSON_ID,4BD2A43138AB5E79,1,1,0,1,1,0,-1,-1,-1,-1,ISOLATED_LAYOUT,"Édson Araújo","I|I|B|L|L|L|L|L|L|L|L|L|REF|L|L|I|I|I|I|B|L|L|L|L|L|L|L|L|S|L|L|I|I|I|I|B|"
INTERNAL_PERSON_ID,4BE0470D3DCB03D7,1,1,0,1,1,0,-1,-1,-1,-1,ISOLATED_LAYOUT,"Édson Araújo","B|I|I|B|L|L|L|L|L|L|L|L|REF|L|L|I|I|I|I|I|I|I|I|B|L|L|L|L|L|L|L|L|L|L|L|S|"
INTERNAL_PERSON_ID,4C2389EB39F7CD82,1,1,0,1,1,0,-1,-1,-1,-1,ISOLATED_LAYOUT,"Édson Araújo","L|L|L|L|L|L|L|L|L|L|L|L|REF|L|L|I|I|I|I|I|I|L|I|B|S|I|S|L|L|L|L|L|S|L|L|I|"
INTERNAL_PERSON_ID,4C28F8E96E75E2EB,1,1,0,1,1,0,-1,-1,-1,-1,ISOLATED_LAYOUT,"Édson Araújo","I|B|S|I|S|L|L|L|L|L|L|L|REF|L|L|I|I|I|I|I|I|I|I|I|I|B|S|I|S|L|L|L|L|L|L|L|"
INTERNAL_PERSON_ID,4C627CCC7D3457BC,1,1,0,1,1,0,-1,-1,-1,-1,ISOLATED_LAYOUT,"Édson Araújo","I|I|B|I|I|S|L|L|L|L|L|L|REF|L|L|I|I|I|I|B|L|L|L|L|L|L|L|S|L|L|L|S|B|I|I|B|"
INTERNAL_PERSON_ID,4CA2FF9E68AC495E,1,1,0,1,1,0,-1,-1,-1,-1,ISOLATED_LAYOUT,"Édson Araújo","S|B|I|I|I|B|S|I|S|L|L|L|REF|L|L|I|I|I|I|I|I|B|S|I|S|L|L|L|L|L|L|L|S|L|L|I|"
INTERNAL_PERSON_ID,4CFDBD47D858BE3D,1,1,0,1,1,0,-1,-1,-1,-1,ISOLATED_LAYOUT,"Édson Araújo","I|I|I|B|S|I|S|L|L|L|L|L|REF|L|L|I|I|I|I|I|I|B|S|I|S|L|L|L|L|S|L|L|L|S|B|I|"
INTERNAL_PERSON_ID,4D0E50273ADCB142,1,1,0,1,1,0,-1,-1,-1,-1,ISOLATED_LAYOUT,"Édson Araújo","I|L|I|I|B|I|I|S|L|L|L|L|REF|L|L|I|I|I|I|B|L|L|L|L|L|L|L|L|L|L|S|L|L|I|I|I|"
INTERNAL_PERSON_ID,4D6842D53AA93AEB,1,1,0,1,0,1,21,21,23,23,ISOLATED_LAYOUT,"Fábio Baiano","S|I|I|I|I|L|I|Z|L|B|S|FF|REF|I|I|I|Z|L|I|Z|Z|Z|S|FF|S|I|I|Z|Z|L|I|Z|Z|Z|S|FF|"
INTERNAL_PERSON_ID,4DB4B36AC60C9A68,1,1,0,1,1,0,-1,-1,-1,-1,ISOLATED_LAYOUT,"Édson Araújo","I|B|S|I|S|L|L|L|L|L|L|L|REF|L|L|I|I|I|B|L|L|L|L|L|L|S|L|L|L|S|B|I|I|I|I|I|"
INTERNAL_PERSON_ID,4E3AA3B89842E22C,1,1,0,1,0,1,-1,-1,-1,-1,ISOLATED_LAYOUT,"Fábio Baiano","L|L|L|L|L|L|L|L|L|L|S|Z|REF|L|S|L|L|L|S|S|L|L|L|L|S|Z|S|L|S|L|L|L|S|S|L|L|"
INTERNAL_PERSON_ID,4E6F9FADEED65F4A,1,1,0,1,1,0,-1,-1,-1,-1,ISOLATED_LAYOUT,"Édson Araújo","B|S|I|S|L|L|L|L|L|L|L|L|REF|L|L|I|I|I|I|I|B|L|L|L|L|L|L|L|L|L|L|L|L|S|L|L|"
INTERNAL_PERSON_ID,4E7793B8E599B5F8,1,1,0,1,1,0,-1,-1,-1,-1,ISOLATED_LAYOUT,"Édson Araújo","I|I|B|L|L|L|L|L|L|L|L|L|REF|L|L|I|I|I|I|I|I|I|I|B|I|I|S|L|L|L|L|S|L|L|I|I|"
INTERNAL_PERSON_ID,4EAC5939684CD370,1,1,0,1,1,0,-1,-1,-1,-1,ISOLATED_LAYOUT,"Édson Araújo","I|I|I|B|L|L|L|L|L|L|L|L|REF|L|L|I|I|I|I|I|I|B|I|I|S|L|L|S|L|L|L|S|B|I|I|I|"
INTERNAL_PERSON_ID,4EB3CA1281791FED,1,1,0,1,1,0,-1,-1,-1,-1,ISOLATED_LAYOUT,"Édson Araújo","I|B|S|I|S|L|L|L|L|L|L|L|REF|L|L|I|I|I|I|I|I|I|I|I|I|B|S|I|S|L|L|L|L|L|L|S|"
INTERNAL_PERSON_ID,4EFF4E439D2B5AAC,1,1,0,1,1,0,-1,-1,-1,-1,ISOLATED_LAYOUT,"Édson Araújo","S|I|S|L|L|L|L|L|L|L|L|L|REF|L|L|I|I|I|I|I|I|I|I|B|S|I|S|L|L|L|L|L|L|L|S|L|"
INTERNAL_PERSON_ID,4F2A31045BAF2C58,1,1,0,1,1,0,18,18,29,29,ISOLATED_LAYOUT,"Édson Araújo","S|L|L|L|S|L|L|S|Z|Z|Z|Z|REF|I|L|L|L|L|L|L|B|Z|L|L|B|L|L|B|Z|S|S|I|L|L|L|L|"
INTERNAL_PERSON_ID,4F2B182785D621C7,1,1,0,1,1,0,-1,-1,-1,-1,ISOLATED_LAYOUT,"Édson Araújo","I|B|L|L|L|L|L|L|L|L|L|L|REF|L|L|I|I|I|I|I|B|I|I|S|L|L|L|S|L|L|L|S|B|I|L|I|"
INTERNAL_PERSON_ID,5005154661513AC3,1,1,0,1,1,0,179,179,7,7,ISOLATED_LAYOUT,"Édson Araújo","I|I|Z|I|Z|I|L|L|Z|I|S|I|REF|L|I|Z|Z|L|L|L|L|I|Z|L|L|L|L|L|L|I|L|L|L|L|B|Z|"
INTERNAL_PERSON_ID,500C8272287C7017,1,1,0,1,1,0,-1,-1,-1,-1,ISOLATED_LAYOUT,"Édson Araújo","I|I|B|I|I|S|L|L|L|L|L|L|REF|L|L|I|I|I|I|I|I|B|I|I|S|L|L|L|S|L|L|L|S|B|I|L|"
PERSON_DATABASE_ID,5014378F69076480,1,1,1,0,1,0,67,67,31,31,ISOLATED_LAYOUT,"Dimba","L|L|L|L|L|L|L|L|Z|I|S|S|REF|L|L|L|L|L|L|I|I|Z|Z|L|B|Z|Z|Z|Z|Z|Z|Z|B|Z|I|Z|"
INTERNAL_PERSON_ID,50389D0FE3C4C262,1,1,1,0,0,1,21,21,7,7,ISOLATED_LAYOUT,"Bruno Santos","S|I|I|Z|Z|L|I|Z|L|Z|S|FF|REF|I|I|Z|Z|L|I|Z|L|Z|S|FF|S|I|I|Z|Z|L|I|Z|L|Z|S|FF|"
INTERNAL_PERSON_ID,50857B83387D46CD,1,1,0,1,1,0,-1,-1,-1,-1,ISOLATED_LAYOUT,"Édson Araújo","I|I|B|L|L|L|L|L|L|L|L|L|REF|L|L|I|I|I|I|I|I|I|I|B|L|L|L|L|L|L|L|L|L|L|L|L|"
INTERNAL_PERSON_ID,5095ABEB95C3D193,1,1,0,1,0,1,-1,-1,-1,-1,ISOLATED_LAYOUT,"Fábio Baiano","L|L|S|L|L|L|S|B|I|I|I|B|REF|I|S|L|L|L|L|S|I|L|I|I|I|I|B|I|L|L|L|L|L|L|L|S|"
INTERNAL_PERSON_ID,50CEFDD0D9AFA3DD,1,1,0,1,1,0,-1,-1,-1,-1,ISOLATED_LAYOUT,"Édson Araújo","L|L|L|L|L|L|L|L|L|L|L|L|REF|L|L|I|I|I|I|B|L|L|L|L|L|L|L|L|L|S|L|L|I|I|I|I|"
INTERNAL_PERSON_ID,50DC3E8D96699043,1,1,0,1,1,0,-1,-1,-1,-1,ISOLATED_LAYOUT,"Édson Araújo","S|L|L|L|I|Z|L|L|L|L|L|L|REF|S|Z|L|I|L|L|L|I|Z|B|Z|B|S|I|L|L|L|L|Z|L|L|L|S|"
INTERNAL_PERSON_ID,50E1AAB81568AF91,1,1,0,1,0,1,75,75,107,107,ISOLATED_LAYOUT,"Fábio Baiano","L|L|L|FF|L|L|L|S|L|FF|S|I|REF|L|S|S|Z|L|B|I|L|L|S|S|Z|L|L|L|B|L|Z|L|B|I|I|S|"
INTERNAL_PERSON_ID,51103FCCB321FD6E,1,1,0,1,1,0,57,57,32,32,ISOLATED_LAYOUT,"Édson Araújo","L|L|L|L|I|Z|L|L|L|L|L|L|REF|L|L|L|L|L|L|I|L|Z|Z|Z|Z|Z|Z|Z|I|Z|L|B|Z|L|I|I|"
INTERNAL_PERSON_ID,512430D9F987DDAD,1,1,0,1,1,0,-1,-1,-1,-1,ISOLATED_LAYOUT,"Édson Araújo","I|I|I|I|I|B|I|I|S|L|L|L|REF|L|L|I|I|I|I|I|I|I|I|B|I|I|S|L|L|S|L|L|L|S|B|I|"
INTERNAL_PERSON_ID,5126CBCB39FA9389,1,1,0,1,1,0,-1,-1,-1,-1,ISOLATED_LAYOUT,"Édson Araújo","S|I|S|L|L|L|L|L|L|L|L|L|REF|L|L|I|I|I|I|I|I|L|I|I|I|B|S|I|S|L|L|L|L|L|L|L|"
INTERNAL_PERSON_ID,512ECDA6F7CB9D87,1,1,0,1,1,0,-1,-1,-1,-1,ISOLATED_LAYOUT,"Édson Araújo","I|I|B|I|I|S|L|L|L|L|L|L|REF|L|L|I|I|I|I|B|L|L|L|L|L|L|L|L|S|L|L|L|S|B|I|I|"
INTERNAL_PERSON_ID,51325AEA7A2603E0,1,1,1,0,1,0,21,21,7,7,ISOLATED_LAYOUT,"Douglas Silva","S|I|I|Z|Z|L|I|Z|Z|Z|S|FF|REF|I|I|Z|Z|L|I|Z|Z|Z|S|FF|S|I|I|Z|Z|L|I|Z|Z|Z|S|FF|"
INTERNAL_PERSON_ID,51927A5F53B4831B,1,1,1,0,1,0,12,12,94,94,ISOLATED_LAYOUT,"Douglas Silva","FF|L|L|S|L|FF|L|Z|FF|Z|Z|S|REF|L|L|L|L|L|S|Z|I|I|L|L|I|L|S|L|I|L|L|L|L|FF|B|L|"
INTERNAL_PERSON_ID,51D1FA6FAFB4B133,1,1,0,1,1,0,-1,-1,-1,-1,ISOLATED_LAYOUT,"Fábio Costa","S|L|S|L|L|L|S|B|I|I|I|B|REF|I|S|L|L|L|S|I|L|I|I|I|B|I|L|L|L|L|L|S|L|L|L|S|"
INTERNAL_PERSON_ID,5214A3826ABED9B4,1,1,0,1,1,0,-1,-1,-1,-1,ISOLATED_LAYOUT,"Édson Araújo","I|I|L|B|L|L|L|L|L|L|L|L|REF|L|L|I|I|I|I|B|L|L|L|L|L|L|L|L|S|L|L|I|I|I|L|I|"
INTERNAL_PERSON_ID,5224BF0732189EC9,1,1,0,1,1,0,-1,-1,-1,-1,ISOLATED_LAYOUT,"Édson Araújo","I|I|I|B|I|I|S|L|L|L|L|L|REF|L|L|I|I|I|I|I|I|I|I|B|I|I|S|L|S|L|L|L|S|B|I|I|"
INTERNAL_PERSON_ID,525B7F7F4B6489F5,1,1,0,1,1,0,-1,-1,-1,-1,ISOLATED_LAYOUT,"Édson Araújo","I|I|B|S|I|S|L|L|L|L|L|L|REF|L|L|I|I|I|I|I|I|I|B|S|I|S|L|L|L|S|L|L|L|S|B|L|"
INTERNAL_PERSON_ID,531F72EC66DAAB10,1,1,0,1,1,0,-1,-1,-1,-1,ISOLATED_LAYOUT,"Édson Araújo","I|I|I|I|B|S|I|S|L|L|L|L|REF|L|L|I|I|I|B|L|L|L|L|L|L|L|L|L|L|L|S|L|L|L|S|B|"
INTERNAL_PERSON_ID,5330C86667761DA4,1,1,0,1,1,0,-1,-1,-1,-1,ISOLATED_LAYOUT,"Édson Araújo","L|B|L|L|L|L|L|L|L|L|L|L|REF|L|L|I|I|I|I|B|L|L|L|L|L|L|L|L|L|S|L|L|I|I|I|L|"
INTERNAL_PERSON_ID,539B8065DD059D72,1,1,0,1,1,0,-1,-1,-1,-1,ISOLATED_LAYOUT,"Édson Araújo","I|I|B|L|L|L|L|L|L|L|L|L|REF|L|L|I|I|I|I|B|L|L|L|L|L|L|L|L|L|L|S|L|L|I|I|I|"
INTERNAL_PERSON_ID,53C78BE6E7BBDE58,1,1,0,1,1,0,121,121,50,50,ISOLATED_LAYOUT,"Édson Araújo","L|L|L|L|B|L|L|L|Z|L|L|S|REF|S|S|Z|I|I|I|L|L|B|B|S|L|S|Z|Z|L|S|L|L|I|I|L|L|"
INTERNAL_PERSON_ID,54A5B2733FFB003C,1,1,0,1,1,0,-1,-1,-1,-1,ISOLATED_LAYOUT,"Édson Araújo","I|I|I|B|S|I|S|L|L|L|L|L|REF|L|L|I|I|I|I|I|I|I|B|L|L|L|L|L|L|L|L|L|L|S|L|L|"
INTERNAL_PERSON_ID,54C26B7E1A3E0208,1,1,0,1,1,0,-1,-1,-1,-1,ISOLATED_LAYOUT,"Édson Araújo","I|B|L|L|L|L|L|L|L|L|L|L|REF|L|L|I|I|I|I|B|L|L|L|L|L|L|L|L|S|L|L|I|I|I|I|I|"
INTERNAL_PERSON_ID,54C9889A9702971E,1,1,1,0,0,1,25,25,6,6,ISOLATED_LAYOUT,"Bruno Santos","S|Z|S|I|L|I|Z|Z|B|B|Z|B|REF|I|S|Z|L|L|Z|L|L|L|S|B|Z|I|I|Z|L|L|L|L|Z|Z|S|S|"
INTERNAL_PERSON_ID,552304FD0EA26BA9,1,1,0,1,1,0,-1,-1,-1,-1,ISOLATED_LAYOUT,"Édson Araújo","I|I|B|S|I|S|L|L|L|L|L|L|REF|L|L|I|I|I|I|I|I|I|L|I|B|S|I|S|L|L|L|L|L|L|S|L|"
INTERNAL_PERSON_ID,556B97A128F9152F,1,1,0,1,1,0,-1,-1,-1,-1,ISOLATED_LAYOUT,"Édson Araújo","L|L|L|L|L|L|L|L|L|L|L|L|REF|L|L|I|I|I|I|I|I|I|L|B|L|L|L|L|L|L|L|S|L|L|L|S|"
INTERNAL_PERSON_ID,55865DE79624638C,1,1,0,1,1,0,-1,-1,-1,-1,ISOLATED_LAYOUT,"Édson Araújo","I|I|B|L|L|L|L|L|L|L|L|L|REF|L|L|I|I|I|B|L|L|L|L|L|L|L|L|S|L|L|I|I|I|I|B|L|"
INTERNAL_PERSON_ID,55AD32B148D2231C,1,1,0,1,1,0,30,30,72,72,ISOLATED_LAYOUT,"Édson Araújo","S|Z|Z|L|S|Z|Z|S|S|I|L|L|REF|L|L|L|L|L|I|B|FF|Z|FF|L|I|S|L|L|L|Z|FF|Z|Z|S|S|I|"
PERSON_DATABASE_ID,56928DA373FEF1BD,1,1,1,0,1,0,-1,-1,-1,-1,ISOLATED_LAYOUT,"Dimba","L|L|S|I|L|I|I|I|I|I|B|S|REF|S|L|L|L|L|L|L|S|L|L|L|S|B|I|I|I|I|I|I|I|I|I|I|"
INTERNAL_PERSON_ID,56D2ECC9C88D83B9,1,1,0,1,1,0,-1,-1,-1,-1,ISOLATED_LAYOUT,"Édson Araújo","L|I|B|S|I|S|L|L|L|L|L|L|REF|L|L|I|I|I|I|I|I|L|B|L|L|L|L|L|L|L|L|L|L|L|S|L|"
INTERNAL_PERSON_ID,57117EBA881003C4,1,1,0,1,1,0,-1,-1,-1,-1,ISOLATED_LAYOUT,"Édson Araújo","I|I|I|I|I|B|I|I|S|L|L|L|REF|L|L|I|I|I|I|I|B|L|L|L|L|L|L|S|L|L|L|S|B|L|I|I|"
INTERNAL_PERSON_ID,58015CEE43B38744,1,1,0,1,1,0,90,90,51,51,ISOLATED_LAYOUT,"Édson Araújo","B|L|FF|I|B|I|B|I|B|L|Z|I|REF|I|L|L|L|B|FF|I|L|L|I|Z|S|I|Z|Z|Z|Z|Z|Z|Z|S|Z|L|"
INTERNAL_PERSON_ID,5804AF5148A32F54,1,1,0,1,1,0,-1,-1,-1,-1,ISOLATED_LAYOUT,"Édson Araújo","I|I|I|B|L|L|L|L|L|L|L|L|REF|L|L|I|I|I|I|I|B|L|L|L|L|L|L|L|S|L|L|L|S|B|I|L|"
INTERNAL_PERSON_ID,585FCD5A0B60A702,1,1,0,1,1,0,-1,-1,-1,-1,ISOLATED_LAYOUT,"Édson Araújo","I|I|I|B|L|L|L|L|L|L|L|L|REF|L|L|I|I|I|I|I|I|I|I|I|I|B|S|I|S|L|L|S|L|L|L|S|"
INTERNAL_PERSON_ID,589C5FABE5DA4CB6,1,1,0,1,1,0,-1,-1,-1,-1,ISOLATED_LAYOUT,"Édson Araújo","I|I|I|B|I|I|S|L|L|L|L|L|REF|L|L|I|I|I|I|I|I|I|B|I|I|S|L|L|L|L|L|L|S|L|L|I|"
INTERNAL_PERSON_ID,58B15B5CB97C04B9,1,1,0,1,1,0,-1,-1,-1,-1,ISOLATED_LAYOUT,"Édson Araújo","I|I|I|B|L|L|L|L|L|L|L|L|REF|L|L|I|I|I|I|I|I|I|B|S|S|S|L|L|L|L|L|L|L|S|L|L|"
INTERNAL_PERSON_ID,59157063736BD19F,1,1,0,1,1,0,-1,-1,-1,-1,ISOLATED_LAYOUT,"Édson Araújo","I|I|I|B|S|I|S|L|L|L|L|L|REF|I|L|I|I|I|B|L|L|L|L|L|L|S|L|L|L|S|B|I|I|I|B|S|"
INTERNAL_PERSON_ID,592F2CCC57EDDCF3,1,1,0,1,1,0,-1,-1,-1,-1,ISOLATED_LAYOUT,"Édson Araújo","I|I|I|B|L|L|L|L|L|L|L|L|REF|L|L|I|I|I|I|I|B|L|L|L|L|L|L|S|L|L|L|S|B|I|I|B|"
INTERNAL_PERSON_ID,594CE9F76E57072C,1,1,0,1,1,0,-1,-1,-1,-1,ISOLATED_LAYOUT,"Édson Araújo","I|I|B|L|L|L|L|L|L|L|L|L|REF|L|I|I|I|I|I|B|L|L|L|L|L|L|L|S|L|L|L|S|B|I|I|I|"
INTERNAL_PERSON_ID,5AB065DCC6063EA7,1,1,0,1,1,0,-1,-1,-1,-1,ISOLATED_LAYOUT,"Édson Araújo","I|I|I|B|L|L|L|L|L|L|L|L|REF|L|L|I|I|I|I|I|I|B|S|I|S|L|L|L|L|S|L|L|I|I|I|I|"
INTERNAL_PERSON_ID,5ACD46839828C91C,1,1,0,1,1,0,-1,-1,-1,-1,ISOLATED_LAYOUT,"Édson Araújo","I|I|I|I|B|I|I|S|L|L|L|L|REF|L|L|I|I|I|L|B|L|L|L|L|L|L|L|L|S|L|L|L|S|B|I|L|"
INTERNAL_PERSON_ID,5BFC70BE14548D90,1,1,0,1,1,0,-1,-1,-1,-1,ISOLATED_LAYOUT,"Édson Araújo","S|B|I|I|I|B|S|I|S|L|L|L|REF|I|L|I|I|I|B|L|L|L|L|L|L|L|L|L|L|S|L|L|L|S|B|I|"
INTERNAL_PERSON_ID,5C61685C5625DC3D,1,1,0,1,1,0,-1,-1,-1,-1,ISOLATED_LAYOUT,"Édson Araújo","I|B|L|L|L|L|L|L|L|L|L|L|REF|L|L|I|I|I|I|I|I|I|B|I|I|S|L|L|L|S|L|L|L|S|B|I|"
INTERNAL_PERSON_ID,5D51EB570928F916,1,1,0,1,1,0,-1,-1,-1,-1,ISOLATED_LAYOUT,"Édson Araújo","I|I|I|B|L|L|L|L|L|L|L|L|REF|L|L|I|I|I|I|I|B|I|I|S|L|L|L|S|L|L|I|I|I|L|I|I|"
INTERNAL_PERSON_ID,5D9F004128FF86A9,1,1,0,1,1,0,175,175,7,7,ISOLATED_LAYOUT,"Édson Araújo","L|L|L|Z|L|Z|L|Z|I|S|S|S|REF|L|I|Z|Z|L|L|L|L|S|L|L|L|L|L|B|L|L|L|L|L|L|I|L|"
INTERNAL_PERSON_ID,5DF9C0CAC0DA97B8,1,1,0,1,1,0,-1,-1,-1,-1,ISOLATED_LAYOUT,"Édson Araújo","I|I|B|L|L|L|L|L|L|L|L|L|REF|L|L|I|I|I|I|I|I|B|L|L|L|L|L|L|L|L|L|L|S|L|L|I|"
INTERNAL_PERSON_ID,5E2624D5439FD8AA,1,1,0,1,1,0,-1,-1,-1,-1,ISOLATED_LAYOUT,"Édson Araújo","I|I|I|B|I|I|S|L|L|L|L|L|REF|L|L|I|I|I|B|L|L|L|L|L|L|L|L|L|S|L|L|L|S|B|I|I|"
INTERNAL_PERSON_ID,5E95CC2C3B7ABB38,1,1,0,1,1,0,-1,-1,-1,-1,ISOLATED_LAYOUT,"Édson Araújo","I|B|S|I|S|L|L|L|L|L|L|L|REF|L|L|I|I|I|I|B|L|L|L|L|L|L|L|L|L|L|L|S|L|L|L|S|"
INTERNAL_PERSON_ID,5F45048458BCD6F3,1,1,0,1,1,0,154,154,192,192,ISOLATED_LAYOUT,"Édson Araújo","I|Z|L|L|L|L|L|L|S|S|Z|S|REF|S|L|L|L|B|B|Z|B|B|B|L|L|L|L|Z|L|L|L|Z|L|L|I|I|"
PERSON_DATABASE_ID,5F846CD95FA1B753,1,1,0,1,1,0,-1,-1,-1,-1,ISOLATED_LAYOUT,"Rosinei","S|L|L|L|S|B|I|I|I|I|B|I|REF|S|L|L|L|L|L|L|S|L|L|L|S|B|I|I|I|I|I|I|I|I|I|I|"
INTERNAL_PERSON_ID,5FD1451127098496,1,1,0,1,1,0,-1,-1,-1,-1,ISOLATED_LAYOUT,"Édson Araújo","I|I|I|I|B|S|I|S|L|L|L|L|REF|L|L|I|I|I|I|I|I|I|I|B|S|I|S|L|L|L|L|S|L|L|L|S|"
INTERNAL_PERSON_ID,600DF8FF8AE53039,1,1,0,1,1,0,8,8,128,128,ISOLATED_LAYOUT,"Édson Araújo","S|B|Z|L|I|Z|L|L|L|L|Z|Z|REF|S|Z|S|I|L|L|L|L|B|B|Z|I|S|I|L|L|L|L|Z|L|L|L|S|"
INTERNAL_PERSON_ID,60412EC5C5532C84,1,1,0,1,1,0,120,120,55,55,ISOLATED_LAYOUT,"Édson Araújo","L|L|L|L|S|L|L|L|Z|L|L|S|REF|Z|S|Z|I|I|L|L|Z|I|S|I|I|L|I|Z|L|L|L|Z|L|I|I|L|"
INTERNAL_PERSON_ID,60A71103BF822F05,1,1,0,1,1,0,-1,-1,-1,-1,ISOLATED_LAYOUT,"Édson Araújo","L|L|L|L|L|L|L|L|L|L|L|L|REF|L|L|I|I|I|I|I|I|I|I|I|B|L|L|L|L|L|L|L|S|L|L|L|"
INTERNAL_PERSON_ID,612A49A057C7AD72,1,1,0,1,1,0,137,137,45,45,ISOLATED_LAYOUT,"Édson Araújo","L|L|L|L|B|L|L|L|Z|L|L|S|REF|S|S|Z|S|I|I|L|L|L|L|L|B|Z|L|L|B|I|L|L|L|L|L|Z|"
INTERNAL_PERSON_ID,6182EAD492C2F746,1,1,0,1,1,0,-1,-1,-1,-1,ISOLATED_LAYOUT,"Édson Araújo","B|I|I|B|L|L|L|L|L|L|L|L|REF|L|L|I|I|I|I|I|I|B|S|I|S|L|L|L|L|L|L|L|S|L|L|I|"
INTERNAL_PERSON_ID,620B4B991EEBFF0F,1,1,0,1,1,0,-1,-1,-1,-1,ISOLATED_LAYOUT,"Édson Araújo","I|I|B|L|L|L|L|L|L|L|L|L|REF|L|L|I|I|I|I|B|L|L|L|L|L|L|L|L|L|S|L|L|I|I|I|B|"
INTERNAL_PERSON_ID,62220D981B077697,1,1,0,1,1,0,-1,-1,-1,-1,ISOLATED_LAYOUT,"Édson Araújo","I|I|B|L|L|L|L|L|L|L|L|L|REF|L|L|I|I|I|I|I|B|S|I|S|L|L|S|L|L|L|S|B|I|I|I|I|"
INTERNAL_PERSON_ID,62273766229A8D33,1,1,0,1,1,0,-1,-1,-1,-1,ISOLATED_LAYOUT,"Édson Araújo","I|I|I|I|B|S|I|S|L|L|L|L|REF|L|L|I|I|I|I|I|I|I|B|S|I|S|L|L|S|L|L|L|S|B|I|I|"
INTERNAL_PERSON_ID,634D9820ACF21A12,1,1,1,0,0,1,-1,-1,-1,-1,ISOLATED_LAYOUT,"Bruno Santos","L|S|L|L|L|S|B|I|I|I|I|B|REF|I|S|L|L|L|L|S|I|L|I|I|I|I|B|I|L|L|L|L|L|L|L|S|"
INTERNAL_PERSON_ID,63F0C99F94CEDC19,1,1,0,1,1,0,-1,-1,-1,-1,ISOLATED_LAYOUT,"Édson Araújo","B|L|L|L|L|L|L|L|L|L|L|L|REF|L|L|I|I|I|I|I|I|I|I|B|L|L|L|L|L|L|L|L|L|L|L|S|"
INTERNAL_PERSON_ID,64179C66A8EAC99D,1,1,0,1,1,0,-1,-1,-1,-1,ISOLATED_LAYOUT,"Édson Araújo","I|L|B|L|L|L|L|L|L|L|L|L|REF|L|L|I|I|I|I|I|B|I|I|S|L|L|L|L|S|L|L|L|S|B|I|I|"
INTERNAL_PERSON_ID,645411A2216CA21E,1,1,0,1,1,0,-1,-1,-1,-1,ISOLATED_LAYOUT,"Édson Araújo","I|I|I|I|I|B|S|I|S|L|L|L|REF|L|L|I|I|I|I|I|B|S|I|S|L|L|L|L|S|L|L|L|B|B|L|I|"
INTERNAL_PERSON_ID,6528E8EADB5607DA,1,1,0,1,1,0,-1,-1,-1,-1,ISOLATED_LAYOUT,"Édson Araújo","I|B|L|L|L|L|L|L|L|L|L|L|REF|L|L|I|I|I|I|B|L|L|L|L|L|L|L|L|L|S|L|L|I|I|I|I|"
INTERNAL_PERSON_ID,6547F7E7F4B8B1BE,1,1,0,1,1,0,-1,-1,-1,-1,ISOLATED_LAYOUT,"Édson Araújo","I|I|I|I|B|S|I|S|L|L|L|L|REF|L|L|I|I|I|I|B|L|L|L|L|L|L|L|L|S|L|L|L|S|B|I|I|"
INTERNAL_PERSON_ID,6561184C04C677F4,1,1,0,1,1,0,-1,-1,-1,-1,ISOLATED_LAYOUT,"Édson Araújo","L|B|L|L|L|L|L|L|L|L|L|L|REF|L|L|I|I|I|I|I|I|B|I|I|S|L|L|L|L|S|L|L|L|S|B|I|"
INTERNAL_PERSON_ID,656B0617673B2074,1,1,0,1,1,0,-1,-1,-1,-1,ISOLATED_LAYOUT,"Édson Araújo","L|I|I|B|I|I|S|L|L|L|L|L|REF|L|L|I|I|I|I|I|B|L|L|L|L|L|L|L|L|S|L|L|L|S|B|I|"
INTERNAL_PERSON_ID,658E1A6756E3FC3E,1,1,0,1,1,0,67,67,76,76,ISOLATED_LAYOUT,"Dinélson","I|I|L|L|L|FF|L|L|L|S|L|FF|REF|I|S|L|S|S|Z|L|B|I|L|L|S|S|Z|L|L|L|Z|L|Z|Z|L|L|"
INTERNAL_PERSON_ID,662153CF935C8BC6,1,1,0,1,1,0,-1,-1,-1,-1,ISOLATED_LAYOUT,"Édson Araújo","I|I|I|B|I|I|S|L|L|L|L|L|REF|L|L|I|I|I|I|I|I|B|L|L|L|L|L|L|L|S|L|L|L|S|B|I|"
INTERNAL_PERSON_ID,663AEB39FB20A36D,1,1,0,1,1,0,-1,-1,-1,-1,ISOLATED_LAYOUT,"Édson Araújo","I|B|S|I|S|L|L|L|L|L|L|L|REF|L|L|I|I|I|I|I|B|S|I|S|L|L|L|S|L|L|L|S|B|I|I|I|"
INTERNAL_PERSON_ID,6656D14D7EE4C885,1,1,0,1,1,0,-1,-1,-1,-1,ISOLATED_LAYOUT,"Fábio Costa","L|L|S|I|L|I|I|I|I|I|I|B|REF|I|S|L|L|L|L|L|L|S|I|L|I|I|I|I|I|I|I|B|S|I|S|L|"
INTERNAL_PERSON_ID,674F73CFB066A9AC,1,1,0,1,1,0,-1,-1,-1,-1,ISOLATED_LAYOUT,"Édson Araújo","L|L|L|L|L|L|L|L|L|L|L|L|REF|L|L|I|I|I|I|I|I|B|S|I|S|L|L|L|L|S|L|L|L|S|B|I|"
INTERNAL_PERSON_ID,67571323C70AB5D9,1,1,0,1,1,0,67,67,120,120,ISOLATED_LAYOUT,"Édson Araújo","I|I|L|L|L|FF|L|L|L|S|L|FF|REF|I|S|L|S|S|Z|L|B|L|L|L|S|S|Z|L|L|L|L|L|Z|L|L|L|"
INTERNAL_PERSON_ID,67890095369F216E,1,1,0,1,1,0,-1,-1,-1,-1,ISOLATED_LAYOUT,"Édson Araújo","I|I|I|I|I|B|I|I|S|L|L|L|REF|L|L|I|I|I|I|I|I|B|I|I|S|L|L|L|L|L|S|L|L|L|S|B|"
INTERNAL_PERSON_ID,6796BF07367E5A4B,1,1,0,1,1,0,-1,-1,-1,-1,ISOLATED_LAYOUT,"Édson Araújo","I|I|B|I|I|S|L|L|L|L|L|L|REF|L|L|I|I|I|I|I|B|I|I|S|L|L|L|L|L|S|L|L|I|I|I|I|"
INTERNAL_PERSON_ID,67AC023E4F3371F7,1,1,0,1,1,0,-1,-1,-1,-1,ISOLATED_LAYOUT,"Édson Araújo","L|L|L|L|L|L|L|L|L|L|L|L|REF|L|L|I|I|I|I|B|L|L|L|L|L|L|L|L|S|L|L|I|I|I|I|B|"
INTERNAL_PERSON_ID,67E2F2B501D28ABA,1,1,0,1,1,0,-1,-1,-1,-1,ISOLATED_LAYOUT,"Édson Araújo","I|I|I|B|I|I|S|L|L|L|L|L|REF|L|L|I|I|I|B|L|L|L|L|L|L|L|S|L|L|L|S|B|I|I|B|L|"
INTERNAL_PERSON_ID,68E78E19C351860E,1,1,0,1,1,0,-1,-1,-1,-1,ISOLATED_LAYOUT,"Édson Araújo","I|B|L|L|L|L|L|L|L|L|L|L|REF|L|L|I|I|I|I|I|I|I|I|I|B|S|I|S|L|L|L|L|L|L|L|S|"
INTERNAL_PERSON_ID,696D98005BBA8B17,1,1,0,1,1,0,-1,-1,-1,-1,ISOLATED_LAYOUT,"Édson Araújo","I|I|I|I|B|S|I|S|L|L|L|L|REF|L|L|I|I|I|I|B|L|L|L|L|L|L|L|L|L|L|L|L|S|L|L|L|"
INTERNAL_PERSON_ID,69741B4F478F8F5D,1,1,0,1,1,0,-1,-1,-1,-1,ISOLATED_LAYOUT,"Édson Araújo","I|I|I|I|B|I|I|S|L|L|L|L|REF|L|L|I|I|I|I|I|I|B|I|I|S|L|L|L|S|L|L|S|S|B|I|I|"
INTERNAL_PERSON_ID,6AB52939084B0DAC,1,1,1,0,1,0,25,25,6,6,ISOLATED_LAYOUT,"Douglas Silva","S|Z|S|I|L|I|Z|L|B|B|Z|B|REF|I|S|Z|L|L|Z|L|L|L|S|L|L|I|I|Z|L|L|L|L|Z|Z|S|S|"
INTERNAL_PERSON_ID,6B0EA6687FAEA3F1,1,1,0,1,1,0,-1,-1,-1,-1,ISOLATED_LAYOUT,"Édson Araújo","I|B|L|L|L|L|L|L|L|L|L|L|REF|L|L|I|I|I|L|B|L|L|L|L|L|L|L|L|S|L|L|I|I|I|L|I|"
INTERNAL_PERSON_ID,6C532620176A9168,1,1,0,1,1,0,-1,-1,-1,-1,ISOLATED_LAYOUT,"Édson Araújo","I|I|I|I|I|B|S|I|S|L|L|L|REF|L|L|I|I|I|I|I|I|B|S|I|S|L|L|L|S|L|L|L|S|B|I|I|"
INTERNAL_PERSON_ID,6D5301F16985D64F,1,1,0,1,1,0,-1,-1,-1,-1,ISOLATED_LAYOUT,"Édson Araújo","I|I|I|I|I|B|S|I|S|L|L|L|REF|I|L|I|I|I|B|L|L|L|L|L|L|S|L|L|L|S|B|I|I|I|I|I|"
INTERNAL_PERSON_ID,6E80CE1D69559CE8,1,1,0,1,1,0,-1,-1,-1,-1,ISOLATED_LAYOUT,"Édson Araújo","I|B|S|I|S|L|L|L|L|L|L|L|REF|L|L|I|I|I|I|I|I|I|I|I|B|L|L|L|L|L|L|L|L|S|L|L|"
INTERNAL_PERSON_ID,6ECB90D8F7C5F25E,1,1,0,1,1,0,-1,-1,-1,-1,ISOLATED_LAYOUT,"Édson Araújo","I|I|B|L|L|L|L|L|L|L|L|L|REF|L|L|I|I|I|I|B|L|L|L|L|L|L|S|L|L|L|S|B|I|I|I|I|"
INTERNAL_PERSON_ID,6EDC4226935B9A2F,1,1,0,1,1,0,-1,-1,-1,-1,ISOLATED_LAYOUT,"Édson Araújo","I|I|B|L|L|L|L|L|L|L|L|L|REF|L|L|I|I|I|B|L|L|L|L|L|L|L|L|L|S|L|L|I|I|I|I|B|"
INTERNAL_PERSON_ID,6EEAA8F6A06C23B5,1,1,0,1,1,0,-1,-1,-1,-1,ISOLATED_LAYOUT,"Édson Araújo","I|I|I|B|S|I|S|L|L|L|L|L|REF|L|L|I|I|I|I|I|I|I|I|I|B|S|I|S|L|L|L|S|L|L|L|S|"
INTERNAL_PERSON_ID,6EFFEB25824482AD,1,1,1,0,0,1,59,59,112,112,ISOLATED_LAYOUT,"Bruno Santos","L|L|L|FF|L|L|L|S|L|FF|S|I|REF|L|S|L|B|L|B|I|L|L|S|S|Z|L|L|L|L|L|Z|L|B|L|B|L|"
INTERNAL_PERSON_ID,6F2FB8E9558D3645,1,1,0,1,1,0,-1,-1,-1,-1,ISOLATED_LAYOUT,"Édson Araújo","I|I|I|I|B|S|I|S|L|L|L|L|REF|L|L|I|I|I|I|I|I|I|L|B|L|L|L|L|L|L|S|L|L|L|S|B|"
INTERNAL_PERSON_ID,6F4D42D20958D365,1,1,0,1,1,0,137,137,55,55,ISOLATED_LAYOUT,"Édson Araújo","Z|L|L|L|B|L|L|L|Z|L|L|S|REF|S|S|Z|I|I|L|L|Z|I|S|S|I|L|I|Z|Z|L|L|L|L|S|L|S|"
INTERNAL_PERSON_ID,6F5BD576724760EB,1,1,0,1,1,0,-1,-1,-1,-1,ISOLATED_LAYOUT,"Édson Araújo","I|B|S|I|S|L|L|L|L|L|L|L|REF|L|L|I|I|I|I|I|I|I|I|I|B|S|I|S|L|L|L|L|L|L|L|L|"
INTERNAL_PERSON_ID,6F706A7B8EEE1CFC,1,1,1,0,1,0,71,71,116,116,ISOLATED_LAYOUT,"Júlio César Moraes","I|L|L|L|FF|L|L|L|S|L|FF|S|REF|S|L|S|I|Z|L|B|I|I|L|S|S|Z|L|L|L|Z|L|Z|L|B|L|B|"
INTERNAL_PERSON_ID,6F74B9BECBC36C18,1,1,0,1,1,0,-1,-1,-1,-1,ISOLATED_LAYOUT,"Édson Araújo","I|I|I|I|B|I|I|S|L|L|L|L|REF|L|L|I|I|I|I|B|L|L|L|L|L|L|L|S|L|L|I|I|I|L|I|I|"
INTERNAL_PERSON_ID,6F833380FD6AA0EA,1,1,0,1,1,0,-1,-1,-1,-1,ISOLATED_LAYOUT,"Édson Araújo","I|I|I|B|I|I|S|L|L|L|L|L|REF|L|L|I|I|I|I|I|B|I|I|S|L|L|L|S|L|L|L|S|B|I|I|I|"
INTERNAL_PERSON_ID,6FEB3C2CAFAD6DAD,1,1,0,1,1,0,-1,-1,-1,-1,ISOLATED_LAYOUT,"Édson Araújo","B|I|B|L|L|L|L|L|L|L|L|L|REF|L|L|I|I|I|I|I|I|B|I|I|S|L|L|L|S|L|L|L|S|B|I|I|"
INTERNAL_PERSON_ID,700BC7353155B205,1,1,0,1,1,0,-1,-1,-1,-1,ISOLATED_LAYOUT,"Édson Araújo","I|B|S|I|S|L|L|L|L|L|L|L|REF|L|L|I|I|I|I|I|I|I|I|I|B|S|I|S|L|L|L|L|L|L|S|L|"
INTERNAL_PERSON_ID,71A28114657FD631,1,1,0,1,1,0,-1,-1,-1,-1,ISOLATED_LAYOUT,"Édson Araújo","L|L|L|L|L|L|L|L|L|L|L|L|REF|L|L|I|I|I|I|I|L|I|B|S|I|S|L|L|L|L|L|L|S|L|L|L|"
INTERNAL_PERSON_ID,71D46C92D47CCA49,1,1,0,1,1,0,-1,-1,-1,-1,ISOLATED_LAYOUT,"Édson Araújo","I|B|L|L|L|L|L|L|L|L|L|L|REF|L|L|I|I|I|B|L|L|L|L|L|L|L|S|L|L|L|S|B|L|I|I|I|"
INTERNAL_PERSON_ID,7228ECA5FE87783F,1,1,0,1,1,0,-1,-1,-1,-1,ISOLATED_LAYOUT,"Édson Araújo","I|I|I|I|I|B|S|I|S|L|L|L|REF|L|L|I|I|I|I|I|B|S|I|S|L|L|L|L|L|L|S|L|L|I|I|I|"
INTERNAL_PERSON_ID,72B04E441DDB7920,1,1,0,1,1,0,-1,-1,-1,-1,ISOLATED_LAYOUT,"Édson Araújo","I|I|B|S|I|S|L|L|L|L|L|L|REF|L|L|I|I|I|L|I|B|S|I|S|L|L|L|L|L|L|S|L|L|L|S|B|"
INTERNAL_PERSON_ID,72F609D46C9B35E2,1,1,0,1,1,0,-1,-1,-1,-1,ISOLATED_LAYOUT,"Édson Araújo","I|I|B|S|I|S|L|L|L|L|L|L|REF|L|L|I|I|I|I|B|L|L|L|L|L|L|L|L|L|L|S|L|L|I|I|I|"
INTERNAL_PERSON_ID,73FF61B449D456FB,1,1,0,1,1,0,-1,-1,-1,-1,ISOLATED_LAYOUT,"Édson Araújo","I|I|I|B|I|I|S|L|L|L|L|L|REF|L|L|I|I|I|I|B|L|L|L|L|L|L|L|L|L|S|L|L|I|I|I|I|"
INTERNAL_PERSON_ID,7442223A3F59AF14,1,1,0,1,1,0,-1,-1,-1,-1,ISOLATED_LAYOUT,"Édson Araújo","S|I|S|L|L|L|L|L|L|L|L|L|REF|L|L|I|I|I|I|I|B|L|L|L|L|L|L|L|L|L|L|L|S|L|L|I|"
INTERNAL_PERSON_ID,74496976159ADBB8,1,1,0,1,1,0,31,31,37,37,ISOLATED_LAYOUT,"Édson Araújo","L|L|L|L|B|Z|L|L|B|S|I|Z|REF|Z|L|L|I|L|L|L|L|L|B|Z|L|L|B|L|L|L|L|B|L|L|L|L|"
INTERNAL_PERSON_ID,74A2FCE8ABDD2E25,1,1,0,1,1,0,-1,-1,-1,-1,ISOLATED_LAYOUT,"Édson Araújo","B|L|L|L|L|L|L|L|L|L|L|L|REF|L|L|I|I|I|I|I|B|I|I|S|L|L|L|L|L|S|L|L|I|I|I|I|"
INTERNAL_PERSON_ID,74CFFA855F13EFAE,1,1,0,1,1,0,-1,-1,-1,-1,ISOLATED_LAYOUT,"Édson Araújo","I|B|S|I|S|L|L|L|L|L|L|L|REF|L|L|I|I|I|I|B|L|L|L|L|L|L|L|L|L|S|L|L|L|S|B|I|"
INTERNAL_PERSON_ID,7521C649B1EB9CDC,1,1,0,1,1,0,-1,-1,-1,-1,ISOLATED_LAYOUT,"Édson Araújo","I|I|B|L|L|L|L|L|L|L|L|L|REF|L|L|I|I|I|I|I|I|I|I|I|B|S|I|S|L|L|L|L|L|S|L|L|"
PERSON_DATABASE_ID,75B120831EAA08D7,1,1,1,0,0,1,43,43,31,31,ISOLATED_LAYOUT,"Bruno Santos","L|B|Z|L|I|B|L|L|Z|L|S|S|REF|L|L|L|L|L|L|L|I|Z|Z|L|B|Z|Z|Z|Z|Z|Z|Z|B|Z|I|Z|"
INTERNAL_PERSON_ID,75C487368BE0FFC5,1,1,0,1,1,0,-1,-1,-1,-1,ISOLATED_LAYOUT,"Édson Araújo","I|I|I|I|B|S|I|S|L|L|L|L|REF|L|L|I|I|I|I|I|B|S|I|S|L|L|S|L|L|L|S|B|I|I|I|B|"
INTERNAL_PERSON_ID,75D99A6F23DAFCEC,1,1,0,1,1,0,-1,-1,-1,-1,ISOLATED_LAYOUT,"Édson Araújo","I|I|I|B|L|L|L|L|L|L|L|L|REF|L|L|I|I|I|I|I|I|B|L|L|L|L|L|L|L|L|L|L|S|L|L|L|"
INTERNAL_PERSON_ID,76369C01F116EA7D,1,1,0,1,1,0,-1,-1,-1,-1,ISOLATED_LAYOUT,"Édson Araújo","I|B|S|I|S|L|L|L|L|L|L|L|REF|L|L|I|I|I|I|I|B|S|I|S|L|L|L|L|L|L|L|S|L|L|I|I|"
INTERNAL_PERSON_ID,763A99941A8AE0FF,1,1,0,1,1,0,-1,-1,-1,-1,ISOLATED_LAYOUT,"Édson Araújo","B|L|L|L|L|L|L|L|L|L|L|L|REF|L|L|I|I|I|I|I|B|I|I|S|L|L|S|L|L|L|S|B|I|I|I|I|"
INTERNAL_PERSON_ID,77FC1ECB69E1DFB5,1,1,0,1,1,0,-1,-1,-1,-1,ISOLATED_LAYOUT,"Édson Araújo","I|I|I|B|L|L|L|L|L|L|L|L|REF|L|L|I|I|I|I|I|B|L|L|L|L|L|L|L|L|L|S|L|L|I|I|I|"
INTERNAL_PERSON_ID,788F164E5BB76D48,1,1,0,1,1,0,30,30,45,45,ISOLATED_LAYOUT,"Édson Araújo","L|L|FF|B|S|Z|Z|L|I|I|I|S|REF|L|I|I|L|L|L|S|Z|L|B|L|B|Z|Z|L|L|L|L|L|L|L|L|L|"
INTERNAL_PERSON_ID,78BCBF0AF3643FC5,1,1,0,1,1,0,-1,-1,-1,-1,ISOLATED_LAYOUT,"Édson Araújo","I|I|I|B|L|L|L|L|L|L|L|L|REF|L|L|I|I|I|I|B|L|L|L|L|L|L|L|L|S|L|L|L|S|B|I|I|"
INTERNAL_PERSON_ID,78D4226ABEFFDAD9,1,1,0,1,1,0,-1,-1,-1,-1,ISOLATED_LAYOUT,"Édson Araújo","I|B|S|I|S|L|L|L|L|L|L|L|REF|L|L|I|I|I|I|I|I|B|S|I|S|L|L|S|L|L|L|S|B|I|L|B|"
INTERNAL_PERSON_ID,796EC440C2FD91A3,1,1,0,1,1,0,-1,-1,-1,-1,ISOLATED_LAYOUT,"Édson Araújo","B|L|L|L|L|L|L|L|L|L|L|L|REF|L|L|I|I|I|I|I|L|I|B|S|I|S|L|L|L|L|L|L|S|L|L|I|"
INTERNAL_PERSON_ID,799597072CB27512,1,1,0,1,1,0,-1,-1,-1,-1,ISOLATED_LAYOUT,"Édson Araújo","I|I|I|B|L|L|L|L|L|L|L|L|REF|L|L|I|I|I|I|B|L|L|L|L|L|L|L|S|L|L|L|S|B|I|I|I|"
INTERNAL_PERSON_ID,7A31C70E06BA411A,1,1,0,1,1,0,-1,-1,-1,-1,ISOLATED_LAYOUT,"Édson Araújo","I|B|L|L|L|L|L|L|L|L|L|L|REF|L|L|I|I|I|I|I|I|B|I|I|S|L|L|L|L|L|S|L|L|I|I|I|"
INTERNAL_PERSON_ID,7AEAF3F3E792138D,1,1,0,1,1,0,-1,-1,-1,-1,ISOLATED_LAYOUT,"Édson Araújo","I|I|I|I|B|I|I|S|L|L|L|L|REF|L|L|I|I|I|I|I|B|L|L|L|L|L|L|L|L|L|L|S|L|I|I|I|"
INTERNAL_PERSON_ID,7B830753BBDEF0BB,1,1,0,1,1,0,-1,-1,-1,-1,ISOLATED_LAYOUT,"Édson Araújo","I|I|I|I|B|S|S|S|L|L|L|L|REF|L|L|I|I|I|I|B|L|L|L|L|L|L|L|S|L|L|L|S|B|I|I|I|"
INTERNAL_PERSON_ID,7CC06AB0EBA6E06D,1,1,0,1,1,0,-1,-1,-1,-1,ISOLATED_LAYOUT,"Édson Araújo","B|L|L|L|L|L|L|L|L|L|L|L|REF|L|L|I|I|I|I|I|I|I|B|S|I|S|L|L|L|L|L|L|L|L|S|L|"
INTERNAL_PERSON_ID,7CE2872D38E24A2D,1,1,0,1,1,0,-1,-1,-1,-1,ISOLATED_LAYOUT,"Édson Araújo","B|S|I|S|L|L|L|L|L|L|L|L|REF|L|L|I|I|I|I|I|I|I|I|B|L|L|L|L|L|L|L|L|L|L|L|L|"
INTERNAL_PERSON_ID,7D184F3FF2B69D05,1,1,0,1,1,0,8,8,58,58,ISOLATED_LAYOUT,"Édson Araújo","S|B|Z|L|I|Z|L|L|L|L|Z|Z|REF|S|Z|S|I|L|L|L|L|B|B|Z|S|S|I|S|Z|L|L|Z|L|L|L|S|"
INTERNAL_PERSON_ID,7D3E35C82A45B9DD,1,1,0,1,1,0,-1,-1,-1,-1,ISOLATED_LAYOUT,"Édson Araújo","I|I|I|B|I|I|S|L|L|L|L|L|REF|L|L|I|I|I|I|I|I|I|B|I|I|S|L|L|L|L|S|L|L|L|S|B|"
INTERNAL_PERSON_ID,7D8AB3105718E6B5,1,1,1,0,0,1,196,196,134,134,ISOLATED_LAYOUT,"Bruno Santos","S|S|S|S|S|S|S|S|S|S|S|S|REF|Z|L|FF|L|FF|L|FF|L|FF|L|Z|L|Z|I|L|S|I|L|B|L|L|L|FF|"
INTERNAL_PERSON_ID,7D8BCA440F987BC6,1,1,0,1,1,0,-1,-1,-1,-1,ISOLATED_LAYOUT,"Édson Araújo","I|B|S|I|S|L|L|L|L|L|L|L|REF|L|L|I|I|I|I|I|I|I|I|I|I|B|S|I|S|L|L|S|L|L|L|S|"
INTERNAL_PERSON_ID,7DDE66ADE84BBE92,1,1,0,1,1,0,-1,-1,-1,-1,ISOLATED_LAYOUT,"Édson Araújo","I|I|B|L|L|L|L|L|L|L|L|L|REF|L|L|I|I|L|I|I|I|B|I|I|S|L|L|L|L|L|S|L|L|I|I|I|"
INTERNAL_PERSON_ID,7E11E78F64CDF95F,1,1,0,1,1,0,-1,-1,-1,-1,ISOLATED_LAYOUT,"Édson Araújo","S|B|I|I|I|B|S|I|S|L|L|L|REF|I|L|I|I|I|I|I|I|I|B|L|L|L|L|L|L|S|L|L|L|S|B|I|"
INTERNAL_PERSON_ID,7E1592EAC4A85D49,1,1,0,1,1,0,-1,-1,-1,-1,ISOLATED_LAYOUT,"Édson Araújo","L|L|L|L|L|L|L|L|L|L|L|L|REF|L|L|I|I|I|I|I|I|B|S|I|S|L|L|L|S|L|L|I|I|I|I|I|"
INTERNAL_PERSON_ID,7E4FCD279ABA6174,1,1,0,1,1,0,-1,-1,-1,-1,ISOLATED_LAYOUT,"Édson Araújo","I|B|L|L|L|L|L|L|L|L|L|L|REF|L|L|I|I|I|I|I|I|I|I|B|S|I|S|L|L|L|L|S|L|L|L|S|"
INTERNAL_PERSON_ID,7F0BDFAF3F84615C,1,1,0,1,1,0,-1,-1,-1,-1,ISOLATED_LAYOUT,"Édson Araújo","I|I|I|B|L|L|L|L|L|L|L|L|REF|L|L|I|I|I|I|I|I|I|B|I|I|S|L|L|L|L|L|S|L|L|I|I|"
PERSON_DATABASE_ID,7FBA46A166EEB79F,1,1,1,0,1,0,-1,-1,-1,-1,ISOLATED_LAYOUT,"Júnior Baiano","L|I|I|I|I|I|I|I|I|I|B|S|REF|S|L|L|L|S|I|L|I|I|I|I|B|L|L|L|L|L|L|L|S|L|L|L|"
INTERNAL_PERSON_ID,7FCDB5986579FFCC,1,1,0,1,1,0,-1,-1,-1,-1,ISOLATED_LAYOUT,"Édson Araújo","B|S|I|S|L|L|L|L|L|L|L|L|REF|L|L|I|I|I|I|I|I|I|I|I|I|I|B|S|I|S|L|L|L|L|L|L|"
INTERNAL_PERSON_ID,8014FF41635F19E6,1,1,0,1,1,0,-1,-1,-1,-1,ISOLATED_LAYOUT,"Édson Araújo","I|I|I|I|B|S|I|S|L|L|L|L|REF|L|L|I|I|I|I|I|I|I|B|L|L|L|L|L|L|L|L|L|L|L|S|L|"
INTERNAL_PERSON_ID,80820E45AB4AEA3D,1,1,0,1,1,0,-1,-1,-1,-1,ISOLATED_LAYOUT,"Édson Araújo","L|L|L|L|L|L|L|L|L|L|L|L|REF|L|L|I|I|I|L|I|I|I|I|I|B|S|I|S|L|L|L|L|S|L|L|I|"
INTERNAL_PERSON_ID,80B6314CDB1A8DAB,1,1,0,1,1,0,78,78,58,58,ISOLATED_LAYOUT,"Édson Araújo","S|L|L|L|I|Z|L|L|L|L|L|L|REF|S|Z|I|I|L|L|L|L|B|B|Z|B|S|I|S|Z|L|L|Z|L|L|L|S|"
INTERNAL_PERSON_ID,8106E62BD7C878BB,1,1,0,1,1,0,-1,-1,-1,-1,ISOLATED_LAYOUT,"Édson Araújo","L|B|L|L|L|L|L|L|L|L|L|L|REF|L|L|I|I|I|I|I|I|I|I|B|L|L|L|L|L|L|L|L|L|L|S|L|"
INTERNAL_PERSON_ID,81AEA284DF669765,1,1,0,1,1,0,-1,-1,-1,-1,ISOLATED_LAYOUT,"Édson Araújo","I|L|I|B|S|I|S|L|L|L|L|L|REF|L|L|I|I|I|I|I|B|L|L|L|L|L|L|L|L|L|L|S|L|L|I|I|"
INTERNAL_PERSON_ID,8248012F23508766,1,1,0,1,1,0,-1,-1,-1,-1,ISOLATED_LAYOUT,"Édson Araújo","I|I|B|L|L|L|L|L|L|L|L|L|REF|L|L|I|I|I|I|I|B|I|I|S|L|L|S|L|L|L|S|B|I|I|I|B|"
INTERNAL_PERSON_ID,831556D6719E5487,1,1,0,1,1,0,-1,-1,-1,-1,ISOLATED_LAYOUT,"Édson Araújo","I|B|L|L|L|L|L|L|L|L|L|L|REF|L|L|I|I|I|I|I|B|I|I|S|L|L|L|L|S|L|L|L|S|B|I|I|"
INTERNAL_PERSON_ID,836A41F736C805BE,1,1,0,1,1,0,-1,-1,-1,-1,ISOLATED_LAYOUT,"Édson Araújo","I|L|B|L|L|L|L|L|L|L|L|L|REF|L|L|I|I|I|I|I|I|B|I|I|S|L|L|L|L|S|L|L|S|S|B|I|"
INTERNAL_PERSON_ID,83DDAB483713AE58,1,1,0,1,1,0,-1,-1,-1,-1,ISOLATED_LAYOUT,"Édson Araújo","I|B|L|L|L|L|L|L|L|L|L|L|REF|L|L|I|I|I|I|I|B|I|I|S|L|L|L|S|L|L|I|I|I|I|I|I|"
INTERNAL_PERSON_ID,8458F0067621ED42,1,1,0,1,1,0,-1,-1,-1,-1,ISOLATED_LAYOUT,"Édson Araújo","L|L|L|L|L|L|L|L|L|L|L|L|REF|L|L|I|I|I|I|I|B|S|I|S|L|L|S|L|L|L|S|B|I|I|I|B|"
INTERNAL_PERSON_ID,8483E2FE46539B18,1,1,0,1,1,0,-1,-1,-1,-1,ISOLATED_LAYOUT,"Édson Araújo","I|I|I|B|S|I|S|L|L|L|L|L|REF|L|L|I|I|I|B|L|L|L|L|L|L|L|L|S|L|L|I|I|I|I|I|I|"
INTERNAL_PERSON_ID,84D68CED387B4099,1,1,0,1,1,0,-1,-1,-1,-1,ISOLATED_LAYOUT,"Édson Araújo","I|I|I|I|B|I|I|S|L|L|L|L|REF|L|L|I|I|I|I|I|I|B|I|I|S|L|L|L|L|S|L|L|I|I|I|B|"
INTERNAL_PERSON_ID,85A2F40F23FA9C7D,1,1,0,1,1,0,-1,-1,-1,-1,ISOLATED_LAYOUT,"Édson Araújo","L|L|S|L|L|L|S|B|I|I|I|B|REF|I|S|L|L|L|L|L|L|S|L|L|I|I|I|I|I|B|L|L|L|L|L|L|"
INTERNAL_PERSON_ID,86498E52C4251CBB,1,1,0,1,1,0,-1,-1,-1,-1,ISOLATED_LAYOUT,"Édson Araújo","I|I|I|B|L|L|L|L|L|L|L|L|REF|L|L|I|I|I|I|B|L|L|L|L|L|L|L|L|L|S|L|L|I|I|I|I|"
INTERNAL_PERSON_ID,86F1893955F7E3C2,1,1,0,1,1,0,-1,-1,-1,-1,ISOLATED_LAYOUT,"Édson Araújo","L|L|L|L|L|L|L|L|L|L|L|L|REF|L|L|I|I|I|I|B|L|L|L|L|L|L|L|L|L|L|L|L|L|S|L|L|"
INTERNAL_PERSON_ID,87011EFEB846AF77,1,1,0,1,1,0,-1,-1,-1,-1,ISOLATED_LAYOUT,"Édson Araújo","I|I|I|I|B|I|I|S|L|L|L|L|REF|L|L|I|I|I|L|B|L|L|L|L|L|L|L|L|L|S|L|L|I|I|I|I|"
INTERNAL_PERSON_ID,87EFF15276FFC621,1,1,0,1,1,0,-1,-1,-1,-1,ISOLATED_LAYOUT,"Édson Araújo","I|I|B|L|L|L|L|L|L|L|L|L|REF|L|L|I|I|I|I|I|I|B|I|I|S|L|L|L|S|L|L|I|I|I|I|I|"
INTERNAL_PERSON_ID,89D2406B68C25B52,1,1,0,1,1,0,28,28,43,43,ISOLATED_LAYOUT,"Édson Araújo","I|I|L|L|L|Z|Z|Z|Z|Z|S|I|REF|S|L|L|L|I|L|I|FF|L|B|I|Z|Z|I|I|I|Z|Z|I|I|I|I|I|"
INTERNAL_PERSON_ID,89DC439D596EA85B,1,1,0,1,1,0,-1,-1,-1,-1,ISOLATED_LAYOUT,"Édson Araújo","B|L|L|L|L|L|L|L|L|L|L|L|REF|L|L|I|I|I|I|I|I|B|S|I|S|L|L|L|L|L|S|L|L|L|S|B|"
INTERNAL_PERSON_ID,89E5EAFEBD0BE132,1,1,0,1,1,0,-1,-1,-1,-1,ISOLATED_LAYOUT,"Édson Araújo","I|B|S|I|S|L|L|L|L|L|L|L|REF|I|L|I|L|I|B|L|L|L|L|L|L|L|L|S|I|L|I|I|I|I|I|I|"
INTERNAL_PERSON_ID,8A0FF1B76C48E785,1,1,0,1,1,0,-1,-1,-1,-1,ISOLATED_LAYOUT,"Édson Araújo","I|I|I|I|I|B|I|I|S|L|L|L|REF|L|L|I|I|I|I|I|I|B|L|L|L|L|L|L|L|L|L|S|L|L|L|S|"
INTERNAL_PERSON_ID,8B5FCE664C6B72CD,1,1,0,1,1,0,-1,-1,-1,-1,ISOLATED_LAYOUT,"Édson Araújo","B|I|L|B|L|L|L|L|L|L|L|L|REF|L|L|I|I|I|I|I|I|B|I|I|S|L|L|L|S|L|L|L|S|B|I|I|"
INTERNAL_PERSON_ID,8C0DB5B15D0ABAED,1,1,0,1,1,0,44,44,0,0,ISOLATED_LAYOUT,"Édson Araújo","L|Z|Z|Z|L|S|FF|S|L|S|FF|S|REF|Z|Z|L|L|L|L|I|I|L|L|L|FF|S|FF|I|Z|L|L|L|I|I|S|S|"
INTERNAL_PERSON_ID,8D71F23B9FD861CD,1,1,0,1,1,0,-1,-1,-1,-1,ISOLATED_LAYOUT,"Édson Araújo","I|I|I|I|B|S|I|S|L|L|L|L|REF|L|L|I|I|I|I|I|B|S|I|S|L|L|L|L|L|L|L|L|S|L|L|I|"
INTERNAL_PERSON_ID,8E230F34C488124E,1,1,0,1,1,0,-1,-1,-1,-1,ISOLATED_LAYOUT,"Édson Araújo","B|B|S|S|I|L|L|L|L|B|B|S|REF|I|L|L|L|L|B|B|S|S|I|L|L|L|L|B|B|S|S|I|L|L|L|L|"
INTERNAL_PERSON_ID,8E4E96BF063450A5,1,1,0,1,1,0,-1,-1,-1,-1,ISOLATED_LAYOUT,"Édson Araújo","I|I|I|B|S|I|S|L|L|L|L|L|REF|L|L|I|I|I|I|I|I|I|I|B|L|L|L|L|L|L|L|L|S|L|L|L|"
INTERNAL_PERSON_ID,8E5B9541161D41BE,1,1,0,1,1,0,-1,-1,-1,-1,ISOLATED_LAYOUT,"Édson Araújo","I|I|I|B|I|I|S|L|L|L|L|L|REF|L|L|I|I|I|I|I|B|L|L|L|L|L|L|L|S|L|L|L|S|B|I|I|"
INTERNAL_PERSON_ID,8E8E25D56FA8C450,1,1,0,1,1,0,-1,-1,-1,-1,ISOLATED_LAYOUT,"Édson Araújo","I|B|L|L|L|L|L|L|L|L|L|L|REF|L|L|I|I|I|I|I|I|I|B|I|I|S|L|L|S|L|L|L|S|B|I|L|"
INTERNAL_PERSON_ID,8EE99A1A90742BF2,1,1,0,1,1,0,-1,-1,-1,-1,ISOLATED_LAYOUT,"Édson Araújo","I|B|L|L|L|L|L|L|L|L|L|L|REF|L|L|I|I|I|I|B|L|L|L|L|L|L|L|L|L|S|L|L|I|I|L|I|"
INTERNAL_PERSON_ID,8F931B4131F54670,1,1,0,1,1,0,-1,-1,-1,-1,ISOLATED_LAYOUT,"Édson Araújo","I|B|L|L|L|L|L|L|L|L|L|L|REF|L|L|I|I|I|I|I|I|I|I|B|L|L|L|L|L|L|L|S|L|L|L|S|"
INTERNAL_PERSON_ID,8FA82A017C9CFD03,1,1,0,1,1,0,-1,-1,-1,-1,ISOLATED_LAYOUT,"Édson Araújo","I|I|B|L|L|L|L|L|L|L|L|L|REF|L|L|I|I|I|I|I|I|I|B|S|I|S|L|L|L|L|S|L|L|L|S|B|"
INTERNAL_PERSON_ID,8FBD611847122D1E,1,1,0,1,1,0,-1,-1,-1,-1,ISOLATED_LAYOUT,"Édson Araújo","I|B|S|I|S|L|L|L|L|L|L|L|REF|L|L|I|I|I|I|I|I|I|B|L|L|L|L|L|L|L|L|S|L|L|I|I|"
INTERNAL_PERSON_ID,8FE8413C9EF9BF8B,1,1,0,1,1,0,-1,-1,-1,-1,ISOLATED_LAYOUT,"Édson Araújo","B|L|L|L|L|L|L|L|L|L|L|L|REF|L|L|I|I|I|I|B|L|L|L|L|L|L|L|L|L|L|L|S|L|L|I|I|"
INTERNAL_PERSON_ID,8FF811AF0562A7F4,1,1,0,1,1,0,-1,-1,-1,-1,ISOLATED_LAYOUT,"Édson Araújo","I|L|I|I|B|I|I|S|L|L|L|L|REF|L|L|I|I|I|I|I|B|L|L|L|L|L|L|L|S|L|L|L|S|B|I|I|"
INTERNAL_PERSON_ID,908CF525D632C541,1,1,0,1,1,0,-1,-1,-1,-1,ISOLATED_LAYOUT,"Édson Araújo","L|I|I|I|B|I|I|S|L|L|L|L|REF|L|L|I|I|I|I|I|B|I|I|S|L|L|L|L|L|S|L|L|I|I|I|L|"
INTERNAL_PERSON_ID,90C724222C711123,1,1,0,1,1,0,-1,-1,-1,-1,ISOLATED_LAYOUT,"Édson Araújo","I|I|B|I|I|S|L|L|L|L|L|L|REF|L|L|I|I|I|I|I|I|B|L|L|L|L|L|L|L|S|L|L|L|S|B|L|"
INTERNAL_PERSON_ID,91A67A60F834FB3D,1,1,0,1,0,1,-1,-1,-1,-1,ISOLATED_LAYOUT,"Fábio Baiano","L|L|S|I|L|I|I|I|I|I|I|B|REF|I|S|L|L|S|L|L|L|S|B|I|I|B|I|L|L|L|L|L|L|L|S|I|"
INTERNAL_PERSON_ID,921E0F3E994E5A13,1,1,0,1,1,0,-1,-1,-1,-1,ISOLATED_LAYOUT,"Édson Araújo","I|I|B|L|L|L|L|L|L|L|L|L|REF|L|L|I|I|I|I|I|I|I|B|I|I|S|L|L|L|L|S|L|L|L|S|B|"
INTERNAL_PERSON_ID,922E787DCA4F1ABA,1,1,0,1,1,0,-1,-1,-1,-1,ISOLATED_LAYOUT,"Édson Araújo","L|L|L|L|L|L|L|L|L|L|L|L|REF|L|L|I|I|I|I|I|I|I|L|I|B|S|I|S|L|L|L|L|L|L|L|L|"
PERSON_DATABASE_ID,932199B93F0B4383,1,1,0,1,1,0,-1,-1,-1,-1,ISOLATED_LAYOUT,"Rosinei","L|S|I|L|I|I|I|I|I|I|B|S|REF|S|L|L|L|L|L|S|L|L|L|S|B|I|I|I|I|I|I|B|S|I|S|L|"
INTERNAL_PERSON_ID,935ADCB4278AEDBB,1,1,0,1,1,0,-1,-1,-1,-1,ISOLATED_LAYOUT,"Édson Araújo","I|I|I|B|I|I|S|L|L|L|L|L|REF|L|L|I|I|I|I|I|I|B|I|I|S|L|L|S|L|L|L|S|B|I|I|B|"
INTERNAL_PERSON_ID,93731E4A0C494849,1,1,0,1,1,0,-1,-1,-1,-1,ISOLATED_LAYOUT,"Édson Araújo","B|L|L|L|L|L|L|L|L|L|L|L|REF|L|L|I|I|I|I|I|I|I|I|I|B|S|I|S|L|L|S|L|L|L|S|B|"
INTERNAL_PERSON_ID,9453BD7FCC9E6E51,1,1,0,1,1,0,-1,-1,-1,-1,ISOLATED_LAYOUT,"Édson Araújo","I|I|I|B|I|I|S|L|L|L|L|L|REF|L|L|I|I|I|I|B|L|L|L|L|L|L|L|L|L|S|L|L|L|S|B|I|"
INTERNAL_PERSON_ID,9528DB45BADC99D9,1,1,0,1,1,0,-1,-1,-1,-1,ISOLATED_LAYOUT,"Édson Araújo","I|I|I|B|S|I|S|L|L|L|L|L|REF|L|L|I|I|I|I|I|B|S|I|S|L|L|L|L|L|S|L|L|L|S|B|I|"
INTERNAL_PERSON_ID,9582B797F24EE4A4,1,1,0,1,1,0,-1,-1,-1,-1,ISOLATED_LAYOUT,"Édson Araújo","I|I|I|I|B|S|I|S|L|L|L|L|REF|L|L|I|I|I|I|B|L|L|L|L|L|L|S|L|L|L|S|B|I|I|I|I|"
INTERNAL_PERSON_ID,958CF1689F33D76E,1,1,0,1,1,0,-1,-1,-1,-1,ISOLATED_LAYOUT,"Dinélson","L|S|L|L|I|I|I|I|I|I|I|B|REF|I|S|L|L|L|L|S|L|L|I|I|I|I|B|L|L|L|L|L|L|L|L|L|"
INTERNAL_PERSON_ID,95BD358AC3FD62E4,1,1,0,1,1,0,-1,-1,-1,-1,ISOLATED_LAYOUT,"Édson Araújo","I|I|B|S|I|S|L|L|L|L|L|L|REF|L|L|I|I|I|I|I|B|S|I|S|L|L|S|L|L|L|S|B|I|I|I|I|"
INTERNAL_PERSON_ID,95C16D59D8DCBD1C,1,1,0,1,1,0,-1,-1,-1,-1,ISOLATED_LAYOUT,"Édson Araújo","I|I|I|I|B|I|I|S|L|L|L|L|REF|L|L|I|I|I|I|B|I|I|S|L|L|L|S|L|L|L|S|B|I|I|I|I|"
INTERNAL_PERSON_ID,960689B26B678D97,1,1,0,1,1,0,-1,-1,-1,-1,ISOLATED_LAYOUT,"Édson Araújo","I|B|L|L|L|L|L|L|L|L|L|L|REF|L|L|I|I|I|I|I|B|L|L|L|L|L|L|S|L|L|L|S|B|I|I|I|"
INTERNAL_PERSON_ID,96E9C0AEF032F82A,1,1,0,1,1,0,11,11,20,20,ISOLATED_LAYOUT,"Édson Araújo","S|L|L|L|I|Z|L|L|L|B|Z|Z|REF|S|Z|S|I|L|Z|Z|Z|B|B|Z|B|S|I|Z|Z|L|L|Z|L|L|L|S|"
INTERNAL_PERSON_ID,97215ED74EED0BF4,1,1,0,1,1,0,-1,-1,-1,-1,ISOLATED_LAYOUT,"Édson Araújo","B|L|L|L|L|L|L|L|L|L|L|L|REF|L|L|I|I|I|I|I|I|I|I|I|B|S|I|S|L|L|L|S|L|L|L|S|"
INTERNAL_PERSON_ID,978C9D1344217172,1,1,0,1,1,0,36,36,67,67,ISOLATED_LAYOUT,"Édson Araújo","Z|L|L|Z|Z|L|L|L|L|L|L|Z|REF|L|L|L|L|L|L|S|L|S|L|L|L|I|L|B|L|I|Z|Z|Z|Z|Z|Z|"
INTERNAL_PERSON_ID,97BD6F42C0C5BEE9,1,1,0,1,1,0,-1,-1,-1,-1,ISOLATED_LAYOUT,"Édson Araújo","I|I|I|B|L|L|L|L|L|L|L|L|REF|L|L|I|I|I|I|I|I|L|I|B|S|I|S|L|L|L|L|S|L|L|I|I|"
INTERNAL_PERSON_ID,97D03218C264B07E,1,1,0,1,1,0,-1,-1,-1,-1,ISOLATED_LAYOUT,"Édson Araújo","I|I|I|I|I|B|S|I|S|L|L|L|REF|L|L|I|I|I|I|I|B|L|L|L|L|L|L|S|L|L|L|S|B|I|I|B|"
INTERNAL_PERSON_ID,982BBAC0EF021BE8,1,1,1,0,1,0,-1,-1,-1,-1,ISOLATED_LAYOUT,"Dimba","L|S|L|L|L|S|B|I|I|I|I|B|REF|I|S|L|L|L|L|L|S|L|L|I|I|I|I|B|L|L|L|L|L|L|L|S|"
INTERNAL_PERSON_ID,985FED07D08CBBA4,1,1,0,1,1,0,-1,-1,-1,-1,ISOLATED_LAYOUT,"Édson Araújo","L|L|L|L|L|L|L|L|L|L|L|L|REF|L|L|I|I|I|I|I|I|I|I|I|I|B|S|I|S|L|L|L|S|L|L|L|"
INTERNAL_PERSON_ID,988F0950D93292E9,1,1,0,1,1,0,-1,-1,-1,-1,ISOLATED_LAYOUT,"Édson Araújo","I|I|I|I|I|B|S|I|S|L|L|L|REF|L|L|I|I|I|I|B|L|L|L|L|L|L|L|S|L|L|L|S|B|I|I|B|"
INTERNAL_PERSON_ID,9925F4D37CEA0C86,1,1,0,1,1,0,-1,-1,-1,-1,ISOLATED_LAYOUT,"Édson Araújo","I|B|L|L|L|L|L|L|L|L|L|L|REF|L|L|I|I|I|I|I|B|S|I|S|L|L|L|L|L|L|L|S|L|L|I|I|"
INTERNAL_PERSON_ID,993C264E1C4486CC,1,1,0,1,1,0,-1,-1,-1,-1,ISOLATED_LAYOUT,"Édson Araújo","S|I|S|L|L|L|L|L|L|L|L|L|REF|L|L|I|I|I|I|B|L|L|L|L|L|L|L|L|L|S|L|L|L|S|B|L|"
PERSON_DATABASE_ID,9956EF61BB832729,1,1,0,1,1,0,18,18,87,87,ISOLATED_LAYOUT,"Bruno Octávio","B|B|L|S|Z|Z|L|S|Z|Z|S|S|REF|L|L|S|L|L|L|L|L|I|B|FF|Z|FF|L|I|S|L|L|L|Z|FF|I|Z|"
INTERNAL_PERSON_ID,996EDBA26A321E96,1,1,1,0,1,0,71,71,64,64,ISOLATED_LAYOUT,"André Bahia","I|L|L|L|FF|L|L|L|S|L|FF|S|REF|S|L|S|L|L|I|S|I|I|L|S|S|Z|L|L|L|Z|Z|Z|L|L|L|B|"
INTERNAL_PERSON_ID,9978F4C7B2F9BDCF,1,1,0,1,1,0,-1,-1,-1,-1,ISOLATED_LAYOUT,"Édson Araújo","I|I|L|L|L|L|Z|S|S|I|FF|L|REF|L|B|I|S|L|L|I|S|FF|Z|L|B|L|I|I|L|L|L|I|Z|S|S|S|"
INTERNAL_PERSON_ID,99DAF72B72F9812C,1,1,0,1,1,0,-1,-1,-1,-1,ISOLATED_LAYOUT,"Édson Araújo","I|I|I|B|L|L|L|L|L|L|L|L|REF|L|L|I|I|I|B|L|L|L|L|L|L|L|L|L|L|S|L|L|I|I|I|I|"
INTERNAL_PERSON_ID,99FE7255285E695F,1,1,0,1,1,0,-1,-1,-1,-1,ISOLATED_LAYOUT,"Édson Araújo","I|I|I|B|L|L|L|L|L|L|L|L|REF|L|L|I|I|I|I|I|I|I|I|I|B|S|I|S|L|L|L|L|S|L|L|L|"
PERSON_DATABASE_ID,9A638F2D6542BE05,1,1,1,0,1,0,16,16,31,31,ISOLATED_LAYOUT,"Júlio César Moraes","Z|L|L|B|L|L|L|L|Z|Z|S|S|REF|L|L|L|L|L|L|I|I|Z|Z|L|B|Z|Z|Z|Z|Z|Z|Z|B|Z|L|Z|"
INTERNAL_PERSON_ID,9A8C77CF7CDCF6A4,1,1,0,1,1,0,-1,-1,-1,-1,ISOLATED_LAYOUT,"Édson Araújo","B|I|I|I|I|B|I|I|S|L|L|L|REF|L|L|I|I|I|I|B|L|L|L|L|L|L|L|L|S|L|L|L|S|B|I|I|"
INTERNAL_PERSON_ID,9AB1CDDEBCD9910C,1,1,0,1,1,0,-1,-1,-1,-1,ISOLATED_LAYOUT,"Édson Araújo","I|B|L|L|L|L|L|L|L|L|L|L|REF|L|L|I|I|I|I|I|I|I|I|B|S|I|S|L|L|L|L|L|L|L|L|S|"
INTERNAL_PERSON_ID,9B0CCA94A9ED68A3,1,1,0,1,0,1,71,71,64,64,ISOLATED_LAYOUT,"Marcelo Magalhães","I|L|L|L|FF|L|L|L|S|L|FF|S|REF|S|L|S|S|Z|L|B|I|L|L|S|S|Z|L|L|L|Z|Z|Z|L|B|I|I|"
INTERNAL_PERSON_ID,9B47F6424872AEA8,1,1,0,1,1,0,-1,-1,-1,-1,ISOLATED_LAYOUT,"Édson Araújo","I|I|I|B|L|L|L|L|L|L|L|L|REF|L|L|I|I|I|I|I|I|I|B|L|L|L|L|L|L|L|L|L|L|L|L|L|"
INTERNAL_PERSON_ID,9B567B393D3B4D4F,1,1,0,1,1,0,-1,-1,-1,-1,ISOLATED_LAYOUT,"Édson Araújo","I|I|I|I|B|I|I|S|L|L|L|L|REF|L|L|I|I|I|I|I|I|B|I|I|S|L|L|S|L|L|L|S|B|I|L|I|"
INTERNAL_PERSON_ID,9B7604ED51E58DE3,1,1,0,1,1,0,-1,-1,-1,-1,ISOLATED_LAYOUT,"Édson Araújo","I|I|I|B|L|L|L|L|L|L|L|L|REF|L|L|I|I|I|I|I|B|I|I|S|L|L|L|S|L|L|L|S|B|I|I|I|"
INTERNAL_PERSON_ID,9BD6F4180578E4EE,1,1,0,1,1,0,-1,-1,-1,-1,ISOLATED_LAYOUT,"Édson Araújo","B|I|I|B|L|L|L|L|L|L|L|L|REF|L|L|I|I|I|I|I|B|L|L|L|L|L|L|L|L|L|S|L|L|I|I|I|"
INTERNAL_PERSON_ID,9C72CA5CCCC4F48E,1,1,0,1,1,0,-1,-1,-1,-1,ISOLATED_LAYOUT,"Édson Araújo","I|I|I|I|B|I|I|S|L|L|L|L|REF|L|L|I|I|I|I|I|I|B|I|I|S|L|S|L|L|L|S|B|I|I|I|B|"
INTERNAL_PERSON_ID,9C7BFFFF224EFCCC,1,1,0,1,1,0,-1,-1,-1,-1,ISOLATED_LAYOUT,"Édson Araújo","I|I|I|I|B|S|I|S|L|L|L|L|REF|L|L|I|I|I|I|B|L|L|L|L|L|L|L|S|L|L|L|S|B|I|I|I|"
INTERNAL_PERSON_ID,9CC2715023F62084,1,1,0,1,1,0,90,90,2,2,ISOLATED_LAYOUT,"Édson Araújo","S|S|I|L|L|L|L|L|B|S|S|Z|REF|S|Z|L|L|L|L|L|B|S|S|Z|S|S|I|L|L|L|L|L|B|S|S|S|"
INTERNAL_PERSON_ID,9CC66459846478A2,1,1,0,1,1,0,-1,-1,-1,-1,ISOLATED_LAYOUT,"Édson Araújo","B|L|L|L|L|L|L|L|L|L|L|L|REF|L|L|I|I|I|I|I|I|B|S|I|S|L|L|L|S|L|L|L|S|B|I|I|"
INTERNAL_PERSON_ID,9D24375FA391A607,1,1,0,1,1,0,-1,-1,-1,-1,ISOLATED_LAYOUT,"Édson Araújo","I|I|B|L|L|L|L|L|L|L|L|L|REF|L|L|I|I|I|I|I|I|I|I|B|L|L|L|L|L|L|L|S|L|L|L|S|"
INTERNAL_PERSON_ID,9E659734AAF10EEF,1,1,0,1,1,0,153,153,34,34,ISOLATED_LAYOUT,"Édson Araújo","B|L|L|L|S|L|L|S|S|Z|S|Z|REF|I|I|L|L|B|B|B|L|S|Z|I|L|S|L|I|B|L|I|I|L|L|I|I|"
INTERNAL_PERSON_ID,9EA58B9ABDF523FD,1,1,0,1,1,0,-1,-1,-1,-1,ISOLATED_LAYOUT,"Édson Araújo","I|L|B|L|L|L|L|L|L|L|L|L|REF|L|L|I|I|I|I|I|I|B|I|I|S|L|L|L|L|S|L|L|I|I|I|I|"
INTERNAL_PERSON_ID,9EB29D9F6121D46F,1,1,0,1,1,0,-1,-1,-1,-1,ISOLATED_LAYOUT,"Édson Araújo","I|I|I|I|I|B|I|I|S|L|L|L|REF|L|L|I|I|I|I|I|I|B|I|I|S|L|L|L|L|L|S|L|L|I|I|I|"
INTERNAL_PERSON_ID,9F12C90F738EEBEB,1,1,0,1,1,0,-1,-1,-1,-1,ISOLATED_LAYOUT,"Édson Araújo","B|S|I|S|L|L|L|L|L|L|L|L|REF|L|L|I|I|I|I|I|I|I|I|B|S|I|S|L|L|L|L|L|L|L|S|L|"
INTERNAL_PERSON_ID,9FFF26FE76857FED,1,1,0,1,1,0,-1,-1,-1,-1,ISOLATED_LAYOUT,"Édson Araújo","I|I|I|B|L|L|L|L|L|L|L|L|REF|L|L|I|I|I|I|I|I|I|L|B|L|L|L|L|L|L|L|L|L|S|L|L|"
INTERNAL_PERSON_ID,A069F628AB1A3DBC,1,1,0,1,1,0,88,88,-1,-1,ISOLATED_LAYOUT,"Édson Araújo","Z|L|L|L|L|L|L|S|S|Z|S|S|REF|L|L|L|B|B|Z|B|B|B|L|L|L|L|Z|L|L|L|Z|L|L|I|I|Z|"
INTERNAL_PERSON_ID,A17FA95F3181CA55,1,1,0,1,1,0,-1,-1,-1,-1,ISOLATED_LAYOUT,"Édson Araújo","L|B|L|L|L|L|L|L|L|L|L|L|REF|L|L|I|I|I|I|I|B|L|L|L|L|L|L|L|L|S|L|L|L|S|B|I|"
INTERNAL_PERSON_ID,A20E6D904A5F3BD8,1,1,0,1,1,0,-1,-1,-1,-1,ISOLATED_LAYOUT,"Édson Araújo","I|I|I|I|B|I|I|S|L|L|L|L|REF|L|L|I|I|L|I|B|L|L|L|L|L|L|L|L|L|L|S|L|L|I|I|I|"
INTERNAL_PERSON_ID,A22329A731D9821D,1,1,1,0,1,0,-1,-1,-1,-1,ISOLATED_LAYOUT,"Douglas Silva","S|L|L|L|S|B|I|I|I|I|I|B|REF|I|S|L|L|L|L|L|L|L|L|S|I|L|I|I|I|I|B|I|L|L|L|L|"
INTERNAL_PERSON_ID,A238E56B6D330713,1,1,0,1,1,0,26,26,182,182,ISOLATED_LAYOUT,"Édson Araújo","I|L|L|S|L|S|Z|I|L|L|L|L|REF|I|I|L|L|L|B|I|I|I|I|I|I|I|I|I|I|L|L|L|L|I|L|L|"
INTERNAL_PERSON_ID,A2C5BC5507A6E933,1,1,0,1,1,0,-1,-1,-1,-1,ISOLATED_LAYOUT,"Édson Araújo","B|I|I|B|L|L|L|L|L|L|L|L|REF|L|L|I|I|I|I|I|I|B|S|I|S|L|L|L|S|L|L|L|S|B|L|I|"
INTERNAL_PERSON_ID,A2F103FD168AED58,1,1,0,1,1,0,-1,-1,-1,-1,ISOLATED_LAYOUT,"Édson Araújo","I|I|I|B|L|L|L|L|L|L|L|L|REF|L|L|I|I|I|I|I|I|B|S|I|S|L|L|S|L|L|L|S|B|I|I|I|"
INTERNAL_PERSON_ID,A33F3DE6100CFC8E,1,1,0,1,1,0,-1,-1,-1,-1,ISOLATED_LAYOUT,"Édson Araújo","I|I|I|B|L|L|L|L|L|L|L|L|REF|L|L|I|I|I|I|I|I|I|B|L|L|L|L|L|L|L|L|S|L|L|I|I|"
INTERNAL_PERSON_ID,A349D54B3012D794,1,1,0,1,1,0,-1,-1,-1,-1,ISOLATED_LAYOUT,"Édson Araújo","L|B|L|L|L|L|L|L|L|L|L|L|REF|L|L|I|I|I|I|I|I|I|I|I|B|S|I|S|L|L|L|L|L|L|L|L|"
PERSON_DATABASE_ID,A38F25FC47F60BF6,1,1,1,0,0,1,-1,-1,-1,-1,ISOLATED_LAYOUT,"Reginaldo Araújo","B|I|I|I|I|I|I|L|I|I|B|S|REF|S|L|L|L|S|L|L|L|S|B|I|I|B|L|L|L|L|L|L|L|L|L|S|"
INTERNAL_PERSON_ID,A4C5FBBEA2024568,1,1,0,1,1,0,8,8,23,23,ISOLATED_LAYOUT,"Édson Araújo","S|B|Z|I|I|Z|L|L|L|L|Z|Z|REF|S|Z|S|I|L|I|Z|Z|B|B|Z|B|S|I|L|L|L|L|Z|L|L|L|S|"
INTERNAL_PERSON_ID,A586A37B83F811D5,1,1,0,1,1,0,-1,-1,-1,-1,ISOLATED_LAYOUT,"Édson Araújo","L|L|L|L|L|L|L|L|L|L|L|L|REF|L|L|I|I|I|I|I|B|L|L|L|L|L|L|L|L|L|L|L|S|L|L|L|"
INTERNAL_PERSON_ID,A7618BD3005B5F35,1,1,0,1,1,0,-1,-1,-1,-1,ISOLATED_LAYOUT,"Édson Araújo","I|I|I|B|I|I|S|L|L|L|L|L|REF|L|L|I|I|I|I|B|L|L|L|L|L|L|L|L|L|L|S|L|L|I|I|I|"
INTERNAL_PERSON_ID,A7AB3DA67DF1F29F,1,1,0,1,1,0,87,87,44,44,ISOLATED_LAYOUT,"Édson Araújo","FF|L|L|L|S|L|FF|S|S|FF|L|S|REF|S|S|S|L|L|L|S|S|Z|L|L|Z|Z|L|B|L|L|L|B|S|S|I|L|"
INTERNAL_PERSON_ID,A88451F6E4E642CA,1,1,0,1,1,0,-1,-1,-1,-1,ISOLATED_LAYOUT,"Édson Araújo","L|I|B|L|L|L|L|L|L|L|L|L|REF|L|L|I|I|I|I|I|B|L|L|L|L|L|L|L|S|L|L|L|S|B|L|I|"
INTERNAL_PERSON_ID,A8AFD195180A9B32,1,1,0,1,1,0,-1,-1,-1,-1,ISOLATED_LAYOUT,"Édson Araújo","B|S|I|S|L|L|L|L|L|L|L|L|REF|L|L|I|I|I|I|I|I|I|I|B|S|I|S|L|L|L|S|L|L|L|S|B|"
INTERNAL_PERSON_ID,A8FD30716692F8A5,1,1,0,1,1,0,33,33,7,7,ISOLATED_LAYOUT,"Édson Araújo","I|I|Z|I|Z|Z|L|L|Z|I|S|S|REF|L|I|Z|L|L|L|L|L|S|L|S|Z|L|L|L|L|L|L|I|L|I|L|L|"
INTERNAL_PERSON_ID,A96EBCF848E98E80,1,1,0,1,1,0,-1,-1,-1,-1,ISOLATED_LAYOUT,"Édson Araújo","I|I|B|I|I|S|L|L|L|L|L|L|REF|L|L|I|I|I|I|B|L|L|L|L|L|L|L|L|L|L|L|S|L|L|I|I|"
PERSON_DATABASE_ID,A9EF32D2BEEFF8EE,1,1,1,0,1,0,67,67,85,85,ISOLATED_LAYOUT,"Douglas Silva","L|L|L|L|L|L|L|L|Z|L|S|S|REF|L|L|L|L|L|L|L|L|I|B|FF|Z|FF|L|I|S|L|L|L|Z|FF|B|Z|"
INTERNAL_PERSON_ID,AADA51F229AB43CB,1,1,0,1,0,1,66,66,8,8,ISOLATED_LAYOUT,"Fábio Baiano","L|I|S|Z|I|I|L|L|I|I|S|FF|REF|L|L|Z|Z|S|S|Z|Z|Z|Z|Z|Z|Z|S|Z|L|B|Z|L|L|L|L|L|"
INTERNAL_PERSON_ID,AB068264B9E0FEA4,1,1,0,1,1,0,33,33,57,57,ISOLATED_LAYOUT,"Édson Araújo","I|S|L|I|Z|Z|L|L|L|L|I|L|REF|L|I|Z|L|L|L|L|L|L|I|L|I|L|L|B|Z|I|I|Z|Z|Z|Z|Z|"
INTERNAL_PERSON_ID,AB56EB3340F024E3,1,1,0,1,1,0,-1,-1,-1,-1,ISOLATED_LAYOUT,"Édson Araújo","I|I|I|I|B|I|I|S|L|L|L|L|REF|L|L|I|I|I|B|L|L|L|L|L|L|L|S|L|L|L|S|B|I|I|I|I|"
INTERNAL_PERSON_ID,AC4F512A19F3C98B,1,1,0,1,1,0,-1,-1,-1,-1,ISOLATED_LAYOUT,"Édson Araújo","I|B|L|L|L|L|L|L|L|L|L|L|REF|L|L|I|I|I|I|I|B|I|I|S|L|L|S|L|L|L|S|B|I|I|I|I|"
INTERNAL_PERSON_ID,ACB0D1E26583ABAE,1,1,0,1,1,0,8,8,58,58,ISOLATED_LAYOUT,"Édson Araújo","S|L|L|L|I|Z|L|L|L|L|Z|Z|REF|S|Z|S|I|L|L|L|L|B|B|Z|S|S|I|S|Z|L|L|Z|L|L|L|S|"
PERSON_DATABASE_ID,ACC8709F6E5BA70B,1,1,0,1,0,1,68,68,31,31,ISOLATED_LAYOUT,"Marcelo Magalhães","L|L|L|L|L|L|L|L|Z|L|S|S|REF|L|L|L|L|L|L|I|I|Z|Z|L|S|Z|Z|Z|Z|Z|Z|Z|B|Z|I|Z|"
INTERNAL_PERSON_ID,AD39B92EF379B22F,1,1,0,1,1,0,-1,-1,-1,-1,ISOLATED_LAYOUT,"Édson Araújo","I|I|I|I|B|S|I|S|L|L|L|L|REF|L|L|I|I|I|I|I|I|I|I|I|B|S|I|S|L|L|L|L|L|L|L|L|"
INTERNAL_PERSON_ID,AD83672705875252,1,1,0,1,1,0,-1,-1,-1,-1,ISOLATED_LAYOUT,"Édson Araújo","I|B|S|I|S|L|L|L|L|L|L|L|REF|L|L|I|I|I|I|I|I|I|I|I|B|L|L|L|L|L|L|L|S|L|L|L|"
INTERNAL_PERSON_ID,AD85592A6A737CF5,1,1,0,1,1,0,-1,-1,-1,-1,ISOLATED_LAYOUT,"Édson Araújo","I|I|I|B|S|I|S|L|L|L|L|L|REF|L|L|I|I|I|I|I|I|L|I|B|S|I|S|L|L|L|L|L|L|S|L|L|"
INTERNAL_PERSON_ID,AF06E63F4B2B01F3,1,1,0,1,1,0,45,45,7,7,ISOLATED_LAYOUT,"Édson Araújo","I|Z|Z|Z|I|L|L|L|Z|I|S|I|REF|L|I|Z|Z|L|L|L|L|L|L|L|L|L|Z|Z|L|L|B|L|L|L|L|B|"
INTERNAL_PERSON_ID,AF0E05BF0E79DBEE,1,1,0,1,1,0,-1,-1,-1,-1,ISOLATED_LAYOUT,"Édson Araújo","L|I|I|B|I|I|S|L|L|L|L|L|REF|L|L|I|I|I|I|I|I|I|B|I|I|S|L|L|L|L|S|L|L|I|I|L|"
INTERNAL_PERSON_ID,AF77A0BAEE08A183,1,1,0,1,1,0,-1,-1,-1,-1,ISOLATED_LAYOUT,"Édson Araújo","L|L|L|L|L|L|L|L|L|L|L|L|REF|L|L|I|I|I|I|I|I|I|I|I|I|B|S|I|S|L|L|L|L|L|S|L|"
INTERNAL_PERSON_ID,AFB5511343D4283E,1,1,0,1,1,0,-1,-1,-1,-1,ISOLATED_LAYOUT,"Édson Araújo","I|I|B|L|L|L|L|L|L|L|L|L|REF|L|L|I|I|I|L|B|L|L|L|L|L|L|L|L|L|L|S|L|L|I|I|I|"
INTERNAL_PERSON_ID,AFDDF7E19D5B7A68,1,1,0,1,1,0,-1,-1,-1,-1,ISOLATED_LAYOUT,"Édson Araújo","I|I|I|B|L|L|L|L|L|L|L|L|REF|L|L|I|I|I|L|I|I|I|B|L|L|L|L|L|L|L|L|L|L|S|L|L|"
INTERNAL_PERSON_ID,B040F7BEF32553A9,1,1,0,1,1,0,-1,-1,-1,-1,ISOLATED_LAYOUT,"Édson Araújo","I|I|I|B|S|I|S|L|L|L|L|L|REF|L|L|I|I|I|I|I|L|I|B|S|I|S|L|L|S|L|L|L|S|B|I|I|"
INTERNAL_PERSON_ID,B05E05C43586B91B,1,1,0,1,1,0,-1,-1,-1,-1,ISOLATED_LAYOUT,"Édson Araújo","L|B|L|L|L|L|L|L|L|L|L|L|REF|L|L|I|I|I|I|I|B|I|I|S|L|L|L|S|L|L|L|S|B|I|I|B|"
INTERNAL_PERSON_ID,B0D360930D0A5873,1,1,0,1,1,0,-1,-1,-1,-1,ISOLATED_LAYOUT,"Édson Araújo","I|I|I|B|L|L|L|L|L|L|L|L|REF|L|L|I|I|I|I|I|I|B|L|L|L|L|L|L|L|S|L|L|I|I|I|I|"
INTERNAL_PERSON_ID,B18B0CE6273DC49A,1,1,0,1,1,0,-1,-1,-1,-1,ISOLATED_LAYOUT,"Édson Araújo","I|I|I|B|I|I|S|L|L|L|L|L|REF|L|L|I|I|I|I|I|I|B|L|L|L|L|L|L|L|L|S|L|L|I|I|I|"
INTERNAL_PERSON_ID,B1A18CDA95E583CB,1,1,0,1,1,0,-1,-1,-1,-1,ISOLATED_LAYOUT,"Édson Araújo","L|B|L|L|L|L|L|L|L|L|L|L|REF|L|L|I|I|I|I|I|B|I|I|S|L|L|L|L|S|L|L|I|I|I|I|B|"
INTERNAL_PERSON_ID,B1EBB83D363EC431,1,1,0,1,1,0,-1,-1,-1,-1,ISOLATED_LAYOUT,"Édson Araújo","I|B|L|L|L|L|L|L|L|L|L|L|REF|L|L|I|I|I|I|I|I|B|I|I|S|L|L|L|L|S|L|L|I|I|I|B|"
INTERNAL_PERSON_ID,B22450D58F8B6918,1,1,0,1,1,0,-1,-1,-1,-1,ISOLATED_LAYOUT,"Édson Araújo","I|L|I|I|B|I|I|S|L|L|L|L|REF|L|L|I|I|I|I|I|I|I|B|I|I|S|L|L|L|L|L|S|L|L|I|I|"
INTERNAL_PERSON_ID,B253B025132EE81C,1,1,0,1,1,0,-1,-1,-1,-1,ISOLATED_LAYOUT,"Édson Araújo","I|I|B|L|L|L|L|L|L|L|L|L|REF|L|L|I|I|I|I|I|I|B|L|L|L|L|L|L|L|L|S|L|L|L|S|B|"
INTERNAL_PERSON_ID,B2542B8C1214E19F,1,1,0,1,1,0,-1,-1,-1,-1,ISOLATED_LAYOUT,"Édson Araújo","I|B|S|I|S|L|L|L|L|L|L|L|REF|L|L|I|I|I|I|I|L|I|B|S|I|S|L|L|L|L|L|S|L|L|L|S|"
INTERNAL_PERSON_ID,B2B097E4B4570DA2,1,1,0,1,1,0,-1,-1,-1,-1,ISOLATED_LAYOUT,"Édson Araújo","I|I|I|I|B|L|L|L|L|L|L|L|REF|L|L|I|I|I|B|L|L|L|L|L|L|L|L|S|L|L|L|S|B|I|I|I|"
INTERNAL_PERSON_ID,B2EB6A3FB0F9009E,1,1,0,1,1,0,-1,-1,-1,-1,ISOLATED_LAYOUT,"Édson Araújo","I|I|B|L|L|L|L|L|L|L|L|L|REF|L|L|I|I|I|I|I|B|I|I|S|L|L|L|S|L|L|I|I|I|I|I|I|"
INTERNAL_PERSON_ID,B313EC25DB54FD88,1,1,0,1,1,0,-1,-1,-1,-1,ISOLATED_LAYOUT,"Édson Araújo","I|I|B|L|L|L|L|L|L|L|L|L|REF|L|L|I|I|I|I|I|I|L|I|B|S|I|S|L|L|L|L|L|L|L|L|S|"
PERSON_DATABASE_ID,B385C54125582FA7,1,1,0,1,1,0,51,51,31,31,ISOLATED_LAYOUT,"Dinélson","Z|L|I|B|L|L|L|L|Z|I|S|S|REF|L|L|L|L|L|L|L|I|Z|Z|L|B|Z|Z|Z|Z|Z|Z|Z|B|Z|I|Z|"
INTERNAL_PERSON_ID,B3D145FF2683DCE7,1,1,0,1,1,0,-1,-1,-1,-1,ISOLATED_LAYOUT,"Édson Araújo","I|I|I|I|B|S|I|S|L|L|L|L|REF|L|L|I|I|I|I|I|I|B|S|I|S|L|L|L|L|L|L|L|S|L|L|I|"
INTERNAL_PERSON_ID,B4893FEF589317D2,1,1,0,1,1,0,-1,-1,-1,-1,ISOLATED_LAYOUT,"Édson Araújo","I|I|I|B|S|I|S|L|L|L|L|L|REF|L|L|I|I|I|I|B|L|L|L|L|L|L|L|L|S|L|L|I|I|I|I|I|"
INTERNAL_PERSON_ID,B4BABA5C8BD3AD98,1,1,0,1,1,0,141,141,46,46,ISOLATED_LAYOUT,"Édson Araújo","L|L|L|B|L|L|L|Z|L|L|S|I|REF|S|Z|I|I|I|L|L|B|B|S|L|S|Z|Z|L|S|L|I|B|I|B|I|B|"
INTERNAL_PERSON_ID,B55DA1815EBC2481,1,1,0,1,1,0,-1,-1,-1,-1,ISOLATED_LAYOUT,"Édson Araújo","L|L|L|L|L|L|L|L|L|L|L|L|REF|L|L|I|I|I|I|B|L|L|L|L|L|L|L|L|S|L|L|I|I|I|I|I|"
INTERNAL_PERSON_ID,B5796AA1EE80E2D7,1,1,0,1,1,0,-1,-1,-1,-1,ISOLATED_LAYOUT,"Édson Araújo","I|I|I|B|L|L|L|L|L|L|L|L|REF|L|L|I|I|I|I|I|I|B|S|I|S|L|L|L|L|L|L|L|S|L|L|I|"
INTERNAL_PERSON_ID,B5CCC527187D4D37,1,1,0,1,1,0,20,20,111,111,ISOLATED_LAYOUT,"Édson Araújo","Z|Z|Z|Z|S|Z|L|Z|Z|I|Z|L|REF|L|L|L|L|L|FF|L|I|B|L|L|L|L|L|I|B|B|S|S|L|I|I|L|"
INTERNAL_PERSON_ID,B75FF35CA619CF79,1,1,1,0,1,0,-1,-1,-1,-1,ISOLATED_LAYOUT,"Andrezinho","L|S|L|L|L|S|B|I|I|L|I|B|REF|I|S|L|L|L|L|L|S|L|L|I|I|I|I|L|I|B|S|I|S|L|L|S|"
INTERNAL_PERSON_ID,B82566547991F0C7,1,1,0,1,1,0,-1,-1,-1,-1,ISOLATED_LAYOUT,"Édson Araújo","I|I|I|B|I|I|S|L|L|L|L|L|REF|L|L|I|I|I|L|I|I|I|B|I|I|S|L|L|L|S|L|L|L|S|B|I|"
INTERNAL_PERSON_ID,B88316B6630B8BAF,1,1,0,1,1,0,-1,-1,-1,-1,ISOLATED_LAYOUT,"Édson Araújo","B|S|I|S|L|L|L|L|L|L|L|L|REF|L|L|I|I|I|I|I|I|I|I|B|L|L|L|L|L|L|L|L|S|L|L|I|"
INTERNAL_PERSON_ID,B8A320A31B034BE2,1,1,0,1,1,0,-1,-1,-1,-1,ISOLATED_LAYOUT,"Édson Araújo","I|B|L|L|L|L|L|L|L|L|L|L|REF|L|L|I|I|I|I|I|I|B|S|I|S|L|L|L|L|L|S|L|L|L|S|B|"
INTERNAL_PERSON_ID,B8C6230972ADCC6D,1,1,0,1,1,0,-1,-1,-1,-1,ISOLATED_LAYOUT,"Édson Araújo","I|I|I|I|B|L|L|L|L|L|L|L|REF|L|L|I|I|I|I|I|I|I|L|I|I|I|B|S|I|S|L|L|L|L|S|L|"
INTERNAL_PERSON_ID,B97F5FFF7E3A2D3B,1,1,0,1,1,0,-1,-1,-1,-1,ISOLATED_LAYOUT,"Édson Araújo","L|I|B|L|L|L|L|L|L|L|L|L|REF|L|L|I|I|I|B|L|L|L|L|L|L|L|L|L|S|L|L|L|S|B|I|I|"
INTERNAL_PERSON_ID,B99A6FE5376E5EC7,1,1,0,1,1,0,-1,-1,-1,-1,ISOLATED_LAYOUT,"Édson Araújo","B|L|L|L|L|L|L|L|L|L|L|L|REF|L|L|I|I|I|I|I|B|L|L|L|L|L|L|L|L|S|L|L|I|I|I|I|"
INTERNAL_PERSON_ID,B9E8E5664A3F1ECF,1,1,0,1,1,0,-1,-1,-1,-1,ISOLATED_LAYOUT,"Édson Araújo","I|I|L|I|B|S|I|S|L|L|L|L|REF|L|L|I|I|I|I|I|I|I|I|B|S|I|S|L|L|L|S|L|L|L|S|B|"
INTERNAL_PERSON_ID,BA04CDDDAD11CE37,1,1,0,1,1,0,-1,-1,-1,-1,ISOLATED_LAYOUT,"Fábio Costa","S|L|L|L|S|S|L|L|L|L|S|Z|REF|L|S|L|L|L|L|L|L|L|S|Z|S|L|S|L|L|L|L|L|L|L|S|Z|"
PERSON_DATABASE_ID,BA09B146198EEB90,1,1,0,1,0,1,59,59,31,31,ISOLATED_LAYOUT,"Fábio Baiano","L|B|L|L|L|L|L|L|Z|I|S|S|REF|L|L|L|L|L|L|I|I|Z|Z|L|S|Z|Z|Z|Z|Z|Z|Z|B|Z|I|Z|"
INTERNAL_PERSON_ID,BA39E476BA25F46C,1,1,0,1,1,0,-1,-1,-1,-1,ISOLATED_LAYOUT,"Édson Araújo","I|I|I|I|B|I|I|S|L|L|L|L|REF|L|L|I|I|I|B|L|L|L|L|L|L|L|L|S|L|L|L|S|B|I|I|I|"
INTERNAL_PERSON_ID,BA3A57BC436B4DF2,1,1,0,1,1,0,40,40,7,7,ISOLATED_LAYOUT,"Édson Araújo","L|L|Z|Z|Z|L|L|L|I|I|S|I|REF|L|I|Z|Z|L|L|Z|Z|I|I|L|L|I|I|S|FF|S|L|L|Z|Z|S|S|"
INTERNAL_PERSON_ID,BAED73480CF650C1,1,1,0,1,1,0,-1,-1,-1,-1,ISOLATED_LAYOUT,"Édson Araújo","I|I|B|L|L|L|L|L|L|L|L|L|REF|L|L|I|I|I|I|I|B|I|I|S|L|L|L|L|S|L|L|I|I|I|I|B|"
PERSON_DATABASE_ID,BC0D750DD9980DB4,1,1,1,0,1,0,16,16,46,46,ISOLATED_LAYOUT,"Fabiano Eller","L|B|L|L|L|L|L|L|Z|Z|S|S|REF|L|L|L|L|L|L|I|I|S|Z|L|S|Z|Z|Z|Z|Z|Z|Z|B|Z|I|Z|"
INTERNAL_PERSON_ID,BCF966BFDBE07310,1,1,1,0,1,0,77,77,115,115,ISOLATED_LAYOUT,"Dimba","L|L|L|L|L|FF|L|L|L|S|L|FF|REF|I|S|L|S|I|Z|L|B|I|L|L|S|S|Z|L|L|L|L|L|Z|L|L|I|"
INTERNAL_PERSON_ID,BD359172897CBF15,1,1,0,1,1,0,51,51,120,120,ISOLATED_LAYOUT,"Rosinei","Z|Z|L|L|L|FF|L|L|L|S|L|FF|REF|I|S|L|S|L|B|L|B|I|I|L|S|S|Z|L|L|L|L|L|Z|L|L|L|"
INTERNAL_PERSON_ID,BD4E70E5F8C1EEFF,1,1,0,1,1,0,-1,-1,-1,-1,ISOLATED_LAYOUT,"Édson Araújo","I|I|B|L|L|L|L|L|L|L|L|L|REF|L|L|I|I|I|I|B|L|L|L|L|L|L|L|L|L|L|S|L|L|I|I|L|"
INTERNAL_PERSON_ID,BD97E0D23932C0EC,1,1,0,1,1,0,-1,-1,-1,-1,ISOLATED_LAYOUT,"Édson Araújo","B|L|L|L|L|L|L|L|L|L|L|L|REF|L|L|I|I|I|I|B|I|I|S|L|L|L|S|L|L|L|S|B|I|I|I|B|"
INTERNAL_PERSON_ID,BDCE7CBA56E8CAA4,1,1,0,1,1,0,-1,-1,-1,-1,ISOLATED_LAYOUT,"Édson Araújo","I|I|I|I|I|B|I|I|S|L|L|L|REF|L|L|I|I|I|I|I|I|B|I|I|S|L|L|L|L|S|L|L|I|I|I|I|"
INTERNAL_PERSON_ID,BEE98BE34DD8D138,1,1,0,1,1,0,-1,-1,-1,-1,ISOLATED_LAYOUT,"Édson Araújo","I|I|I|I|I|B|I|I|S|L|L|L|REF|L|L|I|I|I|I|I|B|L|L|L|L|L|L|L|L|L|S|L|L|I|I|I|"
INTERNAL_PERSON_ID,BFBD44E22A8625B5,1,1,0,1,1,0,-1,-1,-1,-1,ISOLATED_LAYOUT,"Édson Araújo","I|B|S|I|S|L|L|L|L|L|L|L|REF|L|L|I|I|I|I|I|L|B|L|L|L|L|L|L|L|S|L|L|L|S|B|I|"
INTERNAL_PERSON_ID,C0276ECA62D7784D,1,1,0,1,1,0,14,14,29,29,ISOLATED_LAYOUT,"Édson Araújo","B|L|L|L|Z|L|L|S|S|Z|Z|S|REF|I|L|L|L|L|L|L|B|Z|L|L|B|L|L|Z|Z|S|S|I|L|L|L|L|"
INTERNAL_PERSON_ID,C0641D051C9AF650,1,1,0,1,1,0,-1,-1,-1,-1,ISOLATED_LAYOUT,"Édson Araújo","I|I|I|I|B|I|I|S|L|L|L|L|REF|L|L|I|I|I|I|I|L|B|L|L|L|L|L|L|L|S|L|L|L|S|B|I|"
INTERNAL_PERSON_ID,C09F895956915493,1,1,0,1,1,0,-1,-1,-1,-1,ISOLATED_LAYOUT,"Édson Araújo","I|I|I|B|I|I|S|L|L|L|L|L|REF|L|L|I|I|I|B|L|L|L|L|L|L|L|S|L|L|L|S|B|I|I|I|I|"
INTERNAL_PERSON_ID,C0D25A194A2BFC01,1,1,0,1,1,0,-1,-1,-1,-1,ISOLATED_LAYOUT,"Édson Araújo","I|I|B|S|I|S|L|L|L|L|L|L|REF|L|L|I|I|I|I|I|B|S|I|S|L|L|L|L|L|L|S|L|L|I|I|I|"
INTERNAL_PERSON_ID,C1F7BD84A20872E7,1,1,0,1,1,0,-1,-1,-1,-1,ISOLATED_LAYOUT,"Édson Araújo","I|B|I|I|S|L|L|L|L|L|L|L|REF|L|L|I|I|L|I|I|B|I|I|S|L|L|S|L|L|L|S|B|I|I|I|B|"
INTERNAL_PERSON_ID,C30D1138911637C6,1,1,0,1,1,0,-1,-1,-1,-1,ISOLATED_LAYOUT,"Édson Araújo","I|I|B|I|I|S|L|L|L|L|L|L|REF|L|L|I|I|I|I|I|I|I|B|I|I|S|L|L|L|L|S|L|L|I|I|I|"
INTERNAL_PERSON_ID,C3EEF7CCD14329EC,1,1,0,1,1,0,-1,-1,-1,-1,ISOLATED_LAYOUT,"Édson Araújo","I|I|B|I|I|S|L|L|L|L|L|L|REF|L|L|I|I|I|I|I|B|L|L|L|L|L|L|L|S|L|L|L|S|B|I|L|"
INTERNAL_PERSON_ID,C473654D452763E5,1,1,0,1,1,0,-1,-1,-1,-1,ISOLATED_LAYOUT,"Édson Araújo","I|I|I|B|L|L|L|L|L|L|L|L|REF|L|L|I|I|I|I|I|B|S|I|S|L|L|L|L|S|L|L|I|I|I|I|I|"
INTERNAL_PERSON_ID,C473CD677F3011B2,1,1,0,1,1,0,-1,-1,-1,-1,ISOLATED_LAYOUT,"Édson Araújo","L|L|L|L|L|L|L|L|L|L|L|L|REF|L|L|I|I|I|I|I|B|S|I|S|L|L|L|S|L|L|L|S|B|I|I|I|"
INTERNAL_PERSON_ID,C6D3868383C869E2,1,1,0,1,1,0,-1,-1,-1,-1,ISOLATED_LAYOUT,"Édson Araújo","I|I|I|B|I|I|S|L|L|L|L|L|REF|L|L|I|I|I|I|I|B|L|L|L|L|L|L|L|L|L|L|L|S|L|L|I|"
INTERNAL_PERSON_ID,C750FFE09F599360,1,1,0,1,1,0,-1,-1,-1,-1,ISOLATED_LAYOUT,"Édson Araújo","B|I|I|I|I|B|I|I|S|L|L|L|REF|L|L|I|I|I|I|B|L|L|L|L|L|L|L|S|L|L|L|S|B|I|I|I|"
INTERNAL_PERSON_ID,C78FDF0A576E4849,1,1,0,1,1,0,-1,-1,-1,-1,ISOLATED_LAYOUT,"Édson Araújo","I|B|I|I|S|L|L|L|L|L|L|L|REF|L|L|I|I|I|I|I|I|B|L|L|L|L|L|L|L|L|S|L|L|L|S|B|"
INTERNAL_PERSON_ID,C7E0140BB0255DAA,1,1,0,1,1,0,-1,-1,-1,-1,ISOLATED_LAYOUT,"Édson Araújo","I|I|I|I|B|S|I|S|L|L|L|L|REF|L|L|I|I|I|I|I|I|I|I|I|B|S|I|S|L|L|L|L|S|L|L|I|"
INTERNAL_PERSON_ID,C88A37A847DD71AF,1,1,0,1,1,0,-1,-1,-1,-1,ISOLATED_LAYOUT,"Édson Araújo","I|B|I|L|L|L|L|L|L|L|L|S|REF|L|I|I|I|I|I|I|I|I|B|I|L|L|L|L|L|L|L|L|L|L|S|S|"
INTERNAL_PERSON_ID,C92A492CF417681F,1,1,0,1,1,0,-1,-1,-1,-1,ISOLATED_LAYOUT,"Édson Araújo","B|L|L|L|L|L|L|L|L|L|L|L|REF|L|L|I|I|I|I|I|I|I|B|S|I|S|L|L|L|S|L|L|I|I|I|I|"
INTERNAL_PERSON_ID,C9852E51A7280F16,1,1,0,1,1,0,-1,-1,-1,-1,ISOLATED_LAYOUT,"Édson Araújo","L|L|L|L|L|L|L|L|L|L|L|L|REF|L|L|I|I|I|I|L|I|B|L|L|L|L|L|L|L|L|L|L|L|S|L|L|"
PERSON_DATABASE_ID,C9B8F08202634DFD,1,1,0,1,1,0,-1,-1,-1,-1,ISOLATED_LAYOUT,"Édson Araújo","L|S|B|I|I|I|I|L|I|I|B|S|REF|S|L|L|L|L|L|S|I|L|I|I|I|I|I|I|I|I|I|I|B|S|I|S|"
INTERNAL_PERSON_ID,C9BA2BF760F20B34,1,1,0,1,1,0,-1,-1,-1,-1,ISOLATED_LAYOUT,"Édson Araújo","B|S|I|S|L|L|L|L|L|L|L|L|REF|L|L|I|I|I|I|B|L|L|L|L|L|L|L|L|L|L|S|L|L|I|I|I|"
INTERNAL_PERSON_ID,CA1F3304A1100C1A,1,1,0,1,1,0,16,16,15,15,ISOLATED_LAYOUT,"Édson Araújo","L|I|L|L|I|Z|L|L|Z|Z|B|S|REF|I|L|L|I|Z|L|L|Z|Z|B|I|L|I|L|L|L|Z|L|L|S|Z|S|I|"
INTERNAL_PERSON_ID,CAB5418CD1EB8907,1,1,0,1,1,0,-1,-1,-1,-1,ISOLATED_LAYOUT,"Édson Araújo","I|I|I|B|L|L|L|L|L|L|L|L|REF|L|L|I|I|I|I|I|B|I|I|S|L|L|L|L|S|L|L|I|I|I|I|I|"
INTERNAL_PERSON_ID,CAFA7B45BFBCDC03,1,1,0,1,1,0,-1,-1,-1,-1,ISOLATED_LAYOUT,"Édson Araújo","I|I|I|I|I|B|I|I|S|L|L|L|REF|L|L|I|I|I|I|I|I|B|I|I|S|L|L|L|S|L|L|L|S|B|L|I|"
INTERNAL_PERSON_ID,CB0087BDDE9B259E,1,1,0,1,1,0,-1,-1,-1,-1,ISOLATED_LAYOUT,"Édson Araújo","I|I|I|I|B|I|I|S|L|L|L|L|REF|L|L|I|I|I|I|I|I|B|I|I|S|L|L|L|L|L|S|L|L|I|I|I|"
PERSON_DATABASE_ID,CB340C7057269FB5,1,1,1,0,1,0,-1,-1,-1,-1,ISOLATED_LAYOUT,"André Bahia","I|L|I|I|I|L|I|I|I|I|B|S|REF|S|L|L|L|L|L|S|L|L|L|S|B|I|I|I|I|B|S|I|S|L|L|L|"
INTERNAL_PERSON_ID,CB3F05810CD2EF0D,1,1,0,1,1,0,-1,-1,-1,-1,ISOLATED_LAYOUT,"Édson Araújo","B|S|I|S|L|L|L|L|L|L|L|L|REF|L|L|I|I|I|I|I|I|I|B|L|L|L|L|L|L|L|L|L|L|S|L|L|"
INTERNAL_PERSON_ID,CB627046D482C5E0,1,1,0,1,1,0,-1,-1,98,98,ISOLATED_LAYOUT,"Édson Araújo","I|I|I|B|L|L|L|L|S|S|S|L|REF|L|S|L|S|L|L|L|S|L|L|L|Z|S|S|I|S|L|I|S|I|S|I|FF|"
INTERNAL_PERSON_ID,CBD20E69C0946546,1,1,0,1,1,0,-1,-1,-1,-1,ISOLATED_LAYOUT,"Édson Araújo","I|I|B|S|I|S|L|L|L|L|L|L|REF|L|L|I|I|I|I|I|I|B|S|I|S|L|L|L|L|S|L|L|I|I|I|I|"
INTERNAL_PERSON_ID,CCAC27FFB498FBD2,1,1,0,1,1,0,-1,-1,-1,-1,ISOLATED_LAYOUT,"Édson Araújo","L|I|I|I|B|S|I|S|L|L|L|L|REF|L|L|I|I|I|I|B|L|L|L|L|L|L|L|L|L|L|L|L|L|S|L|L|"
INTERNAL_PERSON_ID,CCBC46241816FD2C,1,1,0,1,1,0,43,43,93,93,ISOLATED_LAYOUT,"Édson Araújo","S|B|Z|L|I|Z|L|L|L|L|L|L|REF|S|Z|L|I|L|L|L|L|B|B|Z|S|S|I|L|L|L|L|Z|L|L|L|S|"
INTERNAL_PERSON_ID,CCD8F2B50DE76F3D,1,1,0,1,1,0,-1,-1,-1,-1,ISOLATED_LAYOUT,"Édson Araújo","I|I|I|B|L|L|L|L|L|L|L|L|REF|L|L|I|I|I|I|I|I|B|S|I|S|L|L|L|L|L|L|S|L|L|I|I|"
INTERNAL_PERSON_ID,CD40A1C59586F327,1,1,0,1,1,0,-1,-1,-1,-1,ISOLATED_LAYOUT,"Édson Araújo","I|B|L|L|L|L|L|L|L|L|L|L|REF|L|L|I|I|I|I|I|B|S|I|S|L|L|L|S|L|L|L|S|B|I|I|I|"
INTERNAL_PERSON_ID,CDA658AC5F42936F,1,1,0,1,1,0,-1,-1,-1,-1,ISOLATED_LAYOUT,"Édson Araújo","B|L|L|L|L|L|L|L|L|L|L|L|REF|L|L|I|I|I|I|B|L|L|L|L|L|L|L|L|L|S|L|L|I|I|I|I|"
INTERNAL_PERSON_ID,CDA753CAF984E66D,1,1,0,1,1,0,-1,-1,-1,-1,ISOLATED_LAYOUT,"Édson Araújo","I|I|B|L|L|L|L|L|L|L|L|L|REF|L|L|I|I|I|B|L|L|L|L|L|L|L|L|L|S|L|L|I|I|I|I|I|"
INTERNAL_PERSON_ID,CDB5B99CFF75815D,1,1,0,1,1,0,-1,-1,-1,-1,ISOLATED_LAYOUT,"Édson Araújo","I|I|I|B|S|I|S|L|L|L|L|L|REF|L|L|I|I|I|I|I|I|I|I|I|B|S|I|S|L|L|L|L|S|L|L|L|"
INTERNAL_PERSON_ID,CDC7BE8DC1732E79,1,1,0,1,1,0,-1,-1,-1,-1,ISOLATED_LAYOUT,"Édson Araújo","I|I|I|I|B|L|L|L|L|L|L|L|REF|L|L|I|I|I|L|I|I|B|I|I|S|L|L|L|L|S|L|L|I|I|I|I|"
INTERNAL_PERSON_ID,CE3FCDDBE41470F7,1,1,0,1,1,0,-1,-1,-1,-1,ISOLATED_LAYOUT,"Édson Araújo","I|I|B|L|L|L|L|L|L|L|L|L|REF|L|L|I|I|I|I|I|I|I|B|I|I|S|L|L|L|L|S|L|L|I|I|I|"
INTERNAL_PERSON_ID,CE9F041901CF75A1,1,1,0,1,1,0,-1,-1,-1,-1,ISOLATED_LAYOUT,"Édson Araújo","I|B|S|I|S|L|L|L|L|L|L|L|REF|L|L|I|I|I|I|B|L|L|L|L|L|L|L|L|S|L|L|L|S|B|I|I|"
INTERNAL_PERSON_ID,CEA3CC33493E49EF,1,1,0,1,1,0,-1,-1,-1,-1,ISOLATED_LAYOUT,"Édson Araújo","I|I|I|B|I|I|S|L|L|L|L|L|REF|L|L|I|I|I|B|L|L|L|L|L|L|L|L|S|L|L|L|S|B|I|I|I|"
INTERNAL_PERSON_ID,CFB223022C84D2BB,1,1,0,1,1,0,114,114,17,17,ISOLATED_LAYOUT,"Édson Araújo","I|I|L|L|I|I|Z|L|S|L|L|L|REF|L|B|L|I|B|Z|Z|Z|S|I|S|B|S|I|L|I|Z|Z|L|I|L|L|S|"
INTERNAL_PERSON_ID,D05ACE0ABB9A7234,1,1,0,1,1,0,-1,-1,-1,-1,ISOLATED_LAYOUT,"Édson Araújo","I|I|B|L|L|L|L|L|L|L|L|L|REF|L|L|I|I|I|I|B|L|L|L|L|L|L|L|L|L|L|S|L|L|L|S|B|"
INTERNAL_PERSON_ID,D179D6E29795E3DD,1,1,0,1,1,0,-1,-1,-1,-1,ISOLATED_LAYOUT,"Édson Araújo","I|I|I|I|B|I|I|S|L|L|L|L|REF|L|L|I|I|I|L|I|B|I|I|S|L|L|L|L|S|L|L|I|I|I|I|I|"
PERSON_DATABASE_ID,D227BBE9F59CF179,1,1,1,0,1,0,-1,-1,-1,-1,ISOLATED_LAYOUT,"Dimba","I|I|I|I|I|I|I|I|I|I|B|I|REF|S|L|L|L|L|S|L|L|I|I|I|I|I|I|I|I|I|B|L|L|L|L|L|"
INTERNAL_PERSON_ID,D2CA0449346D17AD,1,1,0,1,1,0,-1,-1,-1,-1,ISOLATED_LAYOUT,"Édson Araújo","L|L|L|L|L|L|L|L|L|L|L|L|REF|L|L|I|I|I|I|I|B|S|I|S|L|L|L|L|L|L|L|S|L|L|I|I|"
INTERNAL_PERSON_ID,D2F2483761196C1C,1,1,0,1,1,0,-1,-1,-1,-1,ISOLATED_LAYOUT,"Édson Araújo","I|B|S|I|S|L|L|L|L|L|L|L|REF|L|L|I|I|I|I|I|I|L|I|B|S|I|S|L|L|L|L|L|L|S|L|L|"
INTERNAL_PERSON_ID,D31094790FF6EE7E,1,1,0,1,1,0,-1,-1,-1,-1,ISOLATED_LAYOUT,"Édson Araújo","I|I|B|L|L|L|L|L|L|L|L|L|REF|L|L|I|I|I|I|I|I|B|S|I|S|L|L|L|L|L|L|L|S|L|L|I|"
INTERNAL_PERSON_ID,D353EC1E15B235C7,1,1,0,1,1,0,-1,-1,-1,-1,ISOLATED_LAYOUT,"Édson Araújo","B|L|L|L|L|L|L|L|L|L|L|L|REF|L|L|I|I|I|I|I|L|B|L|L|L|L|L|L|L|L|L|L|S|L|L|L|"
INTERNAL_PERSON_ID,D3715614F12B2D68,1,1,0,1,1,0,-1,-1,-1,-1,ISOLATED_LAYOUT,"Édson Araújo","L|I|I|I|B|I|I|S|L|L|L|L|REF|L|L|I|I|I|I|B|L|L|L|L|L|L|S|L|L|L|S|B|I|I|I|I|"
INTERNAL_PERSON_ID,D3D8C166DEB14D48,1,1,0,1,1,0,-1,-1,-1,-1,ISOLATED_LAYOUT,"Édson Araújo","I|I|I|B|S|I|S|L|L|L|L|L|REF|L|L|I|I|I|I|I|I|I|I|B|L|L|L|L|L|L|L|L|L|L|L|S|"
INTERNAL_PERSON_ID,D436ACEC6627E2C8,1,1,0,1,1,0,-1,-1,-1,-1,ISOLATED_LAYOUT,"Édson Araújo","I|I|I|I|I|B|I|I|S|L|L|L|REF|L|L|I|I|I|I|I|I|B|I|I|S|L|L|L|S|L|L|L|S|B|I|L|"
INTERNAL_PERSON_ID,D460B1AFF48AD339,1,1,0,1,1,0,26,26,16,16,ISOLATED_LAYOUT,"Édson Araújo","L|L|S|L|L|S|Z|Z|Z|I|L|I|REF|L|L|L|L|Z|Z|L|L|Z|L|L|L|L|L|L|L|L|L|L|L|L|L|I|"
INTERNAL_PERSON_ID,D5080B90B15F16FC,1,1,0,1,1,0,-1,-1,-1,-1,ISOLATED_LAYOUT,"Édson Araújo","I|B|L|L|L|L|L|L|L|L|L|L|REF|L|L|I|I|I|I|I|I|B|S|I|S|L|L|L|L|L|L|L|S|L|L|I|"
INTERNAL_PERSON_ID,D5407E60277D6FA3,1,1,0,1,1,0,-1,-1,-1,-1,ISOLATED_LAYOUT,"Édson Araújo","I|I|I|B|I|I|S|L|L|L|L|L|REF|L|L|I|I|I|I|I|B|I|I|S|L|L|L|L|S|L|L|I|I|I|I|I|"
INTERNAL_PERSON_ID,D640CA2EF551D3F0,1,1,0,1,1,0,-1,-1,-1,-1,ISOLATED_LAYOUT,"Édson Araújo","I|B|L|L|L|L|L|L|L|L|L|L|REF|L|L|I|I|I|I|B|L|L|L|L|L|L|L|L|S|L|L|I|I|I|I|B|"
INTERNAL_PERSON_ID,D64F43B25B8DF735,1,1,0,1,1,0,-1,-1,-1,-1,ISOLATED_LAYOUT,"Édson Araújo","B|I|I|B|L|L|L|L|L|L|L|L|REF|L|L|I|I|I|I|B|L|L|L|L|L|L|L|L|L|S|L|L|I|I|I|I|"
INTERNAL_PERSON_ID,D66DBE94750C3020,1,1,0,1,1,0,-1,-1,-1,-1,ISOLATED_LAYOUT,"Édson Araújo","B|L|L|L|L|L|L|L|L|L|L|L|REF|L|L|I|I|I|I|I|I|I|B|S|I|S|L|L|L|L|L|L|S|L|L|L|"
INTERNAL_PERSON_ID,D6EF40C6280645E4,1,1,0,1,1,0,-1,-1,-1,-1,ISOLATED_LAYOUT,"Édson Araújo","I|I|I|I|B|I|I|S|L|L|L|L|REF|L|L|I|I|I|L|I|I|I|B|I|I|S|L|L|L|L|L|S|L|L|I|I|"
INTERNAL_PERSON_ID,D789FFFE70BAAC21,1,1,0,1,1,0,-1,-1,-1,-1,ISOLATED_LAYOUT,"Édson Araújo","I|I|B|S|I|S|L|L|L|L|L|L|REF|L|L|I|I|I|I|I|I|B|S|I|S|L|L|L|L|L|L|S|L|L|I|I|"
INTERNAL_PERSON_ID,D7B00C3CAE5AB78F,1,1,0,1,1,0,51,51,120,120,ISOLATED_LAYOUT,"Bruno Octávio","Z|Z|L|L|L|FF|L|L|L|S|L|FF|REF|I|S|L|S|L|B|L|B|I|I|L|S|S|Z|L|L|L|Z|L|Z|L|B|L|"
INTERNAL_PERSON_ID,D7CC871B828CE27E,1,1,0,1,1,0,-1,-1,-1,-1,ISOLATED_LAYOUT,"Édson Araújo","B|L|L|L|L|L|L|L|L|L|L|L|REF|L|L|I|I|I|I|I|I|B|S|I|S|L|L|L|S|L|L|I|I|I|I|I|"
INTERNAL_PERSON_ID,D7FD1653406449CA,1,1,0,1,1,0,-1,-1,-1,-1,ISOLATED_LAYOUT,"Édson Araújo","I|I|I|B|L|L|L|L|L|L|L|L|REF|L|L|I|I|I|I|I|B|S|I|S|L|L|L|L|L|L|L|L|S|L|L|I|"
INTERNAL_PERSON_ID,D84355C87B7D7358,1,1,0,1,1,0,84,84,152,152,ISOLATED_LAYOUT,"Édson Araújo","L|L|L|L|I|I|L|FF|FF|L|L|L|REF|I|I|L|L|L|FF|L|Z|L|L|L|L|I|L|L|Z|L|L|L|B|L|L|L|"
INTERNAL_PERSON_ID,D87FB4B1B8036125,1,1,0,1,1,0,8,8,198,198,ISOLATED_LAYOUT,"Édson Araújo","S|L|L|L|I|Z|L|L|L|L|Z|Z|REF|S|Z|S|I|L|L|L|L|B|B|Z|I|S|I|L|L|L|L|Z|L|L|L|S|"
PERSON_DATABASE_ID,D88CBD3F44D252F1,1,1,1,0,0,1,-1,-1,-1,-1,ISOLATED_LAYOUT,"Reginaldo Araújo","B|I|I|I|I|I|I|L|I|I|B|I|REF|S|L|L|L|L|L|L|L|L|L|S|L|L|L|S|B|I|I|I|I|I|I|B|"
INTERNAL_PERSON_ID,D8B31CCFCFDE727E,1,1,0,1,1,0,-1,-1,-1,-1,ISOLATED_LAYOUT,"Édson Araújo","L|L|L|L|L|L|L|L|L|L|L|L|REF|L|L|I|I|I|L|B|L|L|L|L|L|L|L|L|S|L|L|L|S|B|I|I|"
INTERNAL_PERSON_ID,D8ECF06E57DDC52F,1,1,0,1,0,1,12,12,0,0,ISOLATED_LAYOUT,"Fábio Baiano","L|L|I|I|S|FF|S|L|L|Z|Z|S|REF|Z|Z|Z|Z|Z|Z|Z|S|Z|L|B|Z|L|L|L|L|L|FF|L|I|B|L|L|"
INTERNAL_PERSON_ID,D9BBEFFDA9FDC35C,1,1,0,1,1,0,55,55,75,75,ISOLATED_LAYOUT,"Édson Araújo","L|L|B|L|L|B|I|S|S|I|L|L|REF|L|L|L|L|L|I|B|FF|Z|FF|L|S|S|L|L|L|Z|FF|I|Z|Z|Z|Z|"
INTERNAL_PERSON_ID,DA09976BAEFC34A4,1,1,0,1,1,0,-1,-1,-1,-1,ISOLATED_LAYOUT,"Édson Araújo","B|L|L|L|L|L|L|L|L|L|L|L|REF|L|L|I|I|I|B|L|L|L|L|L|L|L|L|S|L|L|I|I|I|I|B|L|"
INTERNAL_PERSON_ID,DC340DAB5C0527DF,1,1,0,1,1,0,-1,-1,-1,-1,ISOLATED_LAYOUT,"Édson Araújo","I|I|B|L|L|L|L|L|L|L|L|L|REF|L|L|I|I|I|I|B|L|L|L|L|L|L|L|L|S|L|L|I|I|I|L|I|"
INTERNAL_PERSON_ID,DCE545DC802AD883,1,1,0,1,1,0,-1,-1,-1,-1,ISOLATED_LAYOUT,"Édson Araújo","I|I|I|B|I|I|S|L|L|L|L|L|REF|L|L|I|I|I|I|I|B|I|I|S|L|L|S|L|L|L|S|B|I|I|I|I|"
INTERNAL_PERSON_ID,DD35F07512B4A407,1,1,0,1,1,0,-1,-1,-1,-1,ISOLATED_LAYOUT,"Édson Araújo","I|B|S|I|S|L|L|L|L|L|L|L|REF|L|L|I|I|I|I|I|I|B|L|L|L|L|L|L|L|L|L|L|S|L|L|L|"
INTERNAL_PERSON_ID,DD979484D869D490,1,1,0,1,1,0,-1,-1,-1,-1,ISOLATED_LAYOUT,"Édson Araújo","I|I|I|I|B|I|I|S|L|L|L|L|REF|L|L|I|I|I|I|B|L|L|L|L|L|L|L|S|L|L|L|S|B|I|I|I|"
INTERNAL_PERSON_ID,DFC9E4515C0193E3,1,1,0,1,1,0,-1,-1,3,3,ISOLATED_LAYOUT,"Édson Araújo","I|I|L|L|L|L|I|B|L|L|L|B|REF|I|Z|Z|Z|B|Z|B|L|S|L|L|L|L|L|L|L|Z|L|I|I|I|I|Z|"
INTERNAL_PERSON_ID,E00218AD9023A3B4,1,1,0,1,1,0,75,75,107,107,ISOLATED_LAYOUT,"Fábio Costa","L|L|L|FF|L|L|L|S|L|FF|S|I|REF|L|S|I|Z|L|B|I|I|L|S|S|Z|L|L|L|L|L|Z|L|L|I|I|S|"
INTERNAL_PERSON_ID,E0566381FE0449AD,1,1,0,1,1,0,-1,-1,-1,-1,ISOLATED_LAYOUT,"Édson Araújo","I|I|B|L|L|L|L|L|L|L|L|L|REF|L|L|I|I|I|I|I|B|L|L|L|L|L|L|L|L|S|L|L|I|I|I|I|"
INTERNAL_PERSON_ID,E0F43F4623838A5E,1,1,0,1,1,0,-1,-1,-1,-1,ISOLATED_LAYOUT,"Édson Araújo","I|I|I|B|I|I|S|L|L|L|L|L|REF|L|L|I|I|I|B|L|L|L|L|L|L|L|L|S|L|L|I|I|I|I|I|I|"
INTERNAL_PERSON_ID,E1558C1A824FDAAA,1,1,0,1,1,0,-1,-1,-1,-1,ISOLATED_LAYOUT,"Édson Araújo","I|I|I|I|B|I|I|S|L|L|L|L|REF|L|L|I|I|I|I|I|I|B|L|L|L|L|L|L|L|L|L|S|L|L|I|I|"
INTERNAL_PERSON_ID,E16932F335B2ECC4,1,1,0,1,1,0,-1,-1,-1,-1,ISOLATED_LAYOUT,"Édson Araújo","I|I|Z|B|I|S|L|L|L|L|L|Z|REF|L|I|I|I|I|I|Z|B|I|S|L|L|L|L|L|L|L|Z|S|L|I|I|I|"
INTERNAL_PERSON_ID,E2033B4310F2FE0B,1,1,1,0,1,0,71,71,111,111,ISOLATED_LAYOUT,"Fabiano Eller","I|L|L|L|FF|L|L|L|S|L|FF|S|REF|S|L|S|S|Z|L|B|I|I|L|S|S|Z|L|L|L|Z|L|Z|L|L|I|I|"
PERSON_DATABASE_ID,E298AA3B948DE361,1,1,0,1,0,1,-1,-1,-1,-1,ISOLATED_LAYOUT,"Luciano Ratinho","I|I|I|I|I|I|I|I|I|I|B|S|REF|S|L|L|L|L|L|L|L|S|I|L|I|I|I|I|I|B|L|L|L|L|L|L|"
INTERNAL_PERSON_ID,E299F429453DA5C7,1,1,0,1,1,0,-1,-1,-1,-1,ISOLATED_LAYOUT,"Édson Araújo","S|I|S|L|L|L|L|L|L|L|L|L|REF|L|L|I|I|I|I|I|I|B|L|L|L|L|L|L|L|L|L|L|S|L|L|L|"
INTERNAL_PERSON_ID,E30787839C4955A4,1,1,0,1,1,0,-1,-1,-1,-1,ISOLATED_LAYOUT,"Édson Araújo","I|I|I|I|B|S|I|S|L|L|L|L|REF|L|L|I|I|I|I|I|I|I|I|B|S|I|S|L|L|L|S|L|L|I|I|I|"
INTERNAL_PERSON_ID,E3273AE422F73168,1,1,0,1,1,0,145,145,37,37,ISOLATED_LAYOUT,"Édson Araújo","L|L|S|L|L|L|Z|L|L|S|I|Z|REF|Z|I|I|I|L|L|L|L|L|B|Z|L|L|B|L|L|L|L|B|L|L|L|L|"
INTERNAL_PERSON_ID,E340B27059799313,1,1,0,1,1,0,-1,-1,-1,-1,ISOLATED_LAYOUT,"Édson Araújo","I|I|B|L|L|L|L|L|L|L|L|L|REF|L|L|I|I|I|I|I|I|I|I|B|S|I|S|L|L|L|L|L|S|L|L|I|"
INTERNAL_PERSON_ID,E34A2076FC70AD66,1,1,0,1,1,0,-1,-1,-1,-1,ISOLATED_LAYOUT,"Édson Araújo","L|L|L|L|L|L|L|L|L|L|L|L|REF|L|L|I|I|I|I|I|I|I|I|I|B|L|L|L|L|L|L|L|L|L|L|L|"
INTERNAL_PERSON_ID,E3C2AB6F656862D2,1,1,0,1,1,0,-1,-1,-1,-1,ISOLATED_LAYOUT,"Édson Araújo","I|I|I|B|L|L|L|L|L|L|L|L|REF|L|L|I|I|I|I|I|I|I|B|I|I|S|L|L|L|L|S|L|L|I|I|I|"
INTERNAL_PERSON_ID,E3DE9544CC802DEB,1,1,0,1,1,0,-1,-1,-1,-1,ISOLATED_LAYOUT,"Édson Araújo","I|I|I|B|L|L|L|L|L|L|L|L|REF|L|L|I|I|I|I|I|B|I|I|S|L|L|L|S|L|L|L|S|B|I|I|L|"
INTERNAL_PERSON_ID,E42E709A3E065CA0,1,1,0,1,1,0,44,44,148,148,ISOLATED_LAYOUT,"Édson Araújo","L|Z|Z|Z|L|S|FF|S|L|S|FF|I|REF|S|L|L|L|L|L|L|L|L|L|S|I|I|I|I|L|I|I|I|B|I|L|L|"
INTERNAL_PERSON_ID,E4462C51F2559041,1,1,0,1,1,0,-1,-1,-1,-1,ISOLATED_LAYOUT,"Édson Araújo","I|I|B|L|L|L|L|L|L|L|L|L|REF|L|L|I|I|I|L|B|L|L|L|L|L|L|L|L|L|L|L|S|L|L|I|I|"
INTERNAL_PERSON_ID,E4F1039A13939E2A,1,1,0,1,1,0,-1,-1,-1,-1,ISOLATED_LAYOUT,"Édson Araújo","I|B|L|L|L|L|L|L|L|L|L|L|REF|L|L|I|I|I|I|I|B|S|I|S|L|L|L|S|L|L|L|S|B|I|I|B|"
INTERNAL_PERSON_ID,E5D48F0EC757B8F4,1,1,0,1,1,0,-1,-1,-1,-1,ISOLATED_LAYOUT,"Édson Araújo","I|I|B|S|I|S|L|L|L|L|L|L|REF|L|L|I|I|I|I|I|I|L|B|L|L|L|L|L|L|L|L|L|L|L|L|L|"
INTERNAL_PERSON_ID,E63C5E33719B121A,1,1,0,1,1,0,-1,-1,-1,-1,ISOLATED_LAYOUT,"Édson Araújo","B|I|I|I|B|L|L|L|L|L|L|L|REF|L|L|I|I|I|I|I|I|B|I|I|S|L|L|L|S|L|L|L|S|B|L|I|"
INTERNAL_PERSON_ID,E63DDD12B8C0E240,1,1,0,1,1,0,-1,-1,-1,-1,ISOLATED_LAYOUT,"Édson Araújo","I|I|B|S|I|S|L|L|L|L|L|L|REF|L|L|I|I|I|I|I|I|I|B|L|L|L|L|L|L|L|S|L|L|L|S|B|"
INTERNAL_PERSON_ID,E68FA880C4175E5E,1,1,0,1,1,0,-1,-1,-1,-1,ISOLATED_LAYOUT,"Édson Araújo","I|I|B|L|L|L|L|L|L|L|L|L|REF|L|L|I|I|I|B|L|L|L|L|L|L|L|L|S|L|L|L|S|B|I|I|I|"
INTERNAL_PERSON_ID,E6C83BD4DD8B1398,1,1,0,1,1,0,-1,-1,-1,-1,ISOLATED_LAYOUT,"Édson Araújo","I|I|I|B|I|I|S|L|L|L|L|L|REF|L|L|I|I|I|I|I|I|B|L|L|L|L|L|L|L|L|L|L|S|L|L|I|"
INTERNAL_PERSON_ID,E714DB2EC4F7070B,1,1,0,1,0,1,71,71,111,111,ISOLATED_LAYOUT,"Alessandro","I|L|L|L|FF|L|L|L|S|L|FF|S|REF|S|L|S|S|S|L|B|I|I|L|S|S|Z|L|L|L|L|L|Z|L|B|I|I|"
INTERNAL_PERSON_ID,E7710829988CF631,1,1,0,1,1,0,-1,-1,-1,-1,ISOLATED_LAYOUT,"Édson Araújo","I|I|I|I|B|S|I|S|L|L|L|L|REF|L|L|I|I|I|I|I|I|B|L|L|L|L|L|L|L|L|L|L|L|L|S|L|"
INTERNAL_PERSON_ID,E7CF2542CA41675F,1,1,0,1,1,0,-1,-1,-1,-1,ISOLATED_LAYOUT,"Édson Araújo","I|I|I|I|I|B|I|I|S|L|L|L|REF|L|L|I|I|I|I|I|B|L|L|L|L|L|L|L|S|L|L|L|S|B|I|I|"
INTERNAL_PERSON_ID,E7D4B6E1840CA800,1,1,0,1,1,0,-1,-1,-1,-1,ISOLATED_LAYOUT,"Édson Araújo","I|I|I|B|S|I|S|L|L|L|L|L|REF|L|L|I|I|I|I|B|L|L|L|L|L|L|L|L|S|L|L|L|S|B|I|I|"
INTERNAL_PERSON_ID,E824123929C567DD,1,1,0,1,1,0,-1,-1,-1,-1,ISOLATED_LAYOUT,"Édson Araújo","I|I|I|B|I|I|S|L|L|L|L|L|REF|L|L|I|I|I|I|L|B|L|L|L|L|L|L|L|L|L|L|S|L|L|I|I|"
INTERNAL_PERSON_ID,E85215546CF8E28F,1,1,0,1,1,0,-1,-1,-1,-1,ISOLATED_LAYOUT,"Édson Araújo","I|I|B|L|L|L|L|L|L|L|L|L|REF|L|L|I|I|I|I|B|L|L|L|L|L|L|L|L|S|L|L|L|S|B|I|I|"
INTERNAL_PERSON_ID,E882746A3C070917,1,1,0,1,1,0,-1,-1,-1,-1,ISOLATED_LAYOUT,"Édson Araújo","B|I|L|I|B|S|I|S|L|L|L|L|REF|L|L|I|I|I|I|B|L|L|L|L|L|L|L|L|S|L|L|I|I|I|I|B|"
INTERNAL_PERSON_ID,E8C60167C50BE58F,1,1,0,1,1,0,-1,-1,-1,-1,ISOLATED_LAYOUT,"Édson Araújo","L|L|L|L|L|L|L|L|L|L|L|L|REF|L|L|I|I|I|I|I|I|I|B|L|L|L|L|L|L|L|S|L|L|L|S|B|"
INTERNAL_PERSON_ID,E97D76806358EDC7,1,1,0,1,1,0,-1,-1,-1,-1,ISOLATED_LAYOUT,"Édson Araújo","B|L|L|L|L|L|L|L|L|L|L|L|REF|L|L|I|I|I|I|I|I|I|B|S|I|S|L|L|L|S|L|L|I|I|L|B|"
INTERNAL_PERSON_ID,E9F42114BE1B2E0B,1,1,0,1,1,0,13,13,31,31,ISOLATED_LAYOUT,"Fábio Costa","S|FF|S|I|I|I|Z|L|I|Z|L|B|REF|FF|S|I|I|I|I|L|I|Z|L|B|S|FF|S|I|I|I|Z|L|I|Z|L|B|"
INTERNAL_PERSON_ID,E9FB825CC2D904A5,1,1,0,1,1,0,-1,-1,-1,-1,ISOLATED_LAYOUT,"Édson Araújo","I|I|I|I|B|S|I|S|L|L|L|L|REF|L|L|I|I|I|I|I|I|L|I|B|S|I|S|L|L|L|L|S|L|L|L|S|"
INTERNAL_PERSON_ID,ECB7A6A417495F53,1,1,1,0,1,0,85,85,112,112,ISOLATED_LAYOUT,"Douglas Silva","L|L|L|FF|L|L|L|S|L|FF|S|I|REF|L|S|I|Z|L|B|I|L|L|S|S|Z|L|L|L|Z|L|Z|L|B|L|B|L|"
INTERNAL_PERSON_ID,ECBFCFF3247894C3,1,1,0,1,1,0,-1,-1,-1,-1,ISOLATED_LAYOUT,"Édson Araújo","L|L|L|L|L|L|L|L|L|L|L|L|REF|L|L|I|I|I|I|I|I|B|S|S|S|L|L|L|L|S|L|L|I|I|I|I|"
INTERNAL_PERSON_ID,ED21386E4FD6F73B,1,1,0,1,1,0,-1,-1,-1,-1,ISOLATED_LAYOUT,"Édson Araújo","I|I|B|I|I|S|L|L|L|L|L|L|REF|L|L|I|I|I|I|I|B|L|L|L|L|L|L|L|S|L|L|L|S|B|I|I|"
INTERNAL_PERSON_ID,ED729B57ACBD3B68,1,1,0,1,1,0,-1,-1,-1,-1,ISOLATED_LAYOUT,"Édson Araújo","L|L|L|L|L|L|L|L|L|L|L|L|REF|L|L|I|I|I|I|I|B|L|L|L|L|L|L|L|L|L|L|S|L|L|L|S|"
INTERNAL_PERSON_ID,EDC69732AC1CC046,1,1,0,1,1,0,-1,-1,-1,-1,ISOLATED_LAYOUT,"Édson Araújo","B|S|I|S|L|L|L|L|L|L|L|L|REF|L|L|I|I|I|I|I|I|I|I|I|I|B|S|I|S|L|L|L|L|S|L|L|"
INTERNAL_PERSON_ID,EE75F45917FC2F33,1,1,0,1,1,0,-1,-1,-1,-1,ISOLATED_LAYOUT,"Édson Araújo","I|L|B|L|L|L|L|L|L|L|L|L|REF|L|L|I|I|I|B|L|L|L|L|L|L|L|L|S|L|L|I|I|I|I|I|B|"
PERSON_DATABASE_ID,EE9DE38182CA3FE9,1,1,0,1,1,0,-1,-1,-1,-1,ISOLATED_LAYOUT,"Bruno Octávio","L|I|I|I|I|I|I|I|I|I|B|S|REF|S|L|L|L|L|L|L|L|S|I|L|I|I|I|B|L|L|L|L|L|L|L|L|"
INTERNAL_PERSON_ID,EF02851558947BFD,1,1,0,1,1,0,-1,-1,-1,-1,ISOLATED_LAYOUT,"Édson Araújo","I|I|I|B|L|L|L|L|L|L|L|L|REF|L|L|I|I|I|I|I|I|I|B|I|I|S|L|L|L|S|L|L|I|I|I|I|"
INTERNAL_PERSON_ID,EF05FAF18C4A85ED,1,1,0,1,1,0,-1,-1,-1,-1,ISOLATED_LAYOUT,"Édson Araújo","I|B|L|L|L|L|L|L|L|L|L|L|REF|L|L|I|I|I|L|B|L|L|L|L|L|L|L|L|L|L|L|S|L|L|I|I|"
INTERNAL_PERSON_ID,EF395C767393F646,1,1,0,1,1,0,-1,-1,-1,-1,ISOLATED_LAYOUT,"Édson Araújo","I|B|L|L|L|L|L|L|L|L|L|L|REF|L|L|I|I|L|I|I|I|B|I|I|S|L|L|S|L|L|L|S|B|I|I|B|"
INTERNAL_PERSON_ID,EF837BA65B221277,1,1,0,1,1,0,43,43,23,23,ISOLATED_LAYOUT,"Édson Araújo","S|B|Z|L|I|Z|L|L|L|L|L|L|REF|S|Z|L|I|L|I|Z|Z|B|B|Z|B|S|I|S|Z|L|L|Z|L|L|L|S|"
INTERNAL_PERSON_ID,EFBC4FE2735ACA42,1,1,0,1,1,0,-1,-1,-1,-1,ISOLATED_LAYOUT,"Édson Araújo","B|L|L|L|L|L|L|L|L|L|L|L|REF|L|L|I|I|I|I|I|I|I|B|I|I|S|L|L|L|S|L|L|L|S|B|I|"
INTERNAL_PERSON_ID,EFCEE9C0148AD024,1,1,0,1,1,0,-1,-1,-1,-1,ISOLATED_LAYOUT,"Édson Araújo","I|I|I|B|I|I|S|L|L|L|L|L|REF|L|L|I|I|I|I|B|L|L|L|L|L|L|L|S|L|L|L|S|B|I|I|I|"
INTERNAL_PERSON_ID,F02DBE296B22F95B,1,1,0,1,1,0,-1,-1,-1,-1,ISOLATED_LAYOUT,"Édson Araújo","L|Z|S|I|Z|I|L|Z|S|S|L|S|REF|L|L|L|L|B|S|L|L|L|L|L|Z|S|I|Z|L|L|Z|S|S|L|S|S|"
INTERNAL_PERSON_ID,F0673C955F20B2E7,1,1,0,1,1,0,-1,-1,-1,-1,ISOLATED_LAYOUT,"Édson Araújo","I|B|L|L|L|L|L|L|L|L|L|L|REF|L|L|I|I|I|I|I|I|B|L|L|L|L|L|L|L|S|L|L|L|S|B|I|"
INTERNAL_PERSON_ID,F0991E2B9B060335,1,1,0,1,1,0,-1,-1,-1,-1,ISOLATED_LAYOUT,"Édson Araújo","I|I|I|B|L|L|L|L|L|L|L|L|REF|L|L|I|I|I|I|B|L|L|L|L|L|L|L|L|L|S|L|L|L|S|B|I|"
INTERNAL_PERSON_ID,F1C464A1A416E1EA,1,1,0,1,1,0,-1,-1,-1,-1,ISOLATED_LAYOUT,"Édson Araújo","B|S|I|S|L|L|L|L|L|L|L|L|REF|L|L|I|I|I|I|I|I|I|I|B|S|I|S|L|L|L|L|L|L|L|L|L|"
INTERNAL_PERSON_ID,F1CBD8C5224F1C8C,1,1,0,1,1,0,-1,-1,-1,-1,ISOLATED_LAYOUT,"Édson Araújo","I|I|B|L|L|L|L|L|L|L|L|L|REF|L|L|I|I|I|I|I|I|B|S|I|S|L|L|L|L|L|S|L|L|I|I|I|"
INTERNAL_PERSON_ID,F1CDFEF74AB5ED01,1,1,0,1,1,0,-1,-1,-1,-1,ISOLATED_LAYOUT,"Édson Araújo","I|I|I|I|B|I|I|S|L|L|L|L|REF|L|L|I|I|I|I|I|B|L|L|L|L|L|L|L|L|S|L|L|L|S|B|I|"
INTERNAL_PERSON_ID,F1F6CB704AAB5223,1,1,0,1,1,0,-1,-1,-1,-1,ISOLATED_LAYOUT,"Édson Araújo","I|I|I|B|L|L|L|L|L|L|L|L|REF|L|L|I|I|I|I|I|I|B|S|I|S|L|L|L|L|L|L|L|L|S|L|L|"
INTERNAL_PERSON_ID,F2128E31DBCF6BFF,1,1,0,1,1,0,-1,-1,-1,-1,ISOLATED_LAYOUT,"Édson Araújo","L|L|L|L|L|L|L|L|S|I|I|I|REF|L|S|B|S|S|S|S|S|S|S|S|B|B|S|S|B|L|L|L|L|L|L|L|"
INTERNAL_PERSON_ID,F2FC2899D65F81E3,1,1,0,1,1,0,-1,-1,-1,-1,ISOLATED_LAYOUT,"Édson Araújo","L|L|L|L|L|L|L|L|L|L|L|L|REF|L|L|I|I|I|I|I|I|I|I|I|I|B|S|I|S|L|L|L|L|L|L|L|"
INTERNAL_PERSON_ID,F3091CF732E61C4B,1,1,1,0,0,1,142,142,109,109,ISOLATED_LAYOUT,"Bruno Santos","S|FF|L|S|L|B|L|B|L|I|L|S|REF|Z|L|L|L|I|L|S|L|I|L|I|L|S|L|I|Z|L|L|L|L|L|L|I|"
INTERNAL_PERSON_ID,F3CAD903A6294FB2,1,1,0,1,1,0,-1,-1,-1,-1,ISOLATED_LAYOUT,"Édson Araújo","S|I|S|L|L|L|L|L|L|L|L|L|REF|L|L|I|I|I|I|B|L|L|L|L|L|L|L|L|L|S|L|L|I|I|I|I|"
INTERNAL_PERSON_ID,F3D86C152A910763,1,1,0,1,1,0,-1,-1,22,22,ISOLATED_LAYOUT,"Édson Araújo","L|L|L|L|L|L|FF|L|B|FF|L|L|REF|L|L|I|L|L|S|Z|Z|Z|Z|L|Z|I|I|L|L|Z|B|B|S|I|I|L|"
INTERNAL_PERSON_ID,F3DB9814E4B8C9EA,1,1,0,1,1,0,42,42,7,7,ISOLATED_LAYOUT,"Édson Araújo","L|S|Z|Z|Z|Z|L|Z|I|S|S|I|REF|L|I|Z|Z|L|L|L|L|I|Z|L|L|L|L|L|L|I|L|L|L|L|B|Z|"
INTERNAL_PERSON_ID,F3F348C12A2627CE,1,1,0,1,1,0,-1,-1,-1,-1,ISOLATED_LAYOUT,"Édson Araújo","B|L|L|L|L|L|L|L|L|L|L|L|REF|L|L|I|I|I|I|I|B|L|L|L|L|L|L|L|S|L|L|L|S|B|I|I|"
INTERNAL_PERSON_ID,F3F47796180F2DC0,1,1,0,1,1,0,8,8,-1,-1,ISOLATED_LAYOUT,"Édson Araújo","S|L|L|L|I|Z|L|L|L|L|Z|Z|REF|S|Z|S|I|L|L|L|L|B|FF|Z|S|S|I|L|L|L|L|L|L|L|L|S|"
PERSON_DATABASE_ID,F42FB2CE3F0A3FC0,1,1,0,1,0,1,60,60,84,84,ISOLATED_LAYOUT,"Luciano Ratinho","L|B|L|L|L|L|L|L|Z|L|S|S|REF|L|L|S|L|L|L|L|L|I|B|FF|Z|FF|L|S|S|L|L|L|Z|FF|Z|Z|"
INTERNAL_PERSON_ID,F4B9AC99286459A6,1,1,0,1,1,0,-1,-1,-1,-1,ISOLATED_LAYOUT,"Édson Araújo","L|L|L|L|L|L|L|L|L|L|L|L|REF|L|L|I|I|I|I|I|I|I|I|I|I|I|B|S|I|S|L|L|L|L|S|L|"
INTERNAL_PERSON_ID,F4C43ABDD26F8ACD,1,1,0,1,1,0,83,83,99,99,ISOLATED_LAYOUT,"Édson Araújo","L|FF|L|L|L|S|L|FF|S|I|FF|L|REF|I|I|I|S|L|L|I|S|S|Z|L|L|L|L|L|Z|L|L|I|L|S|S|I|"
INTERNAL_PERSON_ID,F4E785BA397DBCA2,1,1,0,1,1,0,-1,-1,-1,-1,ISOLATED_LAYOUT,"Édson Araújo","I|I|B|L|L|L|L|L|L|L|L|L|REF|L|L|I|I|I|I|I|I|B|L|L|L|L|L|L|L|L|L|S|L|L|L|S|"
INTERNAL_PERSON_ID,F4EE2A2838C87ED5,1,1,0,1,1,0,55,55,72,72,ISOLATED_LAYOUT,"Édson Araújo","L|I|B|L|L|B|Z|S|S|I|L|L|REF|L|L|L|L|L|I|B|FF|Z|FF|L|I|S|L|L|L|Z|FF|Z|Z|S|S|I|"
PERSON_DATABASE_ID,F4F63D3BEC92EF5A,1,1,0,1,1,0,-1,-1,-1,-1,ISOLATED_LAYOUT,"Bruno Octávio","S|L|L|I|I|I|I|I|I|I|B|I|REF|S|L|L|L|L|L|L|S|L|L|I|I|L|I|I|I|L|B|L|L|L|L|L|"
INTERNAL_PERSON_ID,F522240DA484EACB,1,1,0,1,1,0,-1,-1,-1,-1,ISOLATED_LAYOUT,"Édson Araújo","I|I|I|B|S|I|S|L|L|L|L|L|REF|L|L|I|I|I|I|B|L|L|L|L|L|L|L|L|L|S|L|L|I|I|I|I|"
INTERNAL_PERSON_ID,F54BF9815FC24C0C,1,1,0,1,1,0,93,93,47,47,ISOLATED_LAYOUT,"Édson Araújo","L|L|I|L|Z|L|L|L|L|L|S|S|REF|S|S|S|I|I|I|I|I|I|I|I|I|Z|L|L|L|FF|L|L|L|FF|B|B|"
INTERNAL_PERSON_ID,F568BEFB774FDE1F,1,1,0,1,1,0,-1,-1,-1,-1,ISOLATED_LAYOUT,"Édson Araújo","I|I|I|I|B|I|I|S|L|L|L|L|REF|L|L|I|I|I|B|L|L|L|L|L|L|L|S|L|L|L|S|B|I|L|I|I|"
INTERNAL_PERSON_ID,F5C9B86AF4B1379E,1,1,0,1,1,0,-1,-1,-1,-1,ISOLATED_LAYOUT,"Édson Araújo","I|I|I|B|L|L|L|L|L|L|L|L|REF|L|L|I|I|I|L|I|B|L|L|L|L|L|L|L|L|L|L|L|L|S|L|L|"
INTERNAL_PERSON_ID,F6447EDBE5086245,1,1,0,1,1,0,-1,-1,-1,-1,ISOLATED_LAYOUT,"Édson Araújo","L|L|L|L|L|L|L|L|L|L|L|L|REF|L|L|I|I|I|B|L|L|L|L|L|L|L|L|S|L|L|I|I|I|I|I|I|"
INTERNAL_PERSON_ID,F68410688F38CCE8,1,1,0,1,1,0,-1,-1,-1,-1,ISOLATED_LAYOUT,"Édson Araújo","I|I|I|I|I|B|I|I|S|L|L|L|REF|L|L|I|I|I|I|B|L|L|L|L|L|L|L|S|L|L|L|S|B|I|I|I|"
INTERNAL_PERSON_ID,F6F9CF19C169760F,1,1,0,1,1,0,-1,-1,-1,-1,ISOLATED_LAYOUT,"Édson Araújo","B|S|I|S|L|L|L|L|L|L|L|L|REF|L|L|I|I|I|I|I|I|I|B|L|L|L|L|L|L|L|L|S|L|L|L|S|"
PERSON_DATABASE_ID,F778E31389F80269,1,1,0,1,1,0,43,43,32,32,ISOLATED_LAYOUT,"Édson Araújo","L|B|Z|L|L|B|L|L|Z|I|S|S|REF|L|L|L|L|L|L|I|L|Z|Z|L|B|Z|Z|Z|Z|Z|Z|Z|B|Z|I|Z|"
INTERNAL_PERSON_ID,F7AE9FAB12A50E2C,1,1,0,1,1,0,-1,-1,-1,-1,ISOLATED_LAYOUT,"Édson Araújo","B|I|I|I|B|I|I|S|L|L|L|L|REF|L|L|I|I|I|L|I|B|L|L|L|L|L|L|L|L|L|S|L|L|I|I|L|"
PERSON_DATABASE_ID,F7BE436DE4C44158,1,1,0,1,1,0,16,16,46,46,ISOLATED_LAYOUT,"Fábio Costa","Z|L|L|B|L|L|L|L|Z|Z|S|S|REF|L|L|L|L|L|L|I|I|S|S|L|S|Z|Z|Z|Z|Z|Z|Z|B|Z|I|Z|"
INTERNAL_PERSON_ID,F7EB58E48278CBA3,1,1,0,1,1,0,-1,-1,-1,-1,ISOLATED_LAYOUT,"Édson Araújo","I|B|L|L|L|L|L|L|L|L|L|L|REF|L|L|I|I|I|B|L|L|L|L|L|L|L|L|L|S|L|L|I|I|I|I|I|"
PERSON_DATABASE_ID,F8787E50BCDC9F27,1,1,1,0,1,0,43,43,31,31,ISOLATED_LAYOUT,"Andrezinho","L|B|Z|L|L|B|L|L|Z|I|S|S|REF|L|L|L|L|L|L|I|I|Z|Z|L|B|Z|Z|Z|Z|Z|Z|Z|B|Z|L|Z|"
INTERNAL_PERSON_ID,F88B4E8058CAE28D,1,1,0,1,1,0,-1,-1,-1,-1,ISOLATED_LAYOUT,"Édson Araújo","B|S|I|S|L|L|L|L|L|L|L|L|REF|L|L|I|I|I|I|I|I|I|I|B|L|L|L|L|L|L|L|S|L|L|L|S|"
INTERNAL_PERSON_ID,F8D2285000935311,1,1,0,1,1,0,-1,-1,-1,-1,ISOLATED_LAYOUT,"Bruno Octávio","L|S|L|L|L|S|B|I|I|I|I|B|REF|I|S|L|L|L|S|L|L|L|S|B|I|I|I|I|B|L|L|L|L|L|L|L|"
INTERNAL_PERSON_ID,F9965843C95F12B1,1,1,0,1,1,0,-1,-1,-1,-1,ISOLATED_LAYOUT,"Édson Araújo","I|I|I|B|I|I|S|L|L|L|L|L|REF|L|L|I|I|I|B|L|L|L|L|L|L|L|L|L|S|L|L|I|I|I|I|I|"
INTERNAL_PERSON_ID,FB24A096EEAA36B6,1,1,0,1,1,0,-1,-1,-1,-1,ISOLATED_LAYOUT,"Édson Araújo","B|S|I|S|L|L|L|L|L|L|L|L|REF|L|L|I|I|I|I|I|I|B|L|L|L|L|L|L|L|L|S|L|L|I|I|L|"
INTERNAL_PERSON_ID,FB4A5D5090D2B21C,1,1,0,1,1,0,155,155,37,37,ISOLATED_LAYOUT,"Édson Araújo","L|L|S|L|L|L|Z|L|L|S|I|Z|REF|Z|L|I|L|L|L|L|L|L|B|Z|L|L|B|L|L|L|L|L|L|B|L|L|"
INTERNAL_PERSON_ID,FBF38C9905859E5F,1,1,0,1,1,0,-1,-1,-1,-1,ISOLATED_LAYOUT,"Édson Araújo","I|I|I|I|B|I|I|S|L|L|L|L|REF|L|L|I|I|I|I|I|B|L|L|L|L|L|L|L|S|L|L|L|S|B|I|I|"
INTERNAL_PERSON_ID,FC9D58A2DFB6FF65,1,1,0,1,1,0,-1,-1,-1,-1,ISOLATED_LAYOUT,"Édson Araújo","I|I|B|S|I|S|L|L|L|L|L|L|REF|L|L|I|I|L|I|B|S|I|S|L|L|L|L|L|L|L|L|S|L|L|L|S|"
INTERNAL_PERSON_ID,FCCCE5F9CBF26290,1,1,0,1,1,0,-1,-1,-1,-1,ISOLATED_LAYOUT,"Édson Araújo","I|I|I|I|I|B|S|I|S|L|L|L|REF|L|L|I|I|I|I|I|B|S|I|S|L|L|L|L|S|L|L|I|I|I|I|B|"
INTERNAL_PERSON_ID,FCCEBFB41BDAAB7A,1,1,0,1,1,0,-1,-1,-1,-1,ISOLATED_LAYOUT,"Édson Araújo","L|I|I|B|L|L|L|L|L|L|L|L|REF|L|L|I|I|I|I|I|I|B|I|I|S|L|L|S|L|L|L|S|B|I|I|I|"
INTERNAL_PERSON_ID,FD1209D66E0B6E64,1,1,0,1,1,0,-1,-1,-1,-1,ISOLATED_LAYOUT,"Édson Araújo","B|S|I|S|L|L|L|L|L|L|L|L|REF|L|L|I|I|I|I|B|L|L|L|L|L|L|L|S|L|L|L|S|B|I|I|I|"
INTERNAL_PERSON_ID,FE629694D7D42228,1,1,0,1,1,0,-1,-1,-1,-1,ISOLATED_LAYOUT,"Édson Araújo","I|I|B|S|I|S|L|L|L|L|L|L|REF|L|L|I|I|I|I|I|I|I|I|I|I|B|S|I|S|L|L|L|L|S|L|L|"
INTERNAL_PERSON_ID,FEAC5D0EB068486E,1,1,0,1,1,0,-1,-1,-1,-1,ISOLATED_LAYOUT,"Édson Araújo","I|B|S|I|S|L|L|L|L|L|L|L|REF|L|L|I|I|I|I|I|B|S|I|S|L|L|L|L|S|L|L|I|I|I|I|I|"
INTERNAL_PERSON_ID,FF1BB65DC00A0CF3,1,1,0,1,1,0,-1,-1,-1,-1,ISOLATED_LAYOUT,"Édson Araújo","I|I|I|B|L|L|L|L|L|L|L|L|REF|L|L|I|I|I|I|I|I|I|B|I|I|S|L|L|L|L|S|L|L|L|S|B|"
INTERNAL_PERSON_ID,FFB3565E28F8A7FF,1,1,0,1,1,0,41,41,153,153,ISOLATED_LAYOUT,"Édson Araújo","L|I|Z|L|L|L|L|L|I|L|I|L|REF|Z|L|L|L|L|L|L|S|I|L|L|L|L|L|L|I|L|I|L|L|L|I|I|"
