sequence_index,database_id,identity_name,record_type,structure_marker,record_offset,name_offset,name_length,confidence_score
8396,5723414,"Alex",78,189,0x0061126D,0x00611271,4,95
8398,6601065,"Rodrigo",73,189,0x006112AD,0x006112B1,7,95
8399,305050,"Anderson",70,189,0x006112D0,0x006112D4,8,95
8400,316179,"Marquinhos",64,189,0x006112F5,0x006112F9,10,95
8401,316904,"Fernando",61,189,0x0061131E,0x00611322,8,95
8402,8628620,"Alexandre",59,189,0x00611343,0x00611347,9,95
8403,320805,"Júnior",58,189,0x0061136A,0x0061136E,6,95
8405,3300756,"Adriano",54,189,0x006113AA,0x006113AE,7,95
8407,306127,"Luciano",51,189,0x006113EE,0x006113F2,7,95
8408,3300489,"André",51,189,0x00611411,0x00611415,5,95
8409,316394,"Róbson",49,189,0x00611430,0x00611434,6,95
8410,305634,"Ricardo",48,189,0x00611451,0x00611455,7,95
8411,6900576,"Rogério",48,189,0x00611474,0x00611478,7,95
8413,320955,"Eduardo",46,189,0x006114BA,0x006114BE,7,95
8414,321118,"Sandro",46,189,0x006114DD,0x006114E1,6,95
8415,315696,"Bruno",46,189,0x006114FE,0x00611502,5,95
8416,320748,"Márcio",45,189,0x0061151D,0x00611521,6,95
8417,305198,"Daniel",43,189,0x0061153E,0x00611542,6,95
8419,306726,"Wellington",42,189,0x0061157E,0x00611582,10,95
8420,306097,"Fabiano",41,189,0x006115A7,0x006115AB,7,95
8422,317923,"Paulinho",40,189,0x006115F1,0x006115F5,8,95
8425,317997,"Júlio César",36,189,0x00611654,0x00611658,11,95
8427,320306,"Carlinhos",35,189,0x006116A4,0x006116A8,9,95
8430,306380,"Renato",33,189,0x00611711,0x00611715,6,95
8432,312143,"Marcão",33,189,0x00611753,0x00611757,6,95
8434,4203215,"Douglas",32,189,0x00611795,0x00611799,7,100
8436,3301474,"Paulo César",32,189,0x006117D5,0x006117D9,11,100
8437,303215,"Léo",31,189,0x00611800,0x00611804,3,100
8440,311596,"Felipe",30,189,0x00611865,0x00611869,6,100
8441,7643783,"Beto",30,189,0x00611886,0x0061188A,4,100
8442,304539,"Marcelinho",29,189,0x006118A3,0x006118A7,10,100
8443,7002858,"William",29,189,0x006118CC,0x006118D0,7,100
8444,311239,"Serginho",29,189,0x006118EF,0x006118F3,8,100
8445,312264,"Cláudio",28,189,0x00611914,0x00611918,7,100
8446,318546,"Fabrício",28,189,0x00611937,0x0061193B,8,100
8447,315461,"Jefferson",26,189,0x0061195C,0x00611960,9,100
8448,318075,"Tiago",25,189,0x00611983,0x00611987,5,100
8450,304581,"Michel",25,189,0x006119C5,0x006119C9,6,100
8451,457558,"Roberto",25,189,0x006119E6,0x006119EA,7,100
8452,316859,"Gilmar",25,189,0x00611A09,0x00611A0D,6,100
8455,305995,"Índio",24,189,0x00611A68,0x00611A6C,5,100
8457,306639,"Zé Carlos",24,189,0x00611AA8,0x00611AAC,9,100
8458,304940,"Henrique",24,189,0x00611ACF,0x00611AD3,8,100
8460,7981261,"Carlos Alberto",23,189,0x00611B17,0x00611B1B,14,100
8461,3301283,"Reinaldo",23,189,0x00611B48,0x00611B4C,8,100
8463,304495,"Carlos",23,189,0x00611B96,0x00611B9A,6,100
8464,8827633,"João Paulo",23,189,0x00611BB7,0x00611BBB,10,100
8465,304655,"Alemão",23,189,0x00611BE0,0x00611BE4,6,100
8466,3301224,"Edílson",23,189,0x00611C01,0x00611C05,7,100
8467,8827071,"Alan",23,189,0x00611C24,0x00611C28,4,100
8469,308422,"César",22,189,0x00611C68,0x00611C6C,5,100
8470,318566,"Jorginho",21,189,0x00611C87,0x00611C8B,8,100
8472,311999,"Edu",21,189,0x00611CCD,0x00611CD1,3,100
8473,317514,"Ivan",21,189,0x00611CE8,0x00611CEC,4,100
8474,733827,"Éder",21,189,0x00611D05,0x00611D09,4,100
8475,8830622,"Juliano",21,189,0x00611D22,0x00611D26,7,100
8476,316885,"Sérgio",21,189,0x00611D45,0x00611D49,6,100
8478,315280,"Edmílson",20,189,0x00611D89,0x00611D8D,8,100
8480,319760,"Paulo Roberto",20,189,0x00611DCF,0x00611DD3,13,100
8481,316443,"Edson",20,189,0x00611DFE,0x00611E02,5,100
8482,8827961,"Da Silva",20,189,0x00611E1D,0x00611E21,8,100
8483,305857,"Adílson",20,189,0x00611E42,0x00611E46,7,100
8485,3301523,"Ricardinho",20,189,0x00611E8E,0x00611E92,10,100
8486,727371,"Igor",19,189,0x00611EB7,0x00611EBB,4,100
8487,316654,"Lucas",19,189,0x00611ED4,0x00611ED8,5,100
8488,7004871,"Everton",19,189,0x00611EF3,0x00611EF7,7,100
8490,307406,"Marco Aurélio",19,189,0x00611F3B,0x00611F3F,13,100
8491,3301154,"Wilson",19,189,0x00611F6A,0x00611F6E,6,100
8494,315702,"Evandro",18,189,0x00611FCF,0x00611FD3,7,100
8495,303488,"Gabriel",18,189,0x00611FF2,0x00611FF6,7,100
8497,8833426,"Carlão",18,189,0x00612036,0x0061203A,6,100
8498,316028,"Marcos",18,189,0x00612057,0x0061205B,6,100
8499,306764,"Gílson",17,189,0x00612078,0x0061207C,6,100
8500,316941,"Aílton",17,189,0x00612099,0x0061209D,6,100
8502,319242,"Vítor",17,189,0x006120D9,0x006120DD,5,100
8503,306524,"Willian",16,189,0x006120F8,0x006120FC,7,100
8504,315779,"Cássio",16,189,0x0061211B,0x0061211F,6,100
8505,3300745,"João Carlos",16,189,0x0061213C,0x00612140,11,100
8506,307396,"Vágner",16,189,0x00612167,0x0061216B,6,100
8507,310581,"Dênis",16,189,0x00612188,0x0061218C,5,100
8510,305557,"Marco Antônio",16,189,0x006121F7,0x006121FB,13,100
8511,306437,"Chiquinho",16,189,0x00612226,0x0061222A,9,100
8514,304366,"Charles",15,189,0x00612299,0x0061229D,7,100
8515,304713,"Renan",15,189,0x006122BC,0x006122C0,5,100
8516,304083,"Alberto",15,189,0x006122DB,0x006122DF,7,100
8517,675207,"Mauro",15,189,0x006122FE,0x00612302,5,100
8518,311785,"Luiz Carlos",15,189,0x0061231D,0x00612321,11,100
8520,317716,"Renatinho",14,189,0x00612367,0x0061236B,9,100
8521,308325,"Jair",14,189,0x0061238E,0x00612392,4,100
8522,317847,"Joãozinho",14,189,0x006123AB,0x006123AF,9,100
8524,317628,"Nenê",14,189,0x006123F3,0x006123F7,4,100
8525,316669,"Gilberto",14,189,0x00612410,0x00612414,8,100
8526,306294,"Kléber",14,189,0x00612435,0x00612439,6,100
8527,312254,"Gil",14,189,0x00612456,0x0061245A,3,100
8529,312162,"Bira",14,189,0x00612494,0x00612498,4,100
8530,3300989,"Souza",14,189,0x006124B1,0x006124B5,5,100
8531,306465,"Roger",14,189,0x006124D0,0x006124D4,5,100
8534,305807,"Flavinho",13,189,0x0061252B,0x0061252F,8,100
8535,307231,"Claudinho",13,189,0x00612550,0x00612554,9,100
8536,3301135,"Augusto",13,189,0x00612577,0x0061257B,7,100
8537,302978,"Murilo",13,189,0x0061259A,0x0061259E,6,100
8540,307030,"Marinho",13,189,0x006125FF,0x00612603,7,100
8542,735670,"Wesley",12,189,0x00612645,0x00612649,6,100
8544,5512274,"Careca",12,189,0x00612685,0x00612689,6,100
8545,4100573,"Ademir",12,189,0x006126A6,0x006126AA,6,100
8547,304270,"Everaldo",12,189,0x006126E8,0x006126EC,8,100
8548,301628,"André Luís",12,189,0x0061270D,0x00612711,10,100
8550,306285,"Jairo",12,189,0x0061275B,0x0061275F,5,100
8551,302405,"Paulo Sérgio",12,189,0x0061277A,0x0061277E,12,100
8552,306611,"Zezinho",11,189,0x006127A7,0x006127AB,7,100
8553,316460,"Carioca",11,189,0x006127CA,0x006127CE,7,100
8556,317771,"Batista",11,189,0x00612831,0x00612835,7,100
8557,317784,"Clodoaldo",11,189,0x00612854,0x00612858,9,100
8559,2001545,"Mazinho",11,189,0x0061289C,0x006128A0,7,100
8560,8827620,"Ney",11,189,0x006128BF,0x006128C3,3,100
8561,8835147,"Guto",11,189,0x006128DA,0x006128DE,4,100
8562,317145,"Samuel",11,189,0x006128F7,0x006128FB,6,100
8563,5604144,"Maicon",11,189,0x00612918,0x0061291C,6,100
8564,310832,"Amaral",11,189,0x00612939,0x0061293D,6,100
8565,318361,"Cícero",11,189,0x0061295A,0x0061295E,6,100
8566,3301012,"Marlon",11,189,0x0061297B,0x0061297F,6,100
8567,307105,"Betinho",11,189,0x0061299C,0x006129A0,7,100
8568,321041,"Carlos Henrique",11,189,0x006129BF,0x006129C3,15,100
8570,316841,"Robinho",10,189,0x00612A11,0x00612A15,7,100
8572,320486,"Silva",10,189,0x00612A5B,0x00612A5F,5,100
8573,306913,"Santos",10,189,0x00612A7A,0x00612A7E,6,100
8574,3900234,"Toni",10,189,0x00612A9B,0x00612A9F,4,100
8576,306560,"Rômulo",10,189,0x00612AD9,0x00612ADD,6,100
8577,316924,"Paulo",10,189,0x00612AFA,0x00612AFE,5,100
8578,319646,"Wendel",10,189,0x00612B19,0x00612B1D,6,100
8579,8827079,"Carlos Eduardo",10,189,0x00612B3A,0x00612B3E,14,100
8580,305481,"Lima",10,189,0x00612B6B,0x00612B6F,4,100
8582,3301528,"Dida",10,189,0x00612BAB,0x00612BAF,4,100
8583,301996,"Antônio Carlos",10,189,0x00612BC8,0x00612BCC,14,100
8584,315617,"Hugo",10,189,0x00612BF9,0x00612BFD,4,100
8585,306595,"Zé Roberto",10,189,0x00612C16,0x00612C1A,10,100
8586,312153,"Fred",10,189,0x00612C3F,0x00612C43,4,100
8588,305318,"Allan",10,189,0x00612C7F,0x00612C83,5,100
8590,315508,"Raphael",10,189,0x00612CBF,0x00612CC3,7,100
8591,304937,"Ferreira",10,189,0x00612CE2,0x00612CE6,8,100
8592,311474,"Agnaldo",10,189,0x00612D07,0x00612D0B,7,100
8593,312258,"Andrade",10,189,0x00612D2A,0x00612D2E,7,100
8594,7700154,"Édson",10,189,0x00612D4D,0x00612D51,5,100
8595,305326,"Ceará",9,189,0x00612D6C,0x00612D70,5,100
8596,317417,"Aldo",9,189,0x00612D8B,0x00612D8F,4,100
8598,317533,"Altair",9,189,0x00612DC7,0x00612DCB,6,100
8599,317937,"Nílson",9,189,0x00612DE8,0x00612DEC,6,100
8602,315315,"Victor",9,189,0x00612E4D,0x00612E51,6,100
8605,311056,"Gláuber",9,189,0x00612EB0,0x00612EB4,7,100
8606,303771,"Luís Carlos",9,189,0x00612ED3,0x00612ED7,11,100
8607,316962,"Mário",9,189,0x00612EFE,0x00612F02,5,100
8608,320911,"Jádson",9,189,0x00612F1D,0x00612F21,6,100
8612,306577,"Almir",9,189,0x00612FA5,0x00612FA9,5,100
8613,3300478,"Isaías",9,189,0x00612FC4,0x00612FC8,6,100
8615,304015,"Giba",9,189,0x00613008,0x0061300C,4,100
8617,308562,"Dinei",9,189,0x0061304A,0x0061304E,5,100
8618,3301549,"Nei",9,189,0x00613069,0x0061306D,3,100
8619,306430,"Romildo",9,189,0x00613084,0x00613088,7,100
8621,316999,"Elias",9,189,0x006130CA,0x006130CE,5,100
8623,310843,"Julinho",9,189,0x0061310C,0x00613110,7,100
8625,317624,"Éverton",9,189,0x0061314C,0x00613150,7,100
8626,312077,"Lico",9,189,0x0061316F,0x00613173,4,100
8627,304323,"Jorge Luiz",9,189,0x0061318C,0x00613190,10,100
8628,8168159,"Jorge Luís",9,189,0x006131B5,0x006131B9,10,100
8631,8827055,"Pará",8,189,0x0061321C,0x00613220,4,100
8635,6900070,"Bebeto",8,189,0x006132AA,0x006132AE,6,100
8637,304835,"Luizão",8,189,0x006132E8,0x006132EC,6,100
8638,775247,"Célio",8,189,0x00613309,0x0061330D,5,100
8639,317642,"Jardel",8,189,0x00613328,0x0061332C,6,100
8641,311481,"Edvaldo",8,189,0x0061336A,0x0061336E,7,100
8645,8830547,"Cris",8,189,0x006133FA,0x006133FE,4,100
8646,316879,"Carlos André",8,189,0x00613417,0x0061341B,12,100
8647,306901,"Val",8,189,0x00613444,0x00613448,3,100
8653,316063,"Ronald",8,189,0x006134FE,0x00613502,6,100
8654,3301448,"China",8,189,0x0061351F,0x00613523,5,100
8655,320861,"Marcel",8,189,0x0061353E,0x00613542,6,100
8657,310984,"Amarildo",8,189,0x00613586,0x0061358A,8,100
8659,3300799,"Chicão",8,189,0x006135CC,0x006135D0,6,100
8660,3301318,"Dinho",8,189,0x006135ED,0x006135F1,5,100
8661,316187,"Caio",7,189,0x0061360C,0x00613610,4,100
8664,7002315,"Pedro Paulo",7,189,0x00613669,0x0061366D,11,100
8665,4201352,"André Luiz",7,189,0x00613694,0x00613698,10,100
8666,305320,"Saulo",7,189,0x006136BD,0x006136C1,5,100
8667,305999,"Nivaldo",7,189,0x006136DC,0x006136E0,7,100
8668,317696,"David",7,189,0x006136FF,0x00613703,5,100
8669,8832796,"Robert",7,189,0x0061371E,0x00613722,6,100
8670,3301464,"Max",7,189,0x0061373F,0x00613743,3,100
8671,318126,"Tita",7,189,0x0061375A,0x0061375E,4,100
8674,315895,"Peu",7,189,0x006137C9,0x006137CD,3,100
8676,319309,"Jeferson",7,189,0x00613813,0x00613817,8,100
8677,3300053,"Patrick",7,189,0x00613838,0x0061383C,7,100
8679,305200,"Erivélton",7,189,0x0061387A,0x0061387E,9,100
8680,308301,"Laércio",7,189,0x006138A1,0x006138A5,7,100
8681,743472,"Vandinho",7,189,0x006138C4,0x006138C8,8,100
8683,303053,"Magrão",7,189,0x00613906,0x0061390A,6,100
8684,317469,"Assis",7,189,0x00613927,0x0061392B,5,100
8685,309254,"Wanderson",7,189,0x00613946,0x0061394A,9,100
8686,685763,"Josimar",7,189,0x0061396D,0x00613971,7,100
8688,306066,"Donizete",7,189,0x006139AD,0x006139B1,8,100
8691,318665,"Ronaldinho",7,189,0x00613A1A,0x00613A1E,10,100
8693,305432,"Valdeir",7,189,0x00613A60,0x00613A64,7,100
8698,8833461,"Edmar",7,189,0x00613B05,0x00613B09,5,100
8699,736446,"Manoel",6,189,0x00613B24,0x00613B28,6,100
8700,316298,"Ernandes",6,189,0x00613B45,0x00613B49,8,100
8702,8650911,"Silas",6,189,0x00613B8B,0x00613B8F,5,100
8704,306312,"Josué",6,189,0x00613BCB,0x00613BCF,5,100
8705,3300356,"Jéfferson",6,189,0x00613BEA,0x00613BEE,9,100
8706,309556,"Claudemir",6,189,0x00613C11,0x00613C15,9,100
8707,318216,"Guará",6,189,0x00613C38,0x00613C3C,5,100
8708,304699,"Joílson",6,189,0x00613C57,0x00613C5B,7,100
8710,318385,"Russo",6,189,0x00613C99,0x00613C9D,5,100
8711,303342,"Branco",6,189,0x00613CB8,0x00613CBC,6,100
8712,307348,"Dias",6,189,0x00613CD9,0x00613CDD,4,100
8713,8832870,"Neguinho",6,189,0x00613CF6,0x00613CFA,8,100
8714,311373,"Rony",6,189,0x00613D1B,0x00613D1F,4,100
8715,3301285,"Lê",6,189,0x00613D38,0x00613D3C,2,95
8717,318326,"Barbosa",6,189,0x00613D76,0x00613D7A,7,100
8718,318596,"Carlos Roberto",6,189,0x00613D99,0x00613D9D,14,100
8720,316337,"Hélton",6,189,0x00613DF3,0x00613DF7,6,100
8721,310714,"Richard",6,189,0x00613E14,0x00613E18,7,100
8722,140615,"Amauri",6,189,0x00613E37,0x00613E3B,6,100
8725,311613,"Júlio",6,189,0x00613EA2,0x00613EA6,5,100
8727,317885,"Polaco",6,189,0x00613EE6,0x00613EEA,6,100
8732,304006,"Tarcísio",6,189,0x00613F99,0x00613F9D,8,100
8733,307158,"Missinho",6,189,0x00613FBE,0x00613FC2,8,100
8736,307123,"Helinho",6,189,0x00614025,0x00614029,7,100
8738,3300958,"Luiz Fernando",6,189,0x00614069,0x0061406D,13,100
8740,311396,"Betão",6,189,0x006140BD,0x006140C1,5,100
8746,307067,"Lopes",5,189,0x0061417D,0x00614181,5,100
8747,311590,"Francisco",5,189,0x0061419C,0x006141A0,9,100
8748,318718,"Berg",5,189,0x006141C3,0x006141C7,4,100
8753,306796,"Aranha",5,189,0x0061426E,0x00614272,6,100
8754,318669,"Jura",5,189,0x0061428F,0x00614293,4,100
8755,6900183,"Nonato",5,189,0x006142AC,0x006142B0,6,100
8756,3300566,"Nélson",5,189,0x006142CD,0x006142D1,6,100
8757,313116,"Giuliano",5,189,0x006142EE,0x006142F2,8,100
8758,305625,"Ratinho",5,189,0x00614313,0x00614317,7,100
8759,303982,"Alexsandro",5,189,0x00614336,0x0061433A,10,100
8760,316062,"Viola",5,189,0x0061435F,0x00614363,5,100
8762,317363,"Gonçalves",5,189,0x006143A1,0x006143A5,9,100
8765,305024,"Freitas",5,189,0x00614408,0x0061440C,7,100
8766,4102303,"Zé Maria",5,189,0x0061442B,0x0061442F,8,100
8767,305002,"Vladimir",5,189,0x00614450,0x00614454,8,100
8768,3300889,"Dentinho",5,189,0x00614475,0x00614479,8,100
8770,136656,"Santana",5,189,0x006144BB,0x006144BF,7,100
8771,8826335,"Wilton",5,189,0x006144DE,0x006144E2,6,100
8773,3301276,"Araújo",5,189,0x00614522,0x00614526,6,100
8774,4100491,"Capitão",5,189,0x00614543,0x00614547,7,100
8777,303602,"Nil",5,189,0x006145AA,0x006145AE,3,100
8778,306757,"Frédson",5,189,0x006145C5,0x006145C9,7,100
8779,8827363,"Sidnei",5,189,0x006145E8,0x006145EC,6,100
8780,307240,"Mimi",5,189,0x00614609,0x0061460D,4,100
8781,317162,"Lino",5,189,0x00614626,0x0061462A,4,100
8782,317400,"Aírton",5,189,0x00614643,0x00614647,6,100
8783,8106897,"Alysson",5,189,0x00614664,0x00614668,7,100
8784,320917,"Milton",5,189,0x00614687,0x0061468B,6,100
8785,318567,"Hélio",5,189,0x006146A8,0x006146AC,5,100
8786,304652,"Otacílio",5,189,0x006146C7,0x006146CB,8,100
8790,317415,"Válter",5,189,0x0061474D,0x00614751,6,100
8791,306625,"Nem",5,189,0x0061476E,0x00614772,3,100
8792,7400191,"Hílton",5,189,0x00614789,0x0061478D,6,100
8793,309570,"Alê",5,189,0x006147AA,0x006147AE,3,100
8796,307481,"Netinho",5,189,0x00614805,0x00614809,7,100
8797,305863,"Ânderson",5,189,0x00614828,0x0061482C,8,100
8798,306614,"Pinto",5,189,0x0061484D,0x00614851,5,100
8799,311760,"Zé Mário",5,189,0x0061486C,0x00614870,8,100
8800,305404,"Dunga",5,189,0x00614891,0x00614895,5,100
8801,3300317,"Mano",5,189,0x006148B0,0x006148B4,4,100
8804,306463,"Rodrigues",5,189,0x00614911,0x00614915,9,100
8805,305461,"Arthur",5,189,0x00614938,0x0061493C,6,100
8806,318510,"Rondinelli",5,189,0x00614959,0x0061495D,10,100
8809,311804,"Gérson",5,189,0x006149D4,0x006149D8,6,100
8811,318413,"Nando",5,189,0x00614A12,0x00614A16,5,100
8812,5701290,"Maciel",5,189,0x00614A31,0x00614A35,6,100
8813,304307,"Clóvis",5,189,0x00614A52,0x00614A56,6,100
8814,734157,"Binho",4,189,0x00614A73,0x00614A77,5,100
8815,311331,"Oséias",4,189,0x00614A92,0x00614A96,6,100
8817,315598,"Deivid",4,189,0x00614AD6,0x00614ADA,6,100
8819,736447,"Lula",4,189,0x00614B24,0x00614B28,4,100
8820,318565,"Teco",4,189,0x00614B41,0x00614B45,4,100
8821,311933,"Mineiro",4,189,0x00614B5E,0x00614B62,7,100
8824,775572,"Luís",4,189,0x00614BC7,0x00614BCB,4,100
8825,321063,"Marcos Rogério",4,189,0x00614BE4,0x00614BE8,14,100
8827,321032,"Tonhão",4,189,0x00614C38,0x00614C3C,6,100
8828,320897,"Jajá",4,189,0x00614C59,0x00614C5D,4,100
8829,320859,"Luís Henrique",4,189,0x00614C76,0x00614C7A,13,100
8832,320794,"Clésio",4,189,0x00614CE7,0x00614CEB,6,100
8833,311238,"Márcio Vieira",4,189,0x00614D08,0x00614D0C,13,100
8835,304471,"Jean Carlos",4,189,0x00614D5C,0x00614D60,11,100
8836,304446,"Marcelo Santos",4,189,0x00614D87,0x00614D8B,14,100
8837,320357,"Joélson",4,189,0x00614DB8,0x00614DBC,7,100
8838,8871510,"Leo",4,189,0x00614DDB,0x00614DDF,3,100
8839,304324,"Magal",4,189,0x00614DF6,0x00614DFA,5,100
8841,316633,"Rodrigo Costa",4,189,0x00614E42,0x00614E46,13,100
8844,945302,"Mota",4,189,0x00614EB3,0x00614EB7,4,100
8845,5723527,"Nascimento",4,189,0x00614ED0,0x00614ED4,10,100
8853,1013293,"Mirandinha",4,189,0x00614FE0,0x00614FE4,10,100
8856,319743,"Dione",4,189,0x00615049,0x0061504D,5,100
8857,6600638,"Genílson",4,189,0x00615068,0x0061506C,8,100
8858,318235,"Hermes",4,189,0x0061508D,0x00615091,6,100
8860,304129,"Laerte",4,189,0x006150CD,0x006150D1,6,100
8861,312139,"Sena",4,189,0x006150EE,0x006150F2,4,100
8862,311550,"Rodriguinho",4,189,0x0061510B,0x0061510F,11,100
8863,306156,"Glauco",4,189,0x00615136,0x0061513A,6,100
8865,2001669,"Gélson",4,189,0x00615178,0x0061517C,6,100
8866,318218,"Alencar",4,189,0x00615199,0x0061519D,7,100
8867,306206,"Gian",4,189,0x006151BC,0x006151C0,4,100
8874,319240,"Roberval",4,189,0x006152B5,0x006152B9,8,100
8875,306389,"Ezequiel",4,189,0x006152DA,0x006152DE,8,100
8876,306414,"Niltinho",4,189,0x006152FF,0x00615303,8,100
8878,305442,"Jadílson",4,189,0x00615351,0x00615355,8,100
8879,8826933,"Lincoln",4,189,0x00615376,0x0061537A,7,100
8881,320361,"Serjão",4,189,0x006153BE,0x006153C2,6,100
8884,302237,"Tuta",4,189,0x0061541F,0x00615423,4,100
8885,317086,"Pavão",4,189,0x0061543C,0x00615440,5,100
8887,302030,"Goiano",4,189,0x0061547A,0x0061547E,6,100
8891,306633,"Ismael",4,189,0x006154FA,0x006154FE,6,100
8892,306661,"Vicente",4,189,0x0061551B,0x0061551F,7,100
8895,305560,"Franklin",4,189,0x0061557E,0x00615582,8,100
8896,305576,"Toco",4,189,0x006155A3,0x006155A7,4,100
8898,8435792,"Domingos",4,189,0x006155DF,0x006155E3,8,100
8899,316064,"Binha",4,189,0x00615604,0x00615608,5,100
8902,3300491,"Enílson",4,189,0x00615665,0x00615669,7,100
8905,306885,"Vieira",4,189,0x006156C6,0x006156CA,6,100
8906,3300560,"Luís Gustavo",4,189,0x006156E7,0x006156EB,12,100
8907,306932,"Warley",4,189,0x00615714,0x00615718,6,100
8911,307159,"Edvan",4,189,0x00615798,0x0061579C,5,100
8912,3300594,"Marciel",4,189,0x006157B7,0x006157BB,7,100
8913,305683,"Martins",4,189,0x006157DA,0x006157DE,7,100
8914,307172,"Aloísio",4,189,0x006157FD,0x00615801,7,100
8915,3300708,"Bill",4,189,0x00615820,0x00615824,4,100
8916,305703,"Jones",4,189,0x0061583D,0x00615841,5,100
8917,307226,"Viana",4,189,0x0061585C,0x00615860,5,100
8918,3301243,"Luiz Alberto",4,189,0x0061587B,0x0061587F,12,100
8920,3300775,"Garrinchinha",4,189,0x006158C9,0x006158CD,12,100
8921,318094,"Anselmo",4,189,0x006158F6,0x006158FA,7,100
8923,316890,"Romeu",4,189,0x0061593A,0x0061593E,5,100
8924,307251,"Flamarion",4,189,0x00615959,0x0061595D,9,100
8925,3801640,"Catê",4,189,0x00615980,0x00615984,4,100
8926,3300850,"Maurinho",4,189,0x0061599D,0x006159A1,8,100
8928,6900151,"Fábio Costa",4,189,0x006159EF,0x006159F3,11,100
8929,5360536,"Faísca",4,189,0x00615A1A,0x00615A1E,6,100
8932,315159,"Gomes",4,189,0x00615A7B,0x00615A7F,5,100
8934,305760,"Sandro Gaúcho",4,189,0x00615AB5,0x00615AB9,13,100
8937,8626147,"Cabral",4,189,0x00615B26,0x00615B2A,6,100
8938,5280410,"Ézio",4,189,0x00615B47,0x00615B4B,4,100
8941,315184,"André Silva",3,189,0x00615BA4,0x00615BA8,11,100
8943,318068,"Tobias",3,189,0x00615BEA,0x00615BEE,6,100
8947,305764,"Tostão",3,189,0x00615C76,0x00615C7A,6,100
8948,318173,"Luís Fabiano",3,189,0x00615C97,0x00615C9B,12,100
8953,318244,"Juarez",3,189,0x00615D4C,0x00615D50,6,100
8954,8833653,"Bagé",3,189,0x00615D6D,0x00615D71,4,100
8955,7001191,"Nelsinho",3,189,0x00615D8A,0x00615D8E,8,100
8957,6900048,"Darci",3,189,0x00615DCE,0x00615DD2,5,100
8959,305744,"Rangel",3,189,0x00615E10,0x00615E14,6,100
8961,318328,"Demir",3,189,0x00615E5A,0x00615E5E,5,100
8962,311378,"Pimentel",3,189,0x00615E79,0x00615E7D,8,100
8965,306014,"Jorjão",3,189,0x00615EEA,0x00615EEE,6,100
8966,318370,"Coquinho",3,189,0x00615F0B,0x00615F0F,8,100
8969,318429,"Valdinei",3,189,0x00615F6E,0x00615F72,8,100
8974,318520,"Walter",3,189,0x00616019,0x0061601D,6,100
8975,311282,"Jaime",3,189,0x0061603A,0x0061603E,5,100
8976,318560,"Wladimir",3,189,0x00616059,0x0061605D,8,100
8979,3300739,"Geovanni",3,189,0x006160BA,0x006160BE,8,100
8980,317938,"Eugênio",3,189,0x006160DF,0x006160E3,7,100
8984,318595,"Tiba",3,189,0x00616179,0x0061617D,4,100
8986,317911,"Elson",3,189,0x006161B9,0x006161BD,5,100
8987,8830544,"Marcelo Gomes",3,189,0x006161D8,0x006161DC,13,100
8988,317903,"Jordan",3,189,0x00616207,0x0061620B,6,100
8989,3300622,"Babu",3,189,0x00616228,0x0061622C,4,100
8990,317892,"Téo",3,189,0x00616245,0x00616249,3,100
8992,318644,"Carlos Magno",3,189,0x0061628B,0x0061628F,12,100
8993,317873,"Pantera",3,189,0x006162B8,0x006162BC,7,100
8994,317854,"Cleuber",3,189,0x006162DB,0x006162DF,7,100
8997,8827262,"Chris",3,189,0x00616340,0x00616344,5,100
8998,315289,"Macula",3,189,0x0061635F,0x00616363,6,100
9000,8827260,"Ulisses",3,189,0x006163A1,0x006163A5,7,100
9002,319262,"João Pedro",3,189,0x006163E9,0x006163ED,10,100
9006,7004978,"Everson",3,189,0x00616475,0x00616479,7,100
9007,8826340,"Cafú",3,189,0x00616498,0x0061649C,4,100
9008,8826333,"Bila",3,189,0x006164B5,0x006164B9,4,100
9009,312267,"João Marcelo",3,189,0x006164D2,0x006164D6,12,100
9010,305580,"Mauricinho",3,189,0x006164FF,0x00616503,10,100
9012,3300468,"Edmundo",3,189,0x0061654B,0x0061654F,7,100
9014,8825200,"Edivaldo",3,189,0x00616589,0x0061658D,8,100
9015,310840,"Fausto",3,189,0x006165AE,0x006165B2,6,100
9018,317583,"Emanuel",3,189,0x00616613,0x00616617,7,100
9021,3300390,"Mancha",3,189,0x00616678,0x0061667C,6,100
9022,312233,"Jerônimo",3,189,0x00616699,0x0061669D,8,100
9023,310580,"Héber",3,189,0x006166BE,0x006166C2,5,100
9024,3601606,"Vilmar",3,189,0x006166DD,0x006166E1,6,100
9025,317527,"Márcio Santos",3,189,0x006166FE,0x00616702,13,100
9026,305482,"Kim",3,189,0x0061672D,0x00616731,3,100
9027,316307,"Piter",3,189,0x00616748,0x0061674C,5,100
9028,309567,"Gera",3,189,0x00616767,0x0061676B,4,100
9029,3601603,"Márcio Borges",3,189,0x00616784,0x00616788,13,100
9030,3300230,"Caçapa",3,189,0x006167B3,0x006167B7,6,100
9031,5240288,"Ramos",3,189,0x006167D4,0x006167D8,5,100
9032,308379,"Ricardo Oliveira",3,189,0x006167F3,0x006167F7,16,100
9035,3301442,"Arnaldo",3,189,0x00616872,0x00616876,7,100
9037,3301438,"Eraldo",3,189,0x006168B6,0x006168BA,6,100
9038,317416,"Renê",3,189,0x006168D7,0x006168DB,4,100
9045,315422,"Baltazar",3,189,0x006169C0,0x006169C4,8,100
9046,307210,"Roberto Carlos",3,189,0x006169E5,0x006169E9,14,100
9047,307196,"Brasília",3,189,0x00616A16,0x00616A1A,8,100
9048,307182,"Williams",3,189,0x00616A3B,0x00616A3F,8,100
9049,3301146,"Moura",3,189,0x00616A60,0x00616A64,5,100
9050,3301131,"Rinaldo",3,189,0x00616A7F,0x00616A83,7,100
9051,3301081,"Müller",3,189,0x00616AA2,0x00616AA6,6,100
9052,3301048,"Tim",3,189,0x00616AC3,0x00616AC7,3,100
9055,306991,"Costa",3,189,0x00616B32,0x00616B36,5,100
9057,306978,"João Francisco",3,189,0x00616B78,0x00616B7C,14,100
9060,2001435,"Silvano",3,189,0x00616BED,0x00616BF1,7,100
9061,3300943,"Macedo",3,189,0x00616C10,0x00616C14,6,100
9064,306786,"Tiquinho",3,189,0x00616C79,0x00616C7D,8,100
9066,150116,"Maurílio",3,189,0x00616CBB,0x00616CBF,8,100
9070,312109,"Castro",3,189,0x00616D43,0x00616D47,6,100
9073,315996,"Almeida",3,189,0x00616DB0,0x00616DB4,7,100
9075,306496,"Miranda",3,189,0x00616DF4,0x00616DF8,7,100
9078,305147,"Rubinho",3,189,0x00616E5F,0x00616E63,7,100
9080,315501,"Rodrigo Silva",3,189,0x00616E9F,0x00616EA3,13,100
9082,302269,"Quinho",3,189,0x00616EEB,0x00616EEF,6,100
9086,306456,"Wender",3,189,0x00616F79,0x00616F7D,6,100
9087,302359,"Leco",3,189,0x00616F9A,0x00616F9E,4,100
9089,306415,"Zé Eduardo",3,189,0x00616FD8,0x00616FDC,10,100
9090,312037,"Pintinho",3,189,0x00617001,0x00617005,8,100
9092,5632250,"Silvan",3,189,0x00617043,0x00617047,6,100
9095,316960,"Filho",3,189,0x006170A2,0x006170A6,5,100
9098,316938,"Aguinaldo",3,189,0x0061710B,0x0061710F,9,100
9101,303739,"Vaguinho",3,189,0x00617176,0x0061717A,8,100
9103,781251,"Fuscão",3,189,0x006171BA,0x006171BE,6,100
9104,303898,"Peninha",3,189,0x006171DB,0x006171DF,7,100
9105,315535,"Luís Cláudio",3,189,0x006171FE,0x00617202,12,100
9106,303963,"Marcelo Cruz",3,189,0x0061722B,0x0061722F,12,100
9107,304867,"Marcelo Carioca",3,189,0x00617258,0x0061725C,15,100
9108,311552,"Élcio",3,189,0x0061728B,0x0061728F,5,100
9110,746374,"Peter",3,189,0x006172C7,0x006172CB,5,100
9111,304866,"Osvaldo",3,189,0x006172E6,0x006172EA,7,100
9112,4100824,"King",3,189,0x00617309,0x0061730D,4,100
9115,304161,"Waldir",3,189,0x0061736E,0x00617372,6,100
9116,320266,"Jacaré",3,189,0x0061738F,0x00617393,6,100
9117,320280,"Macaé",3,189,0x006173B0,0x006173B4,5,100
9120,315788,"Naná",3,189,0x00617411,0x00617415,4,100
9121,304190,"Didi",3,189,0x0061742E,0x00617432,4,100
9122,320328,"Marcelo Souza",3,189,0x0061744B,0x0061744F,13,100
9123,311602,"Marcelino",3,189,0x0061747A,0x0061747E,9,100
9125,320471,"Amoroso",3,189,0x006174CA,0x006174CE,7,100
9126,315735,"Veloso",3,189,0x006174ED,0x006174F1,6,100
9127,320610,"Fininho",3,189,0x0061750E,0x00617512,7,100
9128,315728,"Pires",3,189,0x00617531,0x00617535,5,100
9129,315705,"Fábio Leite",3,189,0x00617550,0x00617554,11,100
9130,304808,"Dílson",3,189,0x0061757B,0x0061757F,6,100
9131,311632,"Marcelão",3,189,0x0061759C,0x006175A0,8,100
9132,728315,"Valença",3,189,0x006175C1,0x006175C5,7,100
9133,320862,"Zé Antônio",3,189,0x006175E4,0x006175E8,10,100
9134,320882,"Pretinho",3,189,0x0061760D,0x00617611,8,100
9135,320945,"Testa",3,189,0x00617632,0x00617636,5,100
9136,311687,"Pierre",3,189,0x00617651,0x00617655,6,100
9138,726624,"Djalma",3,189,0x00617695,0x00617699,6,100
9140,304756,"Érlon",3,189,0x006176D1,0x006176D5,5,100
9141,304673,"Alex Santana",3,189,0x006176F0,0x006176F4,12,100
9142,321225,"Digão",3,189,0x0061771D,0x00617721,5,100
9144,477862,"Cassiano",3,189,0x0061776B,0x0061776F,8,100
9145,519548,"Machado",3,189,0x00617790,0x00617794,7,100
9146,304703,"Márcio Rossini",2,189,0x006177B3,0x006177B7,14,100
9147,470813,"da Silva",2,189,0x006177E4,0x006177E8,8,100
9148,304742,"Alaor",2,189,0x00617809,0x0061780D,5,100
9149,304693,"Dimas",2,189,0x00617828,0x0061782C,5,100
9150,304688,"Erly",2,189,0x00617847,0x0061784B,4,100
9151,315635,"Santiago",2,189,0x00617864,0x00617868,8,100
9152,311734,"Sandro Luís",2,189,0x00617889,0x0061788D,11,100
9158,321093,"Ernesto Paulo",2,189,0x00617975,0x00617979,13,100
9159,304757,"Jerri",2,189,0x006179A4,0x006179A8,5,100
9160,315639,"Nilberto",2,189,0x006179C3,0x006179C7,8,100
9161,311712,"Analdo",2,189,0x006179E8,0x006179EC,6,100
9163,304665,"Celsinho",2,189,0x00617A28,0x00617A2C,8,100
9164,321025,"César Baiano",2,189,0x00617A4D,0x00617A51,12,100
9165,320996,"André Alves",2,189,0x00617A7A,0x00617A7E,11,100
9166,315663,"Cleitinho",2,189,0x00617AA5,0x00617AA9,9,100
9167,727150,"Glaedson",2,189,0x00617ACC,0x00617AD0,8,100
9168,727363,"Webber",2,189,0x00617AF1,0x00617AF5,6,100
9169,304764,"Valdecir",2,189,0x00617B12,0x00617B16,8,100
9170,304632,"Odirlei",2,189,0x00617B37,0x00617B3B,7,100
9173,7740579,"Carlos Renato",2,189,0x00617BAC,0x00617BB0,13,100
9174,320896,"Alyson",2,189,0x00617BDB,0x00617BDF,6,100
9178,311658,"Lalo",2,189,0x00617C61,0x00617C65,4,100
9179,304773,"Fábio Gomes",2,189,0x00617C7E,0x00617C82,11,100
9180,315682,"Marcelo Telão",2,189,0x00617CA9,0x00617CAD,13,100
9182,320818,"Carrara",2,189,0x00617CFD,0x00617D01,7,100
9183,320816,"Cabeça",2,189,0x00617D20,0x00617D24,6,100
9186,320799,"Cortez",2,189,0x00617D83,0x00617D87,6,100
9187,728400,"Aldemir",2,189,0x00617DA4,0x00617DA8,7,100
9188,304579,"Vanderley",2,189,0x00617DC7,0x00617DCB,9,100
9189,311630,"André Martins",2,189,0x00617DEE,0x00617DF2,13,100
9190,733837,"Délson",2,189,0x00617E1D,0x00617E21,6,100
9191,320792,"Toinho",2,189,0x00617E3E,0x00617E42,6,100
9192,304812,"Neno",2,189,0x00617E5F,0x00617E63,4,100
9196,320499,"Rafael Gaúcho",2,189,0x00617EE7,0x00617EEB,13,100
9198,304527,"Alexandre Silva",2,189,0x00617F3B,0x00617F3F,15,100
9200,7741586,"Luciano Carioca",2,189,0x00617F8B,0x00617F8F,15,100
9201,735633,"Wesnalton",2,189,0x00617FBE,0x00617FC2,9,100
9203,311905,"Baggio",2,189,0x00618004,0x00618008,6,100
9204,304375,"Wilson Mineiro",2,189,0x00618025,0x00618029,14,100
9205,315762,"Abílio",2,189,0x00618056,0x0061805A,6,100
9210,304846,"Vagnão",2,189,0x0061811D,0x00618121,6,100
9211,5663030,"Ruy",2,189,0x0061813E,0x00618142,3,100
9212,320301,"Ênio",2,189,0x00618159,0x0061815D,4,100
9213,5660338,"Valtencir",2,189,0x00618176,0x0061817A,9,100
9217,315791,"Chagas",2,189,0x006181FA,0x006181FE,6,100
9219,5779957,"Gefferson",2,189,0x0061823A,0x0061823E,9,100
9220,743368,"Gravatá",2,189,0x00618261,0x00618265,7,100
9221,320246,"Baianinho",2,189,0x00618284,0x00618288,9,100
9224,304151,"Leandro Silva",2,189,0x006182EB,0x006182EF,13,100
9227,315794,"Adalto",2,189,0x00618360,0x00618364,6,100
9230,304150,"Luisão",2,189,0x006183C9,0x006183CD,6,100
9231,319730,"Bibi",2,189,0x006183EA,0x006183EE,4,100
9233,304864,"Dutra",2,189,0x00618430,0x00618434,5,100
9234,319694,"Jérson",2,189,0x0061844F,0x00618453,6,100
9237,746481,"Marcos Mendes",2,189,0x006184D2,0x006184D6,13,100
9239,304125,"Cuca",2,189,0x00618526,0x0061852A,4,100
9240,775228,"Mário Augusto",2,189,0x00618543,0x00618547,13,100
9244,306082,"Agamenon",2,189,0x006185DB,0x006185DF,8,100
9246,303891,"Valtinho",2,189,0x00618621,0x00618625,8,100
9247,311993,"Christiano",2,189,0x00618646,0x0061864A,10,100
9248,316934,"Sarará",2,189,0x0061866F,0x00618673,6,100
9249,315529,"Micão",2,189,0x00618690,0x00618694,5,100
9250,8874566,"Leandrão",2,189,0x006186AF,0x006186B3,8,100
9251,303556,"Gavião",2,189,0x006186D4,0x006186D8,6,100
9252,312002,"Marcelo Pires",2,189,0x006186F5,0x006186F9,13,100
9253,303360,"Élvis",2,189,0x00618724,0x00618728,5,100
9254,306216,"Cabinho",2,189,0x00618743,0x00618747,7,100
9255,306251,"Dudé",2,189,0x00618766,0x0061876A,4,100
9257,306278,"Jânio",2,189,0x006187AE,0x006187B2,5,100
9258,312006,"Andinho",2,189,0x006187CD,0x006187D1,7,100
9259,303113,"Dorival",2,189,0x006187F0,0x006187F4,7,100
9260,304984,"Deílton",2,189,0x00618813,0x00618817,7,100
9264,316968,"Sérgio Luís",2,189,0x006188A9,0x006188AD,11,100
9266,305029,"Léo de Deus",2,189,0x006188F3,0x006188F7,11,100
9267,315927,"Waguinho",2,189,0x0061891E,0x00618922,8,100
9268,312036,"Adalberto",2,189,0x00618943,0x00618947,9,100
9272,5630609,"Joseph",2,189,0x006189D7,0x006189DB,6,100
9273,302468,"Leandro Alves",2,189,0x006189F8,0x006189FC,13,100
9274,317002,"Clebinho",2,189,0x00618A27,0x00618A2B,8,100
9275,305054,"Pedro Luiz",2,189,0x00618A4C,0x00618A50,10,100
9276,306427,"Júlio Alves",2,189,0x00618A75,0x00618A79,11,100
9277,305055,"Inca",2,189,0x00618AA0,0x00618AA4,4,100
9278,302294,"Marcos Baiano",2,189,0x00618ABD,0x00618AC1,13,100
9279,306451,"Leílson",2,189,0x00618AEC,0x00618AF0,7,100
9280,317010,"Nogueira",2,189,0x00618B0F,0x00618B13,8,100
9284,857560,"Caniggia",2,189,0x00618B95,0x00618B99,8,100
9285,305077,"Café",2,189,0x00618BBA,0x00618BBE,4,100
9287,902259,"Lobão",2,189,0x00618BF6,0x00618BFA,5,100
9288,302268,"Totinga",2,189,0x00618C15,0x00618C19,7,100
9289,305115,"André Ramos",2,189,0x00618C38,0x00618C3C,11,100
9294,306495,"Joarez",2,189,0x00618CF9,0x00618CFD,6,100
9295,312096,"Félix",2,189,0x00618D1A,0x00618D1E,5,100
9296,302259,"Eliomar",2,189,0x00618D39,0x00618D3D,7,100
9297,306551,"Sobrinho",2,189,0x00618D5C,0x00618D60,8,100
9301,306561,"Miltinho",2,189,0x00618DF4,0x00618DF8,8,100
9302,302243,"Marcos Toloco",2,189,0x00618E19,0x00618E1D,13,100
9305,8835238,"Toledo",2,189,0x00618E9E,0x00618EA2,6,100
9307,306594,"Vadinho",2,189,0x00618EE6,0x00618EEA,7,100
9308,301947,"Luís Antônio",2,189,0x00618F09,0x00618F0D,12,100
9310,316006,"Luiz Müller",2,189,0x00618F59,0x00618F5D,11,100
9312,317112,"Deley",2,189,0x00618FA7,0x00618FAB,5,100
9313,315466,"Fábio Araújo",2,189,0x00618FC6,0x00618FCA,12,100
9315,3300859,"José Everaldo",2,189,0x00619028,0x0061902C,13,100
9316,306653,"Botão",2,189,0x00619057,0x0061905B,5,100
9317,306660,"Lenildo",2,189,0x00619076,0x0061907A,7,100
9318,316023,"Fábio Henrique",2,189,0x00619099,0x0061909D,14,100
9322,306707,"Jaílton",2,189,0x00619141,0x00619145,7,100
9323,306718,"Alex Mineiro",2,189,0x00619164,0x00619168,12,100
9325,317165,"Ronaldão",2,189,0x006191B4,0x006191B8,8,100
9326,317166,"José",2,189,0x006191D9,0x006191DD,4,100
9327,3300867,"Pardal",2,189,0x006191F6,0x006191FA,6,100
9328,143576,"Japa",2,189,0x00619217,0x0061921B,4,100
9331,142358,"Anderson Luiz",2,189,0x00619276,0x0061927A,13,100
9332,140636,"Eusébio",2,189,0x006192A5,0x006192A9,7,100
9333,3300905,"Válbson",2,189,0x006192C8,0x006192CC,7,100
9334,312116,"Ricardo Alves",2,189,0x006192EB,0x006192EF,13,100
9335,315459,"Maradona",2,189,0x0061931A,0x0061931E,8,100
9336,3300911,"Xuxa",2,189,0x0061933F,0x00619343,4,100
9338,306865,"Gino",2,189,0x00619377,0x0061937B,4,100
9340,8835216,"Luís Paulo",2,189,0x006193AF,0x006193B3,10,100
9341,317223,"Moreira",2,189,0x006193D8,0x006193DC,7,100
9343,107479,"Marco",2,189,0x0061941C,0x00619420,5,100
9345,3300966,"Boiadeiro",2,189,0x0061945E,0x00619462,9,100
9350,305222,"Eduardo Silva",2,189,0x0061951B,0x0061951F,13,100
9351,307001,"Paulo Matos",2,189,0x0061954A,0x0061954E,11,100
9352,312146,"Puma",2,189,0x00619575,0x00619579,4,100
9355,2001521,"Josa",2,189,0x006195D4,0x006195D8,4,100
9357,307071,"Eufrásio",2,189,0x0061961A,0x0061961E,8,100
9358,305231,"Flávio Mendes",2,189,0x0061963F,0x00619643,13,100
9360,316115,"Alexandre Baby",2,189,0x00619691,0x00619695,14,100
9362,3301067,"Paulinho Santarém",2,189,0x006196DF,0x006196E3,17,100
9363,2001549,"Willians",2,189,0x00619716,0x0061971A,8,100
9365,315437,"Januário",2,189,0x0061975A,0x0061975E,8,100
9367,3301200,"Vampeta",2,189,0x0061979C,0x006197A0,7,100
9369,2001638,"Taffarel",2,189,0x006197E0,0x006197E4,8,100
9370,317377,"Baré",2,189,0x00619805,0x00619809,4,100
9372,307203,"Rossi",2,189,0x00619853,0x00619857,5,100
9373,305245,"Ricardo Boiadeiro",2,189,0x00619872,0x00619876,17,100
9374,307212,"Saint Clair",2,189,0x006198A9,0x006198AD,11,100
9375,316163,"Givanildo",2,189,0x006198D4,0x006198D8,9,100
9376,305319,"Frei",2,189,0x006198FB,0x006198FF,4,100
9378,3301291,"Palhinha",2,189,0x0061993F,0x00619943,8,100
9380,307246,"Rubão",2,189,0x00619985,0x00619989,5,100
9383,315397,"João Neto",2,189,0x006199E8,0x006199EC,9,100
9384,3301359,"Tupãzinho",2,189,0x00619A0F,0x00619A13,9,100
9385,315392,"Cafezinho",2,189,0x00619A36,0x00619A3A,9,100
9386,3301423,"Jamaica",2,189,0x00619A5D,0x00619A61,7,100
9388,3300167,"André Santos",2,189,0x00619AB5,0x00619AB9,12,100
9389,307363,"Dirceu",2,189,0x00619AE2,0x00619AE6,6,100
9390,307389,"Jorge Ramos",2,189,0x00619B03,0x00619B07,11,100
9392,3301473,"Amaro",2,189,0x00619B47,0x00619B4B,5,100
9397,308071,"Tiago Silva",2,189,0x00619C02,0x00619C06,11,100
9398,317456,"Perivaldo",2,189,0x00619C2D,0x00619C31,9,100
9399,3301513,"Tata",2,189,0x00619C54,0x00619C58,4,100
9401,5300347,"Sérgio Alves",2,189,0x00619C94,0x00619C98,12,100
9403,315361,"Marcondes",2,189,0x00619CE2,0x00619CE6,9,100
9406,5300107,"Giovanni",2,189,0x00619D4D,0x00619D51,8,100
9407,3260,"Mauro Silva",2,189,0x00619D72,0x00619D76,11,100
9411,317492,"Vanuca",2,189,0x00619E22,0x00619E26,6,100
9416,315359,"Zé Ricardo",2,189,0x00619EDB,0x00619EDF,10,100
9420,310578,"Waltinho",2,189,0x00619F6B,0x00619F6F,8,100
9422,312236,"Bobô",2,189,0x00619FBF,0x00619FC3,4,100
9424,317584,"Scheidt",2,189,0x00619FF9,0x00619FFD,7,100
9428,3900334,"Dão",2,189,0x0061A085,0x0061A089,3,100
9429,3900415,"Péricles",2,189,0x0061A0A0,0x0061A0A4,8,100
9430,310797,"Fabiano Souza",2,189,0x0061A0C5,0x0061A0C9,13,100
9431,310811,"Dengo",2,189,0x0061A0F4,0x0061A0F8,5,100
9436,310872,"Alex Santos",2,189,0x0061A19B,0x0061A19F,11,100
9437,3300458,"Renato Carioca",2,189,0x0061A1C6,0x0061A1CA,14,100
9440,310932,"Ferreti",2,189,0x0061A23F,0x0061A243,7,100
9442,8825636,"Barbiéri",2,189,0x0061A287,0x0061A28B,8,100
9446,3300470,"Pedro Neto",2,189,0x0061A335,0x0061A339,10,100
9448,7005062,"Erivan",2,189,0x0061A383,0x0061A387,6,100
9449,3300471,"Fábio Baiano",2,189,0x0061A3A4,0x0061A3A8,12,100
9450,319499,"Raniery",2,189,0x0061A3D1,0x0061A3D5,7,100
9453,8826343,"Leandro Carvalho",2,189,0x0061A442,0x0061A446,16,100
9455,8826347,"Leão",2,189,0x0061A494,0x0061A498,4,100
9456,316450,"André Pinto",2,189,0x0061A4B1,0x0061A4B5,11,100
9458,305615,"Miltão",2,189,0x0061A4FF,0x0061A503,6,100
9464,312481,"Rogélio",2,189,0x0061A5D3,0x0061A5D7,7,100
9465,8827290,"Anderson Gomes",2,189,0x0061A5F6,0x0061A5FA,14,100
9470,8828188,"André Gomes",2,189,0x0061A6BD,0x0061A6C1,11,100
9471,318758,"Luiz",2,189,0x0061A6E8,0x0061A6EC,4,100
9473,311141,"Emerson Gama",2,189,0x0061A726,0x0061A72A,12,100
9474,318742,"Heitor",2,189,0x0061A753,0x0061A757,6,100
9475,315286,"Rogério Corrêa",2,189,0x0061A774,0x0061A778,14,100
9477,8830096,"Vanderson",2,189,0x0061A7CA,0x0061A7CE,9,100
9480,318688,"João Santos",2,189,0x0061A839,0x0061A83D,11,100
9482,313080,"Chininha",2,189,0x0061A885,0x0061A889,8,100
9489,318641,"Cadinho",2,189,0x0061A9BA,0x0061A9BE,7,100
9498,3300666,"Édson Souza",2,189,0x0061AAE3,0x0061AAE7,11,100
9499,3300668,"Róbson Santos",2,189,0x0061AB0E,0x0061AB12,13,100
9505,317941,"Edcarlos",2,189,0x0061AC02,0x0061AC06,8,100
9507,316765,"Tonho",2,189,0x0061AC4A,0x0061AC4E,5,100
9508,315243,"Wellington Paulista",2,189,0x0061AC69,0x0061AC6D,19,100
9509,3300747,"Eleomar",2,189,0x0061ACA4,0x0061ACA8,7,100
9512,311293,"Aládio",2,189,0x0061AD05,0x0061AD09,6,100
9514,318529,"Marabá",2,189,0x0061AD45,0x0061AD49,6,100
9515,305710,"Sandro Paulista",2,189,0x0061AD66,0x0061AD6A,15,100
9516,3901031,"Natan",2,189,0x0061AD99,0x0061AD9D,5,100
9517,3300776,"Gil Baiano",2,189,0x0061ADB8,0x0061ADBC,10,100
9518,311327,"Ânderson Lima",2,189,0x0061ADE1,0x0061ADE5,13,100
9519,311329,"Aldinho",2,189,0x0061AE10,0x0061AE14,7,100
9521,318423,"Vado",2,189,0x0061AE58,0x0061AE5C,4,100
9524,318399,"Inha",2,189,0x0061AEB5,0x0061AEB9,4,100
9525,318398,"Zezé",2,189,0x0061AED2,0x0061AED6,4,100
9528,315120,"Carlos César",2,189,0x0061AF2D,0x0061AF31,12,100
9530,318362,"André Veiga",2,189,0x0061AF77,0x0061AF7B,11,100
9534,305725,"Sarandi",2,189,0x0061B00D,0x0061B011,7,100
9537,318268,"Dário",2,189,0x0061B076,0x0061B07A,5,100
9539,305745,"Alex Silva",2,189,0x0061B0BA,0x0061B0BE,10,100
9545,305966,"Donizeti",2,189,0x0061B1AC,0x0061B1B0,8,100
9548,318240,"Ednílson",2,189,0x0061B227,0x0061B22B,8,100
9551,311457,"Marão",2,189,0x0061B290,0x0061B294,5,100
9552,8833734,"Arizinho",2,189,0x0061B2AF,0x0061B2B3,8,100
9554,316858,"Ataliba",2,189,0x0061B2F1,0x0061B2F5,7,100
9557,311462,"Ranieri",2,189,0x0061B366,0x0061B36A,7,100
9560,305912,"Zeca Ferreira",2,189,0x0061B3D5,0x0061B3D9,13,100
9563,311487,"Gustavinho",2,189,0x0061B454,0x0061B458,10,100
9566,318185,"Luiz Gustavo",2,189,0x0061B4C3,0x0061B4C7,12,100
9567,311491,"Gatão",2,189,0x0061B4F0,0x0061B4F4,5,100
9568,305758,"Bagnara",2,189,0x0061B50F,0x0061B513,7,100
9569,315164,"Castorzinho",2,189,0x0061B532,0x0061B536,11,100
9570,315166,"Felipe Alves",2,189,0x0061B55D,0x0061B561,12,100
9572,318102,"Patrício",2,189,0x0061B5B9,0x0061B5BD,8,100
9575,3901127,"Bolinha",2,189,0x0061B622,0x0061B626,7,100
9577,318054,"Zulu",2,189,0x0061B660,0x0061B664,4,100
9578,8835099,"Cristóvão Borges",2,189,0x0061B67D,0x0061B681,16,100
9579,315168,"Guido",2,189,0x0061B6B2,0x0061B6B6,5,100
9580,316900,"Fábio Carvalho",2,189,0x0061B6D1,0x0061B6D5,14,100
9582,6900180,"Peterson",2,189,0x0061B721,0x0061B725,8,100
9586,6900185,"Bebeto Campos",1,189,0x0061B7D5,0x0061B7D9,13,100
9587,6900187,"Gito",1,189,0x0061B804,0x0061B808,4,100
9588,6900201,"Sílvio Criciúma",1,189,0x0061B821,0x0061B825,15,100
9590,6900510,"Cláudio Duarte",1,189,0x0061B881,0x0061B885,14,100
9596,6900661,"Bebeto de Freitas",1,189,0x0061B98D,0x0061B991,17,100
9597,6900668,"Carlinhos Neves",1,189,0x0061B9C4,0x0061B9C8,15,100
9600,6900158,"Juninho Rodrigues",1,189,0x0061BA3F,0x0061BA43,17,100
9606,6900139,"Paulo Fabrício",1,189,0x0061BB37,0x0061BB3B,14,100
9616,318167,"Alexandre Bochecha",1,189,0x0061BCE7,0x0061BCEB,18,100
9621,6900124,"Sapatão",1,189,0x0061BDD2,0x0061BDD6,7,100
9628,318197,"Cajuru",1,189,0x0061BF0F,0x0061BF13,6,100
9634,6900107,"Carlos Alberto Silva",1,189,0x0061BFE9,0x0061BFED,20,100
9639,318233,"Silvério",1,189,0x0061C0C6,0x0061C0CA,8,100
9640,6900079,"Kabila",1,189,0x0061C0EB,0x0061C0EF,6,100
9643,6900073,"Nen",1,189,0x0061C158,0x0061C15C,3,100
9651,318254,"Carlos Pereira",1,189,0x0061C2A8,0x0061C2AC,14,100
9652,6900049,"Mauro Fernandes",1,189,0x0061C2D9,0x0061C2DD,15,100
9656,318301,"Alexandre Borges",1,189,0x0061C391,0x0061C395,16,100
9657,318312,"Lita",1,189,0x0061C3C6,0x0061C3CA,4,100
9660,4100635,"Elpídio Silva",1,189,0x0061C425,0x0061C429,13,100
9661,6900029,"Curê",1,189,0x0061C454,0x0061C458,4,100
9664,318330,"Becão",1,189,0x0061C4C9,0x0061C4CD,5,100
9671,6900004,"Claudinho Baiano",1,189,0x0061C5F0,0x0061C5F4,16,100
9675,311352,"Romero",1,189,0x0061C6A6,0x0061C6AA,6,100
9679,318034,"Bobby",1,189,0x0061C730,0x0061C734,5,100
9687,317985,"Risada",1,189,0x0061C874,0x0061C878,6,100
9690,317969,"Melo",1,189,0x0061C8E1,0x0061C8E5,4,100
9691,7002323,"Serginho Cunha",1,189,0x0061C8FE,0x0061C902,14,100
9698,311266,"Fábio Maia",1,189,0x0061CA11,0x0061CA15,10,100
9702,317896,"Baby",1,189,0x0061CAC1,0x0061CAC5,4,100
9710,7002985,"Whelliton",1,189,0x0061CC17,0x0061CC1B,9,100
9712,317834,"Capilé",1,189,0x0061CC5F,0x0061CC63,6,100
9732,311074,"Diá",1,189,0x0061CFA5,0x0061CFA9,3,100
9735,319196,"João Correia",1,189,0x0061D024,0x0061D028,12,100
9737,319218,"Adílson Baiano",1,189,0x0061D072,0x0061D076,14,100
9738,319223,"Triguinho",1,189,0x0061D0A3,0x0061D0A7,9,100
9748,7004813,"Luíca",1,189,0x0061D22D,0x0061D231,5,100
9754,310996,"Cedenir",1,189,0x0061D311,0x0061D315,7,100
9760,310993,"Júnior Laguna",1,189,0x0061D3F3,0x0061D3F7,13,100
9761,317684,"Fafá",1,189,0x0061D422,0x0061D426,4,100
9762,319450,"Wilson Mano",1,189,0x0061D43F,0x0061D443,11,100
9766,7005049,"Chiquinho Carioca",1,189,0x0061D4D5,0x0061D4D9,17,100
9775,310953,"Léo Mineiro",1,189,0x0061D660,0x0061D664,11,100
9777,319597,"Marcos Cruz",1,189,0x0061D6BA,0x0061D6BE,11,100
9786,310930,"Guto Ferreira",1,189,0x0061D84D,0x0061D851,13,100
9797,310824,"Sandro Macapá",1,189,0x0061DA00,0x0061DA04,13,100
9808,310767,"Edson Batatais",1,189,0x0061DBA5,0x0061DBA9,14,100
9817,310629,"Beno",1,189,0x0061DD46,0x0061DD4A,4,100
9818,310624,"Júlio Santos",1,189,0x0061DD63,0x0061DD67,12,100
9820,310612,"Bolívar",1,189,0x0061DDB7,0x0061DDBB,7,100
9821,317574,"Roberto Fernandes",1,189,0x0061DDDA,0x0061DDDE,17,100
9825,309667,"Ney Ladeira",1,189,0x0061DEA6,0x0061DEAA,11,100
9830,309563,"Joel Cavalo",1,189,0x0061DF83,0x0061DF87,11,100
9831,309549,"Anderson Pereira",1,189,0x0061DFAE,0x0061DFB2,16,100
9832,309489,"Peixe",1,189,0x0061DFE3,0x0061DFE7,5,100
9833,309438,"Márcio Cruz",1,189,0x0061E002,0x0061E006,11,100
9834,317505,"Jonga",1,189,0x0061E02D,0x0061E031,5,100
9839,309113,"Laílson",1,189,0x0061E100,0x0061E104,7,100
9841,309111,"Édson Mendes",1,189,0x0061E152,0x0061E156,12,100
9852,308790,"Léo Dias",1,189,0x0061E307,0x0061E30B,8,100
9853,308650,"Ricardo Rosa",1,189,0x0061E32C,0x0061E330,12,100
9857,308411,"Eduardo Teles",1,189,0x0061E3E8,0x0061E3EC,13,100
9868,308313,"Toninho Barroso",1,189,0x0061E5B7,0x0061E5BB,15,100
9869,308311,"João Ricardo",1,189,0x0061E5EA,0x0061E5EE,12,100
9878,308205,"Eduardo Ribeiro",1,189,0x0061E751,0x0061E755,15,100
9881,308073,"Emerson Pereira",1,189,0x0061E7CA,0x0061E7CE,15,100
9885,317431,"Adriano Marques",1,189,0x0061E884,0x0061E888,15,100
9888,317411,"Maurício Simões",1,189,0x0061E901,0x0061E905,15,100
9893,307318,"Rodrigo Ramos",1,189,0x0061E9C8,0x0061E9CC,13,100
9897,317390,"Braúna",1,189,0x0061EA82,0x0061EA86,6,100
9905,307126,"Marcos Piauí",1,189,0x0061EBD6,0x0061EBDA,12,100
9907,307122,"Paulinho Paraíba",1,189,0x0061EC24,0x0061EC28,16,100
9908,307113,"Pedrinho Albuquerque",1,189,0x0061EC59,0x0061EC5D,20,100
9909,307112,"Sandro Cearense",1,189,0x0061EC96,0x0061EC9A,15,100
9930,307029,"Bilú",1,189,0x0061EFED,0x0061EFF1,4,100
9931,307019,"Carlinhos Paulista",1,189,0x0061F00A,0x0061F00E,18,100
9934,307014,"Val de Mello",1,189,0x0061F0A7,0x0061F0AB,12,100
9935,307013,"Wágner Oliveira",1,189,0x0061F0D4,0x0061F0D8,15,100
9936,307010,"Serginho Chulapa",1,189,0x0061F107,0x0061F10B,16,100
9943,306976,"Humberto Ramos",1,189,0x0061F256,0x0061F25A,14,100
9945,306963,"Édson Cegonha",1,189,0x0061F2B6,0x0061F2BA,13,100
9949,306949,"Abel Ribeiro",1,189,0x0061F376,0x0061F37A,12,100
9953,306929,"Sérgio Andrade",1,189,0x0061F43E,0x0061F442,14,100
9954,306927,"Lala",1,189,0x0061F46F,0x0061F473,4,100
9955,306922,"Ituano",1,189,0x0061F48C,0x0061F490,6,100
9964,306804,"Marcelinho Boaideiro",1,189,0x0061F5C7,0x0061F5CB,20,100
9967,317212,"Roberto Paulista",1,189,0x0061F646,0x0061F64A,16,100
9968,317210,"Tutinha",1,189,0x0061F67B,0x0061F67F,7,100
9971,306770,"Márcio Cardoso",1,189,0x0061F6F0,0x0061F6F4,14,100
9982,306714,"Ademir Fonseca",1,189,0x0061F8A1,0x0061F8A5,14,100
9985,306695,"Vanvam",1,189,0x0061F92C,0x0061F930,6,100
9992,317093,"Leandro Barbosa",1,189,0x0061FA41,0x0061FA45,15,100
9995,306586,"Zé Rebite",1,189,0x0061FABC,0x0061FAC0,9,100
9997,317072,"Edson Grillo",1,189,0x0061FB00,0x0061FB04,12,100
10004,306494,"Djalma Santos",1,189,0x0061FC31,0x0061FC35,13,100
10020,306457,"Chita",1,189,0x0061FEB7,0x0061FEBB,5,100
10021,317014,"Garça",1,189,0x0061FED6,0x0061FEDA,5,100
10028,317005,"Rafael Leite",1,189,0x0061FFD7,0x0061FFDB,12,100
10031,306396,"Róbson Garanha",1,189,0x0062004C,0x00620050,14,100
10055,319629,"Ribamar",1,189,0x00620410,0x00620414,7,100
10059,319637,"André Moreira",1,189,0x006204A2,0x006204A6,13,100
10060,319640,"Ricardo Matias",1,189,0x006204D1,0x006204D5,14,100
10061,319641,"Márcio Oliveira",1,189,0x00620502,0x00620506,15,100
10062,319648,"Lucas Souza",1,189,0x00620535,0x00620539,11,100
10076,319731,"Rancho",1,189,0x0062075F,0x00620763,6,100
10079,319736,"Pit",1,189,0x006207C0,0x006207C4,3,100
10082,319745,"Zelão",1,189,0x0062082D,0x00620831,5,100
10086,319762,"Toninho Moura",1,189,0x006208B9,0x006208BD,13,100
10087,319770,"Mamão",1,189,0x006208E8,0x006208EC,5,100
10099,320237,"Márcio Mossoró",1,189,0x00620ACC,0x00620AD0,14,100
10101,320252,"Beto Oliveira",1,189,0x00620B20,0x00620B24,13,100
10102,320253,"Gil Correia",1,189,0x00620B4F,0x00620B53,11,100
10103,320256,"Vevé",1,189,0x00620B7A,0x00620B7E,4,100
10108,320300,"Vágner Braz",1,189,0x00620C2B,0x00620C2F,11,100
10110,320309,"Levi",1,189,0x00620C83,0x00620C87,4,100
10115,320349,"Lei",1,189,0x00620D52,0x00620D56,3,100
10118,320452,"Jocimar",1,189,0x00620DC7,0x00620DCB,7,100
10124,320560,"Simões",1,189,0x00620E9B,0x00620E9F,6,100
10133,320592,"Thiago Coimbra",1,189,0x00620FDE,0x00620FE2,14,100
10156,321127,"Anderson Cruz",1,189,0x00621345,0x00621349,13,100
10157,321139,"Thiago Campos",1,189,0x00621374,0x00621378,13,100
10163,321156,"Roberto Santos",1,189,0x00621464,0x00621468,14,100
10165,311730,"Raimundinho Lopes",1,189,0x006214B6,0x006214BA,17,100
10168,321189,"Eduardo Potiguar",1,189,0x00621535,0x00621539,16,100
10172,321197,"Nei Baiano",1,189,0x006215DD,0x006215E1,10,100
10183,321229,"Tute",1,189,0x006217A0,0x006217A4,4,100
10186,451285,"Capone",1,189,0x00621821,0x00621825,6,100
10196,500471,"Antônio da Silva",1,189,0x006219AD,0x006219B1,16,100
10197,311773,"Marcelo Galvão",1,189,0x006219E2,0x006219E6,14,100
10209,311789,"Paulo Santos",1,189,0x00621BF0,0x00621BF4,12,100
10212,728417,"Petróleo",1,189,0x00621C7B,0x00621C7F,8,100
10217,311901,"Rafael Mussamba",1,189,0x00621D40,0x00621D44,15,100
10234,311938,"Thiago Cardoso",1,189,0x00622003,0x00622007,14,100
10235,5636195,"Marcus Ferreira",1,189,0x00622034,0x00622038,15,100
10238,775580,"Reginaldo Vital",1,189,0x006220B7,0x006220BB,15,100
10246,3902249,"Ary Marques",1,189,0x00622223,0x00622227,11,100
10249,3902143,"Edison Marques",1,189,0x006222A0,0x006222A4,14,100
10250,850024,"Somália",1,189,0x006222D1,0x006222D5,7,100
10253,876646,"Veveu",1,189,0x00622344,0x00622348,5,100
10256,5627285,"Fábio Oliveira",1,189,0x006223A5,0x006223A9,14,100
10263,902575,"Dinda",1,189,0x006224B8,0x006224BC,5,100
10279,2001401,"Fabrício Eduardo",1,189,0x0062277A,0x0062277E,16,100
10285,2001574,"Márcio Pereira",1,189,0x00622886,0x0062288A,14,100
10288,312161,"Edinho Cardoso",1,189,0x00622903,0x00622907,14,100
10303,312180,"Baéca",1,189,0x00622B5C,0x00622B60,5,100
10304,3300132,"Ricardo Lopes",1,189,0x00622B7B,0x00622B7F,13,100
10307,3300147,"Eloy",1,189,0x00622C0C,0x00622C10,4,100
10317,3300201,"Ronildo",1,189,0x00622DD2,0x00622DD6,7,100
10326,3300229,"Leo Lima",1,189,0x00622F2B,0x00622F2F,8,100
10330,3300247,"Carlos Alberto Torres",1,189,0x00622FAF,0x00622FB3,21,100
10336,3300319,"Thiago Martins",1,189,0x006230C1,0x006230C5,14,100
10349,3300410,"Douglas Silva",1,189,0x006232F8,0x006232FC,13,100
10350,3300413,"João Rodrigo",1,189,0x00623327,0x0062332B,12,100
10363,312337,"Daniel Carvalho",1,189,0x0062355E,0x00623562,15,100
10370,313124,"André Leone",1,189,0x006236A1,0x006236A5,11,100
10376,3300657,"Léo Santos",1,189,0x00623795,0x00623799,10,100
10382,3300669,"Orlandinho",1,189,0x00623879,0x0062387D,10,100
10384,3300677,"Anderson do Ó",1,189,0x006238C5,0x006238C9,13,100
10391,3300703,"Marcelo Bezerra",1,189,0x006239F8,0x006239FC,15,100
10393,315083,"Fábio Bala",1,189,0x00623A4A,0x00623A4E,10,100
10398,3300753,"Carlos Mota",1,189,0x00623AFB,0x00623AFF,11,100
10404,3300792,"Mantena",1,189,0x00623C01,0x00623C05,7,100
10409,3300820,"Márcio Castanhal",1,189,0x00623CA6,0x00623CAA,16,100
10413,3300844,"Luizinho Vieira",1,189,0x00623D50,0x00623D54,15,100
10423,306001,"Patrício Lima",1,189,0x00623ED2,0x00623ED6,13,100
10430,305961,"Gílson Iúna",1,189,0x00623FFB,0x00623FFF,11,100
10455,315203,"Ademílson",1,189,0x0062441A,0x0062441E,9,100
10467,305657,"Edu Valinhos",1,189,0x0062462C,0x00624630,12,100
10476,315285,"Cléberson",1,189,0x00624779,0x0062477D,9,100
10477,305562,"Jair Pereira",1,189,0x006247A0,0x006247A4,12,100
10481,305494,"Marcelo Fumaça",1,189,0x0062483C,0x00624840,14,100
10483,315335,"Alan Bahia",1,189,0x0062488E,0x00624892,10,100
10484,315349,"Felipe Santos",1,189,0x006248B7,0x006248BB,13,100
10486,315365,"Felipe Campos",1,189,0x00624913,0x00624917,13,100
10502,305173,"Rodrigo Aires",1,189,0x00624BA5,0x00624BA9,13,100
10509,305139,"Jeff",1,189,0x00624CDE,0x00624CE2,4,100
10519,305084,"Rolete",1,189,0x00624E48,0x00624E4C,6,100
10528,315525,"Rodrigo Batista",1,189,0x00624FD5,0x00624FD9,15,100
10541,304840,"Sérgio Soares",1,189,0x006251FA,0x006251FE,13,100
10542,304837,"Edson Pezinho",1,189,0x00625229,0x0062522D,13,100
10544,304833,"Da Guia",1,189,0x0062528B,0x0062528F,7,100
10545,304826,"Juninho Fonseca",1,189,0x006252AE,0x006252B2,15,100
10546,304813,"Fábio Reis",1,189,0x006252E1,0x006252E5,10,100
10549,315594,"Takão",1,189,0x0062535E,0x00625362,5,100
10558,304639,"Marcos Silva",1,189,0x006254F9,0x006254FD,12,100
10561,304611,"João Fumaça",1,189,0x00625574,0x00625578,11,100
10580,304496,"Alex Rossi",1,189,0x00625875,0x00625879,10,100
10586,304448,"Luiz Carlos Ferreira",1,189,0x00625961,0x00625965,20,100
10587,304442,"Fabiano Diniz",1,189,0x0062599E,0x006259A2,13,100
10592,304362,"Gilmar Lima",1,189,0x00625A67,0x00625A6B,11,100
10597,304303,"Bambam",1,189,0x00625B1C,0x00625B20,6,100
10599,304295,"Leandro Campos",1,189,0x00625B66,0x00625B6A,14,100
10604,304246,"Roberto Gallo",1,189,0x00625C57,0x00625C5B,13,100
10612,304160,"Luciano Bebê",1,189,0x00625DCF,0x00625DD3,12,100
10623,304072,"Ferdinando Teixeira",1,189,0x00625F62,0x00625F66,19,100
10627,304040,"Carlos Mancha",1,189,0x00626028,0x0062602C,13,100
10630,304034,"Trinidade",1,189,0x00626097,0x0062609B,9,100
10640,315850,"Leandro Souza",1,189,0x00626219,0x0062621D,13,100
10641,303962,"Toninho Andrade",1,189,0x00626248,0x0062624C,15,100
10645,303901,"Beto Almeida",1,189,0x006262F0,0x006262F4,12,100
10647,315855,"Paulo Carvalho",1,189,0x0062634A,0x0062634E,14,100
10652,315871,"Fernando Mello",1,189,0x0062640D,0x00626411,14,100
10653,303687,"Roberto Silveira",1,189,0x0062643E,0x00626442,16,100
10659,303595,"Rodrigo Gasolina",1,189,0x0062654E,0x00626552,16,100
10660,303589,"Eduardo Costa",1,189,0x00626583,0x00626587,13,100
10672,303451,"Marcelo Xavier",1,189,0x00626757,0x0062675B,14,100
10680,303252,"André Figueiredo",1,189,0x006268C7,0x006268CB,16,100
10682,303220,"Nenê Santana",1,189,0x00626933,0x00626937,12,100
10687,302956,"Marcos Jatobá",1,189,0x00626A10,0x00626A14,13,100
10688,302942,"Bebeto de Oliveira",1,189,0x00626A3F,0x00626A43,18,100
10689,302913,"Léo Macaé",1,189,0x00626A78,0x00626A7C,9,100
10694,302812,"Emerson Monteiro",1,189,0x00626B1D,0x00626B21,16,100
10697,302702,"Toninho Oliveira",1,189,0x00626BB2,0x00626BB6,16,100
10699,302592,"Fábio Luciano",1,189,0x00626C08,0x00626C0C,13,100
10705,302558,"Senna",1,189,0x00626D22,0x00626D26,5,100
10717,3300855,"Lelé",1,189,0x00626F04,0x00626F08,4,100
10722,315959,"Dude",1,189,0x00626FCB,0x00626FCF,4,100
10727,302247,"Gílson Porto",1,189,0x0062709C,0x006270A0,12,100
10734,315995,"Jorge Henrique",1,189,0x006271C9,0x006271CD,14,100
10735,302064,"Gílson Batata",1,189,0x006271FA,0x006271FE,13,100
10740,301935,"Ricardo Pinto",1,189,0x006272CB,0x006272CF,13,100
10746,7960756,"Rodrigo Gaúcho",1,189,0x006273C5,0x006273C9,14,100
10753,3300856,"Joãozinho Rosas",1,189,0x006274FC,0x00627500,15,100
10758,301650,"Paulo Almeida",1,189,0x006275D5,0x006275D9,13,100
10761,316011,"Manuel Batista",1,189,0x0062766E,0x00627672,14,100
10764,301517,"Lima Baiano",1,189,0x006276F1,0x006276F5,11,100
10767,316029,"Ronaldo Bastos",1,189,0x00627786,0x0062778A,14,100
10778,316040,"Cláudio Barros",1,189,0x00627933,0x00627937,14,100
10793,127913,"Leonardo Moura",1,189,0x00627BF0,0x00627BF4,14,100
10797,3300902,"Juruna",1,189,0x00627CA4,0x00627CA8,6,100
10798,3300903,"Luís Carlos Martins",1,189,0x00627CC5,0x00627CC9,19,100
10813,3300951,"Marcelo Lopes",1,189,0x00627F3E,0x00627F42,13,100
10817,108410,"Fábio Pinto",1,189,0x00627FD6,0x00627FDA,11,100
10821,3300957,"Luciano Baiano",1,189,0x00628090,0x00628094,14,100
10822,316091,"Goleiro",1,189,0x006280C1,0x006280C5,7,100
10824,316093,"Piolho",1,189,0x00628113,0x00628117,6,100
10840,3300984,"Bordon",1,189,0x0062839B,0x0062839F,6,100
10848,316107,"José Carlos Costa",1,189,0x006284E5,0x006284E9,17,100
10852,316114,"Samuel Lima",1,189,0x00628581,0x00628585,11,100
10860,5397518,"Marcelo Ferreira",1,189,0x006286EF,0x006286F3,16,100
10862,3301106,"Marcelo Rosa",1,189,0x00628745,0x00628749,12,100
10869,316134,"Luciano Santos",1,189,0x00628862,0x00628866,14,100
10879,3301182,"Sérgio Manoel",1,189,0x00628A20,0x00628A24,13,100
10883,3301205,"Marcelinho Paulista",1,189,0x00628AC0,0x00628AC4,19,100
10885,9872,"Sonny Anderson",1,189,0x00628B24,0x00628B28,14,100
10895,316164,"Daniel Sobralense",1,189,0x00628CE2,0x00628CE6,17,100
10904,3301280,"Alex Dias",1,189,0x00628E4D,0x00628E51,9,100
10909,3301303,"Rodrigo Mendes",1,189,0x00628F10,0x00628F14,14,100
10922,3301347,"Peribé",1,189,0x0062911F,0x00629123,6,100
10926,3301373,"Sérgio Lobo",1,189,0x006291D3,0x006291D7,11,100
10953,3301536,"Narciso",1,189,0x00629640,0x00629644,7,100
10963,8835160,"Maurício Oliveira",1,189,0x006297E2,0x006297E6,17,100
10964,5270205,"Paulo Massa",1,189,0x00629819,0x0062981D,11,100
10967,3267,"Flávio Conceição",1,189,0x00629892,0x00629896,16,100
10978,5230011,"Alex Fernandes",1,189,0x00629A8F,0x00629A93,14,100
10994,316281,"Thiago Dias",1,189,0x00629D3D,0x00629D41,11,100
10998,3600723,"Dédé",1,189,0x00629DDB,0x00629DDF,4,100
11015,316351,"Elias Santos",1,189,0x0062A06A,0x0062A06E,12,100
11022,8825006,"Emerson Cafú",1,189,0x0062A19B,0x0062A19F,12,100
11029,8825063,"Daniel Marques",1,189,0x0062A2EC,0x0062A2F0,14,100
11034,8825123,"Ney Mineiro",1,189,0x0062A3B9,0x0062A3BD,11,100
11050,8825571,"Itaparica",1,189,0x0062A62B,0x0062A62F,9,100
11052,316397,"Cléber Orleans",1,189,0x0062A679,0x0062A67D,14,100
11056,8825764,"Marcos Barbosa",1,189,0x0062A71B,0x0062A71F,14,100
11077,8826353,"Toninho Cobra",1,189,0x0062AA7C,0x0062AA80,13,100
11078,8826363,"Mariola",1,189,0x0062AAAB,0x0062AAAF,7,100
11090,8826934,"Ricardo Barreto",1,189,0x0062AC81,0x0062AC85,15,100
11091,8826948,"Diego Morais",1,189,0x0062ACB4,0x0062ACB8,12,100
11095,8827041,"Júlio Alencar",1,189,0x0062AD58,0x0062AD5C,13,100
11096,8827042,"Ricardo Barros",1,189,0x0062AD87,0x0062AD8B,14,100
11104,8827289,"Fábio Passos",1,189,0x0062AEDF,0x0062AEE3,12,100
11106,316537,"Da Cruz",1,189,0x0062AF41,0x0062AF45,7,100
11107,8827347,"Krika",1,189,0x0062AF64,0x0062AF68,5,100
11114,8827481,"Rodrigo Antonelli",1,189,0x0062B06D,0x0062B071,17,100
11145,8830242,"Daniel Lima",1,189,0x0062B542,0x0062B546,11,100
11149,8830248,"Figuinha",1,189,0x0062B5FE,0x0062B602,8,100
11161,8830328,"Lucas Martins",1,189,0x0062B7C8,0x0062B7CC,13,100
11177,8830372,"Antônio Tavares",1,189,0x0062BA50,0x0062BA54,15,100
11181,8830523,"Márcio Almeida",1,189,0x0062BADE,0x0062BAE2,14,100
11182,316696,"Rafael Santos",1,189,0x0062BB0F,0x0062BB13,13,100
11198,8831900,"Robério",1,189,0x0062BD81,0x0062BD85,7,100
11199,8832567,"Vinícius Pacheco",1,189,0x0062BDA4,0x0062BDA8,16,100
11201,8832569,"Neto Potiguar",1,189,0x0062BDFA,0x0062BDFE,13,100
11210,8832815,"Bruno Santos",1,189,0x0062BF4B,0x0062BF4F,12,100
11221,8832856,"Radamés",1,189,0x0062C0EC,0x0062C0F0,7,100
11226,8832872,"Paulo Campos",1,189,0x0062C1BF,0x0062C1C3,12,100
11227,8832874,"Carabina",1,189,0x0062C1EC,0x0062C1F0,8,100
11234,316753,"Valdenir",1,189,0x0062C307,0x0062C30B,8,100
11241,8832937,"Eduardo Neves",1,189,0x0062C436,0x0062C43A,13,100
11242,8832940,"Fágner Galvão",1,189,0x0062C465,0x0062C469,13,100
11265,8833146,"Thiago Ribeiro",1,189,0x0062C828,0x0062C82C,14,100
11270,8833431,"Marcelo Capixaba",1,189,0x0062C90F,0x0062C913,16,100
11271,8833433,"André Cabeça",1,189,0x0062C944,0x0062C948,12,100
11274,8833468,"Paulo Leme",1,189,0x0062C9BF,0x0062C9C3,10,100
11289,8833528,"Wendel Brasília",1,189,0x0062CC36,0x0062CC3A,15,100
11292,316823,"Raimundo de Almida",1,189,0x0062CCB3,0x0062CCB7,18,100
11294,8833543,"Raphael Antunes",1,189,0x0062CD0F,0x0062CD13,15,100
11305,8833565,"Hélio Dourado",1,189,0x0062CEE8,0x0062CEEC,13,100
11313,8833598,"Ricardo Araújo",1,189,0x0062D034,0x0062D038,14,100
11330,316837,"Ênio Oliveira",1,189,0x0062D2D3,0x0062D2D7,13,100
11332,8833665,"Daniel Pavan",1,189,0x0062D32D,0x0062D331,12,100
11335,8833678,"Flávio Soares",1,189,0x0062D3AA,0x0062D3AE,13,100
11344,8833699,"Nélson Rodrigues",1,189,0x0062D53B,0x0062D53F,16,100
11348,8833707,"Rafael Lopes",1,189,0x0062D5F1,0x0062D5F5,12,100
11361,8833766,"Santa Cruz",1,189,0x0062D79C,0x0062D7A0,10,100
11381,8835091,"Rodrigo Couto",1,189,0x0062DADC,0x0062DAE0,13,100
11384,8835098,"Ademar Braga",1,189,0x0062DB5B,0x0062DB5F,12,100
48809,975433,"Rodrigo",163,189,0x002E5C55,0x002E5C59,7,95
48811,304348,"Alexandre",152,189,0x002E5C97,0x002E5C9B,9,95
48813,304329,"Eduardo",123,189,0x002E5CE1,0x002E5CE5,7,95
48814,315925,"Ricardo",117,189,0x002E5D04,0x002E5D08,7,95
48815,317704,"Márcio",114,189,0x002E5D27,0x002E5D2B,6,95
48818,5723509,"Paulo",99,189,0x002E5D92,0x002E5D96,5,95
48819,7004815,"Antônio",98,189,0x002E5DB1,0x002E5DB5,7,95
48820,321040,"André",97,189,0x002E5DD4,0x002E5DD8,5,95
48821,305047,"José",97,189,0x002E5DF3,0x002E5DF7,4,95
48822,735549,"Leonardo",96,189,0x002E5E10,0x002E5E14,8,95
48823,319252,"Rafael",92,189,0x002E5E35,0x002E5E39,6,95
48824,975823,"Marcos",92,189,0x002E5E56,0x002E5E5A,6,95
48825,315709,"Luciano",87,189,0x002E5E77,0x002E5E7B,7,95
48827,317925,"Rogério",82,189,0x002E5EBD,0x002E5EC1,7,95
48828,650137,"Sérgio",78,189,0x002E5EE0,0x002E5EE4,6,95
48829,308304,"Adriano",74,189,0x002E5F01,0x002E5F05,7,95
48830,305375,"Carlos",71,189,0x002E5F24,0x002E5F28,6,95
48831,3900667,"Carlos Alberto",69,189,0x002E5F45,0x002E5F49,14,95
48832,319707,"Francisco",69,189,0x002E5F76,0x002E5F7A,9,95
48835,316619,"Júlio César",66,189,0x002E5FE9,0x002E5FED,11,95
48836,317490,"Ronaldo",62,189,0x002E6014,0x002E6018,7,95
48837,306860,"Cristiano",61,189,0x002E6037,0x002E603B,9,95
48838,315472,"Daniel",61,189,0x002E605E,0x002E6062,6,95
48839,316758,"Fabiano",61,189,0x002E607F,0x002E6083,7,95
48840,305613,"José Carlos",60,189,0x002E60A2,0x002E60A6,11,95
48844,307191,"Pedro",55,189,0x002E612A,0x002E612E,5,95
48845,5291033,"Róbson",55,189,0x002E6149,0x002E614D,6,95
48846,306610,"Cláudio",52,189,0x002E616A,0x002E616E,7,95
48847,316812,"Alessandro",51,189,0x002E618D,0x002E6191,10,95
48849,317460,"Renato",48,189,0x002E61E7,0x002E61EB,6,95
48851,320943,"Wellington",47,189,0x002E6229,0x002E622D,10,95
48852,316362,"Luiz Carlos",47,189,0x002E6252,0x002E6256,11,95
48853,303463,"Diego",45,189,0x002E627D,0x002E6281,5,95
48855,311861,"Paulo Roberto",43,189,0x002E62BD,0x002E62C1,13,95
48857,315898,"Jorge",42,189,0x002E631D,0x002E6321,5,95
48858,8827011,"Edson",41,189,0x002E633C,0x002E6340,5,95
48859,315780,"Maurício",40,189,0x002E635B,0x002E635F,8,95
48860,317917,"Gustavo",39,189,0x002E6380,0x002E6384,7,95
48861,6900647,"Marco Antônio",38,189,0x002E63A3,0x002E63A7,13,95
48865,321089,"Cléber",36,189,0x002E6433,0x002E6437,6,95
48866,304305,"Vinícius",35,189,0x002E6454,0x002E6458,8,95
48867,316944,"Alberto",34,189,0x002E6479,0x002E647D,7,95
48869,4102070,"Gilmar",34,189,0x002E64C1,0x002E64C5,6,95
48870,3300777,"Édson",34,189,0x002E64E2,0x002E64E6,5,95
48872,305628,"Luiz",32,189,0x002E652A,0x002E652E,4,100
48873,8827043,"Reginaldo",32,189,0x002E6547,0x002E654B,9,100
48874,308342,"Mauro",31,189,0x002E656E,0x002E6572,5,100
48875,728142,"Fabrício",31,189,0x002E658D,0x002E6591,8,100
48876,138324,"Luís Carlos",30,189,0x002E65B2,0x002E65B6,11,100
48877,305886,"Marco Aurélio",30,189,0x002E65DD,0x002E65E1,13,100
48878,305690,"Paulo Sérgio",30,189,0x002E660C,0x002E6610,12,100
48879,7640227,"Douglas",29,189,0x002E6639,0x002E663D,7,100
48880,303959,"Wilson",28,189,0x002E665C,0x002E6660,6,100
48881,307311,"André Luiz",28,189,0x002E667D,0x002E6681,10,100
48882,319589,"José Roberto",27,189,0x002E66A6,0x002E66AA,12,100
48883,311517,"Ivan",27,189,0x002E66D3,0x002E66D7,4,100
48884,306712,"Jair",26,189,0x002E66F0,0x002E66F4,4,100
48885,3300171,"Sebastião",26,189,0x002E670D,0x002E6711,9,100
48886,8835170,"William",26,189,0x002E6734,0x002E6738,7,100
48887,319267,"João Carlos",26,189,0x002E6757,0x002E675B,11,100
48888,305145,"Mário",26,189,0x002E6782,0x002E6786,5,100
48889,736533,"César",26,189,0x002E67A1,0x002E67A5,5,100
48890,304794,"Wágner",25,189,0x002E67C0,0x002E67C4,6,100
48891,305681,"Adílson",25,189,0x002E67E1,0x002E67E5,7,100
48892,320293,"Edílson",25,189,0x002E6804,0x002E6808,7,100
48893,316870,"Edmílson",24,189,0x002E6827,0x002E682B,8,100
48894,318491,"André Luís",24,189,0x002E684C,0x002E6850,10,100
48895,776375,"Manoel",24,189,0x002E6875,0x002E6879,6,100
48896,306968,"Evandro",23,189,0x002E6896,0x002E689A,7,100
48897,318044,"Gílson",23,189,0x002E68B9,0x002E68BD,6,100
48898,734333,"Emerson",23,189,0x002E68DA,0x002E68DE,7,100
48899,306842,"Danilo",23,189,0x002E68FD,0x002E6901,6,100
48900,317488,"Ademir",23,189,0x002E691E,0x002E6922,6,100
48901,3300482,"Jefferson",22,189,0x002E693F,0x002E6943,9,100
48902,4101061,"Henrique",22,189,0x002E6966,0x002E696A,8,100
48903,308395,"Luís",21,189,0x002E698B,0x002E698F,4,100
48904,320617,"Sílvio",21,189,0x002E69A8,0x002E69AC,6,100
48905,320322,"Vágner",21,189,0x002E69C9,0x002E69CD,6,100
48906,306155,"Alexsandro",21,189,0x002E69EA,0x002E69EE,10,100
48907,314989,"Milton",20,189,0x002E6A13,0x002E6A17,6,100
48908,306781,"José Antônio",20,189,0x002E6A34,0x002E6A38,12,100
48909,315660,"Juliano",20,189,0x002E6A61,0x002E6A65,7,100
48910,311784,"Lucas",20,189,0x002E6A84,0x002E6A88,5,100
48911,306585,"Carlos Henrique",20,189,0x002E6AA3,0x002E6AA7,15,100
48912,3300264,"Humberto",19,189,0x002E6AD6,0x002E6ADA,8,100
48913,775561,"Marcos Antônio",19,189,0x002E6AFB,0x002E6AFF,14,100
48914,311715,"Hélio",19,189,0x002E6B2C,0x002E6B30,5,100
48915,7982817,"Guilherme",18,189,0x002E6B4B,0x002E6B4F,9,100
48916,316084,"Aílton",18,189,0x002E6B72,0x002E6B76,6,100
48917,318543,"Jackson",18,189,0x002E6B93,0x002E6B97,7,100
48918,302724,"Nélson",18,189,0x002E6BB6,0x002E6BBA,6,100
48919,3301531,"Michel",18,189,0x002E6BD7,0x002E6BDB,6,100
48920,310845,"Pedro Paulo",18,189,0x002E6BF8,0x002E6BFC,11,100
48921,317916,"Claudinei",18,189,0x002E6C23,0x002E6C27,9,100
48922,304518,"Carlos Roberto",18,189,0x002E6C4A,0x002E6C4E,14,100
48923,316440,"Celso",17,189,0x002E6C7B,0x002E6C7F,5,100
48924,7005009,"Washington",17,189,0x002E6C9A,0x002E6C9E,10,100
48925,320832,"Raphael",17,189,0x002E6CC3,0x002E6CC7,7,100
48926,131872,"José Luís",17,189,0x002E6CE6,0x002E6CEA,9,100
48927,317248,"Paulo Henrique",17,189,0x002E6D0D,0x002E6D11,14,100
48928,319607,"Vanderlei",17,189,0x002E6D3E,0x002E6D42,9,100
48929,319705,"Éder",17,189,0x002E6D65,0x002E6D69,4,100
48930,8833604,"Jean Carlos",17,189,0x002E6D82,0x002E6D86,11,100
48931,317436,"Severino",17,189,0x002E6DAD,0x002E6DB1,8,100
48932,304451,"Jorge Luís",16,189,0x002E6DD2,0x002E6DD6,10,100
48933,3300552,"Marcos Paulo",16,189,0x002E6DFB,0x002E6DFF,12,100
48934,317446,"Jairo",16,189,0x002E6E28,0x002E6E2C,5,100
48935,316814,"Igor",16,189,0x002E6E47,0x002E6E4B,4,100
48936,317736,"Gabriel",16,189,0x002E6E64,0x002E6E68,7,100
48937,735519,"Alan",16,189,0x002E6E87,0x002E6E8B,4,100
48938,318679,"Raimundo",16,189,0x002E6EA4,0x002E6EA8,8,100
48939,8833463,"Renan",16,189,0x002E6EC9,0x002E6ECD,5,100
48940,304376,"Willian",16,189,0x002E6EE8,0x002E6EEC,7,100
48941,834497,"Kléber",16,189,0x002E6F0B,0x002E6F0F,6,100
48942,311380,"José Luiz",16,189,0x002E6F2C,0x002E6F30,9,100
48943,317671,"Elias",15,189,0x002E6F53,0x002E6F57,5,100
48944,319638,"Moisés",15,189,0x002E6F72,0x002E6F76,6,100
48945,3301265,"Marcos Roberto",15,189,0x002E6F93,0x002E6F97,14,100
48946,306062,"Orlando",15,189,0x002E6FC4,0x002E6FC8,7,100
48947,315434,"Vítor",15,189,0x002E6FE7,0x002E6FEB,5,100
48948,312019,"Lúcio",15,189,0x002E7006,0x002E700A,5,100
48949,311678,"Geraldo",15,189,0x002E7025,0x002E7029,7,100
48950,6900127,"Everaldo",15,189,0x002E7048,0x002E704C,8,100
48951,317921,"Rômulo",14,189,0x002E706D,0x002E7071,6,100
48952,955397,"Hugo",14,189,0x002E708E,0x002E7092,4,100
48953,306604,"Émerson",14,189,0x002E70AB,0x002E70AF,7,100
48954,305049,"Wesley",14,189,0x002E70CE,0x002E70D2,6,100
48955,304765,"Cássio",14,189,0x002E70EF,0x002E70F3,6,100
48956,315419,"Almir",14,189,0x002E7110,0x002E7114,5,100
48957,107428,"Luiz Antônio",14,189,0x002E712F,0x002E7133,12,100
48958,6900642,"Luiz Fernando",14,189,0x002E715C,0x002E7160,13,100
48959,307125,"Miguel",14,189,0x002E718B,0x002E718F,6,100
48960,6900665,"Rubens",14,189,0x002E71AC,0x002E71B0,6,100
48961,838349,"Everton",14,189,0x002E71CD,0x002E71D1,7,100
48962,304472,"Charles",14,189,0x002E71F0,0x002E71F4,7,100
48963,316609,"Denílson",13,189,0x002E7213,0x002E7217,8,100
48964,319204,"Júlio",13,189,0x002E7238,0x002E723C,5,100
48965,885359,"Sidney",13,189,0x002E7257,0x002E725B,6,100
48966,317849,"Samuel",13,189,0x002E7278,0x002E727C,6,100
48967,3300226,"Alex Sandro",13,189,0x002E7299,0x002E729D,11,100
48968,310982,"Luís Fernando",13,189,0x002E72C4,0x002E72C8,13,100
48969,320319,"Marcelo José",13,189,0x002E72F3,0x002E72F7,12,100
48970,8827555,"Jorge Luiz",13,189,0x002E7320,0x002E7324,10,100
48971,310576,"Osvaldo",12,189,0x002E7349,0x002E734D,7,100
48972,304692,"Antônio Fernando",12,189,0x002E736C,0x002E7370,16,100
48973,7500604,"Agnaldo",12,189,0x002E73A1,0x002E73A5,7,100
48974,316008,"Cleiton",12,189,0x002E73C4,0x002E73C8,7,100
48975,315692,"Luiz Henrique",12,189,0x002E73E7,0x002E73EB,13,100
48976,315481,"Carlos Augusto",12,189,0x002E7416,0x002E741A,14,100
48977,315777,"Arthur",12,189,0x002E7447,0x002E744B,6,100
48978,8825479,"Ângelo",12,189,0x002E7468,0x002E746C,6,100
48979,306850,"Jean",12,189,0x002E7489,0x002E748D,4,100
48980,317851,"Dênis",11,189,0x002E74A6,0x002E74AA,5,100
48981,851289,"Marco",11,189,0x002E74C5,0x002E74C9,5,100
48982,317816,"Nivaldo",11,189,0x002E74E4,0x002E74E8,7,100
48983,3300405,"Marlon",11,189,0x002E7507,0x002E750B,6,100
48984,316828,"Carlos André",11,189,0x002E7528,0x002E752C,12,100
48985,308959,"Joel",11,189,0x002E7555,0x002E7559,4,100
48986,304675,"Clodoaldo",11,189,0x002E7572,0x002E7576,9,100
48987,307026,"Cícero",11,189,0x002E7599,0x002E759D,6,100
48988,316238,"Marcus Vinícius",11,189,0x002E75BA,0x002E75BE,15,100
48989,136653,"Edvaldo",11,189,0x002E75ED,0x002E75F1,7,100
48990,5112800,"Magno",11,189,0x002E7610,0x002E7614,5,100
48991,316721,"Altair",11,189,0x002E762F,0x002E7633,6,100
48992,315717,"Nílson",11,189,0x002E7650,0x002E7654,6,100
48993,316933,"Célio",11,189,0x002E7671,0x002E7675,5,100
48994,307153,"Ânderson",11,189,0x002E7690,0x002E7694,8,100
48995,305261,"Walter",10,189,0x002E76B5,0x002E76B9,6,100
48996,317712,"Odair",10,189,0x002E76D6,0x002E76DA,5,100
48997,304617,"Luiz Alberto",10,189,0x002E76F5,0x002E76F9,12,100
48998,316331,"Jaílson",10,189,0x002E7722,0x002E7726,7,100
48999,3300273,"Marcos Aurélio",10,189,0x002E7745,0x002E7749,14,100
49000,306874,"Marcos José",10,189,0x002E7776,0x002E777A,11,100
49001,308315,"Gérson",10,189,0x002E77A1,0x002E77A5,6,100
49002,304640,"Mateus",10,189,0x002E77C2,0x002E77C6,6,100
49003,6900523,"Romildo",10,189,0x002E77E3,0x002E77E7,7,100
49004,3300406,"Josimar",10,189,0x002E7806,0x002E780A,7,100
49005,675710,"Ademar",10,189,0x002E7829,0x002E782D,6,100
49006,7004784,"Itamar",10,189,0x002E784A,0x002E784E,6,100
49007,316961,"Valdir",10,189,0x002E786B,0x002E786F,6,100
49008,301753,"Moacir",10,189,0x002E788C,0x002E7890,6,100
49009,8827263,"Diogo",10,189,0x002E78AD,0x002E78B1,5,100
49010,8829856,"Giovani",9,189,0x002E78CC,0x002E78D0,7,100
49011,318184,"Wilton",9,189,0x002E78EF,0x002E78F3,6,100
49012,303378,"Luís Antônio",9,189,0x002E7910,0x002E7914,12,100
49013,302329,"Antônio César",9,189,0x002E793D,0x002E7941,13,100
49014,317092,"Júnior",9,189,0x002E796C,0x002E7970,6,100
49015,305390,"Djalma",9,189,0x002E798D,0x002E7991,6,100
49016,316912,"Jurandir",9,189,0x002E79AE,0x002E79B2,8,100
49017,318270,"Joílson",9,189,0x002E79D3,0x002E79D7,7,100
49018,302560,"Artur",9,189,0x002E79F6,0x002E79FA,5,100
49019,319783,"Mário Sérgio",9,189,0x002E7A15,0x002E7A19,12,100
49020,8835234,"Nílton",9,189,0x002E7A42,0x002E7A46,6,100
49021,318734,"Armando",9,189,0x002E7A63,0x002E7A67,7,100
49022,312144,"David",9,189,0x002E7A86,0x002E7A8A,5,100
49023,315446,"Haroldo",9,189,0x002E7AA5,0x002E7AA9,7,100
49024,316099,"Paulo Rogério",9,189,0x002E7AC8,0x002E7ACC,13,100
49025,8832818,"Frederico",9,189,0x002E7AF7,0x002E7AFB,9,100
49026,308233,"Válter",9,189,0x002E7B1E,0x002E7B22,6,100
49027,3300441,"Carlos César",9,189,0x002E7B3F,0x002E7B43,12,100
49028,317709,"Arnaldo",9,189,0x002E7B6C,0x002E7B70,7,100
49029,8827291,"Marcos Vinícius",9,189,0x002E7B8F,0x002E7B93,15,100
49030,318357,"Victor",9,189,0x002E7BC2,0x002E7BC6,6,100
49031,315681,"Ramón",9,189,0x002E7BE3,0x002E7BE7,5,100
49032,319246,"Valdinei",9,189,0x002E7C02,0x002E7C06,8,100
49033,8833700,"Osmar",9,189,0x002E7C27,0x002E7C2B,5,100
49034,3300277,"Marcos Rogério",9,189,0x002E7C46,0x002E7C4A,14,100
49035,310771,"José Augusto",9,189,0x002E7C77,0x002E7C7B,12,100
49036,311411,"Valmir",9,189,0x002E7CA4,0x002E7CA8,6,100
49037,319213,"Roger",8,189,0x002E7CC5,0x002E7CC9,5,100
49038,304439,"Waldir",8,189,0x002E7CE4,0x002E7CE8,6,100
49039,316034,"Fábio Luiz",8,189,0x002E7D05,0x002E7D09,10,100
49040,318352,"Saulo",8,189,0x002E7D2E,0x002E7D32,5,100
49041,304516,"Wendel",8,189,0x002E7D4D,0x002E7D51,6,100
49042,8826382,"Wallace",8,189,0x002E7D6E,0x002E7D72,7,100
49043,304344,"Maicon",8,189,0x002E7D91,0x002E7D95,6,100
49044,304325,"Adalberto",8,189,0x002E7DB2,0x002E7DB6,9,100
49045,748982,"Evaldo",8,189,0x002E7DD9,0x002E7DDD,6,100
49046,316117,"Edivaldo",8,189,0x002E7DFA,0x002E7DFE,8,100
49047,307229,"Josias",8,189,0x002E7E1F,0x002E7E23,6,100
49048,304644,"Túlio",8,189,0x002E7E40,0x002E7E44,5,100
49049,831377,"Amauri",8,189,0x002E7E5F,0x002E7E63,6,100
49050,305383,"Gláuber",8,189,0x002E7E80,0x002E7E84,7,100
49051,312120,"Clayton",8,189,0x002E7EA3,0x002E7EA7,7,100
49052,305142,"Alexandro",8,189,0x002E7EC6,0x002E7ECA,9,100
49053,306113,"Antônio José",8,189,0x002E7EED,0x002E7EF1,12,100
49054,318365,"Claudemir",8,189,0x002E7F1A,0x002E7F1E,9,100
49055,305775,"Juarez",8,189,0x002E7F41,0x002E7F45,6,100
49056,317618,"Edgar",8,189,0x002E7F62,0x002E7F66,5,100
49057,312451,"Augusto",8,189,0x002E7F81,0x002E7F85,7,100
49058,318703,"Ismael",8,189,0x002E7FA4,0x002E7FA8,6,100
49059,320919,"Ivanildo",8,189,0x002E7FC5,0x002E7FC9,8,100
49060,320939,"Afonso",8,189,0x002E7FEA,0x002E7FEE,6,100
49061,1593,"Isaías",8,189,0x002E800B,0x002E800F,6,100
49062,315219,"Anderson Luís",8,189,0x002E802C,0x002E8030,13,100
49063,8830331,"Allan",8,189,0x002E805B,0x002E805F,5,100
49064,306678,"Ronald",8,189,0x002E807A,0x002E807E,6,100
49065,320265,"Edmar",8,189,0x002E809B,0x002E809F,5,100
49066,8156120,"Hamilton",8,189,0x002E80BA,0x002E80BE,8,100
49067,316302,"George",8,189,0x002E80DF,0x002E80E3,6,100
49068,319314,"Antônio Marcos",8,189,0x002E8100,0x002E8104,14,100
49069,312085,"Régis",8,189,0x002E8131,0x002E8135,5,100
49070,311704,"Éderson",8,189,0x002E8150,0x002E8154,7,100
49071,317840,"Elton",8,189,0x002E8173,0x002E8177,5,100
49072,317821,"Álvaro",8,189,0x002E8192,0x002E8196,6,100
49073,2001566,"José Raimundo",8,189,0x002E81B3,0x002E81B7,13,100
49074,775578,"Jonas",8,189,0x002E81E2,0x002E81E6,5,100
49075,8833498,"Josué",8,189,0x002E8201,0x002E8205,5,100
49076,775153,"José Mário",8,189,0x002E8220,0x002E8224,10,100
49077,8827276,"Ênio",7,189,0x002E8249,0x002E824D,4,100
49078,3300414,"Marcos André",7,189,0x002E8266,0x002E826A,12,100
49079,311412,"Éverton",7,189,0x002E8293,0x002E8297,7,100
49080,315222,"Laerte",7,189,0x002E82B6,0x002E82BA,6,100
49081,315177,"Geovani",7,189,0x002E82D7,0x002E82DB,7,100
49082,2001593,"Roberto Carlos",7,189,0x002E82FA,0x002E82FE,14,100
49083,7003452,"Sérgio Ricardo",7,189,0x002E832B,0x002E832F,14,100
49084,305111,"Sidnei",7,189,0x002E835C,0x002E8360,6,100
49085,315510,"Luiz Eduardo",7,189,0x002E837D,0x002E8381,12,100
49086,3301352,"Aírton",7,189,0x002E83AA,0x002E83AE,6,100
49087,305508,"Clóvis",7,189,0x002E83CB,0x002E83CF,6,100
49088,316873,"Valdeir",7,189,0x002E83EC,0x002E83F0,7,100
49089,8833554,"Jaime",7,189,0x002E840F,0x002E8413,5,100
49090,316888,"Caio",7,189,0x002E842E,0x002E8432,4,100
49091,3300814,"Damião",7,189,0x002E844B,0x002E844F,6,100
49092,321046,"Erivaldo",7,189,0x002E846C,0x002E8470,8,100
49093,315612,"Dionísio",7,189,0x002E8491,0x002E8495,8,100
49094,307121,"Israel",7,189,0x002E84B6,0x002E84BA,6,100
49095,8829872,"Everson",7,189,0x002E84D7,0x002E84DB,7,100
49096,744338,"Manuel",7,189,0x002E84FA,0x002E84FE,6,100
49097,321162,"Dorival",7,189,0x002E851B,0x002E851F,7,100
49098,303545,"Jéfferson",7,189,0x002E853E,0x002E8542,9,100
49099,316955,"José Maria",7,189,0x002E8565,0x002E8569,10,100
49100,306100,"Alisson",7,189,0x002E858E,0x002E8592,7,100
49101,315860,"Wanderson",7,189,0x002E85B1,0x002E85B5,9,100
49102,303620,"Roberval",7,189,0x002E85D8,0x002E85DC,8,100
49103,301797,"Robert",7,189,0x002E85FD,0x002E8601,6,100
49104,318281,"Patrício",7,189,0x002E861E,0x002E8622,8,100
49105,143946,"Carlos Antônio",7,189,0x002E8643,0x002E8647,14,100
49106,320753,"Valdecir",7,189,0x002E8674,0x002E8678,8,100
49107,8720045,"Fabio",7,189,0x002E8699,0x002E869D,5,100
49108,311584,"Vladimir",7,189,0x002E86B8,0x002E86BC,8,100
49109,306897,"Jádson",7,189,0x002E86DD,0x002E86E1,6,100
49110,311611,"José Eduardo",7,189,0x002E86FE,0x002E8702,12,100
49111,310977,"Murilo",7,189,0x002E872B,0x002E872F,6,100
49112,317955,"Laércio",7,189,0x002E874C,0x002E8750,7,100
49113,307413,"Nélio",7,189,0x002E876F,0x002E8773,5,100
49114,306378,"Márcio Antônio",6,189,0x002E878E,0x002E8792,14,100
49115,829598,"Gélson",6,189,0x002E87BF,0x002E87C3,6,100
49116,304067,"Francisco Carlos",6,189,0x002E87E0,0x002E87E4,16,100
49117,316079,"José Ricardo",6,189,0x002E8815,0x002E8819,12,100
49118,311778,"Valdemir",6,189,0x002E8842,0x002E8846,8,100
49119,303920,"Paulo Ricardo",6,189,0x002E8867,0x002E886B,13,100
49120,3301245,"Marcelo Luís",6,189,0x002E8896,0x002E889A,12,100
49121,3301584,"Otacílio",6,189,0x002E88C3,0x002E88C7,8,100
49122,8835138,"Donizete",6,189,0x002E88E8,0x002E88EC,8,100
49123,305378,"Edmundo",6,189,0x002E890D,0x002E8911,7,100
49124,304370,"Luís Gustavo",6,189,0x002E8930,0x002E8934,12,100
49125,310971,"Luís Alberto",6,189,0x002E895D,0x002E8961,12,100
49126,306485,"Ivair",6,189,0x002E898A,0x002E898E,5,100
49127,302291,"Mário César",6,189,0x002E89A9,0x002E89AD,11,100
49128,315701,"Cristóvão",6,189,0x002E89D4,0x002E89D8,9,100
49129,320988,"Carlos Alexandre",6,189,0x002E89FB,0x002E89FF,16,100
49130,319930,"Rodolfo",6,189,0x002E8A30,0x002E8A34,7,100
49131,316512,"Richard",6,189,0x002E8A53,0x002E8A57,7,100
49132,311679,"Fábio José",6,189,0x002E8A76,0x002E8A7A,10,100
49133,318651,"José Pedro",6,189,0x002E8A9F,0x002E8AA3,10,100
49134,315239,"Rondinelli",6,189,0x002E8AC8,0x002E8ACC,10,100
49135,308416,"Vanderson",6,189,0x002E8AF1,0x002E8AF5,9,100
49136,3301323,"Ulisses",6,189,0x002E8B18,0x002E8B1C,7,100
49137,316128,"Tarcísio",6,189,0x002E8B3B,0x002E8B3F,8,100
49138,304823,"Alexandre José",6,189,0x002E8B60,0x002E8B64,14,100
49139,305965,"Lindomar",6,189,0x002E8B91,0x002E8B95,8,100
49140,305604,"Marcos Luiz",6,189,0x002E8BB6,0x002E8BBA,11,100
49141,317615,"Simão",6,189,0x002E8BE1,0x002E8BE5,5,100
49142,307015,"Wanderley",6,189,0x002E8C00,0x002E8C04,9,100
49143,316216,"Davi",6,189,0x002E8C27,0x002E8C2B,4,100
49144,311264,"Joaquim",6,189,0x002E8C44,0x002E8C48,7,100
49145,3300304,"Giuliano",6,189,0x002E8C67,0x002E8C6B,8,100
49146,306961,"Domingos",6,189,0x002E8C8C,0x002E8C90,8,100
49147,319609,"Cláudio Roberto",6,189,0x002E8CB1,0x002E8CB5,15,100
49148,316869,"Baltazar",6,189,0x002E8CE4,0x002E8CE8,8,100
49149,305729,"Eduardo Luís",6,189,0x002E8D09,0x002E8D0D,12,100
49150,8833706,"Lauro",6,189,0x002E8D36,0x002E8D3A,5,100
49151,304085,"Ernandes",6,189,0x002E8D55,0x002E8D59,8,100
49152,309565,"Eugênio",6,189,0x002E8D7A,0x002E8D7E,7,100
49153,3300279,"Christiano",6,189,0x002E8D9D,0x002E8DA1,10,100
49154,305771,"Christian",6,189,0x002E8DC6,0x002E8DCA,9,100
49155,305761,"Fábio Henrique",6,189,0x002E8DED,0x002E8DF1,14,100
49156,3300620,"Ubiraci",5,189,0x002E8E1E,0x002E8E22,7,100
49157,306870,"Alysson",5,189,0x002E8E41,0x002E8E45,7,100
49158,8833434,"Emanuel",5,189,0x002E8E64,0x002E8E68,7,100
49159,310715,"Vânder",5,189,0x002E8E87,0x002E8E8B,6,100
49160,305861,"Rodrigo Antônio",5,189,0x002E8EA8,0x002E8EAC,15,100
49161,316439,"Sérgio Roberto",5,189,0x002E8EDB,0x002E8EDF,14,100
49162,305918,"Sandro Rogério",5,189,0x002E8F0C,0x002E8F10,14,100
49163,305940,"Carlos José",5,189,0x002E8F3D,0x002E8F41,11,100
49164,319497,"Arílson",5,189,0x002E8F68,0x002E8F6C,7,100
49165,318176,"Samir",5,189,0x002E8F8B,0x002E8F8F,5,100
49166,305507,"Leonardo José",5,189,0x002E8FAA,0x002E8FAE,13,100
49167,317135,"Matheus",5,189,0x002E8FD9,0x002E8FDD,7,100
49168,306006,"Paulo Renato",5,189,0x002E8FFC,0x002E9000,12,100
49169,305447,"Eraldo",5,189,0x002E9029,0x002E902D,6,100
49170,8832948,"Pablo",5,189,0x002E904A,0x002E904E,5,100
49171,307209,"Luís Fabiano",5,189,0x002E9069,0x002E906D,12,100
49172,3300999,"Alberto Carlos",5,189,0x002E9096,0x002E909A,14,100
49173,305327,"João Francisco",5,189,0x002E90C7,0x002E90CB,14,100
49174,8832908,"Paulo André",5,189,0x002E90F8,0x002E90FC,11,100
49175,318327,"José Cláudio",5,189,0x002E9123,0x002E9127,12,100
49176,305280,"Rodrigo José",5,189,0x002E9150,0x002E9154,12,100
49177,317531,"Marcos Henrique",5,189,0x002E917D,0x002E9181,15,100
49178,317445,"Erivélton",5,189,0x002E91B0,0x002E91B4,9,100
49179,316073,"Amarildo",5,189,0x002E91D7,0x002E91DB,8,100
49180,308245,"Gilvan",5,189,0x002E91FC,0x002E9200,6,100
49181,308303,"Maciel",5,189,0x002E921D,0x002E9221,6,100
49182,303942,"Lourival",5,189,0x002E923E,0x002E9242,8,100
49183,316031,"Jonathan",5,189,0x002E9263,0x002E9267,8,100
49184,320766,"Antônio Augusto",5,189,0x002E9288,0x002E928C,15,100
49185,311786,"Márcio Alexandre",5,189,0x002E92BB,0x002E92BF,16,100
49186,8830531,"José Márcio",5,189,0x002E92F0,0x002E92F4,11,100
49187,318001,"José Paulo",5,189,0x002E931B,0x002E931F,10,100
49188,316553,"Ítalo",5,189,0x002E9344,0x002E9348,5,100
49189,302201,"Renê",5,189,0x002E9363,0x002E9367,4,100
49190,311504,"Ronaldo Luiz",5,189,0x002E9380,0x002E9384,12,100
49191,315844,"Edinaldo",5,189,0x002E93AD,0x002E93B1,8,100
49192,744367,"Wendell",5,189,0x002E93D2,0x002E93D6,7,100
49193,319660,"Jaílton",5,189,0x002E93F5,0x002E93F9,7,100
49194,311464,"Válber",5,189,0x002E9418,0x002E941C,6,100
49195,302297,"Hermes",5,189,0x002E9439,0x002E943D,6,100
49196,318084,"Frédson",5,189,0x002E945A,0x002E945E,7,100
49197,318709,"Márcio José",5,189,0x002E947D,0x002E9481,11,100
49198,306645,"Ronildo",5,189,0x002E94A8,0x002E94AC,7,100
49199,304542,"Décio",5,189,0x002E94CB,0x002E94CF,5,100
49200,318678,"João Pedro",5,189,0x002E94EA,0x002E94EE,10,100
49201,320998,"Luís Henrique",5,189,0x002E9513,0x002E9517,13,100
49202,8874473,"Filipe",5,189,0x002E9542,0x002E9546,6,100
49203,312151,"Wenderson",5,189,0x002E9563,0x002E9567,9,100
49204,3900673,"Fábio Augusto",5,189,0x002E958A,0x002E958E,13,100
49205,318591,"Hélcio",5,189,0x002E95B9,0x002E95BD,6,100
49206,7005057,"Luís Cláudio",5,189,0x002E95DA,0x002E95DE,12,100
49207,311337,"Anselmo",5,189,0x002E9607,0x002E960B,7,100
49208,312078,"Marcel",5,189,0x002E962A,0x002E962E,6,100
49209,315731,"José Alberto",5,189,0x002E964B,0x002E964F,12,100
49210,312102,"Francisco José",5,189,0x002E9678,0x002E967C,14,100
49211,6900156,"Luís Eduardo",5,189,0x002E96A9,0x002E96AD,12,100
49212,304689,"Aílton José",4,189,0x002E96D6,0x002E96DA,11,100
49213,8831668,"Marcos César",4,189,0x002E9701,0x002E9705,12,100
49214,306688,"Ubirajara",4,189,0x002E972E,0x002E9732,9,100
49215,776399,"José Maurício",4,189,0x002E9755,0x002E9759,13,100
49216,315804,"Lenílson",4,189,0x002E9784,0x002E9788,8,100
49217,312198,"Genílson",4,189,0x002E97A9,0x002E97AD,8,100
49218,318524,"César Augusto",4,189,0x002E97CE,0x002E97D2,13,100
49219,318515,"Eliomar",4,189,0x002E97FD,0x002E9801,7,100
49220,3301483,"Raimundo Nonato",4,189,0x002E9820,0x002E9824,15,100
49221,312225,"Marivaldo",4,189,0x002E9853,0x002E9857,9,100
49222,320991,"Luís Otávio",4,189,0x002E987A,0x002E987E,11,100
49223,321126,"Fábio Roberto",4,189,0x002E98A5,0x002E98A9,13,100
49224,306137,"Enílson",4,189,0x002E98D4,0x002E98D8,7,100
49225,8827045,"Alfredo",4,189,0x002E98F7,0x002E98FB,7,100
49226,315949,"Otávio",4,189,0x002E991A,0x002E991E,6,100
49227,311794,"Cláudio Luiz",4,189,0x002E993B,0x002E993F,12,100
49228,301522,"Valdomiro",4,189,0x002E9968,0x002E996C,9,100
49229,315059,"Augusto César",4,189,0x002E998F,0x002E9993,13,100
49230,302471,"Luís Paulo",4,189,0x002E99BE,0x002E99C2,10,100
49231,320480,"Adaílton",4,189,0x002E99E7,0x002E99EB,8,100
49232,317498,"Edvan",4,189,0x002E9A0C,0x002E9A10,5,100
49233,306084,"Rony",4,189,0x002E9A2B,0x002E9A2F,4,100
49234,320358,"Pedro Luiz",4,189,0x002E9A48,0x002E9A4C,10,100
49235,315608,"Rui",4,189,0x002E9A71,0x002E9A75,3,100
49236,317476,"Isaac",4,189,0x002E9A8C,0x002E9A90,5,100
49237,318765,"Gláucio",4,189,0x002E9AAB,0x002E9AAF,7,100
49238,3300807,"Antônio Gilberto",4,189,0x002E9ACE,0x002E9AD2,16,100
49239,3300639,"Anderson Luiz",4,189,0x002E9B03,0x002E9B07,13,100
49240,8833416,"Ademílson",4,189,0x002E9B32,0x002E9B36,9,100
49241,319264,"Ricardo Alexandre",4,189,0x002E9B59,0x002E9B5D,17,100
49242,3300500,"Marcelo Augusto",4,189,0x002E9B90,0x002E9B94,15,100
49243,306882,"Patrick",4,189,0x002E9BC3,0x002E9BC7,7,100
49244,316305,"Alcides",4,189,0x002E9BE6,0x002E9BEA,7,100
49245,306161,"João Henrique",4,189,0x002E9C09,0x002E9C0D,13,100
49246,306158,"Renato Luiz",4,189,0x002E9C38,0x002E9C3C,11,100
49247,317405,"Jerônimo",4,189,0x002E9C63,0x002E9C67,8,100
49248,317367,"Warley",4,189,0x002E9C88,0x002E9C8C,6,100
49249,318205,"Cláudio André",4,189,0x002E9CA9,0x002E9CAD,13,100
49250,8833491,"Luiz Fabiano",4,189,0x002E9CD8,0x002E9CDC,12,100
49251,305967,"Luiz Cláudio",4,189,0x002E9D05,0x002E9D09,12,100
49252,310775,"Luiz Renato",4,189,0x002E9D32,0x002E9D36,11,100
49253,315165,"Bernardo",4,189,0x002E9D5D,0x002E9D61,8,100
49254,8833551,"Aloísio",4,189,0x002E9D82,0x002E9D86,7,100
49255,308961,"Newton",4,189,0x002E9DA5,0x002E9DA9,6,100
49256,307023,"Sandro Luís",4,189,0x002E9DC6,0x002E9DCA,11,100
49257,316492,"Deivid",4,189,0x002E9DF1,0x002E9DF5,6,100
49258,305788,"Sander",4,189,0x002E9E12,0x002E9E16,6,100
49259,320267,"Clévio",4,189,0x002E9E33,0x002E9E37,6,100
49260,320255,"Ednaldo",4,189,0x002E9E54,0x002E9E58,7,100
49261,317742,"Jean Marcelo",4,189,0x002E9E77,0x002E9E7B,12,100
49262,307108,"Cleyton",4,189,0x002E9EA4,0x002E9EA8,7,100
49263,8155202,"Rinaldo",4,189,0x002E9EC7,0x002E9ECB,7,100
49264,308574,"Aguinaldo",4,189,0x002E9EEA,0x002E9EEE,9,100
49265,727410,"Sérgio Luís",4,189,0x002E9F11,0x002E9F15,11,100
49266,305714,"João Luís",4,189,0x002E9F3C,0x002E9F40,9,100
49267,319718,"José Francisco",4,189,0x002E9F63,0x002E9F67,14,100
49268,8827474,"Jales",4,189,0x002E9F94,0x002E9F98,5,100
49269,303261,"Ruy",4,189,0x002E9FB3,0x002E9FB7,3,100
49270,319683,"Jéferson",4,189,0x002E9FCE,0x002E9FD2,8,100
49271,307228,"Mário Augusto",4,189,0x002E9FF3,0x002E9FF7,13,100
49272,304177,"João Marcelo",4,189,0x002EA022,0x002EA026,12,100
49273,307423,"Ney",4,189,0x002EA04F,0x002EA053,3,100
49274,311690,"Vanílson",4,189,0x002EA06A,0x002EA06E,8,100
49275,317133,"João Fernando",4,189,0x002EA08F,0x002EA093,13,100
49276,311681,"Flávio Luiz",4,189,0x002EA0BE,0x002EA0C2,11,100
49277,308068,"Ari",4,189,0x002EA0E9,0x002EA0ED,3,100
49278,308087,"Tadeu",4,189,0x002EA104,0x002EA108,5,100
49279,317845,"Elivélton",4,189,0x002EA123,0x002EA127,9,100
49280,304261,"Givanildo",4,189,0x002EA14A,0x002EA14E,9,100
49281,304387,"Sandro Luiz",4,189,0x002EA171,0x002EA175,11,100
49282,304394,"Vítor Hugo",4,189,0x002EA19C,0x002EA1A0,10,100
49283,315744,"Hílton",4,189,0x002EA1C5,0x002EA1C9,6,100
49284,311324,"Glauco",4,189,0x002EA1E6,0x002EA1EA,6,100
49285,311634,"João José",4,189,0x002EA207,0x002EA20B,9,100
49286,304927,"Edílson José",4,189,0x002EA22E,0x002EA232,12,100
49287,8835155,"Luiz Felipe",4,189,0x002EA25B,0x002EA25F,11,100
49288,8825005,"Jorge Henrique",4,189,0x002EA286,0x002EA28A,14,100
49289,7001363,"João Rodrigo",4,189,0x002EA2B7,0x002EA2BB,12,100
49290,8827651,"Marcus",4,189,0x002EA2E4,0x002EA2E8,6,100
49291,6900563,"Walmir",4,189,0x002EA305,0x002EA309,6,100
49292,317981,"Michael",4,189,0x002EA326,0x002EA32A,7,100
49293,8835141,"Fernando Henrique",4,189,0x002EA349,0x002EA34D,17,100
49294,305066,"Paulo José",4,189,0x002EA380,0x002EA384,10,100
49295,311544,"Alexandre Ricardo",4,189,0x002EA3A9,0x002EA3AD,17,100
49296,311377,"Fábio André",4,189,0x002EA3E0,0x002EA3E4,11,100
49297,2001407,"Sérgio Henrique",4,189,0x002EA40B,0x002EA40F,15,100
49298,305127,"Ezequiel",4,189,0x002EA43E,0x002EA442,8,100
49299,316906,"Cristian",4,189,0x002EA463,0x002EA467,8,100
49300,315318,"Abílio",4,189,0x002EA488,0x002EA48C,6,100
49301,305186,"Wagner",4,189,0x002EA4A9,0x002EA4AD,6,100
49302,305190,"Juan",4,189,0x002EA4CA,0x002EA4CE,4,100
49303,316940,"Ewerton",4,189,0x002EA4E7,0x002EA4EB,7,100
49304,6900062,"Evanílson",4,189,0x002EA50A,0x002EA50E,9,100
49305,6706057,"Maximiliano",3,189,0x002EA531,0x002EA535,11,100
49306,6900061,"Tércio",3,189,0x002EA55C,0x002EA560,6,100
49307,6700589,"João Maria",3,189,0x002EA57D,0x002EA581,10,100
49308,6900083,"Valberto",3,189,0x002EA5A6,0x002EA5AA,8,100
49309,305213,"Ubiratan",3,189,0x002EA5CB,0x002EA5CF,8,100
49310,316939,"Genival",3,189,0x002EA5F0,0x002EA5F4,7,100
49311,305215,"Carlos Magno",3,189,0x002EA613,0x002EA617,12,100
49312,1025395,"Adenílson",3,189,0x002EA640,0x002EA644,9,100
49313,309116,"Ricardo Luiz",3,189,0x002EA667,0x002EA66B,12,100
49314,8833760,"Júnior César",3,189,0x002EA694,0x002EA698,12,100
49315,305146,"José Fábio",3,189,0x002EA6C1,0x002EA6C5,10,100
49316,14532,"Wágner José",3,189,0x002EA6EA,0x002EA6EE,11,100
49317,315391,"Washington Luiz",3,189,0x002EA715,0x002EA719,15,100
49318,305108,"Genésio",3,189,0x002EA748,0x002EA74C,7,100
49319,319614,"Carlos Renato",3,189,0x002EA76B,0x002EA76F,13,100
49320,311500,"Silas",3,189,0x002EA79A,0x002EA79E,5,100
49321,2001438,"Pedro Eduardo",3,189,0x002EA7B9,0x002EA7BD,13,100
49322,2001503,"Elinaldo",3,189,0x002EA7E8,0x002EA7EC,8,100
49323,8833717,"Tássio",3,189,0x002EA80D,0x002EA811,6,100
49324,5723205,"Antonio",3,189,0x002EA82E,0x002EA832,7,100
49325,317701,"Marco Túlio",3,189,0x002EA851,0x002EA855,11,100
49326,305062,"Hélton",3,189,0x002EA87C,0x002EA880,6,100
49327,6900161,"Adílson José",3,189,0x002EA89D,0x002EA8A1,12,100
49328,305030,"Natanael",3,189,0x002EA8CA,0x002EA8CE,8,100
49329,316822,"Darcy",3,189,0x002EA8EF,0x002EA8F3,5,100
49330,3902267,"Marcello",3,189,0x002EA90E,0x002EA912,8,100
49331,317724,"Heleno",3,189,0x002EA933,0x002EA937,6,100
49332,3902247,"Elpídio",3,189,0x002EA954,0x002EA958,7,100
49333,6900658,"Dirceu",3,189,0x002EA977,0x002EA97B,6,100
49334,8825128,"Jardel",3,189,0x002EA998,0x002EA99C,6,100
49335,2013428,"Jorge Alberto",3,189,0x002EA9B9,0x002EA9BD,13,100
49336,8835149,"Jeremias",3,189,0x002EA9E8,0x002EA9EC,8,100
49337,8825092,"Abel",3,189,0x002EAA0D,0x002EAA11,4,100
49338,317924,"Luís André",3,189,0x002EAA2A,0x002EAA2E,10,100
49339,311328,"Arlindo",3,189,0x002EAA53,0x002EAA57,7,100
49340,304967,"Evaristo",3,189,0x002EAA76,0x002EAA7A,8,100
49341,8825773,"Jader",3,189,0x002EAA9B,0x002EAA9F,5,100
49342,3301586,"Vanderley",3,189,0x002EAABA,0x002EAABE,9,100
49343,305394,"Levi",3,189,0x002EAAE1,0x002EAAE5,4,100
49344,316674,"Luís César",3,189,0x002EAAFE,0x002EAB02,10,100
49345,304635,"Wescley",3,189,0x002EAB27,0x002EAB2B,7,100
49346,304424,"Vilson",3,189,0x002EAB4A,0x002EAB4E,6,100
49347,317098,"Cléberson",3,189,0x002EAB6B,0x002EAB6F,9,100
49348,305396,"Héber",3,189,0x002EAB92,0x002EAB96,5,100
49349,304319,"Élton",3,189,0x002EABB1,0x002EABB5,5,100
49350,311659,"Pedro José",3,189,0x002EABD0,0x002EABD4,10,100
49351,304228,"Lucimar",3,189,0x002EABF9,0x002EABFD,7,100
49352,308220,"Marcos Alexandre",3,189,0x002EAC1C,0x002EAC20,16,100
49353,311668,"Marciel",3,189,0x002EAC51,0x002EAC55,7,100
49354,317129,"Gedeon",3,189,0x002EAC74,0x002EAC78,6,100
49355,307459,"Wilson Roberto",3,189,0x002EAC95,0x002EAC99,14,100
49356,307441,"Romeu",3,189,0x002EACC6,0x002EACCA,5,100
49357,8827557,"Peterson",3,189,0x002EACE5,0x002EACE9,8,100
49358,305455,"Cléber Antônio",3,189,0x002EAD0A,0x002EAD0E,14,100
49359,307319,"Ferdinando",3,189,0x002EAD3B,0x002EAD3F,10,100
49360,303984,"Ovídio",3,189,0x002EAD64,0x002EAD68,6,100
49361,317141,"Marcelo Luiz",3,189,0x002EAD85,0x002EAD89,12,100
49362,305682,"Alcir",3,189,0x002EADB2,0x002EADB6,5,100
49363,303466,"Alexandre Luiz",3,189,0x002EADD1,0x002EADD5,14,100
49364,902289,"César Luís",3,189,0x002EAE02,0x002EAE06,10,100
49365,307128,"Geovane",3,189,0x002EAE2B,0x002EAE2F,7,100
49366,5748553,"Ederson",3,189,0x002EAE4E,0x002EAE52,7,100
49367,303254,"Ranieri",3,189,0x002EAE71,0x002EAE75,7,100
49368,303224,"Darlan",3,189,0x002EAE94,0x002EAE98,6,100
49369,317818,"Franklin",3,189,0x002EAEB5,0x002EAEB9,8,100
49370,837112,"Jose",3,189,0x002EAEDA,0x002EAEDE,4,100
49371,307095,"Marcone",3,189,0x002EAEF7,0x002EAEFB,7,100
49372,320245,"Waldemar",3,189,0x002EAF1A,0x002EAF1E,8,100
49373,8833590,"João Ricardo",3,189,0x002EAF3F,0x002EAF43,12,100
49374,320251,"Mário Felipe",3,189,0x002EAF6C,0x002EAF70,12,100
49375,310829,"Fábio Luís",3,189,0x002EAF99,0x002EAF9D,10,100
49376,133761,"Aurélio",3,189,0x002EAFC2,0x002EAFC6,7,100
49377,317172,"Celsiney",3,189,0x002EAFE5,0x002EAFE9,8,100
49378,8830737,"Regílson",3,189,0x002EB00A,0x002EB00E,8,100
49379,315183,"Hélder",3,189,0x002EB02F,0x002EB033,6,100
49380,318123,"Juliano César",3,189,0x002EB050,0x002EB054,13,100
49381,8830358,"Valdenir",3,189,0x002EB07F,0x002EB083,8,100
49382,317582,"André Ricardo",3,189,0x002EB0A4,0x002EB0A8,13,100
49383,316448,"Vicente",3,189,0x002EB0D3,0x002EB0D7,7,100
49384,3300144,"Sérgio Luiz",3,189,0x002EB0F6,0x002EB0FA,11,100
49385,533460,"Thiago José",3,189,0x002EB121,0x002EB125,11,100
49386,316411,"Dagoberto",3,189,0x002EB14C,0x002EB150,9,100
49387,8830377,"Alexandre Luís",3,189,0x002EB173,0x002EB177,14,100
49388,316387,"Ronivaldo",3,189,0x002EB1A4,0x002EB1A8,9,100
49389,310787,"Messias",3,189,0x002EB1CB,0x002EB1CF,7,100
49390,306990,"Luiz Roberto",3,189,0x002EB1EE,0x002EB1F2,12,100
49391,8833526,"Adson",3,189,0x002EB21B,0x002EB21F,5,100
49392,305909,"Ivo",3,189,0x002EB23A,0x002EB23E,3,100
49393,3300404,"Naílton",3,189,0x002EB255,0x002EB259,7,100
49394,320304,"Heitor",3,189,0x002EB278,0x002EB27C,6,100
49395,7980289,"Paulo Jorge",3,189,0x002EB299,0x002EB29D,11,100
49396,306017,"Márcio Luís",3,189,0x002EB2C4,0x002EB2C8,11,100
49397,306035,"Fábio Paulo",3,189,0x002EB2EF,0x002EB2F3,11,100
49398,306914,"Marcos Eduardo",3,189,0x002EB31A,0x002EB31E,14,100
49399,306898,"Volnei",3,189,0x002EB34B,0x002EB34F,6,100
49400,310711,"Marcelino",3,189,0x002EB36C,0x002EB370,9,100
49401,3300449,"Carlos Humberto",3,189,0x002EB393,0x002EB397,15,100
49402,315139,"Jorge Roberto",3,189,0x002EB3C6,0x002EB3CA,13,100
49403,3300454,"Arley",3,189,0x002EB3F5,0x002EB3F9,5,100
49404,316263,"José Leandro",3,189,0x002EB414,0x002EB418,12,100
49405,3300455,"Fabian",3,189,0x002EB441,0x002EB445,6,100
49406,3300456,"Jean Carlo",3,189,0x002EB462,0x002EB466,10,100
49407,306055,"André Augusto",3,189,0x002EB48B,0x002EB48F,13,100
49408,3801683,"Eliel",3,189,0x002EB4BA,0x002EB4BE,5,100
49409,316223,"Ricardo José",3,189,0x002EB4D9,0x002EB4DD,12,100
49410,8833423,"Alencar",3,189,0x002EB506,0x002EB50A,7,100
49411,7522081,"Alex José",3,189,0x002EB529,0x002EB52D,9,100
49412,8833085,"José Marcos",3,189,0x002EB550,0x002EB554,11,100
49413,3300575,"Osvaldo Luiz",3,189,0x002EB57B,0x002EB57F,12,100
49414,318344,"Vantuir",3,189,0x002EB5A8,0x002EB5AC,7,100
49415,3300765,"Claudinei Alexandre",3,189,0x002EB5CB,0x002EB5CF,19,100
49416,3300769,"Alonso",3,189,0x002EB606,0x002EB60A,6,100
49417,316139,"Arivaldo",3,189,0x002EB627,0x002EB62B,8,100
49418,3300800,"Ednílson",3,189,0x002EB64C,0x002EB650,8,100
49419,319228,"Omar",3,189,0x002EB671,0x002EB675,4,100
49420,306275,"Marques",3,189,0x002EB68E,0x002EB692,7,100
49421,8827073,"Élcio",3,189,0x002EB6B1,0x002EB6B5,5,100
49422,3300857,"Agenor",3,189,0x002EB6D0,0x002EB6D4,6,100
49423,3300860,"Paulo Afonso",3,189,0x002EB6F1,0x002EB6F5,12,100
49424,3300928,"João Roberto",3,189,0x002EB71E,0x002EB722,12,100
49425,3301050,"Wladimir",3,189,0x002EB74B,0x002EB74F,8,100
49426,890719,"Ivan Carlos",3,189,0x002EB770,0x002EB774,11,100
49427,315642,"Geovanni",3,189,0x002EB79B,0x002EB79F,8,100
49428,8832932,"Bruno Luiz",3,189,0x002EB7C0,0x002EB7C4,10,100
49429,3301116,"Gilberto Carlos",3,189,0x002EB7E9,0x002EB7ED,15,100
49430,309486,"Williams",3,189,0x002EB81C,0x002EB820,8,100
49431,306068,"Antônio João",3,189,0x002EB841,0x002EB845,12,100
49432,306316,"Cláudio José",3,189,0x002EB86E,0x002EB872,12,100
49433,3301277,"Lúcio Roberto",3,189,0x002EB89B,0x002EB89F,13,100
49434,306800,"Márcio Rodrigo",3,189,0x002EB8CA,0x002EB8CE,14,100
49435,317504,"Claudiomiro",3,189,0x002EB8FB,0x002EB8FF,11,100
49436,306117,"Sílvio Carlos",3,189,0x002EB926,0x002EB92A,13,100
49437,306351,"João Bosco",3,189,0x002EB955,0x002EB959,10,100
49438,320635,"Giovane",3,189,0x002EB97E,0x002EB982,7,100
49439,318404,"Iranildo",3,189,0x002EB9A1,0x002EB9A5,8,100
49440,104340,"Rogerio",3,189,0x002EB9C6,0x002EB9CA,7,100
49441,301596,"Márcio Roberto",3,189,0x002EB9E9,0x002EB9ED,14,100
49442,318475,"José Everaldo",3,189,0x002EBA1A,0x002EBA1E,13,100
49443,306404,"Gean",3,189,0x002EBA49,0x002EBA4D,4,100
49444,315909,"Lúcio Mário",3,189,0x002EBA66,0x002EBA6A,11,100
49445,315907,"Hércules",3,189,0x002EBA91,0x002EBA95,8,100
49446,301796,"Márcio Luiz",3,189,0x002EBAB6,0x002EBABA,11,100
49447,302187,"Valério",3,189,0x002EBAE1,0x002EBAE5,7,100
49448,104427,"Mário Jorge",3,189,0x002EBB04,0x002EBB08,11,100
49449,315873,"Oscar",3,189,0x002EBB2F,0x002EBB33,5,100
49450,315868,"Erick",3,189,0x002EBB4E,0x002EBB52,5,100
49451,306548,"Ciro",3,189,0x002EBB6D,0x002EBB71,4,100
49452,321262,"Jonatas",3,189,0x002EBB8A,0x002EBB8E,7,100
49453,302267,"Robério",3,189,0x002EBBAD,0x002EBBB1,7,100
49454,320878,"Márcio Paulo",3,189,0x002EBBD0,0x002EBBD4,12,100
49455,318664,"Nuno",3,189,0x002EBBFD,0x002EBC01,4,100
49456,8830677,"Marcelo Henrique",3,189,0x002EBC1A,0x002EBC1E,16,100
49457,320916,"Josivan",3,189,0x002EBC4F,0x002EBC53,7,100
49458,1000309,"Elizeu",3,189,0x002EBC72,0x002EBC76,6,100
49459,3301300,"Djair",3,189,0x002EBC93,0x002EBC97,5,100
49460,306648,"Roberto César",3,189,0x002EBCB2,0x002EBCB6,13,100
49461,306752,"Pedro Antônio",3,189,0x002EBCE1,0x002EBCE5,13,100
49462,312285,"Adriano José",3,189,0x002EBD10,0x002EBD14,12,100
49463,315836,"João Marcos",3,189,0x002EBD3D,0x002EBD41,11,100
49464,321042,"Alex Rodrigo",3,189,0x002EBD68,0x002EBD6C,12,100
49465,8832821,"Niélsen",3,189,0x002EBD95,0x002EBD99,7,100
49466,312223,"Clécio",3,189,0x002EBDB8,0x002EBDBC,6,100
49467,318650,"Vivaldo",3,189,0x002EBDD9,0x002EBDDD,7,100
49468,8832793,"Mário Lúcio",3,189,0x002EBDFC,0x002EBE00,11,100
49469,318642,"Flamarion",3,189,0x002EBE27,0x002EBE2B,9,100
49470,5638203,"José Alexandre",3,189,0x002EBE4E,0x002EBE52,14,100
49471,8719635,"Fausto",3,189,0x002EBE7F,0x002EBE83,6,100
49472,318545,"Renato César",3,189,0x002EBEA0,0x002EBEA4,12,100
49473,312110,"Edenílson",3,189,0x002EBECD,0x002EBED1,9,100
49474,311669,"Paulo Rodrigo",2,189,0x002EBEF4,0x002EBEF8,13,100
49475,8835227,"Victor Hugo",2,189,0x002EBF23,0x002EBF27,11,100
49476,142333,"Janderson",2,189,0x002EBF4E,0x002EBF52,9,100
49477,8835167,"Rone",2,189,0x002EBF75,0x002EBF79,4,100
49478,8827361,"Márcio André",2,189,0x002EBF92,0x002EBF96,12,100
49479,8827360,"Juari",2,189,0x002EBFBF,0x002EBFC3,5,100
49480,8827268,"Lenildo",2,189,0x002EBFDE,0x002EBFE2,7,100
49481,8827255,"Luiz Maurício",2,189,0x002EC001,0x002EC005,13,100
49482,775217,"João Antônio",2,189,0x002EC030,0x002EC034,12,100
49483,8826943,"Márcio Cristiano",2,189,0x002EC05D,0x002EC061,16,100
49484,775266,"José Reinaldo",2,189,0x002EC092,0x002EC096,13,100
49485,8826349,"Amílson",2,189,0x002EC0C1,0x002EC0C5,7,100
49486,4082,"Marcos Fernando",2,189,0x002EC0E4,0x002EC0E8,15,100
49487,8834817,"Jeová",2,189,0x002EC117,0x002EC11B,5,100
49488,8833776,"Péricles",2,189,0x002EC136,0x002EC13A,8,100
49489,8825853,"Nílton César",2,189,0x002EC15B,0x002EC15F,12,100
49490,8833703,"Pierre",2,189,0x002EC188,0x002EC18C,6,100
49491,142368,"João Batista",2,189,0x002EC1A9,0x002EC1AD,12,100
49492,777301,"Edson Aparecido",2,189,0x002EC1D6,0x002EC1DA,15,100
49493,8875030,"Vagner",2,189,0x002EC209,0x002EC20D,6,100
49494,304354,"Willians",2,189,0x002EC22A,0x002EC22E,8,100
49495,304805,"Válter José",2,189,0x002EC24F,0x002EC253,11,100
49496,717585,"João Luiz",2,189,0x002EC27A,0x002EC27E,9,100
49497,8833652,"André Francisco",2,189,0x002EC2A1,0x002EC2A5,15,100
49498,8833649,"Alessandro José",2,189,0x002EC2D4,0x002EC2D8,15,100
49499,5375323,"Célio Roberto",2,189,0x002EC307,0x002EC30B,13,100
49500,8825507,"Ilson",2,189,0x002EC336,0x002EC33A,5,100
49501,8825481,"Ado",2,189,0x002EC355,0x002EC359,3,100
49502,8827955,"Alício",2,189,0x002EC370,0x002EC374,6,100
49503,5290976,"Erli",2,189,0x002EC391,0x002EC395,4,100
49504,8829310,"Laílson",2,189,0x002EC3AE,0x002EC3B2,7,100
49505,8829852,"Rafael Luís",2,189,0x002EC3D1,0x002EC3D5,11,100
49506,8830058,"Elson",2,189,0x002EC3FC,0x002EC400,5,100
49507,8833580,"Erinaldo",2,189,0x002EC41B,0x002EC41F,8,100
49508,8833571,"Jonata",2,189,0x002EC440,0x002EC444,6,100
49509,8830272,"Raúl",2,189,0x002EC461,0x002EC465,4,100
49510,8830351,"Marcus Winicius",2,189,0x002EC47E,0x002EC482,15,100
49511,8718046,"Flavio",2,189,0x002EC4B1,0x002EC4B5,6,100
49512,728483,"Felipe José",2,189,0x002EC4D2,0x002EC4D6,11,100
49513,728523,"Djalmir",2,189,0x002EC4FD,0x002EC501,7,100
49514,8833519,"Almir Rogério",2,189,0x002EC520,0x002EC524,13,100
49515,8351472,"Luis",2,189,0x002EC54F,0x002EC553,4,100
49516,8833513,"Adavílson",2,189,0x002EC56C,0x002EC570,9,100
49517,8833489,"Everton Luiz",2,189,0x002EC593,0x002EC597,12,100
49518,8350878,"Cicero",2,189,0x002EC5C0,0x002EC5C4,6,100
49519,729362,"Luís Fábio",2,189,0x002EC5E1,0x002EC5E5,10,100
49520,8833450,"Edimar",2,189,0x002EC60A,0x002EC60E,6,100
49521,8832967,"Sídnei",2,189,0x002EC62B,0x002EC62F,6,100
49522,8832946,"Micael",2,189,0x002EC64C,0x002EC650,6,100
49523,8832928,"Carlos Adriano",2,189,0x002EC66D,0x002EC671,14,100
49524,8832904,"Anderson Marcelo",2,189,0x002EC69E,0x002EC6A2,16,100
49525,5230006,"José Aílton",2,189,0x002EC6D3,0x002EC6D7,11,100
49526,8825061,"Fernando Luiz",2,189,0x002EC6FE,0x002EC702,13,100
49527,8775106,"Délson",2,189,0x002EC72D,0x002EC731,6,100
49528,734630,"Denilson",2,189,0x002EC74E,0x002EC752,8,100
49529,321079,"Armindo",2,189,0x002EC773,0x002EC777,7,100
49530,320979,"Luiz Ricardo",2,189,0x002EC796,0x002EC79A,12,100
49531,320925,"Fábio William",2,189,0x002EC7C3,0x002EC7C7,13,100
49532,320912,"Emerson José",2,189,0x002EC7F2,0x002EC7F6,12,100
49533,320906,"Roque",2,189,0x002EC81F,0x002EC823,5,100
49534,320873,"Marcílio",2,189,0x002EC83E,0x002EC842,8,100
49535,320802,"Nádson",2,189,0x002EC863,0x002EC867,6,100
49536,320785,"José Nilton",2,189,0x002EC884,0x002EC888,11,100
49537,320758,"João Eduardo",2,189,0x002EC8AF,0x002EC8B3,12,100
49538,320648,"Geílson",2,189,0x002EC8DC,0x002EC8E0,7,100
49539,320571,"Carlos Vinícius",2,189,0x002EC8FF,0x002EC903,15,100
49540,320547,"Adalto",2,189,0x002EC932,0x002EC936,6,100
49541,320483,"Edison",2,189,0x002EC953,0x002EC957,6,100
49542,320347,"Leandro João",2,189,0x002EC974,0x002EC978,12,100
49543,320325,"Quintino",2,189,0x002EC9A1,0x002EC9A5,8,100
49544,320235,"Stanley",2,189,0x002EC9C6,0x002EC9CA,7,100
49545,742131,"Germano",2,189,0x002EC9E9,0x002EC9ED,7,100
49546,319746,"Hernandes",2,189,0x002ECA0C,0x002ECA10,9,100
49547,319742,"Breno Alexandre",2,189,0x002ECA33,0x002ECA37,15,100
49548,319664,"Radamés",2,189,0x002ECA66,0x002ECA6A,7,100
49549,743114,"Oziel",2,189,0x002ECA89,0x002ECA8D,5,100
49550,319627,"Cláudio Henrique",2,189,0x002ECAA8,0x002ECAAC,16,100
49551,319595,"Fábio Alexandre",2,189,0x002ECADD,0x002ECAE1,15,100
49552,743373,"Solimar",2,189,0x002ECB10,0x002ECB14,7,100
49553,319289,"Erivan",2,189,0x002ECB33,0x002ECB37,6,100
49554,319270,"Rosinaldo",2,189,0x002ECB54,0x002ECB58,9,100
49555,319251,"Jordan",2,189,0x002ECB7B,0x002ECB7F,6,100
49556,319245,"Elísio",2,189,0x002ECB9C,0x002ECBA0,6,100
49557,319241,"Eusébio",2,189,0x002ECBBD,0x002ECBC1,7,100
49558,319227,"Ilton José",2,189,0x002ECBE0,0x002ECBE4,10,100
49559,319209,"Carlos Michel",2,189,0x002ECC09,0x002ECC0D,13,100
49560,319203,"Nicolau",2,189,0x002ECC38,0x002ECC3C,7,100
49561,318813,"Francisco Marcos",2,189,0x002ECC5B,0x002ECC5F,16,100
49562,318771,"Élder",2,189,0x002ECC90,0x002ECC94,5,100
49563,318715,"Emílson",2,189,0x002ECCAF,0x002ECCB3,7,100
49564,8052251,"Willer",2,189,0x002ECCD2,0x002ECCD6,6,100
49565,318660,"Ronilson",2,189,0x002ECCF3,0x002ECCF7,8,100
49566,318626,"Juscelino",2,189,0x002ECD18,0x002ECD1C,9,100
49567,318618,"Ageu",2,189,0x002ECD3F,0x002ECD43,4,100
49568,318586,"Janair",2,189,0x002ECD5C,0x002ECD60,6,100
49569,318584,"Lino",2,189,0x002ECD7D,0x002ECD81,4,100
49570,318562,"Uilliam",2,189,0x002ECD9A,0x002ECD9E,7,100
49571,318521,"Luiz Otávio",2,189,0x002ECDBD,0x002ECDC1,11,100
49572,318509,"Analdo",2,189,0x002ECDE8,0x002ECDEC,6,100
49573,318494,"Éverton Luiz",2,189,0x002ECE09,0x002ECE0D,12,100
49574,318482,"Ivandro",2,189,0x002ECE36,0x002ECE3A,7,100
49575,318468,"Jânio",2,189,0x002ECE59,0x002ECE5D,5,100
49576,318464,"Gutemberg",2,189,0x002ECE78,0x002ECE7C,9,100
49577,7985259,"Antônio Anderson",2,189,0x002ECE9F,0x002ECEA3,16,100
49578,318461,"Flaviano",2,189,0x002ECED4,0x002ECED8,8,100
49579,318445,"Andresson",2,189,0x002ECEF9,0x002ECEFD,9,100
49580,318378,"Kelson",2,189,0x002ECF20,0x002ECF24,6,100
49581,7980912,"Robson",2,189,0x002ECF41,0x002ECF45,6,100
49582,318313,"Miguel Ângelo",2,189,0x002ECF62,0x002ECF66,13,100
49583,318278,"Miro",2,189,0x002ECF91,0x002ECF95,4,100
49584,854811,"Walker",2,189,0x002ECFAE,0x002ECFB2,6,100
49585,318255,"Fábio César",2,189,0x002ECFCF,0x002ECFD3,11,100
49586,318250,"Aécio",2,189,0x002ECFFA,0x002ECFFE,5,100
49587,318208,"Waldison",2,189,0x002ED019,0x002ED01D,8,100
49588,318187,"Breno",2,189,0x002ED03E,0x002ED042,5,100
49589,318097,"Cícero Paulo",2,189,0x002ED05D,0x002ED061,12,100
49590,318091,"Kennedy",2,189,0x002ED08A,0x002ED08E,7,100
49591,744359,"Marco António",2,189,0x002ED0AD,0x002ED0B1,13,100
49592,318040,"Francinaldo",2,189,0x002ED0DC,0x002ED0E0,11,100
49593,317975,"Abelardo",2,189,0x002ED107,0x002ED10B,8,100
49594,317958,"Xavier",2,189,0x002ED12C,0x002ED130,6,100
49595,317860,"Cleube",2,189,0x002ED14D,0x002ED151,6,100
49596,876717,"Sílvio Antônio",2,189,0x002ED16E,0x002ED172,14,100
49597,317841,"Adão",2,189,0x002ED19F,0x002ED1A3,4,100
49598,317836,"Fernando José",2,189,0x002ED1BC,0x002ED1C0,13,100
49599,317829,"Antônio Márcio",2,189,0x002ED1EB,0x002ED1EF,14,100
49600,317726,"Leandro Paulo",2,189,0x002ED21C,0x002ED220,13,100
49601,9562,"Adelson",2,189,0x002ED24B,0x002ED24F,7,100
49602,317686,"Ivanor",2,189,0x002ED26E,0x002ED272,6,100
49603,894769,"Julio",2,189,0x002ED28F,0x002ED293,5,100
49604,317662,"Pio",2,189,0x002ED2AE,0x002ED2B2,3,100
49605,4207511,"James",2,189,0x002ED2C9,0x002ED2CD,5,100
49606,4100836,"Altamiro",2,189,0x002ED2E8,0x002ED2EC,8,100
49607,902077,"Raul",2,189,0x002ED30D,0x002ED311,4,100
49608,4100715,"Laelson",2,189,0x002ED32A,0x002ED32E,7,100
49609,4100432,"José Rogério",2,189,0x002ED34D,0x002ED351,12,100
49610,4100357,"Alex Fabiano",2,189,0x002ED37A,0x002ED37E,12,100
49611,317608,"José Celso",2,189,0x002ED3A7,0x002ED3AB,10,100
49612,902391,"Valter",2,189,0x002ED3D0,0x002ED3D4,6,100
49613,7745424,"Stefano",2,189,0x002ED3F1,0x002ED3F5,7,100
49614,3902269,"Antônio Rodrigo",2,189,0x002ED414,0x002ED418,15,100
49615,317589,"Antero",2,189,0x002ED447,0x002ED44B,6,100
49616,317588,"Jeferson",2,189,0x002ED468,0x002ED46C,8,100
49617,5660703,"Naílson",2,189,0x002ED48D,0x002ED491,7,100
49618,317573,"Dário",2,189,0x002ED4B0,0x002ED4B4,5,100
49619,3900633,"Dedimar",2,189,0x002ED4CF,0x002ED4D3,7,100
49620,317525,"Paulo Maurício",2,189,0x002ED4F2,0x002ED4F6,14,100
49621,317521,"Cleuber",2,189,0x002ED523,0x002ED527,7,100
49622,317517,"Leílson",2,189,0x002ED546,0x002ED54A,7,100
49623,317439,"Sóstenes",2,189,0x002ED569,0x002ED56D,8,100
49624,8832729,"Leopoldo",2,189,0x002ED58E,0x002ED592,8,100
49625,317438,"Jaélson",2,189,0x002ED5B3,0x002ED5B7,7,100
49626,317414,"Vlademir",2,189,0x002ED5D6,0x002ED5DA,8,100
49627,11135,"José Marcelo",2,189,0x002ED5FB,0x002ED5FF,12,100
49628,317266,"Henry",2,189,0x002ED628,0x002ED62C,5,100
49629,317062,"Pedro Henrique",2,189,0x002ED647,0x002ED64B,14,100
49630,316926,"Tião",2,189,0x002ED678,0x002ED67C,4,100
49631,316923,"Irineu",2,189,0x002ED695,0x002ED699,6,100
49632,316872,"Elielson",2,189,0x002ED6B6,0x002ED6BA,8,100
49633,316856,"Cássio Luís",2,189,0x002ED6DB,0x002ED6DF,11,100
49634,316766,"Luiz Paulo",2,189,0x002ED706,0x002ED70A,10,100
49635,316677,"Piter",2,189,0x002ED72F,0x002ED733,5,100
49636,316673,"Kesley",2,189,0x002ED74E,0x002ED752,6,100
49637,316541,"Paulo Antônio",2,189,0x002ED76F,0x002ED773,13,100
49638,316521,"Danielson",2,189,0x002ED79E,0x002ED7A2,9,100
49639,316447,"Jurandir Justino",2,189,0x002ED7C5,0x002ED7C9,16,100
49640,316434,"Tobias",2,189,0x002ED7FA,0x002ED7FE,6,100
49641,950944,"Eder",2,189,0x002ED81B,0x002ED81F,4,100
49642,316388,"Tales",2,189,0x002ED838,0x002ED83C,5,100
49643,316377,"Élio",2,189,0x002ED857,0x002ED85B,4,100
49644,316360,"César Ricardo",2,189,0x002ED874,0x002ED878,13,100
49645,316301,"Cléber José",2,189,0x002ED8A3,0x002ED8A7,11,100
49646,316273,"Erasmo",2,189,0x002ED8CE,0x002ED8D2,6,100
49647,316252,"Uílton",2,189,0x002ED8EF,0x002ED8F3,6,100
49648,955178,"Gilton",2,189,0x002ED910,0x002ED914,6,100
49649,955285,"Homero",2,189,0x002ED931,0x002ED935,6,100
49650,316230,"Cleidinaldo",2,189,0x002ED952,0x002ED956,11,100
49651,316211,"Anderson José",2,189,0x002ED97D,0x002ED981,13,100
49652,316156,"Eridon",2,189,0x002ED9AC,0x002ED9B0,6,100
49653,316151,"José Ronaldo",2,189,0x002ED9CD,0x002ED9D1,12,100
49654,316129,"Antônio Félix",2,189,0x002ED9FA,0x002ED9FE,13,100
49655,316088,"Ericson",2,189,0x002EDA29,0x002EDA2D,7,100
49656,316066,"Eric",2,189,0x002EDA4C,0x002EDA50,4,100
49657,316049,"Osni",2,189,0x002EDA69,0x002EDA6D,4,100
49658,301633,"Valdo",2,189,0x002EDA86,0x002EDA8A,5,100
49659,316041,"Jocimar",2,189,0x002EDAA5,0x002EDAA9,7,100
49660,316004,"Paulo Francisco",2,189,0x002EDAC8,0x002EDACC,15,100
49661,315999,"Jakson",2,189,0x002EDAFB,0x002EDAFF,6,100
49662,315971,"Paulo Fernando",2,189,0x002EDB1C,0x002EDB20,14,100
49663,315936,"Luiz Gilberto",2,189,0x002EDB4D,0x002EDB51,13,100
49664,315852,"Jonathan Modesto",2,189,0x002EDB7C,0x002EDB80,16,100
49665,315801,"Gastão",2,189,0x002EDBB1,0x002EDBB5,6,100
49666,315719,"Valdiney",2,189,0x002EDBD2,0x002EDBD6,8,100
49667,315714,"Aldo",2,189,0x002EDBF7,0x002EDBFB,4,100
49668,301785,"Luís Renato",2,189,0x002EDC14,0x002EDC18,11,100
49669,315687,"Alberto Luiz",2,189,0x002EDC3F,0x002EDC43,12,100
49670,315664,"Luiz Augusto",2,189,0x002EDC6C,0x002EDC70,12,100
49671,315581,"Marcondes",2,189,0x002EDC99,0x002EDC9D,9,100
49672,315528,"Herbert",2,189,0x002EDCC0,0x002EDCC4,7,100
49673,315493,"Álvaro José",2,189,0x002EDCE3,0x002EDCE7,11,100
49674,315480,"Rodrigo Caetano",2,189,0x002EDD0E,0x002EDD12,15,100
49675,315476,"Jefferson Luiz",2,189,0x002EDD41,0x002EDD45,14,100
49676,301895,"Inaldo",2,189,0x002EDD72,0x002EDD76,6,100
49677,315450,"Josafá",2,189,0x002EDD93,0x002EDD97,6,100
49678,301912,"Róbson Luís",2,189,0x002EDDB4,0x002EDDB8,11,100
49679,315449,"Peter",2,189,0x002EDDDF,0x002EDDE3,5,100
49680,315444,"Narciso",2,189,0x002EDDFE,0x002EDE02,7,100
49681,315380,"Mauro Sérgio",2,189,0x002EDE21,0x002EDE25,12,100
49682,315369,"Fágner",2,189,0x002EDE4E,0x002EDE52,6,100
49683,315334,"Cléber Luís",2,189,0x002EDE6F,0x002EDE73,11,100
49684,315327,"Fábio Marcelo",2,189,0x002EDE9A,0x002EDE9E,13,100
49685,315306,"Sócrates",2,189,0x002EDEC9,0x002EDECD,8,100
49686,315200,"Giuseppe",2,189,0x002EDEEE,0x002EDEF2,8,100
49687,315154,"Edson Carlos",2,189,0x002EDF13,0x002EDF17,12,100
49688,302189,"Darci Luiz",2,189,0x002EDF40,0x002EDF44,10,100
49689,302199,"Antônio Manoel",2,189,0x002EDF69,0x002EDF6D,14,100
49690,315130,"Thiago Xavier",2,189,0x002EDF9A,0x002EDF9E,13,100
49691,315098,"Yuri",2,189,0x002EDFC9,0x002EDFCD,4,100
49692,302229,"Cléverton",2,189,0x002EDFE6,0x002EDFEA,9,100
49693,314981,"José Renato",2,189,0x002EE00D,0x002EE011,11,100
49694,312449,"Diego José",2,189,0x002EE038,0x002EE03C,10,100
49695,302240,"Geraldo José",2,189,0x002EE061,0x002EE065,12,100
49696,312253,"Caetano",2,189,0x002EE08E,0x002EE092,7,100
49697,312208,"Otaviano",2,189,0x002EE0B1,0x002EE0B5,8,100
49698,312201,"Nonato",2,189,0x002EE0D6,0x002EE0DA,6,100
49699,312190,"Pedro Jorge",2,189,0x002EE0F7,0x002EE0FB,11,100
49700,312154,"Dirley Rodrigo",2,189,0x002EE122,0x002EE126,14,100
49701,312081,"Ivanílson",2,189,0x002EE153,0x002EE157,9,100
49702,312071,"Rodrigo Fabiano",2,189,0x002EE17A,0x002EE17E,15,100
49703,312024,"Paulo Fabrício",2,189,0x002EE1AD,0x002EE1B1,14,100
49704,312017,"Márcio Rogério",2,189,0x002EE1DE,0x002EE1E2,14,100
49705,312010,"Nilberto",2,189,0x002EE20F,0x002EE213,8,100
49706,312001,"Fernando Carlos",2,189,0x002EE234,0x002EE238,15,100
49707,311900,"Cassiano",2,189,0x002EE267,0x002EE26B,8,100
49708,311898,"Fábio Araújo",2,189,0x002EE28C,0x002EE290,12,100
49709,311777,"Selmo",2,189,0x002EE2B9,0x002EE2BD,5,100
49710,311708,"Mário José",2,189,0x002EE2D8,0x002EE2DC,10,100
49711,3301568,"Jarbas",2,189,0x002EE301,0x002EE305,6,100
49712,311640,"Vander",2,189,0x002EE322,0x002EE326,6,100
49713,311609,"Clemílson",2,189,0x002EE343,0x002EE347,9,100
49714,311575,"Eduardo Pedro",2,189,0x002EE36A,0x002EE36E,13,100
49715,311572,"Cecírio",2,189,0x002EE399,0x002EE39D,7,100
49716,311521,"Cedenir",2,189,0x002EE3BC,0x002EE3C0,7,100
49717,311484,"Anderson Thiago",2,189,0x002EE3DF,0x002EE3E3,15,100
49718,302336,"Gildo",2,189,0x002EE412,0x002EE416,5,100
49719,311325,"Fernando Antônio",2,189,0x002EE431,0x002EE435,16,100
49720,311316,"Ivonaldo",2,189,0x002EE466,0x002EE46A,8,100
49721,311298,"Valtencir",2,189,0x002EE48B,0x002EE48F,9,100
49722,311288,"Carlos Fabiano",2,189,0x002EE4B2,0x002EE4B6,14,100
49723,8832801,"Leandro Hercílio",2,189,0x002EE4E3,0x002EE4E7,16,100
49724,8832802,"Renato José",2,189,0x002EE518,0x002EE51C,11,100
49725,311255,"Camilo José",2,189,0x002EE543,0x002EE547,11,100
49726,311248,"José Douglas",2,189,0x002EE56E,0x002EE572,12,100
49727,311236,"Luciano Pedro",2,189,0x002EE59B,0x002EE59F,13,100
49728,311233,"Edson José",2,189,0x002EE5CA,0x002EE5CE,10,100
49729,311224,"Rivelino",2,189,0x002EE5F3,0x002EE5F7,8,100
49730,311215,"Gilberto Francisco",2,189,0x002EE618,0x002EE61C,18,100
49731,311200,"Aldemir",2,189,0x002EE651,0x002EE655,7,100
49732,311184,"Wanderley José",2,189,0x002EE674,0x002EE678,14,100
49733,311166,"Alvimar",2,189,0x002EE6A5,0x002EE6A9,7,100
49734,302427,"Francisco Paulo",2,189,0x002EE6C8,0x002EE6CC,15,100
49735,8835190,"Sidney Cristiano",2,189,0x002EE6FB,0x002EE6FF,16,100
49736,311130,"Odir",2,189,0x002EE730,0x002EE734,4,100
49737,302467,"José Henrique",2,189,0x002EE74D,0x002EE751,13,100
49738,311073,"Ernani",2,189,0x002EE77C,0x002EE780,6,100
49739,310994,"Luiz Guilherme",2,189,0x002EE79D,0x002EE7A1,14,100
49740,310981,"Flávio Ricardo",2,189,0x002EE7CE,0x002EE7D2,14,100
49741,310960,"Sílvio Luís",2,189,0x002EE7FF,0x002EE803,11,100
49742,310869,"Fabrício José",2,189,0x002EE82A,0x002EE82E,13,100
49743,310789,"Daniel Alexandre",2,189,0x002EE859,0x002EE85D,16,100
49744,310784,"Wilmar",2,189,0x002EE88E,0x002EE892,6,100
49745,310768,"Erickson",2,189,0x002EE8AF,0x002EE8B3,8,100
49746,310750,"Genivaldo",2,189,0x002EE8D4,0x002EE8D8,9,100
49747,310733,"Washington Luís",2,189,0x002EE8FB,0x002EE8FF,15,100
49748,310729,"Agamenon",2,189,0x002EE92E,0x002EE932,8,100
49749,310691,"Nélson Ricardo",2,189,0x002EE953,0x002EE957,14,100
49750,310575,"Olimar",2,189,0x002EE984,0x002EE988,6,100
49751,310573,"José Geraldo",2,189,0x002EE9A5,0x002EE9A9,12,100
49752,309487,"Pedro Roberto",2,189,0x002EE9D2,0x002EE9D6,13,100
49753,8830616,"Teodoro",2,189,0x002EEA01,0x002EEA05,7,100
49754,6900515,"Cláudio Vinícius",2,189,0x002EEA24,0x002EEA28,16,100
49755,3301476,"Daniel Carlos",2,189,0x002EEA59,0x002EEA5D,13,100
49756,3301465,"Ernesto Paulo",2,189,0x002EEA88,0x002EEA8C,13,100
49757,3301437,"Adoílson",2,189,0x002EEAB7,0x002EEABB,8,100
49758,3301424,"Válbson",2,189,0x002EEADC,0x002EEAE0,7,100
49759,3301357,"Rodrigo Donizete",2,189,0x002EEAFF,0x002EEB03,16,100
49760,3301333,"Rosivaldo",2,189,0x002EEB34,0x002EEB38,9,100
49761,3301306,"Harley",2,189,0x002EEB5B,0x002EEB5F,6,100
49762,3301305,"Arinélson",2,189,0x002EEB7C,0x002EEB80,9,100
49763,3301296,"André José",2,189,0x002EEBA3,0x002EEBA7,10,100
49764,3301215,"Eduardo César",2,189,0x002EEBCC,0x002EEBD0,13,100
49765,3301195,"José Fernando",2,189,0x002EEBFB,0x002EEBFF,13,100
49766,3301177,"Leandro Augusto",2,189,0x002EEC2A,0x002EEC2E,15,100
49767,3301127,"Pedro Francisco",2,189,0x002EEC5D,0x002EEC61,15,100
49768,3301104,"Juvenal",2,189,0x002EEC90,0x002EEC94,7,100
49769,3301054,"Nerival",2,189,0x002EECB3,0x002EECB7,7,100
49770,3301008,"Flávio Luís",2,189,0x002EECD6,0x002EECDA,11,100
49771,3301000,"Thiago Henrique",2,189,0x002EED01,0x002EED05,15,100
49772,3300948,"Mauro José",2,189,0x002EED34,0x002EED38,10,100
49773,3300941,"Márcio Henrique",2,189,0x002EED5D,0x002EED61,15,100
49774,3300923,"Aládio José",2,189,0x002EED90,0x002EED94,11,100
49775,3300883,"Enoque",2,189,0x002EEDBB,0x002EEDBF,6,100
49776,3300866,"Luiz Gonzaga",2,189,0x002EEDDC,0x002EEDE0,12,100
49777,3300853,"Cláudio Célio",2,189,0x002EEE09,0x002EEE0D,13,100
49778,3300797,"Josival",2,189,0x002EEE38,0x002EEE3C,7,100
49779,3300746,"Ednelson",2,189,0x002EEE5B,0x002EEE5F,8,100
49780,3300682,"Ronaldo Carlos",2,189,0x002EEE80,0x002EEE84,14,100
49781,3300678,"Floriano",2,189,0x002EEEB1,0x002EEEB5,8,100
49782,3300621,"Roberto Paulo",2,189,0x002EEED6,0x002EEEDA,13,100
49783,3300599,"Renato Ângelo",2,189,0x002EEF05,0x002EEF09,13,100
49784,3300593,"Alberto José",2,189,0x002EEF34,0x002EEF38,12,100
49785,3300577,"Serafim",2,189,0x002EEF61,0x002EEF65,7,100
49786,3300493,"Luís Marcos",2,189,0x002EEF84,0x002EEF88,11,100
49787,3300460,"Hebert",2,189,0x002EEFAF,0x002EEFB3,6,100
49788,3300452,"Ramiro",2,189,0x002EEFD0,0x002EEFD4,6,100
49789,3300389,"Volmir",2,189,0x002EEFF1,0x002EEFF5,6,100
49790,3300367,"Emerson Luiz",2,189,0x002EF012,0x002EF016,12,100
49791,3300363,"Flávio José",2,189,0x002EF03F,0x002EF043,11,100
49792,3300339,"Sílvio César",2,189,0x002EF06A,0x002EF06E,12,100
49793,3300242,"Mílson",2,189,0x002EF097,0x002EF09B,6,100
49794,3300170,"Carlos Luciano",2,189,0x002EF0B8,0x002EF0BC,14,100
49795,3300123,"Valdeci",2,189,0x002EF0E9,0x002EF0ED,7,100
49796,303095,"José Reginaldo",2,189,0x002EF10C,0x002EF110,14,100
49797,303111,"Héverton",2,189,0x002EF13D,0x002EF141,8,100
49798,3300070,"Oséas",2,189,0x002EF162,0x002EF166,5,100
49799,3300004,"José Caetano",2,189,0x002EF181,0x002EF185,12,100
49800,3201781,"Carlos Dionísio",2,189,0x002EF1AE,0x002EF1B2,15,100
49801,2001639,"Evando",2,189,0x002EF1E1,0x002EF1E5,6,100
49802,303217,"Alexander",2,189,0x002EF202,0x002EF206,9,100
49803,2001620,"Rubem",2,189,0x002EF229,0x002EF22D,5,100
49804,1402135,"Jorge Paulo",2,189,0x002EF248,0x002EF24C,11,100
49805,8832869,"João Vítor",2,189,0x002EF273,0x002EF277,10,100
49806,5720391,"Josemar",2,189,0x002EF29C,0x002EF2A0,7,100
49807,1025380,"Rodrigo Augusto",2,189,0x002EF2BF,0x002EF2C3,15,100
49808,5726572,"Odirlei",2,189,0x002EF2F2,0x002EF2F6,7,100
49809,308963,"Gílson Rodrigo",2,189,0x002EF315,0x002EF319,14,100
49810,303475,"Juliano Roberto",2,189,0x002EF346,0x002EF34A,15,100
49811,6900019,"Romero",2,189,0x002EF379,0x002EF37D,6,100
49812,6900053,"Oswaldo",2,189,0x002EF39A,0x002EF39E,7,100
49813,6900117,"Fernando Miguel",2,189,0x002EF3BD,0x002EF3C1,15,100
49814,6900169,"Jean Paulo",2,189,0x002EF3F0,0x002EF3F4,10,100
49815,6900170,"Elmo",2,189,0x002EF419,0x002EF41D,4,100
49816,6900191,"Fabrício Eduardo",2,189,0x002EF436,0x002EF43A,16,100
49817,303684,"Cláudio Alexandre",2,189,0x002EF46B,0x002EF46F,17,100
49818,6900270,"César Luiz",2,189,0x002EF4A2,0x002EF4A6,10,100
49819,6900574,"Mário Celso",2,189,0x002EF4CB,0x002EF4CF,11,100
49820,7002067,"Rubenílson",2,189,0x002EF4F6,0x002EF4FA,10,100
49821,303892,"Mozart",2,189,0x002EF51F,0x002EF523,6,100
49822,308417,"Michel Fernando",2,189,0x002EF540,0x002EF544,15,100
49823,308415,"Ricardo Roberto",2,189,0x002EF573,0x002EF577,15,100
49824,307322,"Eudes",2,189,0x002EF5A6,0x002EF5AA,5,100
49825,307197,"Diogo Augusto",2,189,0x002EF5C5,0x002EF5C9,13,100
49826,307181,"Fernando Augusto",2,189,0x002EF5F4,0x002EF5F8,16,100
49827,307118,"Josivaldo",2,189,0x002EF629,0x002EF62D,9,100
49828,307099,"Leonardo João",2,189,0x002EF650,0x002EF654,13,100
49829,304032,"Edicléber",2,189,0x002EF67F,0x002EF683,9,100
49830,307084,"Marciano",2,189,0x002EF6A6,0x002EF6AA,8,100
49831,307053,"Arildo",2,189,0x002EF6CB,0x002EF6CF,6,100
49832,307031,"Josevaldo",2,189,0x002EF6EC,0x002EF6F0,9,100
49833,306972,"Gildásio",2,189,0x002EF713,0x002EF717,8,100
49834,306900,"Cléver",2,189,0x002EF738,0x002EF73C,6,100
49835,306851,"Edcarlos",2,189,0x002EF759,0x002EF75D,8,100
49836,306847,"Rogélio",2,189,0x002EF77E,0x002EF782,7,100
49837,306815,"Éder Roberto",2,189,0x002EF7A1,0x002EF7A5,12,100
49838,306759,"Cícero João",2,189,0x002EF7CE,0x002EF7D2,11,100
49839,306744,"Vilmar",2,189,0x002EF7F9,0x002EF7FD,6,100
49840,306736,"Wamberto",2,189,0x002EF81A,0x002EF81E,8,100
49841,306735,"Benedito",2,189,0x002EF83F,0x002EF843,8,100
49842,306687,"Ary",2,189,0x002EF864,0x002EF868,3,100
49843,306682,"Rigoberto",2,189,0x002EF87F,0x002EF883,9,100
49844,306676,"Anderley",2,189,0x002EF8A6,0x002EF8AA,8,100
49845,304184,"José Ivanildo",2,189,0x002EF8CB,0x002EF8CF,13,100
49846,306621,"Paulo Eduardo",2,189,0x002EF8FA,0x002EF8FE,13,100
49847,306552,"Araújo",2,189,0x002EF929,0x002EF92D,6,100
49848,306454,"Paulo Róbson",2,189,0x002EF94A,0x002EF94E,12,100
49849,306387,"Adelmo",2,189,0x002EF977,0x002EF97B,6,100
49850,306381,"Sérgio Manoel",2,189,0x002EF998,0x002EF99C,13,100
49851,306371,"Alex Luiz",2,189,0x002EF9C7,0x002EF9CB,9,100
49852,306309,"Joélson",2,189,0x002EF9EE,0x002EF9F2,7,100
49853,306297,"José Christiano",2,189,0x002EFA11,0x002EFA15,15,100
49854,306170,"Elinton",2,189,0x002EFA44,0x002EFA48,7,100
49855,306110,"Norton",2,189,0x002EFA67,0x002EFA6B,6,100
49856,304276,"Samuel José",2,189,0x002EFA88,0x002EFA8C,11,100
49857,305925,"Roberto Cláudio",2,189,0x002EFAB3,0x002EFAB7,15,100
49858,305875,"Néstor",2,189,0x002EFAE6,0x002EFAEA,6,100
49859,305873,"Luís Felipe",2,189,0x002EFB07,0x002EFB0B,11,100
49860,304308,"Fladimir",2,189,0x002EFB32,0x002EFB36,8,100
49861,305822,"Zamir",2,189,0x002EFB57,0x002EFB5B,5,100
49862,305805,"Evandro Rogério",2,189,0x002EFB76,0x002EFB7A,15,100
49863,305754,"Josiel",2,189,0x002EFBA9,0x002EFBAD,6,100
49864,305713,"Elói",2,189,0x002EFBCA,0x002EFBCE,4,100
49865,305694,"Dejair",2,189,0x002EFBE7,0x002EFBEB,6,100
49866,305637,"Odair José",2,189,0x002EFC08,0x002EFC0C,10,100
49867,305583,"Luís Augusto",2,189,0x002EFC31,0x002EFC35,12,100
49868,305567,"Adriano Luís",2,189,0x002EFC5E,0x002EFC62,12,100
49869,305520,"Lívio",2,189,0x002EFC8B,0x002EFC8F,5,100
49870,305518,"Jeferson Luiz",2,189,0x002EFCAA,0x002EFCAE,13,100
49871,305479,"Pedro Sérgio",2,189,0x002EFCD9,0x002EFCDD,12,100
49872,305470,"Gleidson",2,189,0x002EFD06,0x002EFD0A,8,100
49873,304398,"Adriano Luiz",2,189,0x002EFD2B,0x002EFD2F,12,100
49874,305379,"Valdemar",2,189,0x002EFD58,0x002EFD5C,8,100
49875,305329,"Avanei",2,189,0x002EFD7D,0x002EFD81,6,100
49876,305225,"Wender",2,189,0x002EFD9E,0x002EFDA2,6,100
49877,305178,"Luiz Gustavo",2,189,0x002EFDBF,0x002EFDC3,12,100
49878,305061,"Francimar",2,189,0x002EFDEC,0x002EFDF0,9,100
49879,305017,"Válder",2,189,0x002EFE13,0x002EFE17,6,100
49880,304430,"Wágner Roberto",2,189,0x002EFE34,0x002EFE38,14,100
49881,304963,"José Humberto",2,189,0x002EFE65,0x002EFE69,13,100
49882,304531,"Adeílson",2,189,0x002EFE94,0x002EFE98,8,100
49883,304519,"Nélson Eduardo",2,189,0x002EFEB9,0x002EFEBD,14,100
49884,304452,"Isaílton",2,189,0x002EFEEA,0x002EFEEE,8,100
49885,304450,"Jacenir",1,189,0x002EFF0F,0x002EFF13,7,100
49886,304462,"Jean Elias",1,189,0x002EFF32,0x002EFF36,10,100
49887,304469,"Izaías",1,189,0x002EFF5B,0x002EFF5F,6,100
49888,304477,"Umberto Lourenço",1,189,0x002EFF7C,0x002EFF80,16,100
49889,304480,"Nairo",1,189,0x002EFFB1,0x002EFFB5,5,100
49890,304449,"Adair",1,189,0x002EFFD0,0x002EFFD4,5,100
49891,304493,"Sílvio Luiz",1,189,0x002EFFEF,0x002EFFF3,11,100
49892,304500,"José Amadeu",1,189,0x002F001A,0x002F001E,11,100
49893,304501,"Irondino",1,189,0x002F0045,0x002F0049,8,100
49894,304503,"Vandir Osair",1,189,0x002F006A,0x002F006E,12,100
49895,304506,"Gilmar Antônio",1,189,0x002F0097,0x002F009B,14,100
49896,304508,"Adhemar",1,189,0x002F00C8,0x002F00CC,7,100
49897,304510,"Marco Alberto",1,189,0x002F00EB,0x002F00EF,13,100
49898,304512,"Claudecir",1,189,0x002F011A,0x002F011E,9,100
49899,304522,"Rubens Sandro",1,189,0x002F0141,0x002F0145,13,100
49900,304523,"Joaquim Orlando",1,189,0x002F0170,0x002F0174,15,100
49901,304526,"Guaraci",1,189,0x002F01A3,0x002F01A7,7,100
49902,304541,"Leandro César",1,189,0x002F01C6,0x002F01CA,13,100
49903,304555,"Dino Sani",1,189,0x002F01F5,0x002F01F9,9,100
49904,304559,"Josenilton",1,189,0x002F021C,0x002F0220,10,100
49905,304560,"Tarciso Rogério",1,189,0x002F0245,0x002F0249,15,100
49906,304561,"Marcus Vinícius Pedro",1,189,0x002F0278,0x002F027C,21,100
49907,304574,"Ariovaldo",1,189,0x002F02B7,0x002F02BB,9,100
49908,304582,"Rovílson",1,189,0x002F02DE,0x002F02E2,8,100
49909,304585,"Élton Fabrício",1,189,0x002F0303,0x002F0307,14,100
49910,304586,"Dione José",1,189,0x002F0334,0x002F0338,10,100
49911,304589,"Tácio",1,189,0x002F035D,0x002F0361,5,100
49912,304592,"Dauri",1,189,0x002F037C,0x002F0380,5,100
49913,304595,"Djames",1,189,0x002F039B,0x002F039F,6,100
49914,304596,"Luciano Rogério",1,189,0x002F03BC,0x002F03C0,15,100
49915,304604,"José Ivonaldo",1,189,0x002F03EF,0x002F03F3,13,100
49916,304641,"Christiano Florêncio",1,189,0x002F041E,0x002F0422,20,100
49917,304441,"Juliano Ricardo",1,189,0x002F045B,0x002F045F,15,100
49918,304690,"Pedro Rogério",1,189,0x002F048E,0x002F0492,13,100
49919,304722,"José Teodoro",1,189,0x002F04BD,0x002F04C1,12,100
49920,304738,"Éder Marcelo",1,189,0x002F04EA,0x002F04EE,12,100
49921,304740,"Laudenísio Delmiro",1,189,0x002F0517,0x002F051B,18,100
49922,304745,"Álvaro Márcio",1,189,0x002F0550,0x002F0554,13,100
49923,304827,"Alexandre Alberto",1,189,0x002F057F,0x002F0583,17,100
49924,304847,"Kleyr",1,189,0x002F05B6,0x002F05BA,5,100
49925,304871,"Leônidas",1,189,0x002F05D5,0x002F05D9,8,100
49926,304880,"Cléo Renato",1,189,0x002F05FA,0x002F05FE,11,100
49927,304930,"Wágner Willian",1,189,0x002F0625,0x002F0629,14,100
49928,304943,"Reinaldo José",1,189,0x002F0656,0x002F065A,13,100
49929,304948,"Elisérgio",1,189,0x002F0685,0x002F0689,9,100
49930,304978,"Tamarnes Geraldo",1,189,0x002F06AC,0x002F06B0,16,100
49931,305014,"Ivando",1,189,0x002F06E1,0x002F06E5,6,100
49932,304425,"Varlei",1,189,0x002F0702,0x002F0706,6,100
49933,305074,"Ângelo Márcio",1,189,0x002F0723,0x002F0727,13,100
49934,305080,"Wilson Januário",1,189,0x002F0752,0x002F0756,15,100
49935,305086,"Myron Rogers",1,189,0x002F0785,0x002F0789,12,100
49936,305099,"Demétrio",1,189,0x002F07B2,0x002F07B6,8,100
49937,305102,"Nélson Rodrigo",1,189,0x002F07D7,0x002F07DB,14,100
49938,305118,"Pedro Ednaldo",1,189,0x002F0808,0x002F080C,13,100
49939,305119,"Leonardo Eugênio",1,189,0x002F0837,0x002F083B,16,100
49940,305122,"Gilsinei Tomás",1,189,0x002F086C,0x002F0870,14,100
49941,305123,"Róbson Leonardo",1,189,0x002F089D,0x002F08A1,15,100
49942,305125,"Alberto Henrique",1,189,0x002F08D0,0x002F08D4,16,100
49943,305134,"Carlos Alberto Dário",1,189,0x002F0905,0x002F0909,20,100
49944,305140,"Marcos Carlos",1,189,0x002F0942,0x002F0946,13,100
49945,305143,"Fernando César",1,189,0x002F0971,0x002F0975,14,100
49946,305148,"Nélson Luís",1,189,0x002F09A2,0x002F09A6,11,100
49947,305150,"Marlan",1,189,0x002F09CD,0x002F09D1,6,100
49948,305158,"Amado",1,189,0x002F09EE,0x002F09F2,5,100
49949,305167,"José Marcial",1,189,0x002F0A0D,0x002F0A11,12,100
49950,305170,"Jeovânio",1,189,0x002F0A3A,0x002F0A3E,8,100
49951,305177,"Bruno César",1,189,0x002F0A5F,0x002F0A63,11,100
49952,304417,"Moisés Eleotério",1,189,0x002F0A8A,0x002F0A8E,16,100
49953,305212,"Luiz Dário",1,189,0x002F0ABF,0x002F0AC3,10,100
49954,304409,"Alexsandro Carlos",1,189,0x002F0AE8,0x002F0AEC,17,100
49955,304404,"Cléber Roberto",1,189,0x002F0B1F,0x002F0B23,14,100
49956,304401,"Pedro Fernando",1,189,0x002F0B50,0x002F0B54,14,100
49957,304388,"Weysler",1,189,0x002F0B81,0x002F0B85,7,100
49958,305424,"Josvaldo",1,189,0x002F0BA4,0x002F0BA8,8,100
49959,305439,"Ademar José",1,189,0x002F0BC9,0x002F0BCD,11,100
49960,305445,"Péricles Raimundo",1,189,0x002F0BF4,0x002F0BF8,17,100
49961,305446,"Edimílton",1,189,0x002F0C2B,0x002F0C2F,9,100
49962,305448,"Edylton Caetano",1,189,0x002F0C52,0x002F0C56,15,100
49963,305449,"Jádson Romero",1,189,0x002F0C85,0x002F0C89,13,100
49964,305458,"Josinaldo Manoel",1,189,0x002F0CB4,0x002F0CB8,16,100
49965,305459,"Joseílton Francisco",1,189,0x002F0CE9,0x002F0CED,19,100
49966,305468,"Clodoaldo Alexandre",1,189,0x002F0D24,0x002F0D28,19,100
49967,305469,"Érmison José",1,189,0x002F0D5F,0x002F0D63,12,100
49968,305474,"Édson José",1,189,0x002F0D8C,0x002F0D90,10,100
49969,304372,"Murilo Luís",1,189,0x002F0DB5,0x002F0DB9,11,100
49970,304371,"Wilson Raimundo",1,189,0x002F0DE0,0x002F0DE4,15,100
49971,305497,"Irapuan Cláudio",1,189,0x002F0E13,0x002F0E17,15,100
49972,305546,"Josildo Gabriel",1,189,0x002F0E46,0x002F0E4A,15,100
49973,304361,"Itair",1,189,0x002F0E79,0x002F0E7D,5,100
49974,304358,"Frederico Antônio",1,189,0x002F0E98,0x002F0E9C,17,100
49975,304357,"Lúcio Sérgio",1,189,0x002F0ECF,0x002F0ED3,12,100
49976,305596,"Adenílton",1,189,0x002F0EFC,0x002F0F00,9,100
49977,305635,"Eduardo Anselmo",1,189,0x002F0F23,0x002F0F27,15,100
49978,305636,"Carlos Sandro",1,189,0x002F0F56,0x002F0F5A,13,100
49979,305638,"João Cêsco",1,189,0x002F0F85,0x002F0F89,10,100
49980,305640,"Claudenir",1,189,0x002F0FAE,0x002F0FB2,9,100
49981,305642,"Márcio Éberton",1,189,0x002F0FD5,0x002F0FD9,14,100
49982,305644,"Aurélio Marcelo",1,189,0x002F1006,0x002F100A,15,100
49983,305646,"Cleomar",1,189,0x002F1039,0x002F103D,7,100
49984,305647,"Silvino João",1,189,0x002F105C,0x002F1060,12,100
49985,305648,"Daniel Donizetti",1,189,0x002F1089,0x002F108D,16,100
49986,305654,"Nilmar Luiz",1,189,0x002F10BE,0x002F10C2,11,100
49987,305655,"Romiro Leandro",1,189,0x002F10E9,0x002F10ED,14,100
49988,305658,"Aderaldo",1,189,0x002F111A,0x002F111E,8,100
49989,305660,"Edmílson Carlos",1,189,0x002F113F,0x002F1143,15,100
49990,305715,"Adenor Leonardo",1,189,0x002F1172,0x002F1176,15,100
49991,305716,"Felipe Augusto",1,189,0x002F11A5,0x002F11A9,14,100
49992,305724,"Émerson Luís",1,189,0x002F11D6,0x002F11DA,12,100
49993,305730,"Aloir",1,189,0x002F1203,0x002F1207,5,100
49994,305740,"Adelton",1,189,0x002F1222,0x002F1226,7,100
49995,305773,"Ivanir",1,189,0x002F1245,0x002F1249,6,100
49996,305774,"Mário Tito",1,189,0x002F1266,0x002F126A,10,100
49997,305781,"Roan Cristian",1,189,0x002F128F,0x002F1293,13,100
49998,305796,"Alcéo",1,189,0x002F12BE,0x002F12C2,5,100
49999,305798,"Gilban",1,189,0x002F12DD,0x002F12E1,6,100
50000,305800,"Remor",1,189,0x002F12FE,0x002F1302,5,100
50001,305803,"Cléberson Eduardo",1,189,0x002F131D,0x002F1321,17,100
50002,305804,"Edson Fernando",1,189,0x002F1354,0x002F1358,14,100
50003,304328,"Dimas Roberto",1,189,0x002F1385,0x002F1389,13,100
50004,305821,"Tiago Afonso",1,189,0x002F13B4,0x002F13B8,12,100
50005,305837,"Bruno Aureliano",1,189,0x002F13E1,0x002F13E5,15,100
50006,305869,"Alberoni João",1,189,0x002F1414,0x002F1418,13,100
50007,305877,"Vânderson Roberto",1,189,0x002F1443,0x002F1447,17,100
50008,305878,"Sérgio Renato",1,189,0x002F147A,0x002F147E,13,100
50009,305880,"Euvanildo",1,189,0x002F14A9,0x002F14AD,9,100
50010,305891,"Vandick José",1,189,0x002F14D0,0x002F14D4,12,100
50011,304297,"Jiovanildo Francisco",1,189,0x002F14FD,0x002F1501,20,100
50012,305915,"José Inácio",1,189,0x002F153A,0x002F153E,11,100
50013,304293,"Alberto Mauro",1,189,0x002F1565,0x002F1569,13,100
50014,305934,"Henrique Valmir",1,189,0x002F1594,0x002F1598,15,100
50015,305945,"Joel Marcos",1,189,0x002F15C7,0x002F15CB,11,100
50016,305957,"Aderbal Domingos",1,189,0x002F15F2,0x002F15F6,16,100
50017,305962,"Isaac Guaracy",1,189,0x002F1627,0x002F162B,13,100
50018,305969,"Julião Antônio",1,189,0x002F1656,0x002F165A,14,100
50019,305971,"José Edivan",1,189,0x002F1687,0x002F168B,11,100
50020,305972,"Ademir Rogério",1,189,0x002F16B2,0x002F16B6,14,100
50021,305975,"Delmo Arcángelo",1,189,0x002F16E3,0x002F16E7,15,100
50022,305978,"Carlos Marcelo Luiz",1,189,0x002F1716,0x002F171A,19,100
50023,306027,"Jesum",1,189,0x002F1751,0x002F1755,5,100
50024,306032,"Vandré",1,189,0x002F1770,0x002F1774,6,100
50025,8832820,"José Edicarlos",1,189,0x002F1791,0x002F1795,14,100
50026,8832830,"Renan Carlos",1,189,0x002F17C2,0x002F17C6,12,100
50027,8832835,"Tácio Alexandre",1,189,0x002F17EF,0x002F17F3,15,100
50028,8832836,"Diego Ronaldo",1,189,0x002F1822,0x002F1826,13,100
50029,8832842,"Cássio Douglas",1,189,0x002F1851,0x002F1855,14,100
50030,120919,"Juliano Elizeu",1,189,0x002F1882,0x002F1886,14,100
50031,8832848,"Gílson Felipe",1,189,0x002F18B3,0x002F18B7,13,100
50032,8832851,"Madissom",1,189,0x002F18E2,0x002F18E6,8,100
50033,8832852,"Maicon Thiago",1,189,0x002F1907,0x002F190B,13,100
50034,8825263,"Alessandro Álvaro",1,189,0x002F1936,0x002F193A,17,100
50035,306086,"Jérson",1,189,0x002F196D,0x002F1971,6,100
50036,306090,"Alicílio",1,189,0x002F198E,0x002F1992,8,100
50037,304271,"Élder Alencar",1,189,0x002F19B3,0x002F19B7,13,100
50038,306119,"Édson Ricardo",1,189,0x002F19E2,0x002F19E6,13,100
50039,121098,"Francisco Govinho",1,189,0x002F1A11,0x002F1A15,17,100
50040,121163,"Matuzalém Francelino",1,189,0x002F1A48,0x002F1A4C,20,100
50041,306141,"Clementino",1,189,0x002F1A85,0x002F1A89,10,100
50042,306146,"Maurício Gustavo",1,189,0x002F1AAE,0x002F1AB2,16,100
50043,477861,"Brenner",1,189,0x002F1AE3,0x002F1AE7,7,100
50044,304268,"Cléderson",1,189,0x002F1B06,0x002F1B0A,9,100
50045,306211,"Carlos Rogério",1,189,0x002F1B2D,0x002F1B31,14,100
50046,304255,"Leonardo Augusto",1,189,0x002F1B5E,0x002F1B62,16,100
50047,306226,"Damir",1,189,0x002F1B93,0x002F1B97,5,100
50048,304253,"Fernando Donizete",1,189,0x002F1BB2,0x002F1BB6,17,100
50049,306249,"Marcelo Ricardo",1,189,0x002F1BE9,0x002F1BED,15,100
50050,306257,"Heráclito",1,189,0x002F1C1C,0x002F1C20,9,100
50051,306258,"Dennys",1,189,0x002F1C43,0x002F1C47,6,100
50052,306295,"Bertoldo",1,189,0x002F1C64,0x002F1C68,8,100
50053,304243,"Agostinho Miguel",1,189,0x002F1C89,0x002F1C8D,16,100
50054,306302,"José Leílton",1,189,0x002F1CBE,0x002F1CC2,12,100
50055,306303,"Leivi Patrício",1,189,0x002F1CEB,0x002F1CEF,14,100
50056,304233,"Luís Átila",1,189,0x002F1D1C,0x002F1D20,10,100
50057,306313,"Máximo",1,189,0x002F1D45,0x002F1D49,6,100
50058,306320,"Ronaldy Douglas",1,189,0x002F1D66,0x002F1D6A,15,100
50059,306328,"Carlos Isidro",1,189,0x002F1D99,0x002F1D9D,13,100
50060,306352,"Jasson",1,189,0x002F1DC8,0x002F1DCC,6,100
50061,306358,"Marclécio",1,189,0x002F1DE9,0x002F1DED,9,100
50062,306363,"Leonardo Joaquim",1,189,0x002F1E10,0x002F1E14,16,100
50063,306365,"Cairo Alexandre",1,189,0x002F1E45,0x002F1E49,15,100
50064,306366,"Marcos Everton",1,189,0x002F1E78,0x002F1E7C,14,100
50065,304231,"José Arnaldo",1,189,0x002F1EA9,0x002F1EAD,12,100
50066,306376,"Rodrigo Elias",1,189,0x002F1ED6,0x002F1EDA,13,100
50067,304229,"Geiordano",1,189,0x002F1F05,0x002F1F09,9,100
50068,306399,"Cid",1,189,0x002F1F2C,0x002F1F30,3,100
50069,306401,"Adinamar",1,189,0x002F1F47,0x002F1F4B,8,100
50070,306402,"Odivaldo",1,189,0x002F1F6C,0x002F1F70,8,100
50071,306409,"Augusto Célio",1,189,0x002F1F91,0x002F1F95,13,100
50072,304217,"Sérgio Alexandre",1,189,0x002F1FC0,0x002F1FC4,16,100
50073,306445,"Celso Rogério",1,189,0x002F1FF5,0x002F1FF9,13,100
50074,306446,"Joildo",1,189,0x002F2024,0x002F2028,6,100
50075,306447,"Ricardo Humberto",1,189,0x002F2045,0x002F2049,16,100
50076,306452,"Raimundo Adalto",1,189,0x002F207A,0x002F207E,15,100
50077,306453,"Cidiney",1,189,0x002F20AD,0x002F20B1,7,100
50078,304214,"Francisco Giriard",1,189,0x002F20D0,0x002F20D4,17,100
50079,306455,"Élber",1,189,0x002F2107,0x002F210B,5,100
50080,306458,"Dilton",1,189,0x002F2126,0x002F212A,6,100
50081,306459,"John Alisson",1,189,0x002F2147,0x002F214B,12,100
50082,306464,"Marcelo Arnaldo",1,189,0x002F2174,0x002F2178,15,100
50083,306466,"Ivan Marcos",1,189,0x002F21A7,0x002F21AB,11,100
50084,306471,"Claydivan",1,189,0x002F21D2,0x002F21D6,9,100
50085,306474,"William João",1,189,0x002F21F9,0x002F21FD,12,100
50086,306477,"Célio Mariano",1,189,0x002F2226,0x002F222A,13,100
50087,306488,"Joseval",1,189,0x002F2255,0x002F2259,7,100
50088,306491,"Carlos Vânderson",1,189,0x002F2278,0x002F227C,16,100
50089,306498,"Doriney",1,189,0x002F22AD,0x002F22B1,7,100
50090,304212,"Joseli",1,189,0x002F22D0,0x002F22D4,6,100
50091,306557,"Silvan",1,189,0x002F22F1,0x002F22F5,6,100
50092,306559,"Deusdedite Antônio",1,189,0x002F2312,0x002F2316,18,100
50093,306563,"Jasiel José",1,189,0x002F234B,0x002F234F,11,100
50094,304211,"Abimael",1,189,0x002F2376,0x002F237A,7,100
50095,306620,"Régis Eduardo",1,189,0x002F2399,0x002F239D,13,100
50096,306622,"Marialvo José",1,189,0x002F23C8,0x002F23CC,13,100
50097,304149,"Marcelo Cláudio",1,189,0x002F23F7,0x002F23FB,15,100
50098,306692,"Teoclécio",1,189,0x002F242A,0x002F242E,9,100
50099,306734,"Luciano Wanderley",1,189,0x002F2451,0x002F2455,17,100
50100,304116,"Jorcey Anísio",1,189,0x002F2488,0x002F248C,13,100
50101,306750,"Rosivaldo Carlos",1,189,0x002F24B7,0x002F24BB,16,100
50102,306756,"Doramílton",1,189,0x002F24EC,0x002F24F0,10,100
50103,306758,"Joreano",1,189,0x002F2515,0x002F2519,7,100
50104,306761,"Pione Jorge",1,189,0x002F2538,0x002F253C,11,100
50105,306765,"Jocides",1,189,0x002F2563,0x002F2567,7,100
50106,306766,"Josicley Robério",1,189,0x002F2586,0x002F258A,16,100
50107,306774,"Hermano José",1,189,0x002F25BB,0x002F25BF,12,100
50108,306784,"Elísio André",1,189,0x002F25E8,0x002F25EC,12,100
50109,306795,"Nilo",1,189,0x002F2615,0x002F2619,4,100
50110,306797,"Rafael Camilo",1,189,0x002F2632,0x002F2636,13,100
50111,306904,"Almir José",1,189,0x002F2661,0x002F2665,10,100
50112,306909,"Cláussio",1,189,0x002F268A,0x002F268E,8,100
50113,306912,"José Adenílson",1,189,0x002F26AF,0x002F26B3,14,100
50114,306925,"Jair Antônio",1,189,0x002F26E0,0x002F26E4,12,100
50115,306942,"José Elias",1,189,0x002F270D,0x002F2711,10,100
50116,306944,"Marcelo Fábio",1,189,0x002F2736,0x002F273A,13,100
50117,306951,"Alexis",1,189,0x002F2765,0x002F2769,6,100
50118,306957,"Celso Luiz",1,189,0x002F2786,0x002F278A,10,100
50119,306970,"Flávio Henrique",1,189,0x002F27AF,0x002F27B3,15,100
50120,304045,"Victor Lucky",1,189,0x002F27E2,0x002F27E6,12,100
50121,306980,"Jorge Edílson",1,189,0x002F280F,0x002F2813,13,100
50122,306995,"Nereu",1,189,0x002F283E,0x002F2842,5,100
50123,306997,"Olávio Dorico",1,189,0x002F285D,0x002F2861,13,100
50124,307007,"Heriberto",1,189,0x002F288C,0x002F2890,9,100
50125,307016,"Wilson Ricardo",1,189,0x002F28B3,0x002F28B7,14,100
50126,304038,"Joacy Domingos",1,189,0x002F28E4,0x002F28E8,14,100
50127,307041,"Francisco Dino",1,189,0x002F2915,0x002F2919,14,100
50128,307042,"Aderson",1,189,0x002F2946,0x002F294A,7,100
50129,307043,"Francisco Édio",1,189,0x002F2969,0x002F296D,14,100
50130,307045,"Clemílson Roberto",1,189,0x002F299A,0x002F299E,17,100
50131,307051,"Cícero César",1,189,0x002F29D1,0x002F29D5,12,100
50132,304037,"Vélber Augusto",1,189,0x002F29FE,0x002F2A02,14,100
50133,307081,"Francisco Alan",1,189,0x002F2A2F,0x002F2A33,14,100
50134,304031,"Adinam",1,189,0x002F2A60,0x002F2A64,6,100
50135,307101,"Nau",1,189,0x002F2A81,0x002F2A85,3,100
50136,307104,"Amarildo Felipe",1,189,0x002F2A9C,0x002F2AA0,15,100
50137,307111,"Davi João",1,189,0x002F2ACF,0x002F2AD3,9,100
50138,307114,"Wellington Zacarias",1,189,0x002F2AF6,0x002F2AFA,19,100
50139,307119,"João Ronaldo",1,189,0x002F2B31,0x002F2B35,12,100
50140,304003,"José Arthur",1,189,0x002F2B5E,0x002F2B62,11,100
50141,307162,"Heriberton",1,189,0x002F2B89,0x002F2B8D,10,100
50142,307164,"Aílton Luís",1,189,0x002F2BB2,0x002F2BB6,11,100
50143,303997,"Luís Wanderley",1,189,0x002F2BDD,0x002F2BE1,14,100
50144,303996,"Fransérgio Eurípedes",1,189,0x002F2C0E,0x002F2C12,20,100
50145,303988,"Edézio",1,189,0x002F2C4B,0x002F2C4F,6,100
50146,303973,"Jocian",1,189,0x002F2C6C,0x002F2C70,6,100
50147,307242,"Antônio Régis",1,189,0x002F2C8D,0x002F2C91,13,100
50148,307254,"José Rufino",1,189,0x002F2CBC,0x002F2CC0,11,100
50149,307266,"Pedro Almiro",1,189,0x002F2CE7,0x002F2CEB,12,100
50150,303950,"José Adão",1,189,0x002F2D14,0x002F2D18,9,100
50151,307324,"Márcio Pedro",1,189,0x002F2D3B,0x002F2D3F,12,100
50152,303947,"José Ângelo",1,189,0x002F2D68,0x002F2D6C,11,100
50153,307340,"Alexandre Donizete",1,189,0x002F2D93,0x002F2D97,18,100
50154,307364,"Paulo Jardel",1,189,0x002F2DCC,0x002F2DD0,12,100
50155,307392,"José Cristiano",1,189,0x002F2DF9,0x002F2DFD,14,100
50156,307393,"José Edvaldo",1,189,0x002F2E2A,0x002F2E2E,12,100
50157,303918,"Judas",1,189,0x002F2E57,0x002F2E5B,5,100
50158,307440,"Roger José",1,189,0x002F2E76,0x002F2E7A,10,100
50159,308196,"Antoniel",1,189,0x002F2E9F,0x002F2EA3,8,100
50160,308201,"Rondinelle",1,189,0x002F2EC4,0x002F2EC8,10,100
50161,303917,"Michel Ricardo",1,189,0x002F2EED,0x002F2EF1,14,100
50162,308211,"Astrogildo",1,189,0x002F2F1E,0x002F2F22,10,100
50163,308224,"Willdson",1,189,0x002F2F47,0x002F2F4B,8,100
50164,308225,"Alynon",1,189,0x002F2F6C,0x002F2F70,6,100
50165,308229,"Olavo",1,189,0x002F2F8D,0x002F2F91,5,100
50166,308231,"Sérgio Vinícius",1,189,0x002F2FAC,0x002F2FB0,15,100
50167,308232,"Ipirá",1,189,0x002F2FDF,0x002F2FE3,5,100
50168,308235,"Ernesto",1,189,0x002F2FFE,0x002F3002,7,100
50169,308243,"Raimundo Eusébio",1,189,0x002F3021,0x002F3025,16,100
50170,303912,"Bartolomeu José",1,189,0x002F3056,0x002F305A,15,100
50171,308306,"Dalmo",1,189,0x002F3089,0x002F308D,5,100
50172,308308,"Gassen",1,189,0x002F30A8,0x002F30AC,6,100
50173,308324,"Danilo José",1,189,0x002F30C9,0x002F30CD,11,100
50174,308334,"Ewerton Leandro",1,189,0x002F30F4,0x002F30F8,15,100
50175,308335,"Ranielli José",1,189,0x002F3127,0x002F312B,13,100
50176,308345,"Édson Araújo",1,189,0x002F3156,0x002F315A,12,100
50177,308397,"Valkmar",1,189,0x002F3183,0x002F3187,7,100
50178,308404,"Daniel Luiz",1,189,0x002F31A6,0x002F31AA,11,100
50179,308407,"Élson",1,189,0x002F31D1,0x002F31D5,5,100
50180,308409,"Carlos Róbston",1,189,0x002F31F0,0x002F31F4,14,100
50181,308413,"Cícero Ricardo",1,189,0x002F3221,0x002F3225,14,100
50182,7100150,"Ricardo Frederico",1,189,0x002F3252,0x002F3256,17,100
50183,7100118,"Carlos Válber",1,189,0x002F3289,0x002F328D,13,100
50184,308421,"Maicon Douglas",1,189,0x002F32B8,0x002F32BC,14,100
50185,7004842,"Vosmir Luiz",1,189,0x002F32E9,0x002F32ED,11,100
50186,7004181,"Nílson Domingos",1,189,0x002F3314,0x002F3318,15,100
50187,7004072,"Anastácio",1,189,0x002F3347,0x002F334B,9,100
50188,303877,"Sharlei",1,189,0x002F336E,0x002F3372,7,100
50189,6900672,"Ivo Fernando",1,189,0x002F3391,0x002F3395,12,100
50190,6900656,"Fabiano Bruno",1,189,0x002F33BE,0x002F33C2,13,100
50191,6900645,"Feliciano",1,189,0x002F33ED,0x002F33F1,9,100
50192,6900585,"Amílcar",1,189,0x002F3414,0x002F3418,7,100
50193,6900583,"Mustafá",1,189,0x002F3437,0x002F343B,7,100
50194,6900578,"Wágner Antônio",1,189,0x002F345A,0x002F345E,14,100
50195,303818,"Ivair Aparecido",1,189,0x002F348B,0x002F348F,15,100
50196,6900568,"Eurico Ângelo",1,189,0x002F34BE,0x002F34C2,13,100
50197,6900199,"Emmerson Cassiano",1,189,0x002F34ED,0x002F34F1,17,100
50198,303682,"João Dermival",1,189,0x002F3524,0x002F3528,13,100
50199,6900184,"Aldrovani",1,189,0x002F3553,0x002F3557,9,100
50200,6900171,"José Marcel",1,189,0x002F357A,0x002F357E,11,100
50201,303599,"Pedro Ayub",1,189,0x002F35A5,0x002F35A9,10,100
50202,6900154,"Evair",1,189,0x002F35CE,0x002F35D2,5,100
50203,6900153,"Edmílson José",1,189,0x002F35ED,0x002F35F1,13,100
50204,6900150,"Marcelo Heleno",1,189,0x002F361C,0x002F3620,14,100
50205,6900144,"Adiel",1,189,0x002F364D,0x002F3651,5,100
50206,6900137,"Márcio Wendel",1,189,0x002F366C,0x002F3670,13,100
50207,6900136,"Max Sandro",1,189,0x002F369B,0x002F369F,10,100
50208,6900129,"Daniel Sabino",1,189,0x002F36C4,0x002F36C8,13,100
50209,6900123,"Francisco Narcízio",1,189,0x002F36F3,0x002F36F7,18,100
50210,6900121,"Emerson Cris",1,189,0x002F372C,0x002F3730,12,100
50211,6900120,"Marciano Marcelo",1,189,0x002F3759,0x002F375D,16,100
50212,6900119,"João Simão",1,189,0x002F378E,0x002F3792,10,100
50213,6900116,"Milton Rogério",1,189,0x002F37B7,0x002F37BB,14,100
50214,6900108,"Edemar Antônio",1,189,0x002F37E8,0x002F37EC,14,100
50215,6900104,"Douglas Hirayama",1,189,0x002F3819,0x002F381D,16,100
50216,6900103,"Renato Dirnei",1,189,0x002F384E,0x002F3852,13,100
50217,6900099,"Jefferson Márcio",1,189,0x002F387D,0x002F3881,16,100
50218,6900094,"Edervan",1,189,0x002F38B2,0x002F38B6,7,100
50219,6900091,"Silfarley Felipe",1,189,0x002F38D5,0x002F38D9,16,100
50220,6900089,"Romualdo",1,189,0x002F390A,0x002F390E,8,100
50221,303559,"Sílvio Renato",1,189,0x002F392F,0x002F3933,13,100
50222,6900066,"Eduardo Gabriel",1,189,0x002F395E,0x002F3962,15,100
50223,6900060,"Geraldo Carlos",1,189,0x002F3991,0x002F3995,14,100
50224,6900058,"Cléber Eduardo",1,189,0x002F39C2,0x002F39C6,14,100
50225,6900055,"Leonardo Devanir",1,189,0x002F39F3,0x002F39F7,16,100
50226,6900054,"Eliel Henrique",1,189,0x002F3A28,0x002F3A2C,14,100
50227,6900040,"Kléber João",1,189,0x002F3A59,0x002F3A5D,11,100
50228,6900038,"Thiago Marcelo",1,189,0x002F3A84,0x002F3A88,14,100
50229,6900036,"Luís Idorildo",1,189,0x002F3AB5,0x002F3AB9,13,100
50230,6900034,"Faustivânio",1,189,0x002F3AE4,0x002F3AE8,11,100
50231,6900017,"Ricardo Cristiano",1,189,0x002F3B0F,0x002F3B13,17,100
50232,6704004,"Joao",1,189,0x002F3B46,0x002F3B4A,4,100
50233,6702686,"Pedro Iarley",1,189,0x002F3B63,0x002F3B67,12,100
50234,459109,"Gérson Ricardo",1,189,0x002F3B90,0x002F3B94,14,100
50235,127536,"Joel Natalino",1,189,0x002F3BC1,0x002F3BC5,13,100
50236,303444,"André Joésio",1,189,0x002F3BF0,0x002F3BF4,12,100
50237,308573,"Ridênio",1,189,0x002F3C1D,0x002F3C21,7,100
50238,308577,"José Edvar",1,189,0x002F3C40,0x002F3C44,10,100
50239,308630,"Márcio Augusto",1,189,0x002F3C69,0x002F3C6D,14,100
50240,308631,"André Felipe",1,189,0x002F3C9A,0x002F3C9E,12,100
50241,308949,"Fabiano Dionísio",1,189,0x002F3CC7,0x002F3CCB,16,100
50242,308958,"Cléber Márcio",1,189,0x002F3CFC,0x002F3D00,13,100
50243,308966,"Tárcio Luiz",1,189,0x002F3D2B,0x002F3D2F,11,100
50244,8832866,"Júlio Filippi",1,189,0x002F3D56,0x002F3D5A,13,100
50245,308968,"José Flávio",1,189,0x002F3D85,0x002F3D89,11,100
50246,308974,"Itamar Fernando",1,189,0x002F3DB0,0x002F3DB4,15,100
50247,308975,"Juraci",1,189,0x002F3DE3,0x002F3DE7,6,100
50248,308976,"Róbson Paulo",1,189,0x002F3E04,0x002F3E08,12,100
50249,309104,"Helbert Frederico",1,189,0x002F3E31,0x002F3E35,17,100
50250,309106,"Cícero Rubiano",1,189,0x002F3E68,0x002F3E6C,14,100
50251,303253,"Michael Adrian",1,189,0x002F3E99,0x002F3E9D,14,100
50252,309109,"André Henrique",1,189,0x002F3ECA,0x002F3ECE,14,100
50253,5723483,"Ribeiro",1,189,0x002F3EFB,0x002F3EFF,7,100
50254,303225,"Aloísio Carlos",1,189,0x002F3F1E,0x002F3F22,14,100
50255,309117,"Rodrigo Leonardo",1,189,0x002F3F4F,0x002F3F53,16,100
50256,309119,"Wesley Christian",1,189,0x002F3F84,0x002F3F88,16,100
50257,309122,"César Romero",1,189,0x002F3FB9,0x002F3FBD,12,100
50258,303222,"Francisco Adolfo",1,189,0x002F3FE6,0x002F3FEA,16,100
50259,303221,"Quintiliano",1,189,0x002F401B,0x002F401F,11,100
50260,309126,"Ednaldo Sávio",1,189,0x002F4046,0x002F404A,13,100
50261,309130,"Alex Chandre",1,189,0x002F4075,0x002F4079,12,100
50262,309147,"Kepler Laveran",1,189,0x002F40A2,0x002F40A6,14,100
50263,1201065,"Hélio César",1,189,0x002F40D3,0x002F40D7,11,100
50264,8832871,"Augusto Leonel",1,189,0x002F40FE,0x002F4102,14,100
50265,303219,"Procópio",1,189,0x002F412F,0x002F4133,8,100
50266,2001415,"Estevam Eduardo",1,189,0x002F4154,0x002F4158,15,100
50267,2001449,"Murilo André",1,189,0x002F4187,0x002F418B,12,100
50268,2001454,"Valdino",1,189,0x002F41B4,0x002F41B8,7,100
50269,2001468,"Emerson Moisés",1,189,0x002F41D7,0x002F41DB,14,100
50270,2001502,"Olímpico",1,189,0x002F4208,0x002F420C,8,100
50271,2001551,"Euclides",1,189,0x002F422D,0x002F4231,8,100
50272,303218,"Cristian Luciano",1,189,0x002F4252,0x002F4256,16,100
50273,2001635,"Valtemir",1,189,0x002F4287,0x002F428B,8,100
50274,2001642,"Francisco Clodoaldo",1,189,0x002F42AC,0x002F42B0,19,100
50275,2001652,"Misomar",1,189,0x002F42E7,0x002F42EB,7,100
50276,2001657,"Thelónio",1,189,0x002F430A,0x002F430E,8,100
50277,8832875,"Carlos Patrick",1,189,0x002F432F,0x002F4333,14,100
50278,8832876,"Walax Davi",1,189,0x002F4360,0x002F4364,10,100
50279,8832877,"Francisco Cláudio",1,189,0x002F4389,0x002F438D,17,100
50280,2009901,"Marcone Amaral",1,189,0x002F43C0,0x002F43C4,14,100
50281,2010395,"Jefferson Alexandre",1,189,0x002F43F1,0x002F43F5,19,100
50282,2018590,"Marcelo Sander",1,189,0x002F442C,0x002F4430,14,100
50283,2018603,"Gian Carlos",1,189,0x002F445D,0x002F4461,11,100
50284,303204,"Fábio Deivson",1,189,0x002F4488,0x002F448C,13,100
50285,3202039,"Janílson",1,189,0x002F44B7,0x002F44BB,8,100
50286,3300000,"Argélico",1,189,0x002F44DC,0x002F44E0,8,100
50287,303195,"Márcio Aparecido",1,189,0x002F4501,0x002F4505,16,100
50288,3300005,"Felipe Jorge",1,189,0x002F4536,0x002F453A,12,100
50289,3300007,"Antonio Geder",1,189,0x002F4563,0x002F4567,13,100
50290,3300035,"Arílson Gilberto",1,189,0x002F4592,0x002F4596,16,100
50291,3300061,"Jenílson Ângelo",1,189,0x002F45C7,0x002F45CB,15,100
50292,3300068,"Dorismar Felipe",1,189,0x002F45FA,0x002F45FE,15,100
50293,303112,"Rogério Gervásio",1,189,0x002F462D,0x002F4631,16,100
50294,303048,"Editácio",1,189,0x002F4662,0x002F4666,8,100
50295,3300135,"Marcelo Tinôco",1,189,0x002F4687,0x002F468B,14,100
50296,3300137,"Francisco César",1,189,0x002F46B8,0x002F46BC,15,100
50297,3300139,"Cleonésio Carlos",1,189,0x002F46EB,0x002F46EF,16,100
50298,3300150,"Élson Roberto",1,189,0x002F4720,0x002F4724,13,100
50299,3300156,"Élvis Gustavo",1,189,0x002F474F,0x002F4753,13,100
50300,3300159,"José Dionísio",1,189,0x002F477E,0x002F4782,13,100
50301,3300162,"Jéfferson Alberto",1,189,0x002F47AD,0x002F47B1,17,100
50302,303047,"Jardemilson",1,189,0x002F47E4,0x002F47E8,11,100
50303,3300176,"Cléverson Maurílio",1,189,0x002F480F,0x002F4813,18,100
50304,3300184,"José Vítor",1,189,0x002F4848,0x002F484C,10,100
50305,3300188,"Crizan César",1,189,0x002F4871,0x002F4875,12,100
50306,3300203,"Bruno Heleno",1,189,0x002F489E,0x002F48A2,12,100
50307,3300211,"Cleison Édson",1,189,0x002F48CB,0x002F48CF,13,100
50308,3300213,"Wendel Geraldo",1,189,0x002F48FA,0x002F48FE,14,100
50309,3300222,"Vágner Rogério",1,189,0x002F492B,0x002F492F,14,100
50310,3300223,"Gesiel José",1,189,0x002F495C,0x002F4960,11,100
50311,3300225,"Mauro Geraldo",1,189,0x002F4987,0x002F498B,13,100
50312,3300227,"Odvan",1,189,0x002F49B6,0x002F49BA,5,100
50313,3300246,"Ilan Araújo",1,189,0x002F49D5,0x002F49D9,11,100
50314,3300252,"José William",1,189,0x002F4A00,0x002F4A04,12,100
50315,3300263,"Alberto Valentim",1,189,0x002F4A2D,0x002F4A31,16,100
50316,3300271,"Wellerson",1,189,0x002F4A62,0x002F4A66,9,100
50317,3300283,"Lauro Antônio",1,189,0x002F4A89,0x002F4A8D,13,100
50318,3300293,"Josenildo Carlos",1,189,0x002F4AB8,0x002F4ABC,16,100
50319,3300312,"Dênis Cássio",1,189,0x002F4AED,0x002F4AF1,12,100
50320,3300315,"Lori Paulo",1,189,0x002F4B1A,0x002F4B1E,10,100
50321,3300331,"Flávio Roberto",1,189,0x002F4B43,0x002F4B47,14,100
50322,3300358,"Wellington Paulo",1,189,0x002F4B74,0x002F4B78,16,100
50323,3300368,"Vândir",1,189,0x002F4BA9,0x002F4BAD,6,100
50324,3300386,"Alberto Joaquim",1,189,0x002F4BCA,0x002F4BCE,15,100
50325,3300395,"André Gilberto",1,189,0x002F4BFD,0x002F4C01,14,100
50326,3300400,"Vinícius Augusto",1,189,0x002F4C2E,0x002F4C32,16,100
50327,3300401,"Rubens Luiz",1,189,0x002F4C63,0x002F4C67,11,100
50328,3300408,"Antídio",1,189,0x002F4C8E,0x002F4C92,7,100
50329,3300418,"Tácio Caetano",1,189,0x002F4CB1,0x002F4CB5,13,100
50330,3300462,"Janduir",1,189,0x002F4CE0,0x002F4CE4,7,100
50331,3300479,"Abel Carlos",1,189,0x002F4D03,0x002F4D07,11,100
50332,3300481,"Válder Eugênio",1,189,0x002F4D2E,0x002F4D32,14,100
50333,3300487,"Sirlei",1,189,0x002F4D5F,0x002F4D63,6,100
50334,3300494,"Wellington Vicente",1,189,0x002F4D80,0x002F4D84,18,100
50335,3300564,"Leonardo Fabiano",1,189,0x002F4DB9,0x002F4DBD,16,100
50336,302979,"Claudivan",1,189,0x002F4DEE,0x002F4DF2,9,100
50337,3300578,"Paulo Ernesto",1,189,0x002F4E15,0x002F4E19,13,100
50338,3300590,"Jefferton",1,189,0x002F4E44,0x002F4E48,9,100
50339,302976,"Jair Neilson",1,189,0x002F4E6B,0x002F4E6F,12,100
50340,3300615,"Rommel",1,189,0x002F4E98,0x002F4E9C,6,100
50341,3300624,"Aristídes",1,189,0x002F4EB9,0x002F4EBD,9,100
50342,309159,"Fernando Eduardo",1,189,0x002F4EE0,0x002F4EE4,16,100
50343,3300637,"Jonílson Clóvis",1,189,0x002F4F15,0x002F4F19,15,100
50344,3300646,"Wilson Antônio",1,189,0x002F4F48,0x002F4F4C,14,100
50345,3300660,"Gustavo Nílson",1,189,0x002F4F79,0x002F4F7D,14,100
50346,3300673,"Déo",1,189,0x002F4FAA,0x002F4FAE,3,100
50347,3300680,"Oman",1,189,0x002F4FC5,0x002F4FC9,4,100
50348,302967,"Regivânio",1,189,0x002F4FE2,0x002F4FE6,9,100
50349,3300695,"Flávio Augusto",1,189,0x002F5009,0x002F500D,14,100
50350,3300696,"Alexsander",1,189,0x002F503A,0x002F503E,10,100
50351,3300701,"José Romário",1,189,0x002F5063,0x002F5067,12,100
50352,3300732,"Sebastião Marcos",1,189,0x002F5090,0x002F5094,16,100
50353,3300733,"Jéfferson Carlos",1,189,0x002F50C5,0x002F50C9,16,100
50354,3300737,"Jucemar Luiz",1,189,0x002F50FA,0x002F50FE,12,100
50355,3300748,"Darci Afonso",1,189,0x002F5127,0x002F512B,12,100
50356,3300759,"Paulo Augusto",1,189,0x002F5154,0x002F5158,13,100
50357,3300762,"Felipe Reinaldo",1,189,0x002F5183,0x002F5187,15,100
50358,3300780,"Antônio Reginaldo",1,189,0x002F51B6,0x002F51BA,17,100
50359,3300781,"Jorge Marcelo",1,189,0x002F51ED,0x002F51F1,13,100
50360,3300784,"Jesús Cleiton",1,189,0x002F521C,0x002F5220,13,100
50361,3300805,"Augusto Jucélio",1,189,0x002F524B,0x002F524F,15,100
50362,3300808,"José Licínio",1,189,0x002F527E,0x002F5282,12,100
50363,3300809,"Sandro Júnior",1,189,0x002F52AB,0x002F52AF,13,100
50364,3300815,"Francisco Antônio Marcos",1,189,0x002F52DA,0x002F52DE,24,100
50365,3300816,"Jax",1,189,0x002F531F,0x002F5323,3,100
50366,3300832,"Auecione",1,189,0x002F533A,0x002F533E,8,100
50367,3300833,"Sadi",1,189,0x002F535F,0x002F5363,4,100
50368,3300834,"Jóbson Kleison",1,189,0x002F537C,0x002F5380,14,100
50369,3300836,"Wolnei",1,189,0x002F53AD,0x002F53B1,6,100
50370,3300852,"Váldson",1,189,0x002F53CE,0x002F53D2,7,100
50371,302961,"Carlos Weberton",1,189,0x002F53F1,0x002F53F5,15,100
50372,309160,"José Eurico",1,189,0x002F5424,0x002F5428,11,100
50373,3300858,"Rainê",1,189,0x002F544F,0x002F5453,5,100
50374,3300864,"Givanildo José",1,189,0x002F546E,0x002F5472,14,100
50375,302914,"Vanderlei Bernardo",1,189,0x002F549F,0x002F54A3,18,100
50376,3300872,"Écio",1,189,0x002F54D8,0x002F54DC,4,100
50377,3300874,"Donieber Alexandre",1,189,0x002F54F5,0x002F54F9,18,100
50378,3300876,"Marcelo Francisco",1,189,0x002F552E,0x002F5532,17,100
50379,3300877,"Humberto Mauro",1,189,0x002F5565,0x002F5569,14,100
50380,3300878,"Vulpian",1,189,0x002F5596,0x002F559A,7,100
50381,302852,"Antônio Jarbas",1,189,0x002F55B9,0x002F55BD,14,100
50382,3300916,"José Clébson",1,189,0x002F55EA,0x002F55EE,12,100
50383,302848,"Wando",1,189,0x002F5617,0x002F561B,5,100
50384,3300934,"Alessandro Cristiano",1,189,0x002F5636,0x002F563A,20,100
50385,302847,"Gisley",1,189,0x002F5673,0x002F5677,6,100
50386,3300946,"Álvaro Alexandre",1,189,0x002F5694,0x002F5698,16,100
50387,3300956,"Gléguer",1,189,0x002F56C9,0x002F56CD,7,100
50388,3300959,"Faustino",1,189,0x002F56EC,0x002F56F0,8,100
50389,3300979,"Françoaldo",1,189,0x002F5711,0x002F5715,10,100
50390,3300985,"Fábio Aurélio",1,189,0x002F573A,0x002F573E,13,100
50391,3300991,"Jefferson Luís",1,189,0x002F5769,0x002F576D,14,100
50392,5701317,"Cezar",1,189,0x002F579A,0x002F579E,5,100
50393,302814,"Armelindo Donizete",1,189,0x002F57B9,0x002F57BD,18,100
50394,3301007,"José Róbson",1,189,0x002F57F2,0x002F57F6,11,100
50395,302797,"Américo",1,189,0x002F581D,0x002F5821,7,100
50396,3301009,"Heron Ricardo",1,189,0x002F5840,0x002F5844,13,100
50397,3301011,"Leandro Tomás",1,189,0x002F586F,0x002F5873,13,100
50398,3301029,"Moacir José",1,189,0x002F589E,0x002F58A2,11,100
50399,3301030,"Anísio",1,189,0x002F58C9,0x002F58CD,6,100
50400,3301031,"Ozéia",1,189,0x002F58EA,0x002F58EE,5,100
50401,3301040,"Jorge Osmar",1,189,0x002F5909,0x002F590D,11,100
50402,302782,"Camilo",1,189,0x002F5934,0x002F5938,6,100
50403,3301076,"Nelson",1,189,0x002F5955,0x002F5959,6,100
50404,3301079,"Clésio Henrique",1,189,0x002F5976,0x002F597A,15,100
50405,3301091,"Benecy",1,189,0x002F59A9,0x002F59AD,6,100
50406,3301093,"Antônio Ronaldo",1,189,0x002F59CA,0x002F59CE,15,100
50407,302728,"Andre Luiz",1,189,0x002F59FD,0x002F5A01,10,100
50408,3301105,"Valnei",1,189,0x002F5A26,0x002F5A2A,6,100
50409,3301108,"Denílson Antônio",1,189,0x002F5A47,0x002F5A4B,16,100
50410,3301113,"Leonardo Caetano",1,189,0x002F5A7C,0x002F5A80,16,100
50411,3301114,"Regis",1,189,0x002F5AB1,0x002F5AB5,5,100
50412,3301120,"Dênisson Ricardo",1,189,0x002F5AD0,0x002F5AD4,16,100
50413,3301121,"Divanilson",1,189,0x002F5B05,0x002F5B09,10,100
50414,302700,"José Jadílson",1,189,0x002F5B2E,0x002F5B32,13,100
50415,3301152,"Reginaldo Henrique",1,189,0x002F5B5D,0x002F5B61,18,100
50416,3301155,"Flávio Emídio",1,189,0x002F5B96,0x002F5B9A,13,100
50417,3301156,"Édson Manoel",1,189,0x002F5BC5,0x002F5BC9,12,100
50418,3301160,"Cleilton Eduardo",1,189,0x002F5BF2,0x002F5BF6,16,100
50419,3301170,"Sebastião Wágner",1,189,0x002F5C27,0x002F5C2B,16,100
50420,3301175,"Marcos Marcelino",1,189,0x002F5C5C,0x002F5C60,16,100
50421,302691,"Christofer Augusto",1,189,0x002F5C91,0x002F5C95,18,100
50422,3301179,"Sandro Hélio",1,189,0x002F5CCA,0x002F5CCE,12,100
50423,3301180,"Allann Delon",1,189,0x002F5CF7,0x002F5CFB,12,100
50424,3301181,"Jose Carlos",1,189,0x002F5D24,0x002F5D28,11,100
50425,3301183,"Túlio Humberto",1,189,0x002F5D4F,0x002F5D53,14,100
50426,3301192,"Harrison",1,189,0x002F5D80,0x002F5D84,8,100
50427,3301201,"Sylvio",1,189,0x002F5DA5,0x002F5DA9,6,100
50428,3301206,"Ricardo Luís",1,189,0x002F5DC6,0x002F5DCA,12,100
50429,3301221,"Danilo Gabriel",1,189,0x002F5DF3,0x002F5DF7,14,100
50430,3301225,"Célio Lúcio",1,189,0x002F5E24,0x002F5E28,11,100
50431,3301228,"Flávio Rogério",1,189,0x002F5E4F,0x002F5E53,14,100
50432,3301229,"Reginaldo Inácio",1,189,0x002F5E80,0x002F5E84,16,100
50433,3301231,"Yan Cleiton",1,189,0x002F5EB5,0x002F5EB9,11,100
50434,3301233,"Antônio Jackson",1,189,0x002F5EE0,0x002F5EE4,15,100
50435,3301237,"José Sinval",1,189,0x002F5F13,0x002F5F17,11,100
50436,3301239,"Clêmer",1,189,0x002F5F3E,0x002F5F42,6,100
50437,3301246,"Leonardo Inácio",1,189,0x002F5F5F,0x002F5F63,15,100
50438,3301248,"Lucenilde",1,189,0x002F5F92,0x002F5F96,9,100
50439,3301254,"Iranildo Hermínio",1,189,0x002F5FB9,0x002F5FBD,17,100
50440,3301263,"Hernani",1,189,0x002F5FF0,0x002F5FF4,7,100
50441,3301268,"Marcos José Franklin",1,189,0x002F6013,0x002F6017,20,100
50442,3301275,"Fernando Lúcio",1,189,0x002F6050,0x002F6054,14,100
50443,3301286,"Vagno Célio",1,189,0x002F6081,0x002F6085,11,100
50444,3301287,"Danrlei",1,189,0x002F60AC,0x002F60B0,7,100
50445,3301288,"Eliézer Murilo",1,189,0x002F60CF,0x002F60D3,14,100
50446,3301293,"Rafael Felipe",1,189,0x002F6100,0x002F6104,13,100
50447,302613,"Irênio José",1,189,0x002F612F,0x002F6133,11,100
50448,3301309,"Hélcio Roberto",1,189,0x002F615A,0x002F615E,14,100
50449,3301311,"Patrício Antônio",1,189,0x002F618B,0x002F618F,16,100
50450,3301316,"Vitorino da Silva",1,189,0x002F61C0,0x002F61C4,17,100
50451,3301317,"Lúcio Flávio",1,189,0x002F61F7,0x002F61FB,12,100
50452,3301324,"Albérico",1,189,0x002F6224,0x002F6228,8,100
50453,3301325,"Érlon Charles",1,189,0x002F6249,0x002F624D,13,100
50454,3301332,"Márcio Allan",1,189,0x002F6278,0x002F627C,12,100
50455,302594,"Fábio Camillo",1,189,0x002F62A5,0x002F62A9,13,100
50456,3301338,"Josenildo Caetano",1,189,0x002F62D4,0x002F62D8,17,100
50457,3301341,"Leomar",1,189,0x002F630B,0x002F630F,6,100
50458,3301349,"Émerson Roberto",1,189,0x002F632C,0x002F6330,15,100
50459,3301350,"Fernando Aparecido",1,189,0x002F635F,0x002F6363,18,100
50460,3301353,"Rogério José",1,189,0x002F6398,0x002F639C,12,100
50461,3301356,"Eli Carlos",1,189,0x002F63C5,0x002F63C9,10,100
50462,302591,"Erisson Carlos",1,189,0x002F63EE,0x002F63F2,14,100
50463,3301358,"Kléber Antônio",1,189,0x002F641F,0x002F6423,14,100
50464,3301367,"Augusto Carlos",1,189,0x002F6450,0x002F6454,14,100
50465,3301398,"Alisson James",1,189,0x002F6481,0x002F6485,13,100
50466,3301409,"Arnaldo Dionísio",1,189,0x002F64B0,0x002F64B4,16,100
50467,302583,"Rubens Fernando",1,189,0x002F64E5,0x002F64E9,15,100
50468,3301425,"Dejair Jorge",1,189,0x002F6518,0x002F651C,12,100
50469,3301429,"Édson Alberto",1,189,0x002F6545,0x002F6549,13,100
50470,3301433,"Júlio Cleomildes",1,189,0x002F6574,0x002F6578,16,100
50471,3301436,"Aurino",1,189,0x002F65A9,0x002F65AD,6,100
50472,302581,"Anderson Cléber",1,189,0x002F65CA,0x002F65CE,15,100
50473,3301451,"Aléssio",1,189,0x002F65FD,0x002F6601,7,100
50474,302579,"Luiz Mário",1,189,0x002F6620,0x002F6624,10,100
50475,3301494,"Marcos Luís",1,189,0x002F6649,0x002F664D,11,100
50476,3301497,"Ronielton",1,189,0x002F6674,0x002F6678,9,100
50477,3301500,"Valteci Ângelo",1,189,0x002F669B,0x002F669F,14,100
50478,6900516,"Antônio Willian",1,189,0x002F66CC,0x002F66D0,15,100
50479,302538,"Éwerthon Henrique",1,189,0x002F66FF,0x002F6703,17,100
50480,3301506,"Rodrigo Juliano",1,189,0x002F6736,0x002F673A,15,100
50481,3301512,"Muricy",1,189,0x002F6769,0x002F676D,6,100
50482,3301515,"Adriano Fabiano",1,189,0x002F678A,0x002F678E,15,100
50483,3301519,"Amílton",1,189,0x002F67BD,0x002F67C1,7,100
50484,309491,"Fábio Dennysson",1,189,0x002F67E0,0x002F67E4,15,100
50485,309557,"Emerson Pedro",1,189,0x002F6813,0x002F6817,13,100
50486,309581,"Ben Hur",1,189,0x002F6842,0x002F6846,7,100
50487,309597,"Leandro Jorge",1,189,0x002F6865,0x002F6869,13,100
50488,309668,"Cássio José",1,189,0x002F6894,0x002F6898,11,100
50489,309672,"Luiz Estevão",1,189,0x002F68BF,0x002F68C3,12,100
50490,310449,"Weberth",1,189,0x002F68EC,0x002F68F0,7,100
50491,310455,"Sílvio Franklin",1,189,0x002F690F,0x002F6913,15,100
50492,302475,"Axel",1,189,0x002F6942,0x002F6946,4,100
50493,310597,"Anderson Aurélio",1,189,0x002F695F,0x002F6963,16,100
50494,310599,"Adriano Duarte",1,189,0x002F6994,0x002F6998,14,100
50495,310607,"Rogério Paulo",1,189,0x002F69C5,0x002F69C9,13,100
50496,310623,"Jancarlos",1,189,0x002F69F4,0x002F69F8,9,100
50497,310625,"Ricardo Izecson",1,189,0x002F6A1B,0x002F6A1F,15,100
50498,310634,"Adílton",1,189,0x002F6A4E,0x002F6A52,7,100
50499,3301521,"Belarmino",1,189,0x002F6A71,0x002F6A75,9,100
50500,310660,"Maurício Horácio",1,189,0x002F6A98,0x002F6A9C,16,100
50501,310664,"Jorge Jefferson",1,189,0x002F6ACD,0x002F6AD1,15,100
50502,310666,"Guilherme Alexandre",1,189,0x002F6B00,0x002F6B04,19,100
50503,310696,"Onofre José",1,189,0x002F6B3B,0x002F6B3F,11,100
50504,310699,"Flávio Antônio",1,189,0x002F6B66,0x002F6B6A,14,100
50505,310749,"Willian Alípio",1,189,0x002F6B97,0x002F6B9B,14,100
50506,310756,"Iriney",1,189,0x002F6BC8,0x002F6BCC,6,100
50507,310761,"Alex Henrique",1,189,0x002F6BE9,0x002F6BED,13,100
50508,310765,"Douglas Renato",1,189,0x002F6C18,0x002F6C1C,14,100
50509,310766,"Douglas Ricardo",1,189,0x002F6C49,0x002F6C4D,15,100
50510,310770,"Henrique Jorge",1,189,0x002F6C7C,0x002F6C80,14,100
50511,310782,"Ivo Ricardo",1,189,0x002F6CAD,0x002F6CB1,11,100
50512,310785,"Enílton",1,189,0x002F6CD8,0x002F6CDC,7,100
50513,310798,"Gilberto William",1,189,0x002F6CFB,0x002F6CFF,16,100
50514,310803,"Germano Tiago",1,189,0x002F6D30,0x002F6D34,13,100
50515,310815,"Edanélson",1,189,0x002F6D5F,0x002F6D63,9,100
50516,310817,"Enéias",1,189,0x002F6D86,0x002F6D8A,6,100
50517,310821,"Inanilson",1,189,0x002F6DA7,0x002F6DAB,9,100
50518,310822,"Otaciano",1,189,0x002F6DCE,0x002F6DD2,8,100
50519,310838,"Brás Cubas",1,189,0x002F6DF3,0x002F6DF7,10,100
50520,310853,"Jerfson",1,189,0x002F6E1C,0x002F6E20,7,100
50521,310858,"Richardson",1,189,0x002F6E3F,0x002F6E43,10,100
50522,310867,"Dennys Richard",1,189,0x002F6E68,0x002F6E6C,14,100
50523,310870,"Heurelho",1,189,0x002F6E99,0x002F6E9D,8,100
50524,310874,"Maxwell Scherer",1,189,0x002F6EBE,0x002F6EC2,15,100
50525,310879,"Jussiê",1,189,0x002F6EF1,0x002F6EF5,6,100
50526,310880,"Walter Júnior",1,189,0x002F6F12,0x002F6F16,13,100
50527,310883,"Glaucivan",1,189,0x002F6F41,0x002F6F45,9,100
50528,310919,"Ilo",1,189,0x002F6F68,0x002F6F6C,3,100
50529,310920,"Iran",1,189,0x002F6F83,0x002F6F87,4,100
50530,310922,"Walter Hugo",1,189,0x002F6FA0,0x002F6FA4,11,100
50531,310927,"Duílio Adriano",1,189,0x002F6FCB,0x002F6FCF,14,100
50532,310931,"Andrey",1,189,0x002F6FFC,0x002F7000,6,100
50533,310935,"Gérson Sebastião",1,189,0x002F701D,0x002F7021,16,100
50534,310938,"Norberto",1,189,0x002F7052,0x002F7056,8,100
50535,310948,"Florisvaldo",1,189,0x002F7077,0x002F707B,11,100
50536,310961,"Lauro Júnior",1,189,0x002F70A2,0x002F70A6,12,100
50537,310966,"Ângelo Marino",1,189,0x002F70CF,0x002F70D3,13,100
50538,310970,"Daniel Vítor",1,189,0x002F70FE,0x002F7102,12,100
50539,310973,"Wederson Luiz",1,189,0x002F712B,0x002F712F,13,100
50540,310974,"Luís Arlindo",1,189,0x002F715A,0x002F715E,12,100
50541,310976,"Antônio Nei",1,189,0x002F7187,0x002F718B,11,100
50542,310983,"Nílson Iomar",1,189,0x002F71B2,0x002F71B6,12,100
50543,310986,"Elidiano",1,189,0x002F71DF,0x002F71E3,8,100
50544,8832814,"Vicente Manrique",1,189,0x002F7204,0x002F7208,16,100
50545,311046,"Cícero Giovani",1,189,0x002F7239,0x002F723D,14,100
50546,311051,"Nilmar",1,189,0x002F726A,0x002F726E,6,100
50547,311054,"Francisco Erandir",1,189,0x002F728B,0x002F728F,17,100
50548,311057,"Alberto Abraão",1,189,0x002F72C2,0x002F72C6,14,100
50549,311060,"Magnum Rafael",1,189,0x002F72F3,0x002F72F7,13,100
50550,311063,"Gino Fernando",1,189,0x002F7322,0x002F7326,13,100
50551,302469,"Marcos Vicente",1,189,0x002F7351,0x002F7355,14,100
50552,311079,"Washington Alfredo",1,189,0x002F7382,0x002F7386,18,100
50553,311092,"Rodrigo César",1,189,0x002F73BB,0x002F73BF,13,100
50554,311117,"José Adagílton",1,189,0x002F73EA,0x002F73EE,14,100
50555,311119,"Elias Natan",1,189,0x002F741B,0x002F741F,11,100
50556,311122,"Geraldo Clemente",1,189,0x002F7446,0x002F744A,16,100
50557,311124,"Roberval Lázaro",1,189,0x002F747B,0x002F747F,15,100
50558,311129,"Valteir",1,189,0x002F74AE,0x002F74B2,7,100
50559,302460,"Paulo Frederico",1,189,0x002F74D1,0x002F74D5,15,100
50560,311135,"Carlos Márcio",1,189,0x002F7504,0x002F7508,13,100
50561,311136,"Antônio Rogério",1,189,0x002F7533,0x002F7537,15,100
50562,311144,"Wendell Raúl",1,189,0x002F7566,0x002F756A,12,100
50563,311153,"Alceu",1,189,0x002F7593,0x002F7597,5,100
50564,311154,"Nélio José",1,189,0x002F75B2,0x002F75B6,10,100
50565,311156,"Maykon Daniel",1,189,0x002F75DB,0x002F75DF,13,100
50566,302426,"Allan Patrick",1,189,0x002F760A,0x002F760E,13,100
50567,311183,"Leandro Altair",1,189,0x002F7639,0x002F763D,14,100
50568,311189,"Paulo Juarez",1,189,0x002F766A,0x002F766E,12,100
50569,311190,"Ricardo Bóvio",1,189,0x002F7697,0x002F769B,13,100
50570,311192,"Ely Thadeu",1,189,0x002F76C6,0x002F76CA,10,100
50571,311193,"Alcinei",1,189,0x002F76EF,0x002F76F3,7,100
50572,311196,"Agostinho",1,189,0x002F7712,0x002F7716,9,100
50573,311202,"Carlos Eiki",1,189,0x002F7739,0x002F773D,11,100
50574,311203,"Luiz César",1,189,0x002F7764,0x002F7768,10,100
50575,311206,"Anaílson",1,189,0x002F778D,0x002F7791,8,100
50576,311214,"Emmanuel Danilo",1,189,0x002F77B2,0x002F77B6,15,100
50577,311226,"Clísio",1,189,0x002F77E5,0x002F77E9,6,100
50578,8832805,"Diego Henrique",1,189,0x002F7806,0x002F780A,14,100
50579,8832804,"Ramón Osni",1,189,0x002F7837,0x002F783B,10,100
50580,311267,"Jamur César",1,189,0x002F7860,0x002F7864,11,100
50581,311274,"Alex Ricardo",1,189,0x002F788B,0x002F788F,12,100
50582,311275,"Creedence Clearwater",1,189,0x002F78B8,0x002F78BC,20,100
50583,311276,"Mohamed Adnan",1,189,0x002F78F5,0x002F78F9,13,100
50584,311277,"Pedro Gustavo",1,189,0x002F7924,0x002F7928,13,100
50585,311287,"José Tadeu",1,189,0x002F7953,0x002F7957,10,100
50586,311291,"Júlio Sérgio",1,189,0x002F797C,0x002F7980,12,100
50587,311296,"Alex Albert",1,189,0x002F79A9,0x002F79AD,11,100
50588,311313,"Idemar Ângelo",1,189,0x002F79D4,0x002F79D8,13,100
50589,302361,"Levir",1,189,0x002F7A03,0x002F7A07,5,100
50590,311336,"Izazé Emílio",1,189,0x002F7A22,0x002F7A26,12,100
50591,311343,"Volmir Francisco",1,189,0x002F7A4F,0x002F7A53,16,100
50592,311420,"João Wellington",1,189,0x002F7A84,0x002F7A88,15,100
50593,311430,"Alexsandro Miguel",1,189,0x002F7AB7,0x002F7ABB,17,100
50594,311473,"Wisner",1,189,0x002F7AEE,0x002F7AF2,6,100
50595,311489,"Anício",1,189,0x002F7B0F,0x002F7B13,6,100
50596,311493,"Helbert",1,189,0x002F7B30,0x002F7B34,7,100
50597,311498,"Roniê Charles",1,189,0x002F7B53,0x002F7B57,13,100
50598,311524,"Roque Óscar",1,189,0x002F7B82,0x002F7B86,11,100
50599,311530,"Scharles Roberto",1,189,0x002F7BAD,0x002F7BB1,16,100
50600,311532,"Darzoni",1,189,0x002F7BE2,0x002F7BE6,7,100
50601,311536,"Eliseo",1,189,0x002F7C05,0x002F7C09,6,100
50602,311549,"André Aloísio",1,189,0x002F7C26,0x002F7C2A,13,100
50603,302300,"Miguel Carlos",1,189,0x002F7C55,0x002F7C59,13,100
50604,3301535,"Athirson",1,189,0x002F7C84,0x002F7C88,8,100
50605,3301538,"Vágner Antônio",1,189,0x002F7CA9,0x002F7CAD,14,100
50606,3301543,"Eduardo Marques",1,189,0x002F7CDA,0x002F7CDE,15,100
50607,3301544,"Rubens Vanderlei",1,189,0x002F7D0D,0x002F7D11,16,100
50608,3301557,"Eberte",1,189,0x002F7D42,0x002F7D46,6,100
50609,3301578,"José Cândido",1,189,0x002F7D63,0x002F7D67,12,100
50610,3301579,"Thoni Jarbas",1,189,0x002F7D90,0x002F7D94,12,100
50611,3301582,"Valdyr Atahualpa",1,189,0x002F7DBD,0x002F7DC1,16,100
50612,128736,"Lincoln Cássio",1,189,0x002F7DF2,0x002F7DF6,14,100
50613,128739,"Laélson",1,189,0x002F7E23,0x002F7E27,7,100
50614,106988,"Sergio Claudio",1,189,0x002F7E46,0x002F7E4A,14,100
50615,311703,"Edwilson",1,189,0x002F7E77,0x002F7E7B,8,100
50616,8830596,"Aberson",1,189,0x002F7E9C,0x002F7EA0,7,100
50617,311706,"Eduardo Augusto",1,189,0x002F7EBF,0x002F7EC3,15,100
50618,311710,"Francisco Inácio",1,189,0x002F7EF2,0x002F7EF6,16,100
50619,311711,"José Everson",1,189,0x002F7F27,0x002F7F2B,12,100
50620,311729,"Valdonedo",1,189,0x002F7F54,0x002F7F58,9,100
50621,311731,"Paulo Marcos",1,189,0x002F7F7B,0x002F7F7F,12,100
50622,311742,"Adriano Ricardo",1,189,0x002F7FA8,0x002F7FAC,15,100
50623,311744,"Volcleir",1,189,0x002F7FDB,0x002F7FDF,8,100
50624,311759,"Jovarcir",1,189,0x002F8000,0x002F8004,8,100
50625,311762,"Arcelino",1,189,0x002F8025,0x002F8029,8,100
50626,311771,"Anderson Sebastião",1,189,0x002F804A,0x002F804E,18,100
50627,311776,"Róbson Vicente",1,189,0x002F8083,0x002F8087,14,100
50628,311788,"Rodrigo Manuel",1,189,0x002F80B4,0x002F80B8,14,100
50629,311792,"Luciano José",1,189,0x002F80E5,0x002F80E9,12,100
50630,311803,"Leovegildo",1,189,0x002F8112,0x002F8116,10,100
50631,311845,"André Marcelo",1,189,0x002F813B,0x002F813F,13,100
50632,311863,"Raúl Guilherme",1,189,0x002F816A,0x002F816E,14,100
50633,311914,"Rôni Flávio",1,189,0x002F819B,0x002F819F,11,100
50634,311916,"Márcio Marcus",1,189,0x002F81C6,0x002F81CA,13,100
50635,311919,"Nadson",1,189,0x002F81F5,0x002F81F9,6,100
50636,311920,"Denivaldo",1,189,0x002F8216,0x002F821A,9,100
50637,311925,"Dorvalino",1,189,0x002F823D,0x002F8241,9,100
50638,311929,"Mauro Carlos",1,189,0x002F8264,0x002F8268,12,100
50639,311932,"Sidiney",1,189,0x002F8291,0x002F8295,7,100
50640,311934,"Edson Francisco",1,189,0x002F82B4,0x002F82B8,15,100
50641,312053,"Artur Guilherme",1,189,0x002F82E7,0x002F82EB,15,100
50642,312058,"José Calil",1,189,0x002F831A,0x002F831E,10,100
50643,312183,"Alberione José",1,189,0x002F8343,0x002F8347,14,100
50644,312193,"Raimundo Inácio",1,189,0x002F8374,0x002F8378,15,100
50645,312199,"Marlone",1,189,0x002F83A7,0x002F83AB,7,100
50646,312203,"Rubemar",1,189,0x002F83CA,0x002F83CE,7,100
50647,312221,"Valterlúcio",1,189,0x002F83ED,0x002F83F1,11,100
50648,312227,"Renato Paulo",1,189,0x002F8418,0x002F841C,12,100
50649,312229,"Eduardo João",1,189,0x002F8445,0x002F8449,12,100
50650,312231,"Jorge Mardônio",1,189,0x002F8472,0x002F8476,14,100
50651,312250,"Thiago Júnio",1,189,0x002F84A3,0x002F84A7,12,100
50652,312256,"Ionay",1,189,0x002F84D0,0x002F84D4,5,100
50653,312271,"Mozair",1,189,0x002F84EF,0x002F84F3,6,100
50654,312479,"Túlio Gustavo",1,189,0x002F8510,0x002F8514,13,100
50655,312559,"Leandro Teodoro",1,189,0x002F853F,0x002F8543,15,100
50656,313002,"Roni",1,189,0x002F8572,0x002F8576,4,100
50657,313025,"Laércio José",1,189,0x002F858F,0x002F8593,12,100
50658,15189,"Riveílson",1,189,0x002F85BC,0x002F85C0,9,100
50659,315000,"Dircélio",1,189,0x002F85E3,0x002F85E7,8,100
50660,315065,"Claudiney Alexandre",1,189,0x002F8608,0x002F860C,19,100
50661,315066,"Francisco Antônio",1,189,0x002F8643,0x002F8647,17,100
50662,315067,"Adenis",1,189,0x002F867A,0x002F867E,6,100
50663,315071,"Tiago Messias",1,189,0x002F869B,0x002F869F,13,100
50664,315073,"Rafael Estevam",1,189,0x002F86CA,0x002F86CE,14,100
50665,315078,"André Reinaldo",1,189,0x002F86FB,0x002F86FF,14,100
50666,315081,"Alan Antônio",1,189,0x002F872C,0x002F8730,12,100
50667,315084,"Franciélio",1,189,0x002F8759,0x002F875D,10,100
50668,315095,"Getúlio Vargas",1,189,0x002F8782,0x002F8786,14,100
50669,315097,"Isael",1,189,0x002F87B3,0x002F87B7,5,100
50670,302227,"Avelino",1,189,0x002F87D2,0x002F87D6,7,100
50671,315099,"Carlos Renan",1,189,0x002F87F5,0x002F87F9,12,100
50672,315108,"Schneider",1,189,0x002F8822,0x002F8826,9,100
50673,315110,"Alan Carlos",1,189,0x002F8849,0x002F884D,11,100
50674,14928,"Giovane Élber",1,189,0x002F8874,0x002F8878,13,100
50675,315111,"Ibson",1,189,0x002F88A3,0x002F88A7,5,100
50676,315115,"Igor José",1,189,0x002F88C2,0x002F88C6,9,100
50677,315119,"Luciano Donizeti",1,189,0x002F88E9,0x002F88ED,16,100
50678,315125,"Wingles",1,189,0x002F891E,0x002F8922,7,100
50679,315128,"Joni",1,189,0x002F8941,0x002F8945,4,100
50680,302209,"Oleúde José",1,189,0x002F895E,0x002F8962,11,100
50681,315132,"Afonso Cezar",1,189,0x002F8989,0x002F898D,12,100
50682,315133,"Márcio Vinícius",1,189,0x002F89B6,0x002F89BA,15,100
50683,315137,"Diego Luiz",1,189,0x002F89E9,0x002F89ED,10,100
50684,315144,"Diego Antônio",1,189,0x002F8A12,0x002F8A16,13,100
50685,302188,"Wellington Tomás",1,189,0x002F8A41,0x002F8A45,16,100
50686,315156,"João Diego",1,189,0x002F8A76,0x002F8A7A,10,100
50687,315160,"André da Cal",1,189,0x002F8A9F,0x002F8AA3,12,100
50688,315162,"Ygor",1,189,0x002F8ACC,0x002F8AD0,4,100
50689,315174,"Marcelo Constantino",1,189,0x002F8AE9,0x002F8AED,19,100
50690,315175,"Maxinio",1,189,0x002F8B24,0x002F8B28,7,100
50691,315179,"Armênio",1,189,0x002F8B47,0x002F8B4B,7,100
50692,315187,"Ilaílson",1,189,0x002F8B6A,0x002F8B6E,8,100
50693,315190,"Felipe Gabriel",1,189,0x002F8B8F,0x002F8B93,14,100
50694,315191,"Gilmar Augusto",1,189,0x002F8BC0,0x002F8BC4,14,100
50695,315192,"João Alexandre",1,189,0x002F8BF1,0x002F8BF5,14,100
50696,315194,"Rodrigo Marcelino",1,189,0x002F8C22,0x002F8C26,17,100
50697,315199,"Seraphim",1,189,0x002F8C59,0x002F8C5D,8,100
50698,302178,"Edemir",1,189,0x002F8C7E,0x002F8C82,6,100
50699,315209,"Isaac Gabriel",1,189,0x002F8C9F,0x002F8CA3,13,100
50700,315215,"Welington Luiz",1,189,0x002F8CCE,0x002F8CD2,14,100
50701,315220,"Marcos Júlio",1,189,0x002F8CFF,0x002F8D03,12,100
50702,315223,"Antônio Januário",1,189,0x002F8D2C,0x002F8D30,16,100
50703,315229,"Willian César",1,189,0x002F8D61,0x002F8D65,13,100
50704,14643,"Romário",1,189,0x002F8D90,0x002F8D94,7,100
50705,315234,"Flávio Damião",1,189,0x002F8DB3,0x002F8DB7,13,100
50706,315235,"Fabrício Ernesto",1,189,0x002F8DE2,0x002F8DE6,16,100
50707,315236,"Carlos Hermano",1,189,0x002F8E17,0x002F8E1B,14,100
50708,315248,"Sidnei Estevão",1,189,0x002F8E48,0x002F8E4C,14,100
50709,315251,"Esmerino",1,189,0x002F8E79,0x002F8E7D,8,100
50710,315252,"Leonardo Bruno",1,189,0x002F8E9E,0x002F8EA2,14,100
50711,315276,"Eberson",1,189,0x002F8ECF,0x002F8ED3,7,100
50712,315284,"Marlon Firmino",1,189,0x002F8EF2,0x002F8EF6,14,100
50713,302177,"Solivan Roberto",1,189,0x002F8F23,0x002F8F27,15,100
50714,315326,"Síldes",1,189,0x002F8F56,0x002F8F5A,6,100
50715,302176,"Noslen",1,189,0x002F8F77,0x002F8F7B,6,100
50716,315333,"Selmir",1,189,0x002F8F98,0x002F8F9C,6,100
50717,315337,"Jadílson Carlos",1,189,0x002F8FB9,0x002F8FBD,15,100
50718,315353,"Tadeu Gustavo",1,189,0x002F8FEC,0x002F8FF0,13,100
50719,315360,"Fabiano Jerônimo",1,189,0x002F901B,0x002F901F,16,100
50720,302169,"Evandro Luiz",1,189,0x002F9050,0x002F9054,12,100
50721,302078,"Waldeir Alberto",1,189,0x002F907D,0x002F9081,15,100
50722,315387,"Márcio Francisco",1,189,0x002F90B0,0x002F90B4,16,100
50723,315388,"Maxlei",1,189,0x002F90E5,0x002F90E9,6,100
50724,315394,"Glaydson Marcelino",1,189,0x002F9106,0x002F910A,18,100
50725,315429,"Gedeil",1,189,0x002F913F,0x002F9143,6,100
50726,302074,"José Kléberson",1,189,0x002F9160,0x002F9164,14,100
50727,315455,"Luiz Magno",1,189,0x002F9191,0x002F9195,10,100
50728,315460,"Wallace Luiz",1,189,0x002F91BA,0x002F91BE,12,100
50729,315464,"Giles",1,189,0x002F91E7,0x002F91EB,5,100
50730,315467,"Diogo Orlando",1,189,0x002F9206,0x002F920A,13,100
50731,301838,"Elano",1,189,0x002F9235,0x002F9239,5,100
50732,315478,"Paulo Márcio",1,189,0x002F9254,0x002F9258,12,100
50733,8832791,"Túlio Vinícius",1,189,0x002F9281,0x002F9285,14,100
50734,315484,"David Luiz",1,189,0x002F92B2,0x002F92B6,10,100
50735,315492,"Rodrigo Franco",1,189,0x002F92DB,0x002F92DF,14,100
50736,301837,"Márcio Franco",1,189,0x002F930C,0x002F9310,13,100
50737,315498,"Adílio",1,189,0x002F933B,0x002F933F,6,100
50738,315502,"Jones Leandro",1,189,0x002F935C,0x002F9360,13,100
50739,301834,"Moracy",1,189,0x002F938B,0x002F938F,6,100
50740,315533,"Hamílton",1,189,0x002F93AC,0x002F93B0,8,100
50741,315534,"Wilton César",1,189,0x002F93D1,0x002F93D5,12,100
50742,315538,"Avani",1,189,0x002F93FE,0x002F9402,5,100
50743,315543,"Oélington",1,189,0x002F941D,0x002F9421,9,100
50744,315548,"Alan Wellington",1,189,0x002F9444,0x002F9448,15,100
50745,315556,"Givanílson",1,189,0x002F9477,0x002F947B,10,100
50746,315558,"Apolônio",1,189,0x002F94A0,0x002F94A4,8,100
50747,315559,"Gilberto Neri",1,189,0x002F94C5,0x002F94C9,13,100
50748,315565,"Bruno Leonardo",1,189,0x002F94F4,0x002F94F8,14,100
50749,315566,"Ciro Carlos",1,189,0x002F9525,0x002F9529,11,100
50750,315576,"Ronaldo Willis",1,189,0x002F9550,0x002F9554,14,100
50751,301798,"Marcel Augusto",1,189,0x002F9581,0x002F9585,14,100
50752,315583,"Clécio Henrique",1,189,0x002F95B2,0x002F95B6,15,100
50753,315586,"Júnio Augusto",1,189,0x002F95E5,0x002F95E9,13,100
50754,315606,"Cassius Marcellus",1,189,0x002F9614,0x002F9618,17,100
50755,315656,"Mário Fernando",1,189,0x002F964B,0x002F964F,14,100
50756,315657,"Amintas",1,189,0x002F967C,0x002F9680,7,100
50757,315659,"Ângelo Antônio",1,189,0x002F969F,0x002F96A3,14,100
50758,315665,"Tarcísio José",1,189,0x002F96D0,0x002F96D4,13,100
50759,315676,"Walderi",1,189,0x002F96FF,0x002F9703,7,100
50760,301718,"Hélio Sérgio",1,189,0x002F9722,0x002F9726,12,100
50761,315795,"Dirley",1,189,0x002F974F,0x002F9753,6,100
50762,301705,"Vítor César",1,189,0x002F9770,0x002F9774,11,100
50763,315803,"Denizart",1,189,0x002F979B,0x002F979F,8,100
50764,315808,"Weider",1,189,0x002F97C0,0x002F97C4,6,100
50765,315812,"Goeber Henrique",1,189,0x002F97E1,0x002F97E5,15,100
50766,315820,"Allanderson",1,189,0x002F9814,0x002F9818,11,100
50767,315821,"Clarkson Jorge",1,189,0x002F983F,0x002F9843,14,100
50768,315822,"Daniel Elias",1,189,0x002F9870,0x002F9874,12,100
50769,315824,"André Vilson",1,189,0x002F989D,0x002F98A1,12,100
50770,315826,"Welton",1,189,0x002F98CA,0x002F98CE,6,100
50771,315829,"Renato Antônio",1,189,0x002F98EB,0x002F98EF,14,100
50772,315833,"Héverton Henrique",1,189,0x002F991C,0x002F9920,17,100
50773,315838,"Ricardo Wesley",1,189,0x002F9953,0x002F9957,14,100
50774,315842,"José Ideválder",1,189,0x002F9984,0x002F9988,14,100
50775,315847,"Élton Carlos",1,189,0x002F99B5,0x002F99B9,12,100
50776,315848,"Ewerton Armando",1,189,0x002F99E2,0x002F99E6,15,100
50777,315853,"Ney Leonardo",1,189,0x002F9A15,0x002F9A19,12,100
50778,315854,"Nilcivan",1,189,0x002F9A42,0x002F9A46,8,100
50779,315859,"Tony Wallace",1,189,0x002F9A67,0x002F9A6B,12,100
50780,315866,"Lirodiou",1,189,0x002F9A94,0x002F9A98,8,100
50781,315870,"Aparecido Francisco",1,189,0x002F9AB9,0x002F9ABD,19,100
50782,315878,"Fulgêncio",1,189,0x002F9AF4,0x002F9AF8,9,100
50783,315881,"Liw Emanoel",1,189,0x002F9B1B,0x002F9B1F,11,100
50784,315882,"Márcio Richardes",1,189,0x002F9B46,0x002F9B4A,16,100
50785,315883,"Marlúcio",1,189,0x002F9B7B,0x002F9B7F,8,100
50786,301703,"Eduardo Francisco",1,189,0x002F9BA0,0x002F9BA4,17,100
50787,315939,"Gustavo Ramón",1,189,0x002F9BD7,0x002F9BDB,13,100
50788,315940,"Igor Carlos",1,189,0x002F9C06,0x002F9C0A,11,100
50789,315941,"Marcelo Régis",1,189,0x002F9C31,0x002F9C35,13,100
50790,315950,"Ronny Reinaldo",1,189,0x002F9C60,0x002F9C64,14,100
50791,315951,"Sérgio Eduardo",1,189,0x002F9C91,0x002F9C95,14,100
50792,315953,"Everton Eriel",1,189,0x002F9CC2,0x002F9CC6,13,100
50793,315958,"Francisco Gilcivânio",1,189,0x002F9CF1,0x002F9CF5,20,100
50794,315960,"Jessuí",1,189,0x002F9D2E,0x002F9D32,6,100
50795,315963,"Alan Patrick",1,189,0x002F9D4F,0x002F9D53,12,100
50796,315964,"John Daniel",1,189,0x002F9D7C,0x002F9D80,11,100
50797,315967,"Salvino Damião",1,189,0x002F9DA7,0x002F9DAB,14,100
50798,301702,"Alecsandro",1,189,0x002F9DD8,0x002F9DDC,10,100
50799,315976,"Rilder",1,189,0x002F9E01,0x002F9E05,6,100
50800,315981,"Gilberto Félix",1,189,0x002F9E22,0x002F9E26,14,100
50801,315982,"Rodolpho Henrique",1,189,0x002F9E53,0x002F9E57,17,100
50802,315993,"Georlan",1,189,0x002F9E8A,0x002F9E8E,7,100
50803,315994,"Cláudio Elias",1,189,0x002F9EAD,0x002F9EB1,13,100
50804,301652,"Reginaldo Rivelino",1,189,0x002F9EDC,0x002F9EE0,18,100
50805,316000,"Galba",1,189,0x002F9F15,0x002F9F19,5,100
50806,301649,"Márcio Caetano",1,189,0x002F9F34,0x002F9F38,14,100
50807,316036,"Eldio",1,189,0x002F9F65,0x002F9F69,5,100
50808,104318,"Sávio",1,189,0x002F9F84,0x002F9F88,5,100
50809,301629,"Dermival",1,189,0x002F9FA3,0x002F9FA7,8,100
50810,316067,"Cosme Eduardo",1,189,0x002F9FC8,0x002F9FCC,13,100
50811,316071,"Jansen",1,189,0x002F9FF7,0x002F9FFB,6,100
50812,316074,"Adelson Wanderlei",1,189,0x002FA018,0x002FA01C,17,100
50813,316078,"Jaílson Alexandre",1,189,0x002FA04F,0x002FA053,17,100
50814,316083,"Anderson Pedro",1,189,0x002FA086,0x002FA08A,14,100
50815,316086,"Douglas Osório",1,189,0x002FA0B7,0x002FA0BB,14,100
50816,316087,"José Xavier",1,189,0x002FA0E8,0x002FA0EC,11,100
50817,301622,"Wéldon",1,189,0x002FA113,0x002FA117,6,100
50818,316092,"Bruno Xavier",1,189,0x002FA134,0x002FA138,12,100
50819,316096,"Miguel Vicente",1,189,0x002FA161,0x002FA165,14,100
50820,316097,"Miles Genuíno",1,189,0x002FA192,0x002FA196,13,100
50821,316098,"Otacílio Jales",1,189,0x002FA1C1,0x002FA1C5,14,100
50822,316100,"Ronieli",1,189,0x002FA1F2,0x002FA1F6,7,100
50823,316104,"Talles Darlan",1,189,0x002FA215,0x002FA219,13,100
50824,316105,"Wilton Gilberto",1,189,0x002FA244,0x002FA248,15,100
50825,316111,"Reiger",1,189,0x002FA277,0x002FA27B,6,100
50826,301613,"Carlos Germano",1,189,0x002FA298,0x002FA29C,14,100
50827,316130,"Alexandre Renato",1,189,0x002FA2C9,0x002FA2CD,16,100
50828,316172,"Valdirgly",1,189,0x002FA2FE,0x002FA302,9,100
50829,316175,"Valnir",1,189,0x002FA325,0x002FA329,6,100
50830,316180,"José Gladstone",1,189,0x002FA346,0x002FA34A,14,100
50831,316190,"Leandro Ângelo",1,189,0x002FA377,0x002FA37B,14,100
50832,316192,"Genivaldo Francisco",1,189,0x002FA3A8,0x002FA3AC,19,100
50833,316195,"Cleiton Fernando",1,189,0x002FA3E3,0x002FA3E7,16,100
50834,316197,"Mário Vítor",1,189,0x002FA418,0x002FA41C,11,100
50835,316209,"Wanderson Bruno",1,189,0x002FA443,0x002FA447,15,100
50836,301500,"Petrônio",1,189,0x002FA476,0x002FA47A,8,100
50837,316218,"Wágner Diniz",1,189,0x002FA49B,0x002FA49F,12,100
50838,316221,"Wágner Weslei",1,189,0x002FA4C8,0x002FA4CC,13,100
50839,316225,"Erandi",1,189,0x002FA4F7,0x002FA4FB,6,100
50840,316228,"Waltércio",1,189,0x002FA518,0x002FA51C,9,100
50841,8832753,"Dasiomir",1,189,0x002FA53F,0x002FA543,8,100
50842,316231,"Gesse",1,189,0x002FA564,0x002FA568,5,100
50843,316233,"Joelson",1,189,0x002FA583,0x002FA587,7,100
50844,316234,"Adaílton José",1,189,0x002FA5A6,0x002FA5AA,13,100
50845,316236,"Manoel Alex",1,189,0x002FA5D5,0x002FA5D9,11,100
50846,316240,"Uendel",1,189,0x002FA600,0x002FA604,6,100
50847,316241,"José Tiago",1,189,0x002FA621,0x002FA625,10,100
50848,316244,"Alcides Eduardo",1,189,0x002FA64A,0x002FA64E,15,100
50849,316245,"Elienílson Patrício",1,189,0x002FA67D,0x002FA681,19,100
50850,316251,"Arivélton",1,189,0x002FA6B8,0x002FA6BC,9,100
50851,316254,"Diógenes",1,189,0x002FA6DF,0x002FA6E3,8,100
50852,316256,"Márcio Leandro",1,189,0x002FA704,0x002FA708,14,100
50853,316257,"Alexsandro Manoel",1,189,0x002FA735,0x002FA739,17,100
50854,316264,"Lucas Roberto",1,189,0x002FA76C,0x002FA770,13,100
50855,316266,"Diego Eduardo",1,189,0x002FA79B,0x002FA79F,13,100
50856,316267,"Valdenilson",1,189,0x002FA7CA,0x002FA7CE,11,100
50857,316269,"Carlos Vítor",1,189,0x002FA7F5,0x002FA7F9,12,100
50858,151146,"Massai",1,189,0x002FA822,0x002FA826,6,100
50859,316275,"Erbert",1,189,0x002FA843,0x002FA847,6,100
50860,316277,"Advaldo",1,189,0x002FA864,0x002FA868,7,100
50861,316278,"Jovino",1,189,0x002FA887,0x002FA88B,6,100
50862,316286,"Woton Alfredo",1,189,0x002FA8A8,0x002FA8AC,13,100
50863,316295,"Rodrigo Guido",1,189,0x002FA8D7,0x002FA8DB,13,100
50864,316342,"Francisco Euzimar",1,189,0x002FA906,0x002FA90A,17,100
50865,316364,"José Rodrigo",1,189,0x002FA93D,0x002FA941,12,100
50866,316366,"Fábio Aparecido",1,189,0x002FA96A,0x002FA96E,15,100
50867,316370,"Natazílio",1,189,0x002FA99D,0x002FA9A1,9,100
50868,316372,"Anderson Fabiano",1,189,0x002FA9C4,0x002FA9C8,16,100
50869,8832745,"Dângelo",1,189,0x002FA9F9,0x002FA9FD,7,100
50870,316379,"John Willy",1,189,0x002FAA1C,0x002FAA20,10,100
50871,316380,"Lédson José",1,189,0x002FAA45,0x002FAA49,11,100
50872,316384,"Rafael Marcos",1,189,0x002FAA70,0x002FAA74,13,100
50873,316385,"Róbson Augusto",1,189,0x002FAA9F,0x002FAAA3,14,100
50874,316393,"Genivaldo Wenceslau",1,189,0x002FAAD0,0x002FAAD4,19,100
50875,316395,"Walter Carlos",1,189,0x002FAB0B,0x002FAB0F,13,100
50876,316398,"Cléber Nelson",1,189,0x002FAB3A,0x002FAB3E,13,100
50877,316399,"Bruno Alexandre",1,189,0x002FAB69,0x002FAB6D,15,100
50878,316401,"Emerson Henrique",1,189,0x002FAB9C,0x002FABA0,16,100
50879,316406,"Francisco Rubsen",1,189,0x002FABD1,0x002FABD5,16,100
50880,316417,"Waldir Antônio",1,189,0x002FAC06,0x002FAC0A,14,100
50881,316422,"Play",1,189,0x002FAC37,0x002FAC3B,4,100
50882,8832744,"Diego Douglas",1,189,0x002FAC54,0x002FAC58,13,100
50883,316444,"Mateus Henrique",1,189,0x002FAC83,0x002FAC87,15,100
50884,316454,"Wandylton",1,189,0x002FACB6,0x002FACBA,9,100
50885,316467,"Jackson Luiz",1,189,0x002FACDD,0x002FACE1,12,100
50886,316498,"Diogo José",1,189,0x002FAD0A,0x002FAD0E,10,100
50887,316499,"Eduardo Paulo",1,189,0x002FAD33,0x002FAD37,13,100
50888,316501,"Joaquim Cosme",1,189,0x002FAD62,0x002FAD66,13,100
50889,316507,"Marquém",1,189,0x002FAD91,0x002FAD95,7,100
50890,316515,"Leandson",1,189,0x002FADB4,0x002FADB8,8,100
50891,316519,"Adílson Francisco",1,189,0x002FADD9,0x002FADDD,17,100
50892,316520,"Reinaldo Leandro",1,189,0x002FAE10,0x002FAE14,16,100
50893,316528,"João Américo",1,189,0x002FAE45,0x002FAE49,12,100
50894,316533,"Márcio Ivanildo",1,189,0x002FAE72,0x002FAE76,15,100
50895,316538,"Júnio César",1,189,0x002FAEA5,0x002FAEA9,11,100
50896,316544,"Ozéas",1,189,0x002FAED0,0x002FAED4,5,100
50897,316545,"Everton André",1,189,0x002FAEEF,0x002FAEF3,13,100
50898,316546,"Antonivan",1,189,0x002FAF1E,0x002FAF22,9,100
50899,316547,"Elias Euller",1,189,0x002FAF45,0x002FAF49,12,100
50900,316548,"Enrico",1,189,0x002FAF72,0x002FAF76,6,100
50901,316549,"Everton Antônio",1,189,0x002FAF93,0x002FAF97,15,100
50902,316554,"Rafael Vágner",1,189,0x002FAFC6,0x002FAFCA,13,100
50903,316561,"Ivan Augusto",1,189,0x002FAFF5,0x002FAFF9,12,100
50904,316571,"Geová",1,189,0x002FB022,0x002FB026,5,100
50905,316573,"Jerri Ariel",1,189,0x002FB041,0x002FB045,11,100
50906,316578,"Ramires Alberto",1,189,0x002FB06C,0x002FB070,15,100
50907,316579,"Roberto Orlando",1,189,0x002FB09F,0x002FB0A3,15,100
50908,316581,"Sílvio Roberto",1,189,0x002FB0D2,0x002FB0D6,14,100
50909,316582,"Moreno",1,189,0x002FB103,0x002FB107,6,100
50910,316583,"Ebert William",1,189,0x002FB124,0x002FB128,13,100
50911,316584,"Arnaldo Kelvin",1,189,0x002FB153,0x002FB157,14,100
50912,316586,"Homalley Alex",1,189,0x002FB184,0x002FB188,13,100
50913,316596,"Rosinei",1,189,0x002FB1B3,0x002FB1B7,7,100
50914,316598,"Thiago Antônio",1,189,0x002FB1D6,0x002FB1DA,14,100
50915,316600,"Vinícius Aparecido",1,189,0x002FB207,0x002FB20B,18,100
50916,316606,"André Fabião",1,189,0x002FB240,0x002FB244,12,100
50917,316607,"Antônio Narcélio",1,189,0x002FB26D,0x002FB271,16,100
50918,316612,"Eliton",1,189,0x002FB2A2,0x002FB2A6,6,100
50919,316613,"Fábio Fernando",1,189,0x002FB2C3,0x002FB2C7,14,100
50920,316614,"Foriano Claudino",1,189,0x002FB2F4,0x002FB2F8,16,100
50921,316615,"Frede Ricardo",1,189,0x002FB329,0x002FB32D,13,100
50922,316616,"Gláuber Leandro",1,189,0x002FB358,0x002FB35C,15,100
50923,316617,"Hílton Mauro",1,189,0x002FB38B,0x002FB38F,12,100
50924,316621,"Leopoldo Roberto",1,189,0x002FB3B8,0x002FB3BC,16,100
50925,316623,"Sílvio Frederick",1,189,0x002FB3ED,0x002FB3F1,16,100
50926,316630,"Lúcio Carlos",1,189,0x002FB422,0x002FB426,12,100
50927,316634,"Isaías Gabriel",1,189,0x002FB44F,0x002FB453,14,100
50928,316635,"Gílson Marcos",1,189,0x002FB480,0x002FB484,13,100
50929,316637,"Cairo Alberto",1,189,0x002FB4AF,0x002FB4B3,13,100
50930,316642,"William Júnior",1,189,0x002FB4DE,0x002FB4E2,14,100
50931,316662,"Rafael Fernando",1,189,0x002FB50F,0x002FB513,15,100
50932,316668,"Danilo Gustavo",1,189,0x002FB542,0x002FB546,14,100
50933,316671,"Jackson José",1,189,0x002FB573,0x002FB577,12,100
50934,316672,"Jorge Antônio",1,189,0x002FB5A0,0x002FB5A4,13,100
50935,8832740,"Iuster",1,189,0x002FB5CF,0x002FB5D3,6,100
50936,8832739,"Jalmison",1,189,0x002FB5F0,0x002FB5F4,8,100
50937,316680,"Wellington Carlos",1,189,0x002FB615,0x002FB619,17,100
50938,316683,"Anderson Augusto",1,189,0x002FB64C,0x002FB650,16,100
50939,316699,"Rodrigo Álvaro",1,189,0x002FB681,0x002FB685,14,100
50940,316701,"Thiago Luiz",1,189,0x002FB6B2,0x002FB6B6,11,100
50941,316703,"Vágner Luiz",1,189,0x002FB6DD,0x002FB6E1,11,100
50942,316706,"Alvimar Eustáquio",1,189,0x002FB708,0x002FB70C,17,100
50943,316708,"Renato Agostinho",1,189,0x002FB73F,0x002FB743,16,100
50944,316715,"Alex Raphael",1,189,0x002FB774,0x002FB778,12,100
50945,316717,"Breno Henrique",1,189,0x002FB7A1,0x002FB7A5,14,100
50946,316719,"Deni Éder",1,189,0x002FB7D2,0x002FB7D6,9,100
50947,316729,"Ivandro Aparecido",1,189,0x002FB7F9,0x002FB7FD,17,100
50948,316738,"Renato Netson",1,189,0x002FB830,0x002FB834,13,100
50949,316746,"Raone",1,189,0x002FB85F,0x002FB863,5,100
50950,316762,"Élton Giovanni",1,189,0x002FB87E,0x002FB882,14,100
50951,316763,"Leanderson",1,189,0x002FB8AF,0x002FB8B3,10,100
50952,316767,"Patric",1,189,0x002FB8D8,0x002FB8DC,6,100
50953,316806,"Édson Feliciano",1,189,0x002FB8F9,0x002FB8FD,15,100
50954,316808,"Ednei",1,189,0x002FB92C,0x002FB930,5,100
50955,316853,"Astolpho Júnio",1,189,0x002FB94B,0x002FB94F,14,100
50956,945099,"Dantas de Jesús",1,189,0x002FB97C,0x002FB980,15,100
50957,316996,"Anderson Rafael",1,189,0x002FB9AF,0x002FB9B3,15,100
50958,316998,"Tarciano",1,189,0x002FB9E2,0x002FB9E6,8,100
50959,317001,"Marcone José",1,189,0x002FBA07,0x002FBA0B,12,100
50960,317004,"Maycon Francisco",1,189,0x002FBA34,0x002FBA38,16,100
50961,317012,"Willian Thadeu",1,189,0x002FBA69,0x002FBA6D,14,100
50962,317013,"Alberis Sérgio",1,189,0x002FBA9A,0x002FBA9E,14,100
50963,317015,"Carlos Rafael",1,189,0x002FBACB,0x002FBACF,13,100
50964,317016,"Cristiano Luiz",1,189,0x002FBAFA,0x002FBAFE,14,100
50965,317017,"Cristian Júnior",1,189,0x002FBB2B,0x002FBB2F,15,100
50966,317019,"Douglas David",1,189,0x002FBB5E,0x002FBB62,13,100
50967,317020,"Edcarlos Inácio",1,189,0x002FBB8D,0x002FBB91,15,100
50968,317025,"Luciano Aparecido",1,189,0x002FBBC0,0x002FBBC4,17,100
50969,317027,"Rodrigo Benedito",1,189,0x002FBBF7,0x002FBBFB,16,100
50970,317029,"Thiago Floriano",1,189,0x002FBC2C,0x002FBC30,15,100
50971,317031,"Thomaz",1,189,0x002FBC5F,0x002FBC63,6,100
50972,317032,"Victor Leandro",1,189,0x002FBC80,0x002FBC84,14,100
50973,317033,"Alecxan Paulo",1,189,0x002FBCB1,0x002FBCB5,13,100
50974,317036,"Edson Thiago",1,189,0x002FBCE0,0x002FBCE4,12,100
50975,317038,"Flávio Francisco",1,189,0x002FBD0D,0x002FBD11,16,100
50976,317039,"José Manuel",1,189,0x002FBD42,0x002FBD46,11,100
50977,317046,"Rodolfo Vinícius André",1,189,0x002FBD6D,0x002FBD71,22,100
50978,317048,"Everton Fernando",1,189,0x002FBDAE,0x002FBDB2,16,100
50979,317056,"Giancarlo",1,189,0x002FBDE3,0x002FBDE7,9,100
50980,317084,"Adriano Camilo",1,189,0x002FBE0A,0x002FBE0E,14,100
50981,317091,"Jesivaldo Germano",1,189,0x002FBE3B,0x002FBE3F,17,100
50982,317100,"Sinval Victor",1,189,0x002FBE72,0x002FBE76,13,100
50983,317114,"Leocádio",1,189,0x002FBEA1,0x002FBEA5,8,100
50984,317119,"Gilmar Sílvio",1,189,0x002FBEC6,0x002FBECA,13,100
50985,317132,"Phelipe",1,189,0x002FBEF5,0x002FBEF9,7,100
50986,317146,"Anderson Márcio",1,189,0x002FBF18,0x002FBF1C,15,100
50987,317152,"José Marcelino",1,189,0x002FBF4B,0x002FBF4F,14,100
50988,317156,"Fabiano Alberto",1,189,0x002FBF7C,0x002FBF80,15,100
50989,317182,"Jesús",1,189,0x002FBFAF,0x002FBFB3,5,100
50990,317183,"Éliton Luiz",1,189,0x002FBFCE,0x002FBFD2,11,100
50991,317201,"Carlindo",1,189,0x002FBFF9,0x002FBFFD,8,100
50992,317207,"Hélio Augusto",1,189,0x002FC01E,0x002FC022,13,100
50993,317208,"Elvin Carlito",1,189,0x002FC04D,0x002FC051,13,100
50994,317215,"Wallison",1,189,0x002FC07C,0x002FC080,8,100
50995,317220,"Josémário",1,189,0x002FC0A1,0x002FC0A5,9,100
50996,317224,"Rodiney",1,189,0x002FC0C8,0x002FC0CC,7,100
50997,317225,"Anderson Klayton",1,189,0x002FC0EB,0x002FC0EF,16,100
50998,317230,"Alberto Wagir",1,189,0x002FC120,0x002FC124,13,100
50999,317232,"Balbino",1,189,0x002FC14F,0x002FC153,7,100
51000,317233,"Luís Paolilo",1,189,0x002FC172,0x002FC176,12,100
51001,317234,"Marcos Soégenes",1,189,0x002FC19F,0x002FC1A3,15,100
51002,317235,"Hugo Aparecido",1,189,0x002FC1D2,0x002FC1D6,14,100
51003,317250,"Wellington Cássio",1,189,0x002FC203,0x002FC207,17,100
51004,317261,"Hélio Fernando",1,189,0x002FC23A,0x002FC23E,14,100
51005,8832738,"Jorge Leandro",1,189,0x002FC26B,0x002FC26F,13,100
51006,317274,"Mateus Antônio",1,189,0x002FC29A,0x002FC29E,14,100
51007,317285,"Rudney",1,189,0x002FC2CB,0x002FC2CF,6,100
51008,317290,"Karmino",1,189,0x002FC2EC,0x002FC2F0,7,100
51009,317297,"José Rudimar",1,189,0x002FC30F,0x002FC313,12,100
51010,317299,"João Guilherme",1,189,0x002FC33C,0x002FC340,14,100
51011,317302,"Jonathan Cícero",1,189,0x002FC36D,0x002FC371,15,100
51012,317303,"Sandro José",1,189,0x002FC3A0,0x002FC3A4,11,100
51013,317310,"Thyago",1,189,0x002FC3CB,0x002FC3CF,6,100
51014,317311,"Chrystiano",1,189,0x002FC3EC,0x002FC3F0,10,100
51015,317313,"Wagerson",1,189,0x002FC415,0x002FC419,8,100
51016,317353,"Cléo",1,189,0x002FC43A,0x002FC43E,4,100
51017,317354,"Felype Rômulo",1,189,0x002FC457,0x002FC45B,13,100
51018,317371,"Weliander",1,189,0x002FC486,0x002FC48A,9,100
51019,317372,"Danilo Valério",1,189,0x002FC4AD,0x002FC4B1,14,100
51020,317388,"Elzon",1,189,0x002FC4DE,0x002FC4E2,5,100
51021,317444,"Helvécio",1,189,0x002FC4FD,0x002FC501,8,100
51022,317501,"Neílton",1,189,0x002FC522,0x002FC526,7,100
51023,8832568,"Ernane",1,189,0x002FC545,0x002FC549,6,100
51024,3503315,"Henrique Araújo",1,189,0x002FC566,0x002FC56A,15,100
51025,3503405,"Demétrius Leita",1,189,0x002FC599,0x002FC59D,15,100
51026,3503440,"Athos",1,189,0x002FC5CC,0x002FC5D0,5,100
51027,3801661,"Vítor Carlos",1,189,0x002FC5EB,0x002FC5EF,12,100
51028,3804588,"Emílson Sanchez",1,189,0x002FC618,0x002FC61C,15,100
51029,3804744,"Janiro André",1,189,0x002FC64B,0x002FC64F,12,100
51030,3900025,"Nicanor",1,189,0x002FC678,0x002FC67C,7,100
51031,3900033,"Euller Elias",1,189,0x002FC69B,0x002FC69F,12,100
51032,8830552,"Edson Néri",1,189,0x002FC6C8,0x002FC6CC,10,100
51033,3900438,"Aguinaldo Luiz",1,189,0x002FC6F1,0x002FC6F5,14,100
51034,3900643,"Valdeci Basílio",1,189,0x002FC722,0x002FC726,15,100
51035,317541,"Enaldo Patrício",1,189,0x002FC755,0x002FC759,15,100
51036,5660883,"Edimar Teodoro",1,189,0x002FC788,0x002FC78C,14,100
51037,3901154,"Will Róbson Emílio",1,189,0x002FC7B9,0x002FC7BD,18,100
51038,3901584,"Geraldo Luís",1,189,0x002FC7F2,0x002FC7F6,12,100
51039,8831669,"Waldonier",1,189,0x002FC81F,0x002FC823,9,100
51040,5660440,"Luciano Roger",1,189,0x002FC846,0x002FC84A,13,100
51041,902327,"Haílton",1,189,0x002FC875,0x002FC879,7,100
51042,317611,"Sandow Jesús",1,189,0x002FC898,0x002FC89C,12,100
51043,902073,"Ivan Francisco",1,189,0x002FC8C5,0x002FC8C9,14,100
51044,4100851,"Gilberto César",1,189,0x002FC8F6,0x002FC8FA,14,100
51045,5660188,"Argemiro",1,189,0x002FC927,0x002FC92B,8,100
51046,4101983,"Reginaldo Aparecido",1,189,0x002FC94C,0x002FC950,19,100
51047,8830539,"Elenilson",1,189,0x002FC987,0x002FC98B,9,100
51048,4102456,"Josinei",1,189,0x002FC9AE,0x002FC9B2,7,100
51049,5651654,"Erivelto Alixandrino",1,189,0x002FC9D1,0x002FC9D5,20,100
51050,4202204,"Gilmar Jorge",1,189,0x002FCA0E,0x002FCA12,12,100
51051,5646265,"Evandro Adauto",1,189,0x002FCA3B,0x002FCA3F,14,100
51052,4206469,"Renaldo",1,189,0x002FCA6C,0x002FCA70,7,100
51053,317645,"Antônio Wilson",1,189,0x002FCA8F,0x002FCA93,14,100
51054,4206781,"Vlademir Ângelo",1,189,0x002FCAC0,0x002FCAC4,15,100
51055,4206788,"Luís Simplício",1,189,0x002FCAF3,0x002FCAF7,14,100
51056,317685,"Aroldo",1,189,0x002FCB24,0x002FCB28,6,100
51057,317728,"Anderson Francisco",1,189,0x002FCB45,0x002FCB49,18,100
51058,317730,"Jairo Aparecido",1,189,0x002FCB7E,0x002FCB82,15,100
51059,317732,"Denni",1,189,0x002FCBB1,0x002FCBB5,5,100
51060,317737,"Alex Bruno",1,189,0x002FCBD0,0x002FCBD4,10,100
51061,317738,"Ângelo Esmael",1,189,0x002FCBF9,0x002FCBFD,13,100
51062,317753,"Normando",1,189,0x002FCC28,0x002FCC2C,8,100
51063,317806,"Gleiton Paulo",1,189,0x002FCC4D,0x002FCC51,13,100
51064,317814,"Ânderson Roberto",1,189,0x002FCC7C,0x002FCC80,16,100
51065,885445,"Jeronimo Claudemir",1,189,0x002FCCB1,0x002FCCB5,18,100
51066,317902,"Francisco Marcone",1,189,0x002FCCEA,0x002FCCEE,17,100
51067,317906,"Hilderlando",1,189,0x002FCD21,0x002FCD25,11,100
51068,317928,"Anderson Xavier",1,189,0x002FCD4C,0x002FCD50,15,100
51069,317942,"Delvanir",1,189,0x002FCD7F,0x002FCD83,8,100
51070,116187,"Marcos Joaquim",1,189,0x002FCDA4,0x002FCDA8,14,100
51071,317976,"Erminias",1,189,0x002FCDD5,0x002FCDD9,8,100
51072,318022,"Cassius",1,189,0x002FCDFA,0x002FCDFE,7,100
51073,318080,"Osmair",1,189,0x002FCE1D,0x002FCE21,6,100
51074,318103,"Ângelo Romero",1,189,0x002FCE3E,0x002FCE42,13,100
51075,318105,"Renato Augusto",1,189,0x002FCE6D,0x002FCE71,14,100
51076,318106,"Renato de Jesús",1,189,0x002FCE9E,0x002FCEA2,15,100
51077,318111,"Izael",1,189,0x002FCED1,0x002FCED5,5,100
51078,318114,"Eduardo Luiz",1,189,0x002FCEF0,0x002FCEF4,12,100
51079,318117,"Kauê Caetano",1,189,0x002FCF1D,0x002FCF21,12,100
51080,318118,"Lucas Pierre",1,189,0x002FCF4A,0x002FCF4E,12,100
51081,318119,"Aender",1,189,0x002FCF77,0x002FCF7B,6,100
51082,318122,"Fábio Sander",1,189,0x002FCF98,0x002FCF9C,12,100
51083,318125,"Antônio Caio",1,189,0x002FCFC5,0x002FCFC9,12,100
51084,318175,"Gian Francisco",1,189,0x002FCFF2,0x002FCFF6,14,100
51085,318191,"Leonardo Luís",1,189,0x002FD023,0x002FD027,13,100
51086,318199,"Fábio Leandro",1,189,0x002FD052,0x002FD056,13,100
51087,318203,"Wanderley João",1,189,0x002FD081,0x002FD085,14,100
51088,318211,"Dykson David",1,189,0x002FD0B2,0x002FD0B6,12,100
51089,318215,"Adriano Antônio",1,189,0x002FD0DF,0x002FD0E3,15,100
51090,8629607,"Pedro Cílio",1,189,0x002FD112,0x002FD116,11,100
51091,318253,"Vittor",1,189,0x002FD13D,0x002FD141,6,100
51092,318294,"Pedro Marcelo",1,189,0x002FD15E,0x002FD162,13,100
51093,7980777,"Rodrigo Ferrante",1,189,0x002FD18D,0x002FD191,16,100
51094,318314,"Gustavo César",1,189,0x002FD1C2,0x002FD1C6,13,100
51095,318317,"Adriano Vágner",1,189,0x002FD1F1,0x002FD1F5,14,100
51096,318343,"Manoel Adelmo",1,189,0x002FD222,0x002FD226,13,100
51097,318356,"Derivaldo",1,189,0x002FD251,0x002FD255,9,100
51098,8831664,"Elzo Aloísio",1,189,0x002FD278,0x002FD27C,12,100
51099,115716,"Cairo Roberto",1,189,0x002FD2A5,0x002FD2A9,13,100
51100,318487,"José Batista",1,189,0x002FD2D4,0x002FD2D8,12,100
51101,318488,"Renato Adriano",1,189,0x002FD301,0x002FD305,14,100
51102,318492,"Gabriel Josué",1,189,0x002FD332,0x002FD336,13,100
51103,318493,"Yuri Adriano",1,189,0x002FD361,0x002FD365,12,100
51104,318498,"Alberto Rafael",1,189,0x002FD38E,0x002FD392,14,100
51105,8831655,"Humberto Manuel",1,189,0x002FD3BF,0x002FD3C3,15,100
51106,318615,"Kléberton",1,189,0x002FD3F2,0x002FD3F6,9,100
51107,115432,"Rinaldo Francisco",1,189,0x002FD419,0x002FD41D,17,100
51108,318659,"Tomás",1,189,0x002FD450,0x002FD454,5,100
51109,8650069,"Antônio Gonzaga",1,189,0x002FD46F,0x002FD473,15,100
51110,318728,"Ciro Rogério",1,189,0x002FD4A2,0x002FD4A6,12,100
51111,318733,"Italgane",1,189,0x002FD4CF,0x002FD4D3,8,100
51112,318740,"Neuri Antônio",1,189,0x002FD4F4,0x002FD4F8,13,100
51113,318751,"Saulo Luiz",1,189,0x002FD523,0x002FD527,10,100
51114,318767,"Francisco Sérgio",1,189,0x002FD54C,0x002FD550,16,100
51115,318768,"Alyson Robério",1,189,0x002FD581,0x002FD585,14,100
51116,318809,"Delmir",1,189,0x002FD5B2,0x002FD5B6,6,100
51117,318811,"Leandro Carlos",1,189,0x002FD5D3,0x002FD5D7,14,100
51118,319089,"Bruno Emanuel",1,189,0x002FD604,0x002FD608,13,100
51119,319185,"Gladstone",1,189,0x002FD633,0x002FD637,9,100
51120,319186,"George Lucas",1,189,0x002FD65A,0x002FD65E,12,100
51121,319187,"Carlos Wendell",1,189,0x002FD687,0x002FD68B,14,100
51122,319208,"Ismael Raúl",1,189,0x002FD6B8,0x002FD6BC,11,100
51123,319212,"Dyego",1,189,0x002FD6E3,0x002FD6E7,5,100
51124,319214,"Anselmo Tadeu",1,189,0x002FD702,0x002FD706,13,100
51125,319221,"Filipe Luís",1,189,0x002FD731,0x002FD735,11,100
51126,319229,"Bris",1,189,0x002FD75C,0x002FD760,4,100
51127,319231,"Sinomar",1,189,0x002FD779,0x002FD77D,7,100
51128,319234,"Paulo Rafael",1,189,0x002FD79C,0x002FD7A0,12,100
51129,105987,"Liédson",1,189,0x002FD7C9,0x002FD7CD,7,100
51130,838388,"Cidimar Aparecido",1,189,0x002FD7EC,0x002FD7F0,17,100
51131,319274,"Zildo",1,189,0x002FD823,0x002FD827,5,100
51132,319300,"Bosco",1,189,0x002FD842,0x002FD846,5,100
51133,319304,"Eleandro José",1,189,0x002FD861,0x002FD865,13,100
51134,319305,"Maikel",1,189,0x002FD890,0x002FD894,6,100
51135,319313,"Aldari",1,189,0x002FD8B1,0x002FD8B5,6,100
51136,319315,"Dorivaldo",1,189,0x002FD8D2,0x002FD8D6,9,100
51137,319317,"Gildário",1,189,0x002FD8F9,0x002FD8FD,8,100
51138,319318,"Jean Michel",1,189,0x002FD91E,0x002FD922,11,100
51139,319319,"Jeílson",1,189,0x002FD949,0x002FD94D,7,100
51140,319489,"Edvaldo Carolino",1,189,0x002FD96C,0x002FD970,16,100
51141,319491,"Daniel Procópio",1,189,0x002FD9A1,0x002FD9A5,15,100
51142,319498,"Roni Sebastião",1,189,0x002FD9D4,0x002FD9D8,14,100
51143,319502,"Leonílson",1,189,0x002FDA05,0x002FDA09,9,100
51144,319531,"Clayton Daniel",1,189,0x002FDA2C,0x002FDA30,14,100
51145,319557,"Ednílton Marcelo",1,189,0x002FDA5D,0x002FDA61,16,100
51146,319596,"Júnior Alexandre",1,189,0x002FDA92,0x002FDA96,16,100
51147,319598,"Leandro Henrique",1,189,0x002FDAC7,0x002FDACB,16,100
51148,319601,"Jhonnes",1,189,0x002FDAFC,0x002FDB00,7,100
51149,319603,"Refferson Luiz",1,189,0x002FDB1F,0x002FDB23,14,100
51150,319604,"José Iveton",1,189,0x002FDB50,0x002FDB54,11,100
51151,319605,"Wilson Aparecido",1,189,0x002FDB7B,0x002FDB7F,16,100
51152,319606,"Everton Cryley",1,189,0x002FDBB0,0x002FDBB4,14,100
51153,319611,"Wágner Luís",1,189,0x002FDBE1,0x002FDBE5,11,100
51154,319613,"Jéferson Lucas",1,189,0x002FDC0C,0x002FDC10,14,100
51155,319617,"Ademar Aparecido",1,189,0x002FDC3D,0x002FDC41,16,100
51156,837211,"Felipe da Silva",1,189,0x002FDC72,0x002FDC76,15,100
51157,319630,"Joniel",1,189,0x002FDCA5,0x002FDCA9,6,100
51158,319633,"Marcos Tadeu",1,189,0x002FDCC6,0x002FDCCA,12,100
51159,319636,"Alessandro Weide",1,189,0x002FDCF3,0x002FDCF7,16,100
51160,319642,"Max",1,189,0x002FDD28,0x002FDD2C,3,100
51161,319652,"Almir Luciano",1,189,0x002FDD43,0x002FDD47,13,100
51162,319655,"Eder Donizetti",1,189,0x002FDD72,0x002FDD76,14,100
51163,319659,"Ruan Carlos",1,189,0x002FDDA3,0x002FDDA7,11,100
51164,319662,"Clayson Rubens",1,189,0x002FDDCE,0x002FDDD2,14,100
51165,319678,"Marcelo Clênio",1,189,0x002FDDFF,0x002FDE03,14,100
51166,319679,"David Hartley",1,189,0x002FDE30,0x002FDE34,13,100
51167,319685,"Dorgival",1,189,0x002FDE5F,0x002FDE63,8,100
51168,319686,"Maírton Paulino",1,189,0x002FDE84,0x002FDE88,15,100
51169,319687,"Francisco Alexandre Jorge",1,189,0x002FDEB7,0x002FDEBB,25,100
51170,319693,"Reginaldo Régis",1,189,0x002FDEFE,0x002FDF02,15,100
51171,319695,"Sidnei Arthur",1,189,0x002FDF31,0x002FDF35,13,100
51172,319697,"Roger Henrique",1,189,0x002FDF60,0x002FDF64,14,100
51173,319708,"Éber Luís",1,189,0x002FDF91,0x002FDF95,9,100
51174,319710,"José Bonifácio",1,189,0x002FDFB8,0x002FDFBC,14,100
51175,319711,"Alcenir",1,189,0x002FDFE9,0x002FDFED,7,100
51176,319712,"Veraldo",1,189,0x002FE00C,0x002FE010,7,100
51177,319716,"Warner",1,189,0x002FE02F,0x002FE033,6,100
51178,319717,"Carlos Fernando",1,189,0x002FE050,0x002FE054,15,100
51179,319733,"Diego Rafael",1,189,0x002FE083,0x002FE087,12,100
51180,319735,"Kaleo Felipe",1,189,0x002FE0B0,0x002FE0B4,12,100
51181,319738,"Andrew",1,189,0x002FE0DD,0x002FE0E1,6,100
51182,319749,"Roger Paulo",1,189,0x002FE0FE,0x002FE102,11,100
51183,319751,"Zeziel Kléber",1,189,0x002FE129,0x002FE12D,13,100
51184,319752,"Lindberg",1,189,0x002FE158,0x002FE15C,8,100
51185,319777,"José Robélio",1,189,0x002FE17D,0x002FE181,12,100
51186,319778,"José Williamis",1,189,0x002FE1AA,0x002FE1AE,14,100
51187,319780,"Roberto Augusto",1,189,0x002FE1DB,0x002FE1DF,15,100
51188,319781,"Olberdam",1,189,0x002FE20E,0x002FE212,8,100
51189,319784,"Erivélton Alexandrino",1,189,0x002FE233,0x002FE237,21,100
51190,319785,"José Júlio",1,189,0x002FE272,0x002FE276,10,100
51191,319787,"Adalberon",1,189,0x002FE29B,0x002FE29F,9,100
51192,8831166,"Gleidson Ricardo",1,189,0x002FE2C2,0x002FE2C6,16,100
51193,319962,"Marcelo Magno",1,189,0x002FE2F7,0x002FE2FB,13,100
51194,320234,"Weber Mark",1,189,0x002FE326,0x002FE32A,10,100
51195,320241,"Francis José",1,189,0x002FE34F,0x002FE353,12,100
51196,320242,"George Franklin",1,189,0x002FE37C,0x002FE380,15,100
51197,320259,"Everton César",1,189,0x002FE3AF,0x002FE3B3,13,100
51198,320260,"Claudiano",1,189,0x002FE3DE,0x002FE3E2,9,100
51199,320261,"Jossias Jozino",1,189,0x002FE405,0x002FE409,14,100
51200,320290,"Rougger Xavier",1,189,0x002FE436,0x002FE43A,14,100
51201,320296,"Kleiton",1,189,0x002FE467,0x002FE46B,7,100
51202,320302,"Fernando Paulo",1,189,0x002FE48A,0x002FE48E,14,100
51203,320310,"Gérson Alencar",1,189,0x002FE4BB,0x002FE4BF,14,100
51204,320312,"Leonardo Hermes",1,189,0x002FE4EC,0x002FE4F0,15,100
51205,320342,"Guiovaldo",1,189,0x002FE51F,0x002FE523,9,100
51206,320344,"Wesclei José",1,189,0x002FE546,0x002FE54A,12,100
51207,320345,"Rubens José",1,189,0x002FE573,0x002FE577,11,100
51208,8162985,"José Ilson",1,189,0x002FE59E,0x002FE5A2,10,100
51209,320350,"Max Jorge",1,189,0x002FE5C7,0x002FE5CB,9,100
51210,320363,"Saulo Luís",1,189,0x002FE5EE,0x002FE5F2,10,100
51211,741833,"Wenio",1,189,0x002FE617,0x002FE61B,5,100
51212,320446,"Márcio Fábio",1,189,0x002FE636,0x002FE63A,12,100
51213,320468,"Raulen Luiz",1,189,0x002FE663,0x002FE667,11,100
51214,320473,"Gaby Márcio Alexandre",1,189,0x002FE68E,0x002FE692,21,100
51215,320494,"Levino Floriano",1,189,0x002FE6CD,0x002FE6D1,15,100
51216,320502,"José Hélio",1,189,0x002FE700,0x002FE704,10,100
51217,320556,"Danilo Pedro",1,189,0x002FE729,0x002FE72D,12,100
51218,320557,"Cristiano Henrique",1,189,0x002FE756,0x002FE75A,18,100
51219,320558,"Paulo Murilo",1,189,0x002FE78F,0x002FE793,12,100
51220,320559,"Marcos Orlando",1,189,0x002FE7BC,0x002FE7C0,14,100
51221,320561,"Sandro Lewis",1,189,0x002FE7ED,0x002FE7F1,12,100
51222,320562,"Leumir",1,189,0x002FE81A,0x002FE81E,6,100
51223,320563,"Gabriel Michel",1,189,0x002FE83B,0x002FE83F,14,100
51224,320570,"Kerlon",1,189,0x002FE86C,0x002FE870,6,100
51225,320573,"Rômulo Leandro",1,189,0x002FE88D,0x002FE891,14,100
51226,320575,"João Aristídes",1,189,0x002FE8BE,0x002FE8C2,14,100
51227,320577,"Lenny",1,189,0x002FE8EF,0x002FE8F3,5,100
51228,320590,"Nélio João",1,189,0x002FE90E,0x002FE912,10,100
51229,320609,"Esequiel",1,189,0x002FE937,0x002FE93B,8,100
51230,320630,"Bruno Fernando",1,189,0x002FE95C,0x002FE960,14,100
51231,320638,"Josino",1,189,0x002FE98D,0x002FE991,6,100
51232,8831089,"Renato Eduardo",1,189,0x002FE9AE,0x002FE9B2,14,100
51233,320757,"Fliip",1,189,0x002FE9DF,0x002FE9E3,5,100
51234,320763,"Adaílson",1,189,0x002FE9FE,0x002FEA02,8,100
51235,320765,"Juliano João",1,189,0x002FEA23,0x002FEA27,12,100
51236,320769,"Vitório",1,189,0x002FEA50,0x002FEA54,7,100
51237,320774,"Dinélson",1,189,0x002FEA73,0x002FEA77,8,100
51238,320775,"Ermogénes",1,189,0x002FEA98,0x002FEA9C,9,100
51239,320788,"João Lindomar",1,189,0x002FEABF,0x002FEAC3,13,100
51240,320856,"Miguel Luís",1,189,0x002FEAEE,0x002FEAF2,11,100
51241,320950,"Maicon João",1,189,0x002FEB19,0x002FEB1D,11,100
51242,320978,"Dhiego Roberto",1,189,0x002FEB44,0x002FEB48,14,100
51243,825458,"André Luciano",1,189,0x002FEB75,0x002FEB79,13,100
51244,320999,"André Gustavo",1,189,0x002FEBA4,0x002FEBA8,13,100
51245,735504,"Josieslei",1,189,0x002FEBD3,0x002FEBD7,9,100
51246,735474,"Idelbrando",1,189,0x002FEBFA,0x002FEBFE,10,100
51247,321076,"Francisco Elissandro",1,189,0x002FEC23,0x002FEC27,20,100
51248,321077,"Laudeleno",1,189,0x002FEC60,0x002FEC64,9,100
51249,321078,"Wágner João",1,189,0x002FEC87,0x002FEC8B,11,100
51250,321115,"Silas Levi",1,189,0x002FECB2,0x002FECB6,10,100
51251,735121,"Fabrício Carlos",1,189,0x002FECDB,0x002FECDF,15,100
51252,321151,"João Herculano",1,189,0x002FED0E,0x002FED12,14,100
51253,321155,"Erivérton",1,189,0x002FED3F,0x002FED43,9,100
51254,321157,"Jociel",1,189,0x002FED66,0x002FED6A,6,100
51255,321166,"Thompson François",1,189,0x002FED87,0x002FED8B,17,100
51256,321187,"Guilherme Ernesto",1,189,0x002FEDBE,0x002FEDC2,17,100
51257,321188,"Fabiano Lúcio",1,189,0x002FEDF5,0x002FEDF9,13,100
51258,321190,"Fernando Cléber",1,189,0x002FEE24,0x002FEE28,15,100
51259,321195,"Leonardy",1,189,0x002FEE57,0x002FEE5B,8,100
51260,321196,"Higo",1,189,0x002FEE7C,0x002FEE80,4,100
51261,321200,"Robert Fernando",1,189,0x002FEE99,0x002FEE9D,15,100
51262,321202,"Vanderlei Roberto",1,189,0x002FEECC,0x002FEED0,17,100
51263,321204,"Fábio Júnior",1,189,0x002FEF03,0x002FEF07,12,100
51264,321207,"Almir Carlos",1,189,0x002FEF30,0x002FEF34,12,100
51265,321213,"Marco Ricardo",1,189,0x002FEF5D,0x002FEF61,13,100
51266,321216,"Valterson",1,189,0x002FEF8C,0x002FEF90,9,100
51267,321218,"Arcilândio",1,189,0x002FEFB3,0x002FEFB7,10,100
51268,321219,"Joatan Francisco",1,189,0x002FEFDC,0x002FEFE0,16,100
51269,321220,"Regiovaldo",1,189,0x002FF011,0x002FF015,10,100
51270,321222,"Luiz Júnior",1,189,0x002FF03A,0x002FF03E,11,100
51271,321268,"José Gerardo",1,189,0x002FF065,0x002FF069,12,100
51272,4400673,"Ivo Ardais",1,189,0x002FF092,0x002FF096,10,100
51273,5629265,"André Leonel",1,189,0x002FF0BB,0x002FF0BF,12,100
51274,425353,"Aurélio Luís",1,189,0x002FF0E8,0x002FF0EC,12,100
51275,8830534,"Leonardo Luiz",1,189,0x002FF115,0x002FF119,13,100
51276,5207942,"Márcio Máximo",1,189,0x002FF144,0x002FF148,13,100
51277,4852,"Wágner Fernando",1,189,0x002FF173,0x002FF177,15,100
51278,8825000,"Cidimar",1,189,0x002FF1A6,0x002FF1AA,7,100
51279,8825012,"Valdemir Nonato",1,189,0x002FF1C9,0x002FF1CD,15,100
51280,8825045,"Ewerton Carlos",1,189,0x002FF1FC,0x002FF200,14,100
51281,8825049,"Severo",1,189,0x002FF22D,0x002FF231,6,100
51282,8825081,"Eduardo Delani",1,189,0x002FF24E,0x002FF252,14,100
51283,8825140,"Raoni",1,189,0x002FF27F,0x002FF283,5,100
51284,8825160,"Jonny Meg",1,189,0x002FF29E,0x002FF2A2,9,100
51285,8825168,"Fágner Marcelo",1,189,0x002FF2C5,0x002FF2C9,14,100
51286,8825231,"Ivan Manoel",1,189,0x002FF2F6,0x002FF2FA,11,100
51287,5230005,"Edson Marcelo",1,189,0x002FF321,0x002FF325,13,100
51288,8830533,"Jamisson",1,189,0x002FF350,0x002FF354,8,100
51289,5230018,"Róbson Luiz",1,189,0x002FF375,0x002FF379,11,100
51290,5240080,"Maurílio",1,189,0x002FF3A0,0x002FF3A4,8,100
51291,8830530,"Diogo Douglas",1,189,0x002FF3C5,0x002FF3C9,13,100
51292,8830529,"Hamilton Hênio",1,189,0x002FF3F4,0x002FF3F8,14,100
51293,8830526,"Leandro Félix",1,189,0x002FF425,0x002FF429,13,100
51294,8830524,"Herbert Nery",1,189,0x002FF454,0x002FF458,12,100
51295,8830520,"José Rudson",1,189,0x002FF481,0x002FF485,11,100
51296,8832883,"Jackson Henrique",1,189,0x002FF4AC,0x002FF4B0,16,100
51297,8832884,"José Leonardo",1,189,0x002FF4E1,0x002FF4E5,13,100
51298,8832885,"Marcos Leandro",1,189,0x002FF510,0x002FF514,14,100
51299,8832887,"Bruno Octávio",1,189,0x002FF541,0x002FF545,13,100
51300,8832891,"Gerson José",1,189,0x002FF570,0x002FF574,11,100
51301,8832896,"William Fernando",1,189,0x002FF59B,0x002FF59F,16,100
51302,8832897,"Afonso João",1,189,0x002FF5D0,0x002FF5D4,11,100
51303,8832898,"André Márcio",1,189,0x002FF5FB,0x002FF5FF,12,100
51304,8832899,"Celso Luís",1,189,0x002FF628,0x002FF62C,10,100
51305,8832900,"Michel Platini",1,189,0x002FF651,0x002FF655,14,100
51306,8832901,"Adílio Leandro",1,189,0x002FF682,0x002FF686,14,100
51307,8832905,"Alcenil",1,189,0x002FF6B3,0x002FF6B7,7,100
51308,8832906,"Patrick Fabionn",1,189,0x002FF6D6,0x002FF6DA,15,100
51309,1127,"Giovanni Silva",1,189,0x002FF709,0x002FF70D,14,100
51310,8832907,"Paulo Eugênio",1,189,0x002FF73A,0x002FF73E,13,100
51311,8832931,"Rudimar Tadeu",1,189,0x002FF769,0x002FF76D,13,100
51312,8832936,"Diego Irineu",1,189,0x002FF798,0x002FF79C,12,100
51313,8832941,"Iberê",1,189,0x002FF7C5,0x002FF7C9,5,100
51314,1358,"Jamir Adriano",1,189,0x002FF7E4,0x002FF7E8,13,100
51315,8832947,"Michel Vinícius",1,189,0x002FF813,0x002FF817,15,100
51316,8832951,"Nei",1,189,0x002FF846,0x002FF84A,3,100
51317,8825413,"Ricardo Renato",1,189,0x002FF861,0x002FF865,14,100
51318,8832953,"Alex Iúri",1,189,0x002FF892,0x002FF896,9,100
51319,8832957,"José Rodolpho",1,189,0x002FF8B9,0x002FF8BD,13,100
51320,8832962,"Cleyber Daniel",1,189,0x002FF8E8,0x002FF8EC,14,100
51321,8832963,"Danny",1,189,0x002FF919,0x002FF91D,5,100
51322,8832964,"Edimo",1,189,0x002FF938,0x002FF93C,5,100
51323,8832965,"Rafael Augusto",1,189,0x002FF957,0x002FF95B,14,100
51324,8832966,"Ricardo Jesús",1,189,0x002FF988,0x002FF98C,13,100
51325,8832973,"Deives Thiago",1,189,0x002FF9B7,0x002FF9BB,13,100
51326,8832975,"Cléber Rafael",1,189,0x002FF9E6,0x002FF9EA,13,100
51327,8832979,"André Roberto",1,189,0x002FFA15,0x002FFA19,13,100
51328,8833066,"Márcio Macolino",1,189,0x002FFA44,0x002FFA48,15,100
51329,8833078,"Allyson",1,189,0x002FFA77,0x002FFA7B,7,100
51330,8833080,"Weberson",1,189,0x002FFA9A,0x002FFA9E,8,100
51331,8833083,"Glauciano",1,189,0x002FFABF,0x002FFAC3,9,100
51332,8833086,"Francisco Jaílson",1,189,0x002FFAE6,0x002FFAEA,17,100
51333,8833427,"Jaison",1,189,0x002FFB1D,0x002FFB21,6,100
51334,8833428,"Jonathan Jaime",1,189,0x002FFB3E,0x002FFB42,14,100
51335,8833471,"Carlos Gilberto",1,189,0x002FFB6F,0x002FFB73,15,100
51336,8833477,"Daniel Célio",1,189,0x002FFBA2,0x002FFBA6,12,100
51337,8833478,"Deílson Elias",1,189,0x002FFBCF,0x002FFBD3,13,100
51338,8833486,"Alan Kardec",1,189,0x002FFBFE,0x002FFC02,11,100
51339,8833487,"Erivelton",1,189,0x002FFC29,0x002FFC2D,9,100
51340,8833492,"Washington Francisco",1,189,0x002FFC50,0x002FFC54,20,100
51341,8833495,"Ivisson José",1,189,0x002FFC8D,0x002FFC91,12,100
51342,8833499,"Samuel Fernando",1,189,0x002FFCBA,0x002FFCBE,15,100
51343,8833500,"Marcos Bruno",1,189,0x002FFCED,0x002FFCF1,12,100
51344,8830416,"Henrymárcio",1,189,0x002FFD1A,0x002FFD1E,11,100
51345,8833501,"Charles Roberto",1,189,0x002FFD45,0x002FFD49,15,100
51346,8833503,"Claine Luiz",1,189,0x002FFD78,0x002FFD7C,11,100
51347,8833511,"Tony Heleno",1,189,0x002FFDA3,0x002FFDA7,11,100
51348,8833514,"Djimi",1,189,0x002FFDCE,0x002FFDD2,5,100
51349,8833517,"Alan Williams",1,189,0x002FFDED,0x002FFDF1,13,100
51350,8833520,"Carlos Rodolpho",1,189,0x002FFE1C,0x002FFE20,15,100
51351,8833521,"Cláudio Vanderley",1,189,0x002FFE4F,0x002FFE53,17,100
51352,8833522,"Flaviano Bernardo",1,189,0x002FFE86,0x002FFE8A,17,100
51353,8833523,"Joseilson",1,189,0x002FFEBD,0x002FFEC1,9,100
51354,8833529,"Thiago Alberto",1,189,0x002FFEE4,0x002FFEE8,14,100
51355,8833533,"Márcio Rafael",1,189,0x002FFF15,0x002FFF19,13,100
51356,8833539,"Eduardo Vander",1,189,0x002FFF44,0x002FFF48,14,100
51357,8833540,"Celso Eduardo",1,189,0x002FFF75,0x002FFF79,13,100
51358,8833542,"Gilvane",1,189,0x002FFFA4,0x002FFFA8,7,100
51359,8833545,"Rafael Alexandrino",1,189,0x002FFFC7,0x002FFFCB,18,100
51360,8833547,"Daniel José",1,189,0x00300000,0x00300004,11,100
51361,8833549,"Leyrielton",1,189,0x0030002B,0x0030002F,10,100
51362,8833550,"Alerson",1,189,0x00300054,0x00300058,7,100
51363,8830378,"Ronny Heberson",1,189,0x00300077,0x0030007B,14,100
51364,8830376,"Wether Thiers Charles",1,189,0x003000A8,0x003000AC,21,100
51365,8830370,"Cauê",1,189,0x003000E7,0x003000EB,4,100
51366,8830369,"Nicolas",1,189,0x00300104,0x00300108,7,100
51367,8830368,"Kilzzir",1,189,0x00300127,0x0030012B,7,100
51368,8830361,"Leonardo Henrique",1,189,0x0030014A,0x0030014E,17,100
51369,8830355,"Saimon Alan",1,189,0x00300181,0x00300185,11,100
51370,8830352,"Luiz Tiago",1,189,0x003001AC,0x003001B0,10,100
51371,8830349,"Leandro Felício",1,189,0x003001D5,0x003001D9,15,100
51372,8830345,"Luís Rodolpho",1,189,0x00300208,0x0030020C,13,100
51373,8830343,"Marcos Anderson",1,189,0x00300237,0x0030023B,15,100
51374,8830340,"Lucas Jorge",1,189,0x0030026A,0x0030026E,11,100
51375,8830338,"Gefferson",1,189,0x00300295,0x00300299,9,100
51376,8830336,"Telmário",1,189,0x003002BC,0x003002C0,8,100
51377,8830334,"Ângelo Ricardo",1,189,0x003002E1,0x003002E5,14,100
51378,8830333,"José Sammir",1,189,0x00300312,0x00300316,11,100
51379,8830325,"Robenval",1,189,0x0030033D,0x00300341,8,100
51380,8830270,"José Idinaldo",1,189,0x00300362,0x00300366,13,100
51381,8830269,"John Felipe",1,189,0x00300391,0x00300395,11,100
51382,8830267,"Acácio José",1,189,0x003003BC,0x003003C0,11,100
51383,8830264,"Jardel Higino",1,189,0x003003E7,0x003003EB,13,100
51384,8830260,"Alaelson",1,189,0x00300416,0x0030041A,8,100
51385,8830250,"Regivan",1,189,0x0030043B,0x0030043F,7,100
51386,8830245,"Jussélio Donizete",1,189,0x0030045E,0x00300462,17,100
51387,8830243,"José Wilson",1,189,0x00300495,0x00300499,11,100
51388,8830239,"Joaquim Bartolomeu",1,189,0x003004C0,0x003004C4,18,100
51389,8830237,"Geime Luiz",1,189,0x003004F9,0x003004FD,10,100
51390,8833556,"Diego Otacílio",1,189,0x00300522,0x00300526,14,100
51391,8833557,"Dieyson",1,189,0x00300553,0x00300557,7,100
51392,8833558,"Alarico",1,189,0x00300576,0x0030057A,7,100
51393,8833561,"Fernando Marcel",1,189,0x00300599,0x0030059D,15,100
51394,8833563,"Geison",1,189,0x003005CC,0x003005D0,6,100
51395,8833567,"Odacir",1,189,0x003005ED,0x003005F1,6,100
51396,8833569,"Jacson",1,189,0x0030060E,0x00300612,6,100
51397,8833576,"Leonardo Renan",1,189,0x0030062F,0x00300633,14,100
51398,8833585,"Révson",1,189,0x00300660,0x00300664,6,100
51399,8833588,"Tallys",1,189,0x00300681,0x00300685,6,100
51400,8833592,"Gustavo Roberto",1,189,0x003006A2,0x003006A6,15,100
51401,8833596,"Eurico Alessandro",1,189,0x003006D5,0x003006D9,17,100
51402,8830185,"John Charles",1,189,0x0030070C,0x00300710,12,100
51403,726567,"Manoel Lourenço",1,189,0x00300739,0x0030073D,15,100
51404,8830182,"José Edson",1,189,0x0030076C,0x00300770,10,100
51405,8830095,"Alcides Otacílio",1,189,0x00300795,0x00300799,16,100
51406,8830094,"Albadilon",1,189,0x003007CA,0x003007CE,9,100
51407,8829996,"Rafael Lucas",1,189,0x003007F1,0x003007F5,12,100
51408,8829993,"Alex Maciel",1,189,0x0030081E,0x00300822,11,100
51409,8829884,"Doílde",1,189,0x00300849,0x0030084D,6,100
51410,8829881,"Elomar",1,189,0x0030086A,0x0030086E,6,100
51411,8829878,"Wendel Rogério",1,189,0x0030088B,0x0030088F,14,100
51412,8829876,"Mauro Rafael",1,189,0x003008BC,0x003008C0,12,100
51413,8829870,"Ronivan Luiz",1,189,0x003008E9,0x003008ED,12,100
51414,8829864,"Alessandro Felipe",1,189,0x00300916,0x0030091A,17,100
51415,8829863,"Cássio Alessandro",1,189,0x0030094D,0x00300951,17,100
51416,8829634,"Gil Steven",1,189,0x00300984,0x00300988,10,100
51417,8829311,"Wdenildes Luiz",1,189,0x003009AD,0x003009B1,14,100
51418,8833599,"Bredher Gilbert",1,189,0x003009DE,0x003009E2,15,100
51419,8833600,"Rhuan Carlos",1,189,0x00300A11,0x00300A15,12,100
51420,8833602,"Ezequiel Daniel",1,189,0x00300A3E,0x00300A42,15,100
51421,8828897,"Osmar Donizete",1,189,0x00300A71,0x00300A75,14,100
51422,8827959,"José Wallison André",1,189,0x00300AA2,0x00300AA6,19,100
51423,8827958,"Rafael Martiniano",1,189,0x00300ADD,0x00300AE1,17,100
51424,8833603,"Fábio Herbert",1,189,0x00300B14,0x00300B18,13,100
51425,8833614,"José Ednei",1,189,0x00300B43,0x00300B47,10,100
51426,8833615,"Ednélton",1,189,0x00300B6C,0x00300B70,8,100
51427,8833616,"Lairson",1,189,0x00300B91,0x00300B95,7,100
51428,8833620,"Marcelo Gabriel",1,189,0x00300BB4,0x00300BB8,15,100
51429,8833621,"Everton Luís",1,189,0x00300BE7,0x00300BEB,12,100
51430,8833622,"William Henrique",1,189,0x00300C14,0x00300C18,16,100
51431,8833623,"Bruno Augusto",1,189,0x00300C49,0x00300C4D,13,100
51432,8833625,"Ricardo Carlos",1,189,0x00300C78,0x00300C7C,14,100
51433,8833628,"Thiago Emiliano",1,189,0x00300CA9,0x00300CAD,15,100
51434,8833629,"Jonathas",1,189,0x00300CDC,0x00300CE0,8,100
51435,8833633,"Edglê",1,189,0x00300D01,0x00300D05,5,100
51436,8833634,"Elon",1,189,0x00300D20,0x00300D24,4,100
51437,451619,"Bruno Éwerton",1,189,0x00300D3D,0x00300D41,13,100
51438,8833636,"Denis Wylysthon",1,189,0x00300D6C,0x00300D70,15,100
51439,8833638,"Róbson Rafael",1,189,0x00300D9F,0x00300DA3,13,100
51440,8825480,"Érich Leonardo",1,189,0x00300DCE,0x00300DD2,14,100
51441,5260810,"Rogério Josué",1,189,0x00300DFF,0x00300E03,13,100
51442,8825504,"Dione Bonato",1,189,0x00300E2E,0x00300E32,12,100
51443,8833643,"Niélson",1,189,0x00300E5B,0x00300E5F,7,100
51444,8833644,"Anderson Clayton",1,189,0x00300E7E,0x00300E82,16,100
51445,781245,"Edi Carlos",1,189,0x00300EB3,0x00300EB7,10,100
51446,8833658,"Giovanni Luigi",1,189,0x00300EDC,0x00300EE0,14,100
51447,8825598,"Oséias Luís",1,189,0x00300F0D,0x00300F11,11,100
51448,3301606,"Waldomiro",1,189,0x00300F38,0x00300F3C,9,100
51449,3301601,"Carlos Eugênio",1,189,0x00300F5F,0x00300F63,14,100
51450,3301598,"Oscar Roberto",1,189,0x00300F90,0x00300F94,13,100
51451,133837,"Casemiro",1,189,0x00300FBF,0x00300FC3,8,100
51452,8825599,"Edino",1,189,0x00300FE4,0x00300FE8,5,100
51453,8825640,"Gerlem William",1,189,0x00301003,0x00301007,14,100
51454,8833660,"Cauê Roberto",1,189,0x00301034,0x00301038,12,100
51455,8833661,"Chico",1,189,0x00301061,0x00301065,5,100
51456,8833662,"José Claudinei",1,189,0x00301080,0x00301084,14,100
51457,8833666,"Dariano",1,189,0x003010B1,0x003010B5,7,100
51458,8833683,"Hilário",1,189,0x003010D4,0x003010D8,7,100
51459,304803,"Eduardo Cyreno",1,189,0x003010F7,0x003010FB,14,100
51460,304801,"Aristéu Leonardo",1,189,0x00301128,0x0030112C,16,100
51461,304798,"José Ribamar",1,189,0x0030115D,0x00301161,12,100
51462,304797,"Luciano Augusto",1,189,0x0030118A,0x0030118E,15,100
51463,304795,"Wilson Carlos",1,189,0x003011BD,0x003011C1,13,100
51464,304549,"Carlos Manoel",1,189,0x003011EC,0x003011F0,13,100
51465,304548,"Carlos Jorge",1,189,0x0030121B,0x0030121F,12,100
51466,304546,"Amarílio",1,189,0x00301248,0x0030124C,8,100
51467,778109,"Osvaldo José",1,189,0x0030126D,0x00301271,12,100
51468,303940,"Getúlio",1,189,0x0030129A,0x0030129E,7,100
51469,303937,"Cleivaldo",1,189,0x003012BD,0x003012C1,9,100
51470,303934,"Carlos Jack",1,189,0x003012E4,0x003012E8,11,100
51471,303933,"Héber Roberto",1,189,0x0030130F,0x00301313,13,100
51472,303926,"Luís Ricardo",1,189,0x0030133E,0x00301342,12,100
51473,303922,"Luís Orlando",1,189,0x0030136B,0x0030136F,12,100
51474,303921,"Eros",1,189,0x00301398,0x0030139C,4,100
51475,8833685,"Liniker",1,189,0x003013B5,0x003013B9,7,100
51476,8833687,"Luiz Adriano",1,189,0x003013D8,0x003013DC,12,100
51477,5315893,"Weslei",1,189,0x00301405,0x00301409,6,100
51478,8833691,"Maycon",1,189,0x00301426,0x0030142A,6,100
51479,8833692,"Michel Roberto",1,189,0x00301447,0x0030144B,14,100
51480,8833693,"Muriel Gustavo",1,189,0x00301478,0x0030147C,14,100
51481,8833695,"Mártin",1,189,0x003014A9,0x003014AD,6,100
51482,8833697,"Nicolas Andrei",1,189,0x003014CA,0x003014CE,14,100
51483,8825755,"Mitayn",1,189,0x003014FB,0x003014FF,6,100
51484,8825756,"Joage",1,189,0x0030151C,0x00301520,5,100
51485,8825758,"Diego Rodrigo",1,189,0x0030153B,0x0030153F,13,100
51486,8825759,"Jefferson Tássio",1,189,0x0030156A,0x0030156E,16,100
51487,8825765,"Rafhael",1,189,0x0030159F,0x003015A3,7,100
51488,8825766,"Gabriel Leandro",1,189,0x003015C2,0x003015C6,15,100
51489,8825767,"Hyuri",1,189,0x003015F5,0x003015F9,5,100
51490,8825769,"Diego Carlos",1,189,0x00301614,0x00301618,12,100
51491,8825774,"Jonas Henrique",1,189,0x00301641,0x00301645,14,100
51492,8833702,"Paulo Gilberto",1,189,0x00301672,0x00301676,14,100
51493,8833714,"Taianan Imberê",1,189,0x003016A3,0x003016A7,14,100
51494,8833721,"Álvaro Henrique",1,189,0x003016D4,0x003016D8,15,100
51495,8825851,"Trévor Luís",1,189,0x00301707,0x0030170B,11,100
51496,776417,"Acácio",1,189,0x00301732,0x00301736,6,100
51497,8825870,"Cláudio Ibraim",1,189,0x00301753,0x00301757,14,100
51498,8825877,"Osvaldo Félix",1,189,0x00301784,0x00301788,13,100
51499,8833726,"Rogério Benedito",1,189,0x003017B3,0x003017B7,16,100
51500,8833728,"Airton",1,189,0x003017E8,0x003017EC,6,100
51501,8833729,"Alcione",1,189,0x00301809,0x0030180D,7,100
51502,8833731,"Aluísio Edvaldo",1,189,0x0030182C,0x00301830,15,100
51503,8833738,"Júlio Cézar",1,189,0x0030185F,0x00301863,11,100
51504,8833739,"Luiz Fernandes",1,189,0x0030188A,0x0030188E,14,100
51505,8833743,"Gilian",1,189,0x003018BB,0x003018BF,6,100
51506,3268,"Rivaldo Vítor",1,189,0x003018DC,0x003018E0,13,100
51507,142366,"Tales Rejane",1,189,0x0030190B,0x0030190F,12,100
51508,8833747,"Héverton Luís",1,189,0x00301938,0x0030193C,13,100
51509,8833749,"Jarbas Alex",1,189,0x00301967,0x0030196B,11,100
51510,714190,"Venício",1,189,0x00301992,0x00301996,7,100
51511,8833750,"Juliano Marcos",1,189,0x003019B5,0x003019B9,14,100
51512,8833751,"Alzino Augusto",1,189,0x003019E6,0x003019EA,14,100
51513,8833753,"Lucas Adriano",1,189,0x00301A17,0x00301A1B,13,100
51514,8833756,"Maicon Luís",1,189,0x00301A46,0x00301A4A,11,100
51515,8833761,"Plínio César",1,189,0x00301A71,0x00301A75,12,100
51516,8833764,"Rogério Albert",1,189,0x00301A9E,0x00301AA2,14,100
51517,8833771,"Alzino",1,189,0x00301ACF,0x00301AD3,6,100
51518,8833773,"Nievans",1,189,0x00301AF0,0x00301AF4,7,100
51519,8833777,"Rúbio",1,189,0x00301B13,0x00301B17,5,100
51520,8833778,"Dannyu Francisco",1,189,0x00301B32,0x00301B36,16,100
51521,8833779,"Flávio Augustus",1,189,0x00301B67,0x00301B6B,15,100
51522,8833781,"Agnelo",1,189,0x00301B9A,0x00301B9E,6,100
51523,8833784,"Ronan Francisco",1,189,0x00301BBB,0x00301BBF,15,100
51524,8834810,"Márcio Diogo",1,189,0x00301BEE,0x00301BF2,12,100
51525,8834814,"Fluedinaldo",1,189,0x00301C1B,0x00301C1F,11,100
51526,8834828,"Rosembrick",1,189,0x00301C46,0x00301C4A,10,100
51527,8834917,"Flávio Donizeti",1,189,0x00301C6F,0x00301C73,15,100
51528,8834931,"Francisco Adaílton",1,189,0x00301CA2,0x00301CA6,18,100
51529,8835083,"Jonas Jessue",1,189,0x00301CDB,0x00301CDF,12,100
51530,8835087,"Dhonatan",1,189,0x00301D08,0x00301D0C,8,100
51531,142361,"Júnior César Eduardo",1,189,0x00301D2D,0x00301D31,20,100
51532,8835092,"Ronny Carlos",1,189,0x00301D6A,0x00301D6E,12,100
51533,8835095,"Riva",1,189,0x00301D97,0x00301D9B,4,100
51534,8835101,"Aládio",1,189,0x00301DB4,0x00301DB8,6,100
51535,8835105,"Marcos Juliano",1,189,0x00301DD5,0x00301DD9,14,100
51536,8835106,"Michel Aluizio",1,189,0x00301E06,0x00301E0A,14,100
51537,8835108,"Róbson Xavier",1,189,0x00301E37,0x00301E3B,13,100
51538,8826162,"Deyvison Rogério",1,189,0x00301E66,0x00301E6A,16,100
51539,8826324,"Ozires",1,189,0x00301E9B,0x00301E9F,6,100
51540,5300316,"Róbson Saint Clair",1,189,0x00301EBC,0x00301EC0,18,100
51541,8826369,"Dasanyhev",1,189,0x00301EF5,0x00301EF9,9,100
51542,8826371,"Egnos",1,189,0x00301F1C,0x00301F20,5,100
51543,8826378,"Idival",1,189,0x00301F3B,0x00301F3F,6,100
51544,8826388,"Marcus Vinicius",1,189,0x00301F5C,0x00301F60,15,100
51545,8826394,"Kliger",1,189,0x00301F8F,0x00301F93,6,100
51546,8826626,"Rodolfo Carlos",1,189,0x00301FB0,0x00301FB4,14,100
51547,8826634,"Michel Alex",1,189,0x00301FE1,0x00301FE5,11,100
51548,8826856,"José Vinícius",1,189,0x0030200C,0x00302010,13,100
51549,8835116,"Rudnei",1,189,0x0030203B,0x0030203F,6,100
51550,8835119,"Ivânio",1,189,0x0030205C,0x00302060,6,100
51551,8835125,"Anthony Vinícius",1,189,0x0030207D,0x00302081,16,100
51552,8835126,"Jorge Mário",1,189,0x003020B2,0x003020B6,11,100
51553,8835128,"Bruno Flávio",1,189,0x003020DD,0x003020E1,12,100
51554,8835131,"Edivélton",1,189,0x0030210A,0x0030210E,9,100
51555,8835148,"Jean Tcharles",1,189,0x00302131,0x00302135,13,100
51556,8835150,"Jonas Augusto",1,189,0x00302160,0x00302164,13,100
51557,8827040,"Francisco Eleazar",1,189,0x0030218F,0x00302193,17,100
51558,8835151,"Jonathan Jeremias Juliano",1,189,0x003021C6,0x003021CA,25,100
51559,8835157,"Marco Tiago",1,189,0x0030220D,0x00302211,11,100
51560,8835158,"Matheus Fernando",1,189,0x00302238,0x0030223C,16,100
51561,8827349,"Diego Roberto",1,189,0x0030226D,0x00302271,13,100
51562,681153,"Taniélton",1,189,0x0030229C,0x003022A0,9,100
51563,8827466,"Braitner",1,189,0x003022C3,0x003022C7,8,100
51564,8827539,"Galileu",1,189,0x003022E8,0x003022EC,7,100
51565,707735,"José Elías",1,189,0x0030230B,0x0030230F,10,100
51566,8827541,"José Silvério",1,189,0x00302334,0x00302338,13,100
51567,8827548,"Bernard",1,189,0x00302363,0x00302367,7,100
51568,8827549,"Cipriano",1,189,0x00302386,0x0030238A,8,100
51569,8827552,"George André",1,189,0x003023AB,0x003023AF,12,100
51570,8827559,"Róbson Carlos",1,189,0x003023D8,0x003023DC,13,100
51571,8827560,"Romélio",1,189,0x00302407,0x0030240B,7,100
51572,8835162,"Remi Antônio",1,189,0x0030242A,0x0030242E,12,100
51573,8835165,"Renílton",1,189,0x00302457,0x0030245B,8,100
51574,8835239,"Wellington Luís",1,189,0x0030247C,0x00302480,15,100
51575,8835236,"Élton José",1,189,0x003024AF,0x003024B3,10,100
51576,8835233,"Júnior Felício",1,189,0x003024D8,0x003024DC,14,100
51577,8835231,"Leonardo Robert",1,189,0x00302509,0x0030250D,15,100
51578,8835230,"Marinaldo Cícero",1,189,0x0030253C,0x00302540,16,100
51579,4280,"Mário Jardel",1,189,0x00302571,0x00302575,12,100
51580,8835228,"Émerson Luiz",1,189,0x0030259E,0x003025A2,12,100
51581,142332,"Hallison Bruno",1,189,0x003025CB,0x003025CF,14,100
51582,107254,"Álvaro Luiz",1,189,0x003025FC,0x00302600,11,100
51583,8835225,"Júlio Tadeu",1,189,0x00302627,0x0030262B,11,100
51584,8835224,"Cezar Rodrigo",1,189,0x00302652,0x00302656,13,100
51585,8835222,"Raniélson",1,189,0x00302681,0x00302685,9,100
51586,8835213,"Jankiel",1,189,0x003026A8,0x003026AC,7,100
51587,8835212,"Iuri",1,189,0x003026CB,0x003026CF,4,100
51588,8835205,"Alan Carlos José",1,189,0x003026E8,0x003026EC,16,100
51589,8835203,"Adebson",1,189,0x0030271D,0x00302721,7,100
51590,8835200,"Rodolfo Américo",1,189,0x00302740,0x00302744,15,100
51591,8835199,"Abraão Lincoln",1,189,0x00302773,0x00302777,14,100
51592,8835198,"Cleisson Carlos",1,189,0x003027A4,0x003027A8,15,100
51593,8835196,"Diego Isaías",1,189,0x003027D7,0x003027DB,12,100
51594,8835195,"Adilson",1,189,0x00302804,0x00302808,7,100
51595,8835194,"André Reiko",1,189,0x00302827,0x0030282B,11,100
51596,8835193,"Renan Vinícius",1,189,0x00302852,0x00302856,14,100
51597,8835192,"Hiziel",1,189,0x00302883,0x00302887,6,100
51598,8835191,"Wilson Tiago",1,189,0x003028A4,0x003028A8,12,100
51599,8835188,"Sílvio João",1,189,0x003028D1,0x003028D5,11,100
51600,8835185,"Diolei",1,189,0x003028FC,0x00302900,6,100
51601,8835181,"João Leonardo",1,189,0x0030291D,0x00302921,13,100
51602,8835179,"Caio César",1,189,0x0030294C,0x00302950,10,100
51603,8835174,"Victor Paulo",1,189,0x00302975,0x00302979,12,100
51604,8835173,"Adorcelino Wesley",1,189,0x003029A2,0x003029A6,17,100
51605,8835169,"Rômulo Araújo",1,189,0x003029D9,0x003029DD,13,100
66070,6900562,"dos Santos",191,189,0x00560901,0x00560905,10,95
66071,8830549,"de Souza",165,189,0x0056092A,0x0056092E,8,95
66072,321116,"de Oliveira",129,189,0x0056094F,0x00560953,11,95
66074,7004887,"Silva",101,189,0x0056099D,0x005609A1,5,95
66076,7700225,"Martins",81,189,0x005609E1,0x005609E5,7,95
66077,727238,"Santos",68,189,0x00560A04,0x00560A08,6,95
66078,8826783,"Rodrigues",67,189,0x00560A25,0x00560A29,9,95
66080,302299,"Gomes",62,189,0x00560A71,0x00560A75,5,95
66081,8826937,"Ribeiro",62,189,0x00560A90,0x00560A94,7,95
66085,317763,"Alves",47,189,0x00560B16,0x00560B1A,5,95
66086,5385211,"Moreira",47,189,0x00560B35,0x00560B39,7,95
66087,309664,"Fernandes",45,189,0x00560B58,0x00560B5C,9,95
66088,305793,"Lopes",45,189,0x00560B7F,0x00560B83,5,95
66090,6005322,"Pereira da Silva",44,189,0x00560BC3,0x00560BC7,16,95
66091,317723,"Lima",44,189,0x00560BF8,0x00560BFC,4,95
66092,320353,"Souza",42,189,0x00560C15,0x00560C19,5,95
66094,320791,"Carvalho",39,189,0x00560C57,0x00560C5B,8,95
66096,316089,"Nascimento",36,189,0x00560CA3,0x00560CA7,10,95
66097,304445,"Soares",35,189,0x00560CCC,0x00560CD0,6,95
66099,316818,"Silveira",33,189,0x00560D1C,0x00560D20,8,95
66100,8827348,"Dias",33,189,0x00560D41,0x00560D45,4,95
66101,8827261,"Júnior",33,189,0x00560D5E,0x00560D62,6,95
66102,306227,"Batista",32,189,0x00560D7F,0x00560D83,7,100
66105,306286,"Machado",29,189,0x00560DEC,0x00560DF0,7,100
66106,5230004,"Pinheiro",29,189,0x00560E0F,0x00560E13,8,100
66107,307300,"Almeida",28,189,0x00560E34,0x00560E38,7,100
66108,3300613,"Nunes",28,189,0x00560E57,0x00560E5B,5,100
66109,6900140,"Ferreira da Silva",28,189,0x00560E76,0x00560E7A,17,100
66110,306262,"Rocha",27,189,0x00560EAD,0x00560EB1,5,100
66111,311631,"Tavares",26,189,0x00560ECC,0x00560ED0,7,100
66112,312059,"de Carvalho",25,189,0x00560EEF,0x00560EF3,11,100
66114,3300392,"Cardoso",25,189,0x00560F3D,0x00560F41,7,100
66115,315486,"Nogueira",24,189,0x00560F60,0x00560F64,8,100
66116,321059,"da Silva Júnior",24,189,0x00560F85,0x00560F89,15,100
66118,306391,"Fonseca",24,189,0x00560FDD,0x00560FE1,7,100
66119,317692,"Pinto",23,189,0x00561000,0x00561004,5,100
66120,3900603,"Teixeira",23,189,0x0056101F,0x00561023,8,100
66121,306200,"Moraes",22,189,0x00561044,0x00561048,6,100
66122,901857,"Rodrigues da Silva",22,189,0x00561065,0x00561069,18,100
66123,318501,"Araújo",22,189,0x0056109E,0x005610A2,6,100
66124,316714,"dos Santos Silva",21,189,0x005610BF,0x005610C3,16,100
66125,305389,"da Silva Santos",21,189,0x005610F4,0x005610F8,15,100
66126,7000815,"Neto",21,189,0x00561127,0x0056112B,4,100
66129,3801659,"Alves da Silva",20,189,0x00561196,0x0056119A,14,100
66130,317908,"Barros",20,189,0x005611C7,0x005611CB,6,100
66131,1025383,"Santana",19,189,0x005611E8,0x005611EC,7,100
66134,8830517,"de Jesús",18,189,0x0056125F,0x00561263,8,100
66135,316990,"Bastos",18,189,0x00561284,0x00561288,6,100
66137,318083,"Guimarães",18,189,0x005612C6,0x005612CA,9,100
66138,317262,"Freitas",18,189,0x005612ED,0x005612F1,7,100
66140,117127,"Reis",17,189,0x00561331,0x00561335,4,100
66141,320316,"Bezerra",17,189,0x0056134E,0x00561352,7,100
66142,5318986,"Cunha",17,189,0x00561371,0x00561375,5,100
66143,320887,"Borges",17,189,0x00561390,0x00561394,6,100
66144,318355,"Andrade",17,189,0x005613B1,0x005613B5,7,100
66145,306418,"Garcia",17,189,0x005613D4,0x005613D8,6,100
66146,311470,"Castro",17,189,0x005613F5,0x005613F9,6,100
66147,8830541,"Ramos",17,189,0x00561416,0x0056141A,5,100
66148,305206,"de Paula",16,189,0x00561435,0x00561439,8,100
66150,3300712,"Rosa",16,189,0x0056148F,0x00561493,4,100
66151,317451,"Guedes",15,189,0x005614AC,0x005614B0,6,100
66152,317599,"Ferreira dos Santos",15,189,0x005614CD,0x005614D1,19,100
66153,306261,"Rodrigues dos Santos",15,189,0x00561508,0x0056150C,20,100
66155,320269,"Magalhães",15,189,0x00561578,0x0056157C,9,100
66156,311217,"Azevedo",15,189,0x0056159F,0x005615A3,7,100
66157,318639,"Cabral",15,189,0x005615C2,0x005615C6,6,100
66158,321191,"de Moraes",14,189,0x005615E3,0x005615E7,9,100
66159,317889,"Braga",14,189,0x0056160A,0x0056160E,5,100
66160,317053,"Peixoto",14,189,0x00561629,0x0056162D,7,100
66161,312016,"Amorim",14,189,0x0056164C,0x00561650,6,100
66162,5701544,"de Freitas",14,189,0x0056166D,0x00561671,10,100
66163,306983,"Amaral",14,189,0x00561696,0x0056169A,6,100
66164,321104,"Vargas",14,189,0x005616B7,0x005616BB,6,100
66166,305517,"da Conceição",14,189,0x0056170B,0x0056170F,12,100
66167,318622,"Vasconcelos",13,189,0x00561738,0x0056173C,11,100
66168,317519,"Miranda",13,189,0x00561763,0x00561767,7,100
66170,306469,"Menezes",13,189,0x005617B7,0x005617BB,7,100
66171,303263,"Costa da Silva",13,189,0x005617DA,0x005617DE,14,100
66172,311526,"Figueiredo",13,189,0x0056180B,0x0056180F,10,100
66174,8827014,"Passos",12,189,0x0056185B,0x0056185F,6,100
66175,3300652,"Pires",12,189,0x0056187C,0x00561880,5,100
66176,306638,"da Silva Souza",12,189,0x0056189B,0x0056189F,14,100
66177,306846,"Maia",12,189,0x005618CC,0x005618D0,4,100
66178,311540,"Conceição",12,189,0x005618E9,0x005618ED,9,100
66179,302372,"Filho",12,189,0x00561910,0x00561914,5,100
66180,316124,"Coelho",12,189,0x0056192F,0x00561933,6,100
66182,6900013,"Batista dos Santos",12,189,0x0056197D,0x00561981,18,100
66183,321020,"de Andrade",12,189,0x005619B6,0x005619BA,10,100
66184,318090,"da Silva Ferreira",12,189,0x005619DF,0x005619E3,17,100
66186,715828,"Pereira de Souza",12,189,0x00561A37,0x00561A3B,16,100
66187,307247,"Torres",11,189,0x00561A6C,0x00561A70,6,100
66188,735586,"Moura",11,189,0x00561A8D,0x00561A91,5,100
66189,3300409,"Sampaio",11,189,0x00561AAC,0x00561AB0,7,100
66190,307147,"Matos",11,189,0x00561ACF,0x00561AD3,5,100
66191,678218,"Alves de Souza",11,189,0x00561AEE,0x00561AF2,14,100
66192,6900085,"Oliveira da Silva",11,189,0x00561B1F,0x00561B23,17,100
66193,305406,"dos Reis",11,189,0x00561B56,0x00561B5A,8,100
66194,321022,"Antunes",11,189,0x00561B7B,0x00561B7F,7,100
66195,302274,"Correia",11,189,0x00561B9E,0x00561BA2,7,100
66197,306353,"dos Santos Júnior",10,189,0x00561BF2,0x00561BF6,17,100
66198,315763,"Mattos",10,189,0x00561C29,0x00561C2D,6,100
66199,320891,"Cruz",10,189,0x00561C4A,0x00561C4E,4,100
66200,307395,"Cavalcante",10,189,0x00561C67,0x00561C6B,10,100
66201,8826925,"Queiroz",10,189,0x00561C90,0x00561C94,7,100
66202,302584,"Pereira dos Santos",10,189,0x00561CB3,0x00561CB7,18,100
66203,307093,"da Silva Oliveira",10,189,0x00561CEC,0x00561CF0,17,100
66205,8826939,"Loureiro",10,189,0x00561D44,0x00561D48,8,100
66206,306740,"Ramos da Silva",10,189,0x00561D69,0x00561D6D,14,100
66207,3200136,"Oliveira dos Santos",10,189,0x00561D9A,0x00561D9E,19,100
66208,142364,"Macedo",10,189,0x00561DD5,0x00561DD9,6,100
66209,307032,"da Rosa",10,189,0x00561DF6,0x00561DFA,7,100
66211,307297,"Coimbra",9,189,0x00561E3E,0x00561E42,7,100
66212,316361,"Lima da Silva",9,189,0x00561E61,0x00561E65,13,100
66214,306965,"Baptista",9,189,0x00561EB1,0x00561EB5,8,100
66216,302975,"Moreira dos Santos",9,189,0x00561F05,0x00561F09,18,100
66217,318194,"da Silva Filho",9,189,0x00561F3E,0x00561F42,14,100
66219,317450,"Santiago",9,189,0x00561F9A,0x00561F9E,8,100
66221,318623,"Alencar",9,189,0x00561FE4,0x00561FE8,7,100
66222,316902,"Feitosa",9,189,0x00562007,0x0056200B,7,100
66223,304403,"Barreto",9,189,0x0056202A,0x0056202E,7,100
66224,311384,"de Souza Júnior",9,189,0x0056204D,0x00562051,15,100
66225,316297,"Aguiar",9,189,0x00562080,0x00562084,6,100
66227,305618,"de Souza Martins",9,189,0x005620D2,0x005620D6,16,100
66228,8827561,"Rosa dos Santos",9,189,0x00562107,0x0056210B,15,100
66230,302040,"Cordeiro",9,189,0x00562173,0x00562177,8,100
66231,8825819,"de Oliveira Santos",8,189,0x00562198,0x0056219C,18,100
66232,305467,"de França",8,189,0x005621D1,0x005621D5,9,100
66233,5375343,"Soares da Silva",8,189,0x005621F8,0x005621FC,15,100
66236,306755,"Diniz",8,189,0x00562287,0x0056228B,5,100
66237,316259,"Souza dos Santos",8,189,0x005622A6,0x005622AA,16,100
66238,5660444,"Ribeiro dos Santos",8,189,0x005622DB,0x005622DF,18,100
66239,316914,"Marinho",8,189,0x00562314,0x00562318,7,100
66241,305747,"dos Santos Pereira",8,189,0x0056235C,0x00562360,18,100
66242,319706,"de Castro",8,189,0x00562395,0x00562399,9,100
66245,315742,"Chaves",8,189,0x00562416,0x0056241A,6,100
66246,8829896,"Ferreira de Souza",8,189,0x00562437,0x0056243B,17,100
66247,8835096,"Cerqueira",8,189,0x0056246E,0x00562472,9,100
66249,311924,"Melo",8,189,0x005624C8,0x005624CC,4,100
66251,315760,"Pontes",8,189,0x00562504,0x00562508,6,100
66252,317688,"Barroso",8,189,0x00562525,0x00562529,7,100
66255,318411,"Castanho",7,189,0x0056258C,0x00562590,8,100
66256,316886,"Viana",7,189,0x005625B1,0x005625B5,5,100
66257,302238,"Teixeira da Silva",7,189,0x005625D0,0x005625D4,17,100
66258,3300717,"Morais",7,189,0x00562607,0x0056260B,6,100
66259,316948,"de Melo",7,189,0x00562628,0x0056262C,7,100
66260,3300930,"Rodrigues Júnior",7,189,0x0056264B,0x0056264F,16,100
66262,304820,"Gomes dos Santos",7,189,0x005626A7,0x005626AB,16,100
66263,304390,"Gama",7,189,0x005626DC,0x005626E0,4,100
66264,317866,"Arruda",7,189,0x005626F9,0x005626FD,6,100
66265,304877,"de Moura",7,189,0x0056271A,0x0056271E,8,100
66266,312220,"Dantas",7,189,0x0056273F,0x00562743,6,100
66267,3300887,"da Silva Lopes",7,189,0x00562760,0x00562764,14,100
66268,8825476,"da Silva Fernandes",7,189,0x00562791,0x00562795,18,100
66269,312018,"Pereira Ferreira",7,189,0x005627CA,0x005627CE,16,100
66270,3300173,"Ferrari",7,189,0x005627FF,0x00562803,7,100
66271,315107,"Domingos",7,189,0x00562822,0x00562826,8,100
66273,307237,"Pereira da Costa",7,189,0x0056287E,0x00562882,16,100
66274,304145,"Alves Ferreira",7,189,0x005628B3,0x005628B7,14,100
66275,2001603,"de Rezende",7,189,0x005628E4,0x005628E8,10,100
66276,3301339,"Coutinho",7,189,0x0056290D,0x00562911,8,100
66278,315662,"Ribeiro da Silva",7,189,0x00562953,0x00562957,16,100
66279,306871,"de Souza Lopes",7,189,0x00562988,0x0056298C,14,100
66280,305220,"Abreu",7,189,0x005629B9,0x005629BD,5,100
66281,318576,"Paiva",7,189,0x005629D8,0x005629DC,5,100
66285,7743628,"Dos Santos",7,189,0x00562A5C,0x00562A60,10,100
66286,8832808,"Alves Pereira",7,189,0x00562A85,0x00562A89,13,100
66287,302287,"Pedrosa",6,189,0x00562AB4,0x00562AB8,7,100
66288,2001389,"Mello",6,189,0x00562AD7,0x00562ADB,5,100
66289,319587,"Lourenço",6,189,0x00562AF6,0x00562AFA,8,100
66290,3300542,"Pacheco",6,189,0x00562B1B,0x00562B1F,7,100
66292,305426,"Ribeiro de Souza",6,189,0x00562B6F,0x00562B73,16,100
66293,311518,"Borges dos Santos",6,189,0x00562BA4,0x00562BA8,17,100
66294,305431,"Siqueira",6,189,0x00562BDB,0x00562BDF,8,100
66295,317402,"Pimentel",6,189,0x00562C00,0x00562C04,8,100
66296,317401,"Lisboa",6,189,0x00562C25,0x00562C29,6,100
66297,6900588,"Carneiro",6,189,0x00562C46,0x00562C4A,8,100
66298,316588,"de Souza Santos",6,189,0x00562C6B,0x00562C6F,15,100
66299,306597,"Bonfim",6,189,0x00562C9E,0x00562CA2,6,100
66301,307018,"Xavier",6,189,0x00562CE4,0x00562CE8,6,100
66302,312034,"Padrão",6,189,0x00562D05,0x00562D09,6,100
66304,717762,"Da Silva",6,189,0x00562D5D,0x00562D61,8,100
66306,3300234,"Santos Júnior",6,189,0x00562DB1,0x00562DB5,13,100
66307,312149,"Camargo",6,189,0x00562DE0,0x00562DE4,7,100
66308,7003291,"Fernandes Silva",6,189,0x00562E03,0x00562E07,15,100
66309,7743982,"Souza da Silva",6,189,0x00562E36,0x00562E3A,14,100
66310,8829877,"da Silva Pereira",6,189,0x00562E67,0x00562E6B,16,100
66311,304071,"Novaes",6,189,0x00562E9C,0x00562EA0,6,100
66313,8724,"de Souza Santana",6,189,0x00562EDA,0x00562EDE,16,100
66314,312014,"Tavares da Silva",6,189,0x00562F0F,0x00562F13,16,100
66315,318453,"do Carmo",6,189,0x00562F44,0x00562F48,8,100
66316,311997,"Moedim",6,189,0x00562F69,0x00562F6D,6,100
66317,311984,"de Souza Vieira",6,189,0x00562F8A,0x00562F8E,15,100
66318,748698,"Dutra",6,189,0x00562FBD,0x00562FC1,5,100
66319,317826,"Brito",6,189,0x00562FDC,0x00562FE0,5,100
66320,306432,"Lima de Souza",6,189,0x00562FFB,0x00562FFF,13,100
66321,307207,"Fagundes",6,189,0x0056302A,0x0056302E,8,100
66322,3900066,"Nunes da Silva",6,189,0x0056304F,0x00563053,14,100
66325,975322,"Faria",6,189,0x005630EC,0x005630F0,5,100
66327,305243,"Mota",6,189,0x0056312A,0x0056312E,4,100
66328,305947,"Pereira do Nascimento",6,189,0x00563147,0x0056314B,21,100
66329,5666398,"Rangel",6,189,0x00563186,0x0056318A,6,100
66331,311240,"Martins de Souza",5,189,0x005631CA,0x005631CE,16,100
66332,306428,"Gouveia",5,189,0x005631FF,0x00563203,7,100
66333,305939,"Botelho",5,189,0x00563222,0x00563226,7,100
66334,304731,"Furtado",5,189,0x00563245,0x00563249,7,100
66335,3301217,"Reis dos Santos",5,189,0x00563268,0x0056326C,15,100
66336,302851,"Honório",5,189,0x0056329B,0x0056329F,7,100
66337,311362,"da Luz",5,189,0x005632BE,0x005632C2,6,100
66338,304839,"Bittencourt",5,189,0x005632DF,0x005632E3,11,100
66339,311392,"Fontes",5,189,0x0056330A,0x0056330E,6,100
66340,306325,"Brás",5,189,0x0056332B,0x0056332F,4,100
66341,304878,"Rufino",5,189,0x00563348,0x0056334C,6,100
66342,315068,"Melo da Silva",5,189,0x00563369,0x0056336D,13,100
66343,320899,"Souza Júnior",5,189,0x00563398,0x0056339C,12,100
66344,318020,"Martins da Silva",5,189,0x005633C5,0x005633C9,16,100
66345,316705,"Moreno",5,189,0x005633FA,0x005633FE,6,100
66346,317159,"da Fonseca",5,189,0x0056341B,0x0056341F,10,100
66347,304244,"de Souza Ferreira",5,189,0x00563444,0x00563448,17,100
66348,305133,"da Costa Filho",5,189,0x0056347B,0x0056347F,14,100
66349,317176,"da Silva Moraes",5,189,0x005634AC,0x005634B0,15,100
66350,305160,"Toledo",5,189,0x005634DF,0x005634E3,6,100
66351,305165,"da Silva Melo",5,189,0x00563500,0x00563504,13,100
66352,318808,"Dias da Silva",5,189,0x0056352F,0x00563533,13,100
66353,3300151,"Casagrande",5,189,0x0056355E,0x00563562,10,100
66354,3300352,"dos Santos Souza",5,189,0x00563587,0x0056358B,16,100
66355,3300008,"Ribeiro Júnior",5,189,0x005635BC,0x005635C0,14,100
66356,317392,"Assis",5,189,0x005635ED,0x005635F1,5,100
66357,318597,"Silvino",5,189,0x0056360C,0x00563610,7,100
66358,317433,"Limeira",5,189,0x0056362F,0x00563633,7,100
66360,310834,"Falcão",5,189,0x00563671,0x00563675,6,100
66361,3300967,"Inocêncio",5,189,0x00563692,0x00563696,9,100
66362,308412,"Marques da Silva",5,189,0x005636B9,0x005636BD,16,100
66363,8833497,"Rodrigues de Oliveira",5,189,0x005636EE,0x005636F2,21,100
66364,305398,"Soares Filho",5,189,0x0056372D,0x00563731,12,100
66365,308349,"dos Santos Filho",5,189,0x0056375A,0x0056375E,16,100
66366,308318,"Marcelino",5,189,0x0056378F,0x00563793,9,100
66367,306767,"Pereira de Jesús",5,189,0x005637B6,0x005637BA,16,100
66368,320233,"Pinheiro da Silva",5,189,0x005637EB,0x005637EF,17,100
66369,717761,"De Souza",5,189,0x00563822,0x00563826,8,100
66370,307234,"Gonçalves Júnior",5,189,0x00563847,0x0056384B,16,100
66371,305699,"Schmidt",5,189,0x0056387C,0x00563880,7,100
66372,7740654,"de Mello",5,189,0x0056389F,0x005638A3,8,100
66373,317523,"Portela",5,189,0x005638C4,0x005638C8,7,100
66374,8835159,"Silva de Oliveira",5,189,0x005638E7,0x005638EB,17,100
66375,304068,"de Abreu",5,189,0x0056391E,0x00563922,8,100
66376,306208,"Pinto de Souza",5,189,0x00563943,0x00563947,14,100
66377,318260,"Ferraz",5,189,0x00563974,0x00563978,6,100
66378,304030,"Alves de Oliveira",5,189,0x00563995,0x00563999,17,100
66381,311736,"da Costa Silva",5,189,0x00563A28,0x00563A2C,14,100
66382,317665,"Franco",5,189,0x00563A59,0x00563A5D,6,100
66383,3300720,"Marcondes",5,189,0x00563A7A,0x00563A7E,9,100
66384,4100447,"Lima dos Santos",5,189,0x00563AA1,0x00563AA5,15,100
66385,3301431,"Pereira Carvalho",5,189,0x00563AD4,0x00563AD8,16,100
66386,3301458,"da Costa Ferreira",5,189,0x00563B09,0x00563B0D,17,100
66388,736066,"Goulart",5,189,0x00563B5D,0x00563B61,7,100
66389,736332,"Mendonça",5,189,0x00563B80,0x00563B84,8,100
66390,8835246,"Guerreiro",5,189,0x00563BA5,0x00563BA9,9,100
66392,305757,"dos Santos Nascimento",5,189,0x00563C03,0x00563C07,21,100
66393,7700157,"Bernardo",5,189,0x00563C42,0x00563C46,8,100
66394,306081,"Barbosa de Souza",5,189,0x00563C67,0x00563C6B,16,100
66395,311854,"Porto",4,189,0x00563C9C,0x00563CA0,5,100
66396,3300909,"da Silveira",4,189,0x00563CBB,0x00563CBF,11,100
66397,6900142,"Pacheco da Silva",4,189,0x00563CE6,0x00563CEA,16,100
66398,3300915,"de Souza Soares",4,189,0x00563D1B,0x00563D1F,15,100
66400,302231,"Parreira",4,189,0x00563D81,0x00563D85,8,100
66401,3300901,"Amaral dos Santos",4,189,0x00563DA6,0x00563DAA,17,100
66402,8835187,"do Amaral",4,189,0x00563DDD,0x00563DE1,9,100
66403,311748,"de Jesús Santos",4,189,0x00563E04,0x00563E08,15,100
66404,8835183,"Ortiz",4,189,0x00563E37,0x00563E3B,5,100
66405,320963,"da Silva Vieira",4,189,0x00563E56,0x00563E5A,15,100
66406,741800,"Vitorino",4,189,0x00563E89,0x00563E8D,8,100
66407,306209,"Ferreira Neto",4,189,0x00563EAE,0x00563EB2,13,100
66408,311676,"Meirelles",4,189,0x00563EDD,0x00563EE1,9,100
66409,318259,"Salles",4,189,0x00563F04,0x00563F08,6,100
66410,3300819,"dos Santos Oliveira",4,189,0x00563F25,0x00563F29,19,100
66411,306198,"Souza de Oliveira",4,189,0x00563F60,0x00563F64,17,100
66412,311625,"Moreira Júnior",4,189,0x00563F97,0x00563F9B,14,100
66413,3300932,"Rosa da Silva",4,189,0x00563FC8,0x00563FCC,13,100
66414,311583,"Vilela",4,189,0x00563FF7,0x00563FFB,6,100
66415,306231,"Pereira Lima",4,189,0x00564018,0x0056401C,12,100
66416,312103,"Ferreira Silva",4,189,0x00564045,0x00564049,14,100
66417,302248,"Pereira Nunes",4,189,0x00564076,0x0056407A,13,100
66418,316330,"Pereira de Oliveira",4,189,0x005640A5,0x005640A9,19,100
66420,318456,"Sabino",4,189,0x0056410B,0x0056410F,6,100
66423,309508,"Mourão",4,189,0x0056418A,0x0056418E,6,100
66425,312114,"Magalhães da Silva",4,189,0x005641E8,0x005641EC,18,100
66426,318541,"Jorge",4,189,0x00564221,0x00564225,5,100
66427,320980,"Giordano",4,189,0x00564240,0x00564244,8,100
66429,311505,"Souza e Silva",4,189,0x00564286,0x0056428A,13,100
66430,5260010,"Gomes Vieira",4,189,0x005642B5,0x005642B9,12,100
66431,8830362,"Almeida Júnior",4,189,0x005642E2,0x005642E6,14,100
66432,3300291,"Rech",4,189,0x00564313,0x00564317,4,100
66433,3301107,"da Silva Dias",4,189,0x00564330,0x00564334,13,100
66434,304186,"Miranda da Silva",4,189,0x0056435F,0x00564363,16,100
66435,306288,"Pontes da Silva",4,189,0x00564394,0x00564398,15,100
66438,734020,"Fernando",4,189,0x00564407,0x0056440B,8,100
66440,910916,"dos Santos Lima",4,189,0x00564453,0x00564457,15,100
66441,312215,"Paulino",4,189,0x00564486,0x0056448A,7,100
66442,311450,"Souza Filho",4,189,0x005644A9,0x005644AD,11,100
66443,321017,"Vieira da Costa",4,189,0x005644D4,0x005644D8,15,100
66444,316755,"Ribeiro Silva",4,189,0x00564507,0x0056450B,13,100
66445,318668,"Barino",4,189,0x00564536,0x0056453A,6,100
66446,311401,"da Silva Ribeiro",4,189,0x00564557,0x0056455B,16,100
66447,306070,"dos Santos Gomes",4,189,0x0056458C,0x00564590,16,100
66450,7100018,"Pereira Fernandes",4,189,0x00564615,0x00564619,17,100
66451,8827069,"Gomes de Souza",4,189,0x0056464C,0x00564650,14,100
66452,3300457,"Bernardes",4,189,0x0056467D,0x00564681,9,100
66454,306394,"Brito da Silva",4,189,0x005646D9,0x005646DD,14,100
66455,728725,"da Silva Rodrigues",4,189,0x0056470A,0x0056470E,18,100
66456,317853,"Palhares",4,189,0x00564743,0x00564747,8,100
66457,21,"Lima Vieira",4,189,0x00564768,0x0056476C,11,100
66458,6900092,"Gomes de Oliveira",4,189,0x00564793,0x00564797,17,100
66459,3300214,"de Deus Santos",4,189,0x005647CA,0x005647CE,14,100
66461,321056,"da Silva Nascimento",4,189,0x0056481E,0x00564822,19,100
66462,310814,"Vaz",4,189,0x00564859,0x0056485D,3,100
66463,317711,"Costa Júnior",4,189,0x00564874,0x00564878,12,100
66464,5629267,"Aparecido da Silva",4,189,0x005648A1,0x005648A5,18,100
66465,3300782,"dos Santos Macedo",4,189,0x005648DA,0x005648DE,17,100
66467,305199,"Santos da Costa",4,189,0x00564936,0x0056493A,15,100
66468,2001572,"dos Santos Vieira",4,189,0x00564969,0x0056496D,17,100
66469,317288,"Silva de Souza",4,189,0x005649A0,0x005649A4,14,100
66470,315225,"Gomes da Costa",4,189,0x005649D1,0x005649D5,14,100
66471,315298,"Marreiros",4,189,0x00564A02,0x00564A06,9,100
66472,302987,"Harassen do Ó",4,189,0x00564A29,0x00564A2D,13,100
66473,321124,"Freire",4,189,0x00564A58,0x00564A5C,6,100
66475,306640,"Soares Júnior",4,189,0x00564AAE,0x00564AB2,13,100
66476,306647,"Silva Gomes",4,189,0x00564ADD,0x00564AE1,11,100
66477,305387,"Ferreira Filho",4,189,0x00564B08,0x00564B0C,14,100
66478,315469,"Barbosa dos Santos",4,189,0x00564B39,0x00564B3D,18,100
66479,2001559,"Silva do Nascimento",4,189,0x00564B72,0x00564B76,19,100
66481,321068,"Flores",4,189,0x00564BD0,0x00564BD4,6,100
66482,8831857,"Espírito Santo",4,189,0x00564BF1,0x00564BF5,14,100
66483,317690,"Lemes",4,189,0x00564C22,0x00564C26,5,100
66484,3300573,"Veloso",4,189,0x00564C41,0x00564C45,6,100
66485,306773,"Lopes dos Santos",4,189,0x00564C62,0x00564C66,16,100
66486,315490,"Evangelista",4,189,0x00564C97,0x00564C9B,11,100
66488,315509,"Alves Rodrigues",4,189,0x00564CED,0x00564CF1,15,100
66489,316065,"Oliveira Santos",4,189,0x00564D20,0x00564D24,15,100
66490,315575,"Damasceno",4,189,0x00564D53,0x00564D57,9,100
66492,306812,"Bergamaschi",4,189,0x00564DB1,0x00564DB5,11,100
66493,315640,"Souza Santos",4,189,0x00564DDC,0x00564DE0,12,100
66494,315652,"Cândido",4,189,0x00564E09,0x00564E0D,7,100
66496,8400156,"Mariano",4,189,0x00564E5B,0x00564E5F,7,100
66497,320793,"Gusmão",4,189,0x00564E7E,0x00564E82,6,100
66498,315666,"Souto",4,189,0x00564E9F,0x00564EA3,5,100
66499,315669,"Marçal",4,189,0x00564EBE,0x00564EC2,6,100
66500,306876,"Ferreira da Costa",4,189,0x00564EDF,0x00564EE3,17,100
66501,307400,"Silva Neto",4,189,0x00564F16,0x00564F1A,10,100
66502,307343,"Santos dos Reis",4,189,0x00564F3F,0x00564F43,15,100
66503,3300411,"de Andrade Vieira",4,189,0x00564F72,0x00564F76,17,100
66504,305456,"André",4,189,0x00564FA9,0x00564FAD,5,100
66505,306917,"Cardoso da Silva",4,189,0x00564FC8,0x00564FCC,16,100
66506,3301345,"Lourenço da Silva",4,189,0x00564FFD,0x00565001,17,100
66507,307299,"Pereira Alves",4,189,0x00565034,0x00565038,13,100
66508,527997,"da Silva Nunes",4,189,0x00565063,0x00565067,14,100
66509,305548,"Gaspar",4,189,0x00565094,0x00565098,6,100
66510,317518,"Ribamar",4,189,0x005650B5,0x005650B9,7,100
66511,8825264,"Trinidade",4,189,0x005650D8,0x005650DC,9,100
66512,7990918,"Caetano",4,189,0x005650FF,0x00565103,7,100
66513,307236,"Gonçalves da Silva",4,189,0x00565122,0x00565126,18,100
66514,305693,"da Silva Figueiredo",4,189,0x0056515B,0x0056515F,19,100
66515,320298,"Paes Leme",4,189,0x00565196,0x0056519A,9,100
66516,3301421,"Ferreira de Jesús",4,189,0x005651BD,0x005651C1,17,100
66517,681900,"Gonçalves dos Santos",4,189,0x005651F4,0x005651F8,20,100
66518,317639,"Munhoz",4,189,0x00565231,0x00565235,6,100
66519,3300689,"Silva Moraes",4,189,0x00565252,0x00565256,12,100
66520,301936,"Domingues",4,189,0x0056527F,0x00565283,9,100
66521,316001,"Cavalcanti",4,189,0x005652A6,0x005652AA,10,100
66523,307096,"da Silva Arruda",4,189,0x005652F0,0x005652F4,15,100
66525,305828,"Ramos de Oliveira",4,189,0x00565346,0x0056534A,17,100
66526,3901065,"Pereira Cardoso",3,189,0x0056537D,0x00565381,15,100
66527,13497,"Souza Campos",3,189,0x005653B0,0x005653B4,12,100
66528,315928,"Sá",3,189,0x005653DD,0x005653E1,2,95
66529,315605,"Gonzaga",3,189,0x005653F6,0x005653FA,7,100
66530,315527,"da Silva Diniz",3,189,0x00565419,0x0056541D,14,100
66531,727154,"Silva de Araújo",3,189,0x0056544A,0x0056544E,15,100
66532,315458,"Barbosa Júnior",3,189,0x0056547D,0x00565481,14,100
66533,727367,"Araújo da Silva",3,189,0x005654AE,0x005654B2,15,100
66534,316094,"da Silva Barbosa",3,189,0x005654E1,0x005654E5,16,100
66535,315412,"Vilas Boas",3,189,0x00565516,0x0056551A,10,100
66536,6900521,"Valente",3,189,0x0056553F,0x00565543,7,100
66537,4206491,"Ferreira Lima",3,189,0x00565562,0x00565566,13,100
66538,728566,"Fonseca da Silva",3,189,0x00565591,0x00565595,16,100
66539,9554,"da Silva Moreira",3,189,0x005655C6,0x005655CA,16,100
66540,7005017,"Pinheiro dos Santos",3,189,0x005655FB,0x005655FF,19,100
66543,733839,"Alcântara",3,189,0x0056569C,0x005656A0,9,100
66544,316320,"Paes",3,189,0x005656C3,0x005656C7,4,100
66545,312206,"de Souza Nascimento",3,189,0x005656E0,0x005656E4,19,100
66546,312196,"Pereira da Cruz",3,189,0x0056571B,0x0056571F,15,100
66547,6900207,"de Albuquerque",3,189,0x0056574E,0x00565752,14,100
66549,312105,"Lopes Silva",3,189,0x005657B6,0x005657BA,11,100
66550,312104,"Xavier de Oliveira",3,189,0x005657E1,0x005657E5,18,100
66551,311908,"Rodrigues Cruz",3,189,0x0056581A,0x0056581E,14,100
66552,316353,"Batista Flores",3,189,0x0056584B,0x0056584F,14,100
66553,736443,"Bernardino",3,189,0x0056587C,0x00565880,10,100
66554,303897,"Frazão",3,189,0x005658A5,0x005658A9,6,100
66555,6900134,"Clemente",3,189,0x005658C6,0x005658CA,8,100
66557,304094,"Oliveira de Souza",3,189,0x0056590A,0x0056590E,17,100
66558,304124,"Gomes de Jesús",3,189,0x00565941,0x00565945,14,100
66559,321230,"Batista da Silva",3,189,0x00565972,0x00565976,16,100
66560,316636,"de Jesús Lima",3,189,0x005659A7,0x005659AB,13,100
66562,311453,"Silva e Souza",3,189,0x005659F5,0x005659F9,13,100
66563,316692,"da Silva Martins",3,189,0x00565A24,0x00565A28,16,100
66564,311431,"Rocha dos Santos",3,189,0x00565A59,0x00565A5D,16,100
66565,304311,"Zacharias",3,189,0x00565A8E,0x00565A92,9,100
66566,316713,"Pereira Neto",3,189,0x00565AB5,0x00565AB9,12,100
66567,304365,"Pereira Santos",3,189,0x00565AE2,0x00565AE6,14,100
66568,316725,"Ramires",3,189,0x00565B13,0x00565B17,7,100
66569,304369,"Pereira Barros",3,189,0x00565B36,0x00565B3A,14,100
66571,304538,"Vieira de Freitas",3,189,0x00565B8C,0x00565B90,17,100
66574,311228,"de Medeiros",3,189,0x00565C3D,0x00565C41,11,100
66575,316893,"Teles",3,189,0x00565C68,0x00565C6C,5,100
66576,304612,"Martins dos Santos",3,189,0x00565C87,0x00565C8B,18,100
66577,311221,"Bragança",3,189,0x00565CC0,0x00565CC4,8,100
66578,316930,"Matoso",3,189,0x00565CE5,0x00565CE9,6,100
66579,304658,"Teixeira Júnior",3,189,0x00565D06,0x00565D0A,15,100
66580,304661,"Martins Júnior",3,189,0x00565D39,0x00565D3D,14,100
66581,317000,"Aragão",3,189,0x00565D6A,0x00565D6E,6,100
66582,321193,"Vaz da Silva",3,189,0x00565D8B,0x00565D8F,12,100
66583,304717,"de Souza Oliveira",3,189,0x00565DB8,0x00565DBC,17,100
66584,304931,"Silveira dos Santos",3,189,0x00565DEF,0x00565DF3,19,100
66585,305012,"Giordani",3,189,0x00565E2A,0x00565E2E,8,100
66586,317105,"Rodrigues de Jesús",3,189,0x00565E4F,0x00565E53,18,100
66587,305022,"de Barros",3,189,0x00565E88,0x00565E8C,9,100
66588,305136,"Carvalho da Rosa",3,189,0x00565EAF,0x00565EB3,16,100
66591,317205,"Vieira do Nascimento",3,189,0x00565F4A,0x00565F4E,20,100
66592,305204,"Guimarães da Silva",3,189,0x00565F87,0x00565F8B,18,100
66594,310934,"Rossi",3,189,0x00565FF3,0x00565FF7,5,100
66595,305217,"Pereira de Matos",3,189,0x00566012,0x00566016,16,100
66598,317397,"Prates",3,189,0x005660AF,0x005660B3,6,100
66599,6900075,"Barbosa da Silva",3,189,0x005660D0,0x005660D4,16,100
66600,777229,"Conceição Silva",3,189,0x00566105,0x00566109,15,100
66601,777236,"Nery",3,189,0x00566138,0x0056613C,4,100
66602,305374,"Ferreira de Lima",3,189,0x00566155,0x00566159,16,100
66603,8831667,"Mendes de Souza",3,189,0x0056618A,0x0056618E,15,100
66604,305415,"Couto",3,189,0x005661BD,0x005661C1,5,100
66606,305492,"dos Santos Machado",3,189,0x005661FD,0x00566201,18,100
66607,305551,"Claudino",3,189,0x00566236,0x0056623A,8,100
66608,305685,"da Silva Marques",3,189,0x0056625B,0x0056625F,16,100
66609,305702,"de Souza Ramos",3,189,0x00566290,0x00566294,14,100
66610,6900039,"Severino",3,189,0x005662C1,0x005662C5,8,100
66611,305748,"Gama de Oliveira",3,189,0x005662E6,0x005662EA,16,100
66612,317576,"Bueno",3,189,0x0056631B,0x0056631F,5,100
66613,310830,"Trinidade de Souza",3,189,0x0056633A,0x0056633E,18,100
66614,1000215,"Pedroso",3,189,0x00566373,0x00566377,7,100
66615,1014731,"Rodrigues do Nascimento",3,189,0x00566396,0x0056639A,23,100
66616,500128,"Ferreira da Rosa",3,189,0x005663D9,0x005663DD,16,100
66617,305786,"de Oliveira Amorim",3,189,0x0056640E,0x00566412,18,100
66618,1102234,"Gonçalves de Oliveira",3,189,0x00566447,0x0056644B,21,100
66619,5385638,"Jesús dos Santos",3,189,0x00566486,0x0056648A,16,100
66620,2001437,"Oliveira de Sá",3,189,0x005664BB,0x005664BF,14,100
66621,2001578,"Amorim de Souza",3,189,0x005664EC,0x005664F0,15,100
66622,317707,"Milhomem",3,189,0x0056651F,0x00566523,8,100
66623,310819,"Seixas",3,189,0x00566544,0x00566548,6,100
66624,5627948,"de Santana",3,189,0x00566565,0x00566569,10,100
66625,8826768,"Oliveira Júnior",3,189,0x0056658E,0x00566592,15,100
66626,305840,"Pereira Silva",3,189,0x005665C1,0x005665C5,13,100
66627,305851,"Duarte da Silva",3,189,0x005665F0,0x005665F4,15,100
66629,305900,"Monteiro dos Santos",3,189,0x00566658,0x0056665C,19,100
66631,3301561,"Macedo de Oliveira",3,189,0x005666D0,0x005666D4,18,100
66632,115839,"Pereira de Freitas",3,189,0x00566709,0x0056670D,18,100
66633,601753,"de Oliveira Pereira",3,189,0x00566742,0x00566746,19,100
66634,321033,"Alves Neto",3,189,0x0056677D,0x00566781,10,100
66635,117105,"da Cunha",3,189,0x005667A6,0x005667AA,8,100
66636,3301171,"Magalhães Ferreira",3,189,0x005667CB,0x005667CF,18,100
66638,321018,"Messias",3,189,0x00566827,0x0056682B,7,100
66639,6601422,"Rinaldi",3,189,0x0056684A,0x0056684E,7,100
66640,3300796,"de Matos",3,189,0x0056686D,0x00566871,8,100
66641,8827469,"Honorato da Silva",3,189,0x00566892,0x00566896,17,100
66642,8827470,"Barreto da Silva",3,189,0x005668C9,0x005668CD,16,100
66644,301793,"Alves Júnior",3,189,0x00566921,0x00566925,12,100
66645,8830326,"dos Santos Costa",3,189,0x0056694E,0x00566952,16,100
66646,318101,"Pereira Filho",3,189,0x00566983,0x00566987,13,100
66647,3301087,"Benedito",3,189,0x005669B2,0x005669B6,8,100
66649,302341,"Soares de Souza",3,189,0x00566A0A,0x00566A0E,15,100
66650,306168,"Amarante",3,189,0x00566A3D,0x00566A41,8,100
66651,306197,"Pimenta",3,189,0x00566A62,0x00566A66,7,100
66652,301894,"das Chagas",3,189,0x00566A85,0x00566A89,10,100
66653,302245,"de Oliveira Neto",3,189,0x00566AAE,0x00566AB2,16,100
66654,318298,"Lopes Guimarães",3,189,0x00566AE3,0x00566AE7,15,100
66655,310631,"Braga Juliani",3,189,0x00566B16,0x00566B1A,13,100
66656,310582,"Júnior Fonseca",3,189,0x00566B45,0x00566B49,14,100
66657,310577,"Simão",3,189,0x00566B76,0x00566B7A,5,100
66658,306212,"Amaral da Silva",3,189,0x00566B95,0x00566B99,15,100
66660,8835243,"Canela",3,189,0x00566BF9,0x00566BFD,6,100
66661,318436,"Godinho",3,189,0x00566C1A,0x00566C1E,7,100
66662,8832889,"Borges da Silva",3,189,0x00566C3D,0x00566C41,15,100
66663,8833724,"Mendes da Silva",3,189,0x00566C70,0x00566C74,15,100
66664,8833546,"de Souza Filho",3,189,0x00566CA3,0x00566CA7,14,100
66665,8833536,"Gonçalves Costa",3,189,0x00566CD4,0x00566CD8,15,100
66666,6100095,"de Souza Teixeira",3,189,0x00566D07,0x00566D0B,17,100
66668,309494,"de Ávila",3,189,0x00566D6F,0x00566D73,8,100
66669,3300848,"dos Santos Ferreira",3,189,0x00566D94,0x00566D98,19,100
66671,3300257,"Ferreira Lopes",3,189,0x00566E02,0x00566E06,14,100
66676,306423,"de Souza Carvalho",3,189,0x00566F11,0x00566F15,17,100
66677,3300177,"Marques Pereira",3,189,0x00566F48,0x00566F4C,15,100
66679,306593,"da Silva dos Santos",3,189,0x00566FB0,0x00566FB4,19,100
66680,3300490,"dos Santos Rodrigues",3,189,0x00566FEB,0x00566FEF,20,100
66681,142359,"Madureira",3,189,0x00567028,0x0056702C,9,100
66682,151214,"Raposo",3,189,0x0056704F,0x00567053,6,100
66683,142362,"dos Anjos",3,189,0x00567070,0x00567074,9,100
66684,319280,"de Aguiar",3,189,0x00567097,0x0056709B,9,100
66687,306670,"de Oliveira Pinto",3,189,0x00567104,0x00567108,17,100
66688,306730,"de Oliveira Bastos",3,189,0x0056713B,0x0056713F,18,100
66690,320837,"Aires",3,189,0x005671A9,0x005671AD,5,100
66691,319618,"Santos de Souza",3,189,0x005671C8,0x005671CC,15,100
66692,306790,"da Silva Gonçalves",3,189,0x005671FB,0x005671FF,18,100
66693,307476,"Pereira Batista",3,189,0x00567234,0x00567238,15,100
66694,319727,"Santos da Cruz",3,189,0x00567267,0x0056726B,14,100
66695,319750,"Nunes Ferreira",3,189,0x00567298,0x0056729C,14,100
66696,307445,"Almeida de Oliveira",3,189,0x005672C9,0x005672CD,19,100
66698,307430,"Esídio",3,189,0x0056733B,0x0056733F,6,100
66699,307337,"Mateus de Almeida",3,189,0x0056735C,0x00567360,17,100
66700,306895,"Teixeira de Souza",3,189,0x00567393,0x00567397,17,100
66702,829697,"de Almeida Júnior",3,189,0x005673FF,0x00567403,17,100
66703,8825597,"das Neves",3,189,0x00567436,0x0056743A,9,100
66704,3300651,"Ladeira",3,189,0x0056745D,0x00567461,7,100
66705,307249,"Silva Nascimento",3,189,0x00567480,0x00567484,16,100
66706,3300675,"Barbosa de Oliveira",3,189,0x005674B5,0x005674B9,19,100
66707,307022,"Salomão",3,189,0x005674F0,0x005674F4,7,100
66708,307213,"Chagas",3,189,0x00567513,0x00567517,6,100
66709,320354,"Freitas da Silva",3,189,0x00567534,0x00567538,16,100
66712,320551,"Vieira Júnior",3,189,0x005675B7,0x005675BB,13,100
66713,307076,"Dias de Almeida",3,189,0x005675E6,0x005675EA,15,100
66714,307183,"Gomes Júnior",3,189,0x00567619,0x0056761D,12,100
66715,307139,"Oliveira de Andrade",3,189,0x00567646,0x0056764A,19,100
66716,316059,"Fernandes Júnior",3,189,0x00567681,0x00567685,16,100
66717,320726,"Lopes de Souza",3,189,0x005676B6,0x005676BA,14,100
66718,307098,"Carvalho Ramos",2,189,0x005676E7,0x005676EB,14,100
66720,8830601,"Pascoal",2,189,0x00567751,0x00567755,7,100
66722,8400420,"Pinto da Silva",2,189,0x005677AF,0x005677B3,14,100
66723,8171841,"Paulo",2,189,0x005677E0,0x005677E4,5,100
66724,301595,"Dias dos Santos",2,189,0x005677FF,0x00567803,15,100
66725,301671,"da Silva Magalhães",2,189,0x00567832,0x00567836,18,100
66727,320642,"Frasson",2,189,0x005678A4,0x005678A8,7,100
66728,301786,"Zara",2,189,0x005678C7,0x005678CB,4,100
66731,8830344,"Moraes de Souza",2,189,0x00567946,0x0056794A,15,100
66732,8830329,"Silva Lima",2,189,0x00567979,0x0056797D,10,100
66734,8832797,"Sampaio Benedetti",2,189,0x005679C7,0x005679CB,17,100
66737,301840,"Abonízio de Souza",2,189,0x00567A5E,0x00567A62,17,100
66739,8832816,"Corrêa de Oliveira",2,189,0x00567AB8,0x00567ABC,18,100
66741,8832828,"da Conceição Silva",2,189,0x00567B14,0x00567B18,18,100
66742,8832861,"Alves dos Anjos",2,189,0x00567B4D,0x00567B51,15,100
66743,8830046,"Almeida da Silva",2,189,0x00567B80,0x00567B84,16,100
66744,8829991,"Koslowski",2,189,0x00567BB5,0x00567BB9,9,100
66746,8829882,"Antonello",2,189,0x00567BFF,0x00567C03,9,100
66747,8829873,"Oliveira Duarte",2,189,0x00567C26,0x00567C2A,15,100
66748,8829862,"Aparecido Rodrigues",2,189,0x00567C59,0x00567C5D,19,100
66749,8829861,"Rocha da Silva",2,189,0x00567C94,0x00567C98,14,100
66750,8829850,"Santos Costa",2,189,0x00567CC5,0x00567CC9,12,100
66751,8832954,"Dias da Costa",2,189,0x00567CF2,0x00567CF6,13,100
66753,8833079,"Barbosa Costa",2,189,0x00567D42,0x00567D46,13,100
66756,8833084,"Ribeiro de Oliveira",2,189,0x00567DB1,0x00567DB5,19,100
66758,3300862,"de Macedo",2,189,0x00567E0B,0x00567E0F,9,100
66760,3300871,"Ferreira Cabral",2,189,0x00567E55,0x00567E59,15,100
66761,8833454,"Domingues da Silva",2,189,0x00567E88,0x00567E8C,18,100
66762,8833469,"Natal",2,189,0x00567EC1,0x00567EC5,5,100
66765,8833583,"Rossato",2,189,0x00567F20,0x00567F24,7,100
66766,8833611,"de Souza da Silva",2,189,0x00567F43,0x00567F47,17,100
66767,8833624,"Cardoso de Souza",2,189,0x00567F7A,0x00567F7E,16,100
66768,8833686,"Silva da Silva",2,189,0x00567FAF,0x00567FB3,14,100
66770,8833715,"Souza Machado",2,189,0x00568001,0x00568005,13,100
66771,8833767,"Tomazoni",2,189,0x00568030,0x00568034,8,100
66772,8833769,"Dutra da Silva",2,189,0x00568055,0x00568059,14,100
66773,8834816,"Serrão",2,189,0x00568086,0x0056808A,6,100
66774,3300892,"Barbosa Gomes",2,189,0x005680A7,0x005680AB,13,100
66775,8835115,"Carlos",2,189,0x005680D6,0x005680DA,6,100
66777,8835137,"do Canto",2,189,0x00568120,0x00568124,8,100
66778,8835189,"Marques Antoneli",2,189,0x00568145,0x00568149,16,100
66779,8835244,"dos Santos Ribeiro",2,189,0x0056817A,0x0056817E,18,100
66780,320478,"Bach",2,189,0x005681B3,0x005681B7,4,100
66781,320476,"Silvestre",2,189,0x005681D0,0x005681D4,9,100
66782,3300919,"Batista Santos",2,189,0x005681F7,0x005681FB,14,100
66783,302044,"do Prado Pereira",2,189,0x00568228,0x0056822C,16,100
66784,302168,"Alfredo",2,189,0x0056825D,0x00568261,7,100
66785,302257,"de Melo Santos",2,189,0x00568280,0x00568284,14,100
66786,302263,"Medeiros Júnior",2,189,0x005682B1,0x005682B5,15,100
66788,302286,"Chaves de Souza",2,189,0x00568319,0x0056831D,15,100
66789,302338,"Vieira Magalhães",2,189,0x0056834C,0x00568350,16,100
66791,3300972,"da Costa Nascimento",2,189,0x005683A2,0x005683A6,19,100
66792,3300998,"Pavan",2,189,0x005683DD,0x005683E1,5,100
66793,320355,"Lopes Vieira",2,189,0x005683FC,0x00568400,12,100
66795,3301010,"de Paula Sabino",2,189,0x0056845A,0x0056845E,15,100
66796,3301036,"de Oliveira Fonseca",2,189,0x0056848D,0x00568491,19,100
66797,3301046,"Santos Gonçalves",2,189,0x005684C8,0x005684CC,16,100
66798,3301085,"Rodrigues Ferreira",2,189,0x005684FD,0x00568501,18,100
66799,302348,"Trevisan",2,189,0x00568536,0x0056853A,8,100
66800,320340,"Baggio",2,189,0x0056855B,0x0056855F,6,100
66802,8827547,"Menegueli Júnior",2,189,0x005685B7,0x005685BB,16,100
66803,8827540,"Gomes Alves",2,189,0x005685EC,0x005685F0,11,100
66804,8827480,"Antonelli",2,189,0x00568617,0x0056861B,9,100
66805,320327,"Silva Guerra",2,189,0x0056863E,0x00568642,12,100
66806,8827256,"dos Santos Carvalho",2,189,0x0056866B,0x0056866F,19,100
66807,3301153,"Aparecido de Campos",2,189,0x005686A6,0x005686AA,19,100
66810,3301199,"Gonçalves Barbosa",2,189,0x00568745,0x00568749,17,100
66811,5606221,"Villar",2,189,0x0056877C,0x00568780,6,100
66812,8827049,"Rodrigues Gomes",2,189,0x0056879D,0x005687A1,15,100
66813,8827047,"Gomes de Almeida",2,189,0x005687D0,0x005687D4,16,100
66814,3301247,"dos Santos Assunção",2,189,0x00568805,0x00568809,19,100
66815,302722,"Leme",2,189,0x00568840,0x00568844,4,100
66816,3301274,"Barbosa Conceição",2,189,0x0056885D,0x00568861,17,100
66818,320303,"Lopes de Farias",2,189,0x005688B3,0x005688B7,15,100
66819,304352,"Dória",2,189,0x005688E6,0x005688EA,5,100
66822,304806,"Silva Oliveira",2,189,0x00568967,0x0056896B,14,100
66824,3301294,"de Assis Moreira",2,189,0x005689BB,0x005689BF,16,100
66825,8826711,"Rodrigues de Lima",2,189,0x005689F0,0x005689F4,17,100
66826,5626618,"Ferreira Mendes",2,189,0x00568A27,0x00568A2B,15,100
66827,3301295,"da Silva Almeida",2,189,0x00568A5A,0x00568A5E,16,100
66828,2013448,"Pereira de Camargo",2,189,0x00568A8F,0x00568A93,18,100
66829,3301310,"Alves do Nascimento",2,189,0x00568AC8,0x00568ACC,19,100
66831,3301312,"Gonçalves Dias",2,189,0x00568B24,0x00568B28,14,100
66832,320282,"Pereira Corrêa",2,189,0x00568B55,0x00568B59,14,100
66833,2001656,"da Silva Sobrinho",2,189,0x00568B86,0x00568B8A,17,100
66834,2001600,"Sartori Júnior",2,189,0x00568BBD,0x00568BC1,14,100
66835,2001531,"Nogueira da Silva",2,189,0x00568BEE,0x00568BF2,17,100
66836,2001520,"de Amorim Campos",2,189,0x00568C25,0x00568C29,16,100
66837,529524,"de Camargo",2,189,0x00568C5A,0x00568C5E,10,100
66838,2001406,"Pereira Viana",2,189,0x00568C83,0x00568C87,13,100
66839,7643155,"Secco",2,189,0x00568CB2,0x00568CB6,5,100
66840,3301322,"Lacerda",2,189,0x00568CD1,0x00568CD5,7,100
66841,8826393,"Lima de Almeida",2,189,0x00568CF4,0x00568CF8,15,100
66842,8826370,"Gomes dos Reis",2,189,0x00568D27,0x00568D2B,14,100
66845,1025392,"Ramos dos Santos",2,189,0x00568DCE,0x00568DD2,16,100
66846,1025390,"Magri",2,189,0x00568E03,0x00568E07,5,100
66848,528064,"Batista Machado",2,189,0x00568E47,0x00568E4B,15,100
66849,3301355,"de Lima Júnior",2,189,0x00568E7A,0x00568E7E,14,100
66850,527686,"de Alcântara",2,189,0x00568EAB,0x00568EAF,12,100
66851,3301363,"Mendes da Conceição",2,189,0x00568ED8,0x00568EDC,19,100
66852,108389,"Amaral de Castro",2,189,0x00568F13,0x00568F17,16,100
66853,519743,"Pires da Silva",2,189,0x00568F48,0x00568F4C,14,100
66854,512482,"Santos da Cunha",2,189,0x00568F79,0x00568F7D,15,100
66855,3301472,"Mion Varella",2,189,0x00568FAC,0x00568FB0,12,100
66856,1013295,"Morales Tavares",2,189,0x00568FD9,0x00568FDD,15,100
66857,3301480,"da Silva e Souza",2,189,0x0056900C,0x00569010,16,100
66858,5397632,"Paes de Oliveira",2,189,0x00569041,0x00569045,16,100
66860,5660434,"Silva Júnior",2,189,0x005690AF,0x005690B3,12,100
66861,320155,"Monteiro Bolognez",2,189,0x005690DC,0x005690E0,17,100
66862,5660411,"Sacramento",2,189,0x00569113,0x00569117,10,100
66863,8825866,"dos Santos Fagundes",2,189,0x0056913C,0x00569140,19,100
66864,8825849,"Senna da Silva",2,189,0x00569177,0x0056917B,14,100
66865,302789,"da Silva Azevedo",2,189,0x005691A8,0x005691AC,16,100
66866,302790,"Moraes Lourenço",2,189,0x005691DD,0x005691E1,15,100
66867,302791,"da Silva Moço",2,189,0x00569210,0x00569214,13,100
66871,302996,"Ferreira Amaral",2,189,0x005692DA,0x005692DE,15,100
66872,303001,"Andrade Silva",2,189,0x0056930D,0x00569311,13,100
66873,8438645,"Ribeiro Cardoso",2,189,0x0056933C,0x00569340,15,100
66875,5360764,"Irineu",2,189,0x005693A4,0x005693A8,6,100
66876,3301563,"Teodoro",2,189,0x005693C5,0x005693C9,7,100
66877,7740597,"Claudio",2,189,0x005693E8,0x005693EC,7,100
66878,319779,"Rodrigues Araújo",2,189,0x0056940B,0x0056940F,16,100
66879,958136,"Borges do Canto",2,189,0x00569440,0x00569444,15,100
66880,143793,"Giacomeli",2,189,0x00569473,0x00569477,9,100
66881,8825612,"Mahseredjian",2,189,0x0056949A,0x0056949E,12,100
66882,8825610,"Oliveira Cardoso",2,189,0x005694C7,0x005694CB,16,100
66883,8825600,"Correia da Silva",2,189,0x005694FC,0x00569500,16,100
66886,8825230,"Grecco",2,189,0x00569597,0x0056959B,6,100
66887,8825199,"da Silva Fonseca",2,189,0x005695B8,0x005695BC,16,100
66888,8825048,"Blanco",2,189,0x005695ED,0x005695F1,6,100
66889,7742356,"Eduardo",2,189,0x0056960E,0x00569612,7,100
66890,3700320,"Firmino",2,189,0x00569631,0x00569635,7,100
66891,3801680,"de Jesús dos Santos",2,189,0x00569654,0x00569658,19,100
66894,3900280,"Silveira Júnior",2,189,0x005696E3,0x005696E7,15,100
66895,3901093,"França",2,189,0x00569716,0x0056971A,6,100
66897,3902248,"Ventura",2,189,0x00569778,0x0056977C,7,100
66898,3902266,"Antunes Coimbra",2,189,0x0056979B,0x0056979F,15,100
66900,4202870,"Alves Fernandes",2,189,0x005697F1,0x005697F5,15,100
66901,6900517,"Ribas",2,189,0x00569824,0x00569828,5,100
66902,6900519,"Rabello",2,189,0x00569843,0x00569847,7,100
66903,11097,"Souza Vieira de Oliveira",2,189,0x00569866,0x0056986A,24,100
66904,10268,"Alves da Cruz",2,189,0x005698AB,0x005698AF,13,100
66905,7200218,"Pacheco de Oliveira",2,189,0x005698DA,0x005698DE,19,100
66906,7100154,"Ferreira Rodrigues",2,189,0x00569915,0x00569919,18,100
66909,7003925,"Castro da Silva",2,189,0x005699A8,0x005699AC,15,100
66910,6900652,"Maria",2,189,0x005699DB,0x005699DF,5,100
66911,6900575,"Rolim",2,189,0x005699FA,0x005699FE,5,100
66913,6900211,"Ambrósio",2,189,0x00569A46,0x00569A4A,8,100
66914,6900198,"Vieira Rosa",2,189,0x00569A6B,0x00569A6F,11,100
66915,6900168,"Moura Pinheiro",2,189,0x00569A96,0x00569A9A,14,100
66916,6900164,"Conceição Costa",2,189,0x00569AC7,0x00569ACB,15,100
66918,303285,"Turra",2,189,0x00569B27,0x00569B2B,5,100
66919,303355,"Costa Lopes",2,189,0x00569B46,0x00569B4A,11,100
66920,303473,"Scott",2,189,0x00569B71,0x00569B75,5,100
66921,303477,"de Lima Barcelos",2,189,0x00569B90,0x00569B94,16,100
66922,303552,"Fonseca do Nascimento",2,189,0x00569BC5,0x00569BC9,21,100
66923,303587,"Ferraz das Neves",2,189,0x00569C04,0x00569C08,16,100
66924,303888,"dos Santos Correia",2,189,0x00569C39,0x00569C3D,18,100
66925,303900,"Bianchi",2,189,0x00569C72,0x00569C76,7,100
66926,303908,"da Conceição Costa",2,189,0x00569C95,0x00569C99,18,100
66927,304033,"Moreira Matos",2,189,0x00569CCE,0x00569CD2,13,100
66929,304056,"Ramirez Espinosa",2,189,0x00569D2A,0x00569D2E,16,100
66930,6900131,"de Figueiredo",2,189,0x00569D5F,0x00569D63,13,100
66931,304110,"de Almeida Ferreira",2,189,0x00569D8E,0x00569D92,19,100
66932,304215,"Lima de Araújo",2,189,0x00569DC9,0x00569DCD,14,100
66935,304301,"Ronconi",2,189,0x00569E54,0x00569E58,7,100
66936,304345,"dos Ramos",2,189,0x00569E77,0x00569E7B,9,100
66937,4883,"Ribeiro de Paula Júnior",2,189,0x00569E9E,0x00569EA2,23,100
66938,6900109,"de Oliveira Costa",2,189,0x00569EE1,0x00569EE5,17,100
66939,319676,"Brás da Silva",2,189,0x00569F18,0x00569F1C,13,100
66940,6900105,"Liberato",2,189,0x00569F47,0x00569F4B,8,100
66942,304436,"Júnior Pereira",2,189,0x00569F89,0x00569F8D,14,100
66943,304470,"Vidal",2,189,0x00569FBA,0x00569FBE,5,100
66944,304509,"Silvestre da Silva",2,189,0x00569FD9,0x00569FDD,18,100
66945,319657,"de Oliveira Nunes",2,189,0x0056A012,0x0056A016,17,100
66947,304515,"David",2,189,0x0056A084,0x0056A088,5,100
66949,4848,"Barbosa de Aguiar",2,189,0x0056A0C6,0x0056A0CA,17,100
66950,304575,"Leal Júnior",2,189,0x0056A0FD,0x0056A101,11,100
66951,6900100,"Tomasi",2,189,0x0056A128,0x0056A12C,6,100
66952,304631,"de Oliveira Rocha",2,189,0x0056A149,0x0056A14D,17,100
66953,304667,"Arcanjo",2,189,0x0056A180,0x0056A184,7,100
66954,304676,"do Carmo Santos",2,189,0x0056A1A3,0x0056A1A7,15,100
66955,304678,"Bonifácio",2,189,0x0056A1D6,0x0056A1DA,9,100
66957,304701,"Gomes Silva",2,189,0x0056A230,0x0056A234,11,100
66958,304727,"Thomaz",2,189,0x0056A25B,0x0056A25F,6,100
66959,304815,"Damásio",2,189,0x0056A27C,0x0056A280,7,100
66960,304818,"Vieira de Carvalho",2,189,0x0056A29F,0x0056A2A3,18,100
66961,6900093,"Botti",2,189,0x0056A2D8,0x0056A2DC,5,100
66962,304821,"Pires de Almeida",2,189,0x0056A2F7,0x0056A2FB,16,100
66963,304857,"Rocha de Oliveira",2,189,0x0056A32C,0x0056A330,17,100
66964,304868,"Felipe",2,189,0x0056A363,0x0056A367,6,100
66965,4303,"Duarte Oliveira",2,189,0x0056A384,0x0056A388,15,100
66966,304879,"da Silva Medeiros",2,189,0x0056A3B7,0x0056A3BB,17,100
66967,304921,"Carvalho Júnior",2,189,0x0056A3EE,0x0056A3F2,15,100
66968,304935,"de Nobrega",2,189,0x0056A421,0x0056A425,10,100
66969,304988,"Batista de Abreu",2,189,0x0056A44A,0x0056A44E,16,100
66971,319608,"Silva Pereira",2,189,0x0056A4A2,0x0056A4A6,13,100
66972,304989,"Damásio de Oliveira",2,189,0x0056A4D1,0x0056A4D5,19,100
66973,305025,"Cipriano",2,189,0x0056A50C,0x0056A510,8,100
66975,305070,"Veras",2,189,0x0056A560,0x0056A564,5,100
66983,6900086,"Ribeiro de Araújo",2,189,0x0056A6D2,0x0056A6D6,17,100
66985,305192,"da Silva Andrade",2,189,0x0056A73C,0x0056A740,16,100
66986,305195,"Leite Ribeiro",2,189,0x0056A771,0x0056A775,13,100
66987,6900076,"Nobre de Moraes",2,189,0x0056A7A0,0x0056A7A4,15,100
66988,6900072,"Dias de Souza",2,189,0x0056A7D3,0x0056A7D7,13,100
66989,319581,"Nascimento Júnior",2,189,0x0056A802,0x0056A806,17,100
66990,305232,"Firmino Júnior",2,189,0x0056A839,0x0056A83D,14,100
66991,319573,"Aguiar Jesús",2,189,0x0056A86A,0x0056A86E,12,100
66992,305240,"da Rocha Júnior",2,189,0x0056A897,0x0056A89B,15,100
66993,305246,"Fonseca Reis",2,189,0x0056A8CA,0x0056A8CE,12,100
66994,305279,"Baptista Júnior",2,189,0x0056A8F7,0x0056A8FB,15,100
66995,305324,"Rossini",2,189,0x0056A92A,0x0056A92E,7,100
66997,305399,"Torres da Silva",2,189,0x0056A970,0x0056A974,15,100
66998,319553,"Melo Santos",2,189,0x0056A9A3,0x0056A9A7,11,100
66999,305434,"de Souza Mendonça",2,189,0x0056A9CE,0x0056A9D2,17,100
67000,305440,"Pires da Costa",2,189,0x0056AA05,0x0056AA09,14,100
67001,305453,"Vasconcelos da Silva",2,189,0x0056AA36,0x0056AA3A,20,100
67002,305454,"Teles dos Santos",2,189,0x0056AA73,0x0056AA77,16,100
67003,305460,"Sampaio Neto",2,189,0x0056AAA8,0x0056AAAC,12,100
67004,6900059,"Mehl",2,189,0x0056AAD5,0x0056AAD9,4,100
67005,305476,"de Deus",2,189,0x0056AAF2,0x0056AAF6,7,100
67006,305480,"da Silva Assis",2,189,0x0056AB15,0x0056AB19,14,100
67007,7744749,"Figo",2,189,0x0056AB46,0x0056AB4A,4,100
67008,305544,"Gasperin",2,189,0x0056AB63,0x0056AB67,8,100
67009,305563,"Malucelli",2,189,0x0056AB88,0x0056AB8C,9,100
67010,305630,"dos Santos da Silva",2,189,0x0056ABAF,0x0056ABB3,19,100
67012,319496,"Michelle",2,189,0x0056AC1B,0x0056AC1F,8,100
67013,305680,"Leitão da Costa",2,189,0x0056AC40,0x0056AC44,15,100
67014,305687,"Cândido da Silva",2,189,0x0056AC73,0x0056AC77,16,100
67015,305691,"Nogueira Ramos",2,189,0x0056ACA8,0x0056ACAC,14,100
67016,305705,"Nunes Leal",2,189,0x0056ACD9,0x0056ACDD,10,100
67018,305721,"da Rosa Júnior",2,189,0x0056AD23,0x0056AD27,14,100
67019,6900035,"Carvalho Soares",2,189,0x0056AD54,0x0056AD58,15,100
67020,305768,"de Oliveira Benjamin",2,189,0x0056AD87,0x0056AD8B,20,100
67021,305790,"da Silva Müller",2,189,0x0056ADC4,0x0056ADC8,15,100
67022,3300719,"Felgueiras",2,189,0x0056ADF7,0x0056ADFB,10,100
67023,305797,"Mendes Ramos",2,189,0x0056AE20,0x0056AE24,12,100
67024,305806,"Sedenir da Silva",2,189,0x0056AE4D,0x0056AE51,16,100
67025,305829,"Alcino Rosa",2,189,0x0056AE82,0x0056AE86,11,100
67026,6900022,"Pereira da Silveira",2,189,0x0056AEAD,0x0056AEB1,19,100
67028,305876,"Ruschel",2,189,0x0056AF07,0x0056AF0B,7,100
67029,305879,"Costa de Oliveira",2,189,0x0056AF2A,0x0056AF2E,17,100
67030,305897,"Modesto da Silva",2,189,0x0056AF61,0x0056AF65,16,100
67031,305902,"Gomes Bernardino",2,189,0x0056AF96,0x0056AF9A,16,100
67032,305920,"Barbosa Santos",2,189,0x0056AFCB,0x0056AFCF,14,100
67033,6900014,"Balduíno",2,189,0x0056AFFC,0x0056B000,8,100
67034,305933,"Salla",2,189,0x0056B021,0x0056B025,5,100
67035,6900010,"Ferreira Alves",2,189,0x0056B040,0x0056B044,14,100
67037,305946,"Albertoni",2,189,0x0056B0A6,0x0056B0AA,9,100
67038,305955,"Saraiva de Souza",2,189,0x0056B0CD,0x0056B0D1,16,100
67039,305956,"da Silva Guimarães",2,189,0x0056B102,0x0056B106,18,100
67040,306028,"Silva Porto",2,189,0x0056B13B,0x0056B13F,11,100
67041,306065,"Morelli",2,189,0x0056B166,0x0056B16A,7,100
67042,319303,"Fortunato",2,189,0x0056B189,0x0056B18D,9,100
67043,306073,"Sestrem",2,189,0x0056B1B0,0x0056B1B4,7,100
67044,306074,"Pereira Barbosa",2,189,0x0056B1D3,0x0056B1D7,15,100
67045,306087,"Pereira Leão",2,189,0x0056B206,0x0056B20A,12,100
67048,306147,"Militão José",2,189,0x0056B295,0x0056B299,12,100
67049,319293,"Gonçalves Silva",2,189,0x0056B2C2,0x0056B2C6,15,100
67050,306169,"Martins Gomes",2,189,0x0056B2F5,0x0056B2F9,13,100
67051,306174,"Pereira Neves",2,189,0x0056B324,0x0056B328,13,100
67052,5723734,"Gil",2,189,0x0056B353,0x0056B357,3,100
67053,306224,"de Oliveira Rosa",2,189,0x0056B36E,0x0056B372,16,100
67054,306235,"Noronha da Silva",2,189,0x0056B3A3,0x0056B3A7,16,100
67055,306254,"Martins de Mello",2,189,0x0056B3D8,0x0056B3DC,16,100
67056,917355,"Cordeiro da Silva",2,189,0x0056B40D,0x0056B411,17,100
67057,306279,"de Souza Silvino",2,189,0x0056B444,0x0056B448,16,100
67058,306280,"Gonçalves Nunes",2,189,0x0056B479,0x0056B47D,15,100
67059,306289,"César Rodrigues",2,189,0x0056B4AC,0x0056B4B0,15,100
67060,306296,"Rodrigues da Costa",2,189,0x0056B4DF,0x0056B4E3,18,100
67061,306301,"Borges Rosa",2,189,0x0056B518,0x0056B51C,11,100
67063,306323,"da Silva Coutinho",2,189,0x0056B574,0x0056B578,17,100
67064,306324,"Mendes Júnior",2,189,0x0056B5AB,0x0056B5AF,13,100
67065,306326,"Holanda",2,189,0x0056B5DA,0x0056B5DE,7,100
67066,306331,"Siqueira Silva",2,189,0x0056B5FD,0x0056B601,14,100
67069,306377,"Malheiros",2,189,0x0056B690,0x0056B694,9,100
67071,306383,"Sodré Santos",2,189,0x0056B6DA,0x0056B6DE,12,100
67073,306449,"Moreira Rodrigues",2,189,0x0056B73E,0x0056B742,17,100
67075,306600,"de Azevedo",2,189,0x0056B7A8,0x0056B7AC,10,100
67076,306607,"Félix",2,189,0x0056B7D1,0x0056B7D5,5,100
67078,306609,"Costa Pereira",2,189,0x0056B825,0x0056B829,13,100
67079,306656,"de Paula Rocha",2,189,0x0056B854,0x0056B858,14,100
67080,306679,"dos Santos Teixeira",2,189,0x0056B885,0x0056B889,19,100
67081,306754,"Ananias",2,189,0x0056B8C0,0x0056B8C4,7,100
67083,306808,"Pereira Santana",2,189,0x0056B914,0x0056B918,15,100
67084,5240168,"Coelho Leite",2,189,0x0056B947,0x0056B94B,12,100
67085,318812,"Heidemann",2,189,0x0056B974,0x0056B978,9,100
67086,834295,"Theodoro",2,189,0x0056B99B,0x0056B99F,8,100
67087,832523,"Cavalheiro",2,189,0x0056B9C0,0x0056B9C4,10,100
67088,306899,"dos Santos Amaral",2,189,0x0056B9E9,0x0056B9ED,17,100
67089,306926,"Pereira de Carvalho",2,189,0x0056BA20,0x0056BA24,19,100
67091,306954,"Mendes da Rocha",2,189,0x0056BA7C,0x0056BA80,15,100
67092,306955,"Marangon",2,189,0x0056BAAF,0x0056BAB3,8,100
67093,829686,"Ceccon",2,189,0x0056BAD4,0x0056BAD8,6,100
67094,306985,"Carbone",2,189,0x0056BAF5,0x0056BAF9,7,100
67096,307083,"Gama do Nascimento",2,189,0x0056BB51,0x0056BB55,18,100
67098,307106,"Dourado",2,189,0x0056BBBB,0x0056BBBF,7,100
67099,307109,"Moraes Júnior",2,189,0x0056BBDE,0x0056BBE2,13,100
67100,138325,"Farias Filho",2,189,0x0056BC0D,0x0056BC11,12,100
67101,3300778,"de Oliveira Gomes",2,189,0x0056BC3A,0x0056BC3E,17,100
67102,307215,"Corrêa Júnior",2,189,0x0056BC71,0x0056BC75,13,100
67103,307250,"de Almeida Lima",2,189,0x0056BCA0,0x0056BCA4,15,100
67105,307303,"Nascimento Costa",2,189,0x0056BCFA,0x0056BCFE,16,100
67106,307309,"Jandoso",2,189,0x0056BD2F,0x0056BD33,7,100
67107,307321,"Quirino da Silva",2,189,0x0056BD52,0x0056BD56,16,100
67108,307323,"Robeiro",2,189,0x0056BD87,0x0056BD8B,7,100
67109,307334,"de Jesús Souza",2,189,0x0056BDAA,0x0056BDAE,14,100
67111,318720,"de Jesús Oliveira",2,189,0x0056BE0E,0x0056BE12,17,100
67112,3300605,"Alves de Barros",2,189,0x0056BE45,0x0056BE49,15,100
67114,318710,"Ferreira Coelho",2,189,0x0056BEB1,0x0056BEB5,15,100
67115,143579,"de Brito",2,189,0x0056BEE4,0x0056BEE8,8,100
67116,5375308,"Jacques",2,189,0x0056BF09,0x0056BF0D,7,100
67117,308214,"Amorim da Silva",2,189,0x0056BF2C,0x0056BF30,15,100
67118,308246,"Venturini",2,189,0x0056BF5F,0x0056BF63,9,100
67119,308293,"Leone",2,189,0x0056BF86,0x0056BF8A,5,100
67120,308295,"de Souza Freitas",2,189,0x0056BFA5,0x0056BFA9,16,100
67122,308331,"Garcia Nunes",2,189,0x0056C009,0x0056C00D,12,100
67123,308352,"Nogueira Lima",2,189,0x0056C036,0x0056C03A,13,100
67124,3300557,"Carvalho da Silva Neto",2,189,0x0056C065,0x0056C069,22,100
67125,308400,"Santos Lima",2,189,0x0056C0A6,0x0056C0AA,11,100
67127,3300550,"Aparecido Costa",2,189,0x0056C104,0x0056C108,15,100
67128,3300129,"Lopes do Nascimento",2,189,0x0056C137,0x0056C13B,19,100
67129,3300140,"Câmara Amaral",2,189,0x0056C172,0x0056C176,13,100
67131,3300154,"Souza da Cruz",2,189,0x0056C1C6,0x0056C1CA,13,100
67132,3300497,"da Silva Sales",2,189,0x0056C1F5,0x0056C1F9,14,100
67134,3300164,"Negri",2,189,0x0056C25B,0x0056C25F,5,100
67135,320915,"Sodré",2,189,0x0056C27A,0x0056C27E,5,100
67136,318630,"Pereira Rosa",2,189,0x0056C299,0x0056C29D,12,100
67140,309154,"Romualdo",2,189,0x0056C357,0x0056C35B,8,100
67141,309174,"Cardoso dos Santos",2,189,0x0056C37C,0x0056C380,18,100
67142,3300237,"Soares de Andrade",2,189,0x0056C3B5,0x0056C3B9,17,100
67143,3300241,"da Silva de Jesús",2,189,0x0056C3EC,0x0056C3F0,17,100
67145,309318,"da Silva Monteiro",2,189,0x0056C452,0x0056C456,17,100
67146,3300308,"Macedo da Silva",2,189,0x0056C489,0x0056C48D,15,100
67147,3300327,"Braz",2,189,0x0056C4BC,0x0056C4C0,4,100
67148,3300336,"Prateat",2,189,0x0056C4D9,0x0056C4DD,7,100
67149,309568,"Belém da Silva",2,189,0x0056C4FC,0x0056C500,14,100
67150,309583,"da Silva Valansuelo",2,189,0x0056C52D,0x0056C531,19,100
67151,309658,"da Silva Bento",2,189,0x0056C568,0x0056C56C,14,100
67152,309665,"de Souza Siqueira",2,189,0x0056C599,0x0056C59D,17,100
67153,310605,"Gonçalves da Costa",2,189,0x0056C5D0,0x0056C5D4,18,100
67155,3300420,"Andrade da Silva",2,189,0x0056C63E,0x0056C642,16,100
67156,310705,"Motta",2,189,0x0056C673,0x0056C677,5,100
67160,310910,"Braghin",2,189,0x0056C705,0x0056C709,7,100
67161,310917,"Poletto",2,189,0x0056C728,0x0056C72C,7,100
67162,310947,"Soares Rosa",2,189,0x0056C74B,0x0056C74F,11,100
67163,310995,"da Silva Pinto",2,189,0x0056C776,0x0056C77A,14,100
67165,311091,"Santana da Silva",2,189,0x0056C7D8,0x0056C7DC,16,100
67166,311126,"Henriques",2,189,0x0056C80D,0x0056C811,9,100
67167,776380,"Inarra",2,189,0x0056C834,0x0056C838,6,100
67168,311180,"Gallo",2,189,0x0056C855,0x0056C859,5,100
67169,311182,"Rios",2,189,0x0056C874,0x0056C878,4,100
67170,775576,"Nunes de Oliveira",2,189,0x0056C891,0x0056C895,17,100
67172,775154,"Angeli",2,189,0x0056C8FD,0x0056C901,6,100
67173,311339,"Venâncio",2,189,0x0056C91E,0x0056C922,8,100
67174,311342,"Crispim",2,189,0x0056C943,0x0056C947,7,100
67175,311361,"de Souza Gama",2,189,0x0056C966,0x0056C96A,13,100
67176,311365,"Pavão",2,189,0x0056C995,0x0056C999,5,100
67177,746388,"Luciano",2,189,0x0056C9B4,0x0056C9B8,7,100
67178,745652,"Aquino",2,189,0x0056C9D7,0x0056C9DB,6,100
67179,311433,"Severino da Silva",2,189,0x0056C9F8,0x0056C9FC,17,100
67180,311466,"Moreira Peres",2,189,0x0056CA2F,0x0056CA33,13,100
67181,311490,"Fabian",2,189,0x0056CA5E,0x0056CA62,6,100
67182,311531,"Guimarães dos Santos",2,189,0x0056CA7F,0x0056CA83,20,100
67183,311606,"de Souza Ribeiro",2,189,0x0056CABC,0x0056CAC0,16,100
67184,311622,"Leite da Silva",2,189,0x0056CAF1,0x0056CAF5,14,100
67185,311677,"Costa Ferreira",2,189,0x0056CB22,0x0056CB26,14,100
67186,741857,"Palmeira",2,189,0x0056CB53,0x0056CB57,8,100
67189,736464,"de Assis dos Santos",2,189,0x0056CBC6,0x0056CBCA,19,100
67190,3300397,"Bittar",2,189,0x0056CC01,0x0056CC05,6,100
67192,312134,"dos Santos Barbosa",2,189,0x0056CC41,0x0056CC45,18,100
67193,312142,"Silva Rodrigues",2,189,0x0056CC7A,0x0056CC7E,15,100
67195,318407,"Fontoura",2,189,0x0056CCCE,0x0056CCD2,8,100
67196,312214,"Soares Bastos",2,189,0x0056CCF3,0x0056CCF7,13,100
67197,312230,"da Silva Tavares",2,189,0x0056CD22,0x0056CD26,16,100
67198,729006,"Lira da Silva",2,189,0x0056CD57,0x0056CD5B,13,100
67201,3300402,"Gutemberg",2,189,0x0056CDE4,0x0056CDE8,9,100
67202,315169,"Maciel Santiago",2,189,0x0056CE0B,0x0056CE0F,15,100
67203,315262,"dos Santos Aguiar",2,189,0x0056CE3E,0x0056CE42,17,100
67204,315274,"Silva Andrade",2,189,0x0056CE75,0x0056CE79,13,100
67205,315347,"Bezerra da Silva Neto",2,189,0x0056CEA4,0x0056CEA8,21,100
67206,315395,"Lopes Júnior",2,189,0x0056CEE3,0x0056CEE7,12,100
67207,318348,"Dias Santos",2,189,0x0056CF10,0x0056CF14,11,100
67208,315424,"Souza Dias",2,189,0x0056CF3B,0x0056CF3F,10,100
67209,315452,"Sena Ribeiro",2,189,0x0056CF64,0x0056CF68,12,100
67210,315482,"Sales da Silva",2,189,0x0056CF91,0x0056CF95,14,100
67213,315530,"Duarte Silva",2,189,0x0056D004,0x0056D008,12,100
67216,318285,"Fraga",2,189,0x0056D0A1,0x0056D0A5,5,100
67217,315562,"Santos dos Santos",2,189,0x0056D0C0,0x0056D0C4,17,100
67219,315574,"Vital",2,189,0x0056D122,0x0056D126,5,100
67220,318263,"Moreira Alves",2,189,0x0056D141,0x0056D145,13,100
67221,315582,"Souza Ramos",2,189,0x0056D170,0x0056D174,11,100
67223,315690,"Pereira Costa",2,189,0x0056D1D2,0x0056D1D6,13,100
67224,315694,"Fonseca dos Santos",2,189,0x0056D201,0x0056D205,18,100
67228,318213,"Almeida Santos",2,189,0x0056D2CB,0x0056D2CF,14,100
67229,315858,"da Silva Vilhena",2,189,0x0056D2FC,0x0056D300,16,100
67230,315885,"de Souza Moraes",2,189,0x0056D331,0x0056D335,15,100
67231,315888,"de Lira",2,189,0x0056D364,0x0056D368,7,100
67232,315906,"de Araújo Carneiro",2,189,0x0056D387,0x0056D38B,18,100
67233,315988,"Pereira Pinto",2,189,0x0056D3C0,0x0056D3C4,13,100
67235,316021,"Jacinto",2,189,0x0056D41E,0x0056D422,7,100
67236,316051,"de Paiva Santos",2,189,0x0056D441,0x0056D445,15,100
67237,320974,"de Oliveira Teixeira",2,189,0x0056D474,0x0056D478,20,100
67238,316058,"Carvalho Barbosa",2,189,0x0056D4B1,0x0056D4B5,16,100
67239,318190,"Gonçalves Neto",2,189,0x0056D4E6,0x0056D4EA,14,100
67240,316068,"Conceição Tavares",2,189,0x0056D517,0x0056D51B,17,100
67241,316090,"Mendes Ferreira",2,189,0x0056D54E,0x0056D552,15,100
67242,316159,"Abreu de Lima",2,189,0x0056D581,0x0056D585,13,100
67243,316168,"de Morais",2,189,0x0056D5B0,0x0056D5B4,9,100
67245,316246,"Azevedo da Silva",2,189,0x0056D60A,0x0056D60E,16,100
67246,316258,"Gomes de Jesus",2,189,0x0056D63F,0x0056D643,14,100
67248,316282,"Mendes de Oliveira Filho",2,189,0x0056D6A7,0x0056D6AB,24,100
67249,321271,"da Silva Rocha",2,189,0x0056D6EC,0x0056D6F0,14,100
67251,318130,"da Costa Franco",2,189,0x0056D756,0x0056D75A,15,100
67252,316403,"Lopes de Oliveira",2,189,0x0056D789,0x0056D78D,17,100
67253,316500,"Carvalho da Silva",2,189,0x0056D7C0,0x0056D7C4,17,100
67254,316513,"de Oliveira Souza",2,189,0x0056D7F7,0x0056D7FB,17,100
67255,316626,"de Oliveira dos Santos",2,189,0x0056D82E,0x0056D832,22,100
67256,316693,"Buccioli Júnior",2,189,0x0056D86F,0x0056D873,15,100
67258,316722,"Ramalho dos Santos",2,189,0x0056D8C7,0x0056D8CB,18,100
67259,321211,"Santos de Carvalho",2,189,0x0056D900,0x0056D904,18,100
67260,316734,"Assis da Silva",2,189,0x0056D939,0x0056D93D,14,100
67261,316794,"Pereira Araújo",2,189,0x0056D96A,0x0056D96E,14,100
67262,316844,"Almeida de Souza",2,189,0x0056D99B,0x0056D99F,16,100
67266,321186,"Ferreira de Carvalho",2,189,0x0056DA61,0x0056DA65,20,100
67267,317107,"Locatelli",2,189,0x0056DA9E,0x0056DAA2,9,100
67268,317127,"Ferreira Campos",2,189,0x0056DAC5,0x0056DAC9,15,100
67269,317140,"de Lima Ribeiro",2,189,0x0056DAF8,0x0056DAFC,15,100
67271,317398,"Aparecido Ferreira",2,189,0x0056DB62,0x0056DB66,18,100
67273,317458,"Bezerra da Silva",2,189,0x0056DBBC,0x0056DBC0,16,100
67274,317659,"de Jesús Silva",2,189,0x0056DBF1,0x0056DBF5,14,100
67276,317673,"Acosta",2,189,0x0056DC4D,0x0056DC51,6,100
67277,317731,"Lopes Ferreira",2,189,0x0056DC6E,0x0056DC72,14,100
67278,321045,"de Souza Figueiredo",2,189,0x0056DC9F,0x0056DCA3,19,100
67279,317837,"Carbonaro",2,189,0x0056DCDA,0x0056DCDE,9,100
67280,317967,"Heuser",1,189,0x0056DD01,0x0056DD05,6,100
67282,317904,"Lima Filho",1,189,0x0056DD4D,0x0056DD51,10,100
67283,317901,"Silveira Pereira",1,189,0x0056DD76,0x0056DD7A,16,100
67284,317900,"Castanho Vieira",1,189,0x0056DDAB,0x0056DDAF,15,100
67285,317899,"Sampaio Gomes",1,189,0x0056DDDE,0x0056DDE2,13,100
67286,317898,"Dias Paulino",1,189,0x0056DE0D,0x0056DE11,12,100
67287,317897,"Duarte de Souza",1,189,0x0056DE3A,0x0056DE3E,15,100
67288,317895,"Ramos Mendes",1,189,0x0056DE6D,0x0056DE71,12,100
67289,321013,"Gomes Xavier",1,189,0x0056DE9A,0x0056DE9E,12,100
67290,317862,"Jardim",1,189,0x0056DEC7,0x0056DECB,6,100
67291,317968,"de Souza Morais",1,189,0x0056DEE8,0x0056DEEC,15,100
67292,317970,"Weiss do Nascimento",1,189,0x0056DF1B,0x0056DF1F,19,100
67293,317973,"Pereira Marques",1,189,0x0056DF56,0x0056DF5A,15,100
67294,317850,"Torraca",1,189,0x0056DF89,0x0056DF8D,7,100
67296,317977,"Ruthes",1,189,0x0056DFE1,0x0056DFE5,6,100
67299,317752,"Franco de Luna",1,189,0x0056E056,0x0056E05A,14,100
67302,317735,"de Jesús Sá Teixeira",1,189,0x0056E0EF,0x0056E0F3,20,100
67304,317702,"Maresi",1,189,0x0056E14F,0x0056E153,6,100
67307,321004,"Cernauskas Nardi",1,189,0x0056E1CE,0x0056E1D2,16,100
67308,321080,"Pinto de Alexandria",1,189,0x0056E203,0x0056E207,19,100
67309,321081,"Chaves Guedes",1,189,0x0056E23E,0x0056E242,13,100
67311,317578,"Wolf",1,189,0x0056E2A2,0x0056E2A6,4,100
67312,317575,"Schüller",1,189,0x0056E2BF,0x0056E2C3,8,100
67315,317512,"Fiel",1,189,0x0056E334,0x0056E338,4,100
67316,317506,"Quaresma",1,189,0x0056E351,0x0056E355,8,100
67317,317497,"Prestes Neto",1,189,0x0056E376,0x0056E37A,12,100
67318,317474,"Pinheiro Sá",1,189,0x0056E3A3,0x0056E3A7,11,100
67319,317440,"Jesús dos Anjos",1,189,0x0056E3CE,0x0056E3D2,15,100
67320,317429,"Miranda da Silva Filho",1,189,0x0056E401,0x0056E405,22,100
67321,321137,"Souza Jorge",1,189,0x0056E442,0x0056E446,11,100
67322,321142,"Holanda Bezerra",1,189,0x0056E46D,0x0056E471,15,100
67323,317386,"Alvim dos Santos",1,189,0x0056E4A0,0x0056E4A4,16,100
67324,317385,"Castro da Costa",1,189,0x0056E4D5,0x0056E4D9,15,100
67325,317383,"da Cruz Vieira",1,189,0x0056E508,0x0056E50C,14,100
67327,321145,"Arcanjo dos Anjos",1,189,0x0056E56E,0x0056E572,17,100
67328,317351,"de Lima Pestana",1,189,0x0056E5A5,0x0056E5A9,15,100
67329,317350,"Faioli",1,189,0x0056E5D8,0x0056E5DC,6,100
67330,317349,"França Tufariello",1,189,0x0056E5F9,0x0056E5FD,17,100
67331,317312,"Honorato Campos",1,189,0x0056E630,0x0056E634,15,100
67333,317308,"de Souza Amorim",1,189,0x0056E690,0x0056E694,15,100
67334,317307,"Rosa de Oliveira",1,189,0x0056E6C3,0x0056E6C7,16,100
67335,317306,"Goebel",1,189,0x0056E6F8,0x0056E6FC,6,100
67336,317305,"Arouca da Silva",1,189,0x0056E719,0x0056E71D,15,100
67337,317304,"Santa Rita da Silva",1,189,0x0056E74C,0x0056E750,19,100
67338,317301,"Dens",1,189,0x0056E787,0x0056E78B,4,100
67339,317300,"Aparecido Moura",1,189,0x0056E7A4,0x0056E7A8,15,100
67342,317291,"do Nascimento Correia",1,189,0x0056E833,0x0056E837,21,100
67344,321147,"Teixeira Oliveira",1,189,0x0056E899,0x0056E89D,17,100
67345,317283,"de Oliveira Krauss",1,189,0x0056E8D0,0x0056E8D4,18,100
67347,317272,"Winck",1,189,0x0056E93E,0x0056E942,5,100
67348,317270,"Obino",1,189,0x0056E95D,0x0056E961,5,100
67349,317268,"Chamusca",1,189,0x0056E97C,0x0056E980,8,100
67355,317240,"Souza Smera",1,189,0x0056EA94,0x0056EA98,11,100
67356,317239,"Rodrigues Coelho",1,189,0x0056EABF,0x0056EAC3,16,100
67357,317238,"Moreira Leahy",1,189,0x0056EAF4,0x0056EAF8,13,100
67358,317237,"Pereira Porto",1,189,0x0056EB23,0x0056EB27,13,100
67361,317231,"Bueno da Costa",1,189,0x0056EBB6,0x0056EBBA,14,100
67363,317229,"Conceição de Jesús Júnior",1,189,0x0056EC24,0x0056EC28,25,100
67364,317228,"da Silva Barreto",1,189,0x0056EC6B,0x0056EC6F,16,100
67365,317226,"Santana Silva",1,189,0x0056ECA0,0x0056ECA4,13,100
67368,317218,"Santos Guimarães",1,189,0x0056ED37,0x0056ED3B,16,100
67369,317217,"Ventura Rodrigues",1,189,0x0056ED6C,0x0056ED70,17,100
67370,317216,"Landgraf das Neves",1,189,0x0056EDA3,0x0056EDA7,18,100
67372,317211,"Maraston",1,189,0x0056EE17,0x0056EE1B,8,100
67374,317206,"Siqueira Fernandes Filho",1,189,0x0056EE5D,0x0056EE61,24,100
67375,321153,"Braga Correia",1,189,0x0056EEA2,0x0056EEA6,13,100
67376,321164,"Costa Santos",1,189,0x0056EED1,0x0056EED5,12,100
67378,317199,"Aguiar Figeuiredo",1,189,0x0056EF3B,0x0056EF3F,17,100
67379,317191,"Natividade Lourenço",1,189,0x0056EF72,0x0056EF76,19,100
67380,317190,"Bioldini",1,189,0x0056EFAD,0x0056EFB1,8,100
67381,317184,"Valduga Camargo",1,189,0x0056EFD2,0x0056EFD6,15,100
67382,321167,"Libóio Vieira",1,189,0x0056F005,0x0056F009,13,100
67383,317160,"Teixeira Magalhães",1,189,0x0056F034,0x0056F038,18,100
67384,321168,"Monteiro de Melo",1,189,0x0056F06D,0x0056F071,16,100
67387,317130,"dos Santos Britto",1,189,0x0056F116,0x0056F11A,17,100
67389,317125,"Divino Frazão",1,189,0x0056F18A,0x0056F18E,13,100
67390,317109,"Messias Dutra",1,189,0x0056F1B9,0x0056F1BD,13,100
67391,317106,"Castro Santos",1,189,0x0056F1E8,0x0056F1EC,13,100
67392,317104,"Alves Nogueira",1,189,0x0056F217,0x0056F21B,14,100
67393,317102,"Aparecido Martins",1,189,0x0056F248,0x0056F24C,17,100
67394,317099,"Victor Santos",1,189,0x0056F27F,0x0056F283,13,100
67395,317097,"Maciel Luna",1,189,0x0056F2AE,0x0056F2B2,11,100
67396,317096,"Eren Benini",1,189,0x0056F2D9,0x0056F2DD,11,100
67397,317095,"Esterche Paredes",1,189,0x0056F304,0x0056F308,16,100
67400,317090,"Oliveira Silva",1,189,0x0056F38D,0x0056F391,14,100
67401,317089,"Gonçalves Cardoso",1,189,0x0056F3BE,0x0056F3C2,17,100
67402,317088,"Santos da Hora Filho",1,189,0x0056F3F5,0x0056F3F9,20,100
67403,317087,"Barros dos Santos",1,189,0x0056F432,0x0056F436,17,100
67404,317085,"Santos Sampaio",1,189,0x0056F469,0x0056F46D,14,100
67406,317082,"da Silva Serezuella",1,189,0x0056F4D7,0x0056F4DB,19,100
67407,317080,"Schutz",1,189,0x0056F512,0x0056F516,6,100
67408,317077,"Zancanaro Busato",1,189,0x0056F533,0x0056F537,16,100
67410,317069,"de Oliveira Regatieri",1,189,0x0056F589,0x0056F58D,21,100
67412,317059,"Valadares de Araújo",1,189,0x0056F5FB,0x0056F5FF,19,100
67415,317052,"Portugal Bueno Ferreira",1,189,0x0056F698,0x0056F69C,23,100
67416,317051,"Moreira de Oliveira",1,189,0x0056F6DB,0x0056F6DF,19,100
67417,317050,"Guimarães Santos do Amaral",1,189,0x0056F716,0x0056F71A,26,100
67419,317044,"de Souza Rodrigues",1,189,0x0056F77E,0x0056F782,18,100
67420,317043,"Sena do Nascimento",1,189,0x0056F7B7,0x0056F7BB,18,100
67421,317042,"de Brida Júnior",1,189,0x0056F7F0,0x0056F7F4,15,100
67422,317041,"Pazzini Prado",1,189,0x0056F823,0x0056F827,13,100
67423,317040,"Cândido Soares",1,189,0x0056F852,0x0056F856,14,100
67424,317034,"Clarindo dos Santos",1,189,0x0056F883,0x0056F887,19,100
67427,318104,"de Oliveira Barbão",1,189,0x0056F902,0x0056F906,18,100
67428,317030,"Gonçalves de Almeida",1,189,0x0056F93B,0x0056F93F,20,100
67431,317022,"Gurgel Soares",1,189,0x0056F9DE,0x0056F9E2,13,100
67432,318107,"Rezende Barbosa da Silva",1,189,0x0056FA0D,0x0056FA11,24,100
67434,317011,"Koslowski da Silva",1,189,0x0056FA85,0x0056FA89,18,100
67435,317007,"Maestre Penha",1,189,0x0056FABE,0x0056FAC2,13,100
67436,317006,"Vieira Gostenski",1,189,0x0056FAED,0x0056FAF1,16,100
67437,321194,"de Deus dos Santos",1,189,0x0056FB22,0x0056FB26,18,100
67440,316995,"Dias Heck",1,189,0x0056FBBF,0x0056FBC3,9,100
67442,316980,"Lima Neto",1,189,0x0056FC1B,0x0056FC1F,9,100
67443,318108,"Dias Ribeiro",1,189,0x0056FC42,0x0056FC46,12,100
67444,316954,"Souza do Rego",1,189,0x0056FC6F,0x0056FC73,13,100
67446,321198,"Marques Costa",1,189,0x0056FCD5,0x0056FCD9,13,100
67448,321201,"dos Reis Souza",1,189,0x0056FD39,0x0056FD3D,14,100
67449,318110,"Macia",1,189,0x0056FD6A,0x0056FD6E,5,100
67453,318112,"Gomes Viana",1,189,0x0056FE0C,0x0056FE10,11,100
67454,318113,"Dias Pereira Filho",1,189,0x0056FE37,0x0056FE3B,18,100
67456,321206,"Ala do Carmo",1,189,0x0056FEA9,0x0056FEAD,12,100
67458,321208,"Lemes da Silva",1,189,0x0056FEF5,0x0056FEF9,14,100
67460,316772,"Schmude",1,189,0x0056FF4D,0x0056FF51,7,100
67461,316770,"Pazutti Figueiredo",1,189,0x0056FF70,0x0056FF74,18,100
67462,316769,"Marques Oliveira",1,189,0x0056FFA9,0x0056FFAD,16,100
67463,316768,"Andrielli Vieira",1,189,0x0056FFDE,0x0056FFE2,16,100
67467,316760,"Silva Delfino",1,189,0x005700A4,0x005700A8,13,100
67468,316759,"Sena Macedo",1,189,0x005700D3,0x005700D7,11,100
67469,316757,"Pitol",1,189,0x005700FE,0x00570102,5,100
67470,321210,"Bento Valeriano de Souza",1,189,0x0057011D,0x00570121,24,100
67471,316754,"da Silva Lira",1,189,0x00570162,0x00570166,13,100
67472,316752,"Campelo Martins",1,189,0x00570191,0x00570195,15,100
67473,316751,"Oliveira Brito",1,189,0x005701C4,0x005701C8,14,100
67474,316750,"dos Santos Bento",1,189,0x005701F5,0x005701F9,16,100
67475,316749,"Ramos Coelho",1,189,0x0057022A,0x0057022E,12,100
67476,316744,"Gomes de Matos",1,189,0x00570257,0x0057025B,14,100
67477,316741,"Almeida Camazzola",1,189,0x00570288,0x0057028C,17,100
67478,316740,"Lopes Cruz",1,189,0x005702BF,0x005702C3,10,100
67479,316737,"Andreolli",1,189,0x005702E8,0x005702EC,9,100
67480,316736,"Zeferino da Silva",1,189,0x0057030F,0x00570313,17,100
67481,316735,"Ratunde de Carvalho",1,189,0x00570346,0x0057034A,19,100
67482,318116,"Ribeiro Barbosa",1,189,0x00570381,0x00570385,15,100
67483,316731,"Privati",1,189,0x005703B4,0x005703B8,7,100
67485,316726,"de Souza Rezende",1,189,0x0057040E,0x00570412,16,100
67486,316724,"Abdo Neto",1,189,0x00570443,0x00570447,9,100
67487,316723,"Ageu Mendes",1,189,0x0057046A,0x0057046E,11,100
67489,316720,"Silva Alves Pereira",1,189,0x005704C6,0x005704CA,19,100
67491,318120,"Aparecido Bispo dos Santos",1,189,0x00570530,0x00570534,26,100
67492,316716,"Martins Silva",1,189,0x00570579,0x0057057D,13,100
67494,321212,"da Silva Quixaba",1,189,0x005705CD,0x005705D1,16,100
67496,316712,"Patriarca Domingues",1,189,0x0057062D,0x00570631,19,100
67497,316710,"Henriques da Silva",1,189,0x00570668,0x0057066C,18,100
67498,316709,"Lopes de Oliveira Pinto",1,189,0x005706A1,0x005706A5,23,100
67499,321214,"Gomes das Neves",1,189,0x005706E4,0x005706E8,15,100
67500,321215,"Valeriano dos Santos",1,189,0x00570717,0x0057071B,20,100
67501,316698,"Zancaner Ueta",1,189,0x00570754,0x00570758,13,100
67502,316697,"de Campos Gomes",1,189,0x00570783,0x00570787,15,100
67503,316695,"Tagiarolli Pereira da Silva",1,189,0x005707B6,0x005707BA,27,100
67504,318121,"Siqueira Lourenço",1,189,0x00570801,0x00570805,17,100
67505,321217,"Zuim da Silva",1,189,0x00570838,0x0057083C,13,100
67506,316690,"dos Santos Vicentini",1,189,0x00570867,0x0057086B,20,100
67507,316689,"Feres Moreira",1,189,0x005708A4,0x005708A8,13,100
67508,316688,"Santiago de Freitas",1,189,0x005708D3,0x005708D7,19,100
67509,316687,"Andrade Lopes",1,189,0x0057090E,0x00570912,13,100
67510,316685,"Barbosa de França",1,189,0x0057093D,0x00570941,17,100
67512,316681,"Corrêa Campos",1,189,0x0057099D,0x005709A1,13,100
67513,316679,"Lastrucci de Campos",1,189,0x005709CC,0x005709D0,19,100
67514,8626705,"Dumas",1,189,0x00570A07,0x00570A0B,5,100
67515,316678,"da Silva Francisco",1,189,0x00570A26,0x00570A2A,18,100
67516,316675,"Dias Pereira",1,189,0x00570A5F,0x00570A63,12,100
67517,321224,"Miranda Filho",1,189,0x00570A8C,0x00570A90,13,100
67519,316666,"Mirando",1,189,0x00570AE8,0x00570AEC,7,100
67521,316661,"Fontone",1,189,0x00570B28,0x00570B2C,7,100
67522,316660,"Petrolli Bueno",1,189,0x00570B4B,0x00570B4F,14,100
67525,321228,"Canedo",1,189,0x00570BE0,0x00570BE4,6,100
67527,316632,"de Lucena",1,189,0x00570C32,0x00570C36,9,100
67528,316631,"Rosa Vieira",1,189,0x00570C59,0x00570C5D,11,100
67531,316624,"Gomes Antequeira",1,189,0x00570CE6,0x00570CEA,16,100
67534,316620,"da Silva Souza Batista",1,189,0x00570D71,0x00570D75,22,100
67538,316610,"de Jesus Monteiro",1,189,0x00570E25,0x00570E29,17,100
67539,316608,"Cazarine Constantino",1,189,0x00570E5C,0x00570E60,20,100
67542,316604,"Barbosa Santos Júnior",1,189,0x00570EEF,0x00570EF3,21,100
67543,316603,"dos Santos Cláudio",1,189,0x00570F2E,0x00570F32,18,100
67544,316602,"Lopes César Leal",1,189,0x00570F67,0x00570F6B,16,100
67545,316601,"Silva Zivieri",1,189,0x00570F9C,0x00570FA0,13,100
67549,316594,"Sartori Costa",1,189,0x0057105C,0x00571060,13,100
67550,316593,"Miona Varela Costa",1,189,0x0057108B,0x0057108F,18,100
67551,321235,"Fernandes Amorim",1,189,0x005710C4,0x005710C8,16,100
67552,316587,"Barnosa Fortunato",1,189,0x005710F9,0x005710FD,17,100
67557,316577,"Renner Santana",1,189,0x005711DA,0x005711DE,14,100
67558,316574,"de Andrade Amaral",1,189,0x0057120B,0x0057120F,17,100
67560,316572,"da Silva Luciano",1,189,0x0057126D,0x00571271,16,100
67562,316569,"Carvalho Nogueira",1,189,0x005712D7,0x005712DB,17,100
67563,316567,"Pollo Barion",1,189,0x0057130E,0x00571312,12,100
67564,316566,"Santos dos Espírito Santo",1,189,0x0057133B,0x0057133F,25,100
67565,316563,"Freitas Cardoso Rodrigues",1,189,0x00571382,0x00571386,25,100
67567,316560,"Lasmar",1,189,0x005713F0,0x005713F4,6,100
67568,316556,"Matiel",1,189,0x00571411,0x00571415,6,100
67570,316552,"Dias de Paula",1,189,0x0057145B,0x0057145F,13,100
67575,316534,"Chagas Ferreira",1,189,0x0057154A,0x0057154E,15,100
67576,316532,"Bispo Pereira Borges",1,189,0x0057157D,0x00571581,20,100
67577,316530,"Moreno dos Santos",1,189,0x005715BA,0x005715BE,17,100
67578,316529,"Rodrigues Scuccuglia",1,189,0x005715F1,0x005715F5,20,100
67579,316527,"Borges Teixeira",1,189,0x0057162E,0x00571632,15,100
67580,316526,"de Paula Limeira",1,189,0x00571661,0x00571665,16,100
67582,316518,"Patrocínio Rosa",1,189,0x005716B5,0x005716B9,15,100
67583,316516,"Portugal Gouveia",1,189,0x005716E8,0x005716EC,16,100
67584,316514,"Sasaki",1,189,0x0057171D,0x00571721,6,100
67585,316511,"Medeiros de Almeida",1,189,0x0057173E,0x00571742,19,100
67586,316509,"Avante de Luzia",1,189,0x00571779,0x0057177D,15,100
67587,316508,"Versolato Júnior",1,189,0x005717AC,0x005717B0,16,100
67589,316506,"Adurens",1,189,0x00571828,0x0057182C,7,100
67590,316505,"Costa Saraiva",1,189,0x0057184B,0x0057184F,13,100
67591,316504,"Silveira Zaragosa",1,189,0x0057187A,0x0057187E,17,100
67592,316503,"Giacomace Souza Freitas",1,189,0x005718B1,0x005718B5,23,100
67593,316502,"Pinto Celino",1,189,0x005718F4,0x005718F8,12,100
67594,316497,"de Morais Conceição",1,189,0x00571921,0x00571925,19,100
67595,316464,"Marques do Nascimento",1,189,0x0057195C,0x00571960,21,100
67596,316456,"Giufette Lucas Bonalumi",1,189,0x0057199B,0x0057199F,23,100
67598,316451,"Fiel da Silva",1,189,0x00571A13,0x00571A17,13,100
67599,316446,"Stocco",1,189,0x00571A42,0x00571A46,6,100
67600,321267,"da Silva Novaes",1,189,0x00571A63,0x00571A67,15,100
67601,316438,"Costa Brum",1,189,0x00571A96,0x00571A9A,10,100
67603,316421,"Júnior Izepon",1,189,0x00571AEC,0x00571AF0,13,100
67604,316420,"Beck Lima",1,189,0x00571B1B,0x00571B1F,9,100
67605,316419,"Saroli",1,189,0x00571B42,0x00571B46,6,100
67606,316416,"Gomes Bispo",1,189,0x00571B63,0x00571B67,11,100
67607,316415,"Júnior de Souza Almeida",1,189,0x00571B8E,0x00571B92,23,100
67608,316414,"Noleto da Silva",1,189,0x00571BD1,0x00571BD5,15,100
67609,316413,"Bueno dos Santos",1,189,0x00571C04,0x00571C08,16,100
67610,316412,"Passos Ávalos",1,189,0x00571C39,0x00571C3D,13,100
67611,316410,"Bracalli",1,189,0x00571C68,0x00571C6C,8,100
67612,318127,"Carvalho Salomão",1,189,0x00571C8D,0x00571C91,16,100
67613,318129,"Martins Canuto",1,189,0x00571CC2,0x00571CC6,14,100
67614,316400,"Medeiros Silva",1,189,0x00571CF3,0x00571CF7,14,100
67618,316386,"Aparecido Moreira",1,189,0x00571DC3,0x00571DC7,17,100
67620,316383,"Bordini",1,189,0x00571E21,0x00571E25,7,100
67621,316381,"Carvalho Garcia",1,189,0x00571E44,0x00571E48,15,100
67622,321269,"Lima Cavalcante",1,189,0x00571E77,0x00571E7B,15,100
67623,316378,"Paschoaletto Júnior",1,189,0x00571EAA,0x00571EAE,19,100
67625,316376,"Zanon Pagotti",1,189,0x00571F10,0x00571F14,13,100
67626,316375,"Germinari Santamarina",1,189,0x00571F3F,0x00571F43,21,100
67627,316374,"Cavalcante Manucci",1,189,0x00571F7E,0x00571F82,18,100
67628,316373,"Gomes Rezende",1,189,0x00571FB7,0x00571FBB,13,100
67629,316371,"Polli Batista",1,189,0x00571FE6,0x00571FEA,13,100
67630,318132,"Scarpino",1,189,0x00572015,0x00572019,8,100
67631,316369,"Antunes Estevam",1,189,0x0057203A,0x0057203E,15,100
67633,316357,"Dias Lourenço",1,189,0x005720AC,0x005720B0,13,100
67634,318133,"Maldaner",1,189,0x005720DB,0x005720DF,8,100
67635,316348,"Amaral Dias",1,189,0x00572100,0x00572104,11,100
67636,316346,"Hoffmann",1,189,0x0057212B,0x0057212F,8,100
67637,316345,"Schmidt Silveira",1,189,0x00572150,0x00572154,16,100
67638,316339,"de Souza Machado",1,189,0x00572185,0x00572189,16,100
67639,316338,"Leal dos Santos Júnior",1,189,0x005721BA,0x005721BE,22,100
67640,316332,"Lammel",1,189,0x005721FB,0x005721FF,6,100
67642,316327,"Bonan",1,189,0x0057224B,0x0057224F,5,100
67643,316326,"França Almeida",1,189,0x0057226A,0x0057226E,14,100
67644,316325,"Souza Carneiro",1,189,0x0057229B,0x0057229F,14,100
67645,316322,"Lazzaretti de Araújo",1,189,0x005722CC,0x005722D0,20,100
67646,685613,"Scapin",1,189,0x00572309,0x0057230D,6,100
67647,318162,"Marasca",1,189,0x0057232A,0x0057232E,7,100
67648,318166,"da Cunha Júnior",1,189,0x0057234D,0x00572351,15,100
67651,316285,"Ribeiro de Faria",1,189,0x005723D2,0x005723D6,16,100
67652,316284,"Rocha Calazans",1,189,0x00572407,0x0057240B,14,100
67653,318168,"Procópio Cardoso",1,189,0x00572438,0x0057243C,16,100
67654,316280,"Borges Vieira",1,189,0x0057246D,0x00572471,13,100
67655,316279,"Neto Costa Reis",1,189,0x0057249C,0x005724A0,15,100
67657,316276,"Matos de Castro",1,189,0x0057250A,0x0057250E,15,100
67659,316274,"Correia Lima Borges Júnior",1,189,0x0057256E,0x00572572,26,100
67660,316272,"Nascimento Macedo",1,189,0x005725B7,0x005725BB,17,100
67661,316271,"Lopes Feitosa",1,189,0x005725EE,0x005725F2,13,100
67663,316268,"Satillo",1,189,0x0057265A,0x0057265E,7,100
67665,318169,"Pereira Mutt",1,189,0x005726BA,0x005726BE,12,100
67666,316261,"de Brito Filho",1,189,0x005726E7,0x005726EB,14,100
67667,316260,"Ribeiro de Moraes",1,189,0x00572718,0x0057271C,17,100
67669,316253,"Macedo Lima de Oliveira",1,189,0x00572792,0x00572796,23,100
67671,316250,"Rodrigues Almeida",1,189,0x00572812,0x00572816,17,100
67672,316249,"de Lima Siqueira",1,189,0x00572849,0x0057284D,16,100
67673,316248,"Martins de Amorim",1,189,0x0057287E,0x00572882,17,100
67674,318171,"Nascimento Bastos",1,189,0x005728B5,0x005728B9,17,100
67676,316243,"de Souza Tomé",1,189,0x0057292D,0x00572931,13,100
67678,316239,"dos Santos da Conceição",1,189,0x00572995,0x00572999,23,100
67680,316237,"Alves Gomides",1,189,0x00572A1D,0x00572A21,13,100
67682,316235,"Patavino Saad",1,189,0x00572A7B,0x00572A7F,13,100
67683,316232,"Corrêa Chadud",1,189,0x00572AAA,0x00572AAE,13,100
67686,316224,"Dacchal",1,189,0x00572B37,0x00572B3B,7,100
67688,316214,"Marchiori Lavagnolli",1,189,0x00572B91,0x00572B95,20,100
67690,318179,"Zabotto",1,189,0x00572BFD,0x00572C01,7,100
67692,316199,"Dallegrave",1,189,0x00572C5B,0x00572C5F,10,100
67693,316198,"Chagas Carvalho Neto",1,189,0x00572C84,0x00572C88,20,100
67695,316194,"Freitas Pedroso",1,189,0x00572CEE,0x00572CF2,15,100
67696,316189,"Schacht",1,189,0x00572D21,0x00572D25,7,100
67697,316188,"Antunes Souza",1,189,0x00572D44,0x00572D48,13,100
67698,316185,"Martins Galvão",1,189,0x00572D73,0x00572D77,14,100
67699,316183,"Aparecido Azevedo",1,189,0x00572DA4,0x00572DA8,17,100
67700,316181,"Guimarães Santos",1,189,0x00572DDB,0x00572DDF,16,100
67703,318180,"Aparecido Elisbão",1,189,0x00572E6A,0x00572E6E,17,100
67704,318182,"Gomes Soares",1,189,0x00572EA1,0x00572EA5,12,100
67706,318186,"Rolim Dellanava",1,189,0x00572EFF,0x00572F03,15,100
67708,316136,"Gonçalves Spadacio",1,189,0x00572F69,0x00572F6D,18,100
67709,316131,"Santo Rosa",1,189,0x00572FA2,0x00572FA6,10,100
67711,316120,"Torres Cardoso",1,189,0x00572FEA,0x00572FEE,14,100
67712,316119,"Costa Carvalho",1,189,0x0057301B,0x0057301F,14,100
67713,316118,"Cabral dos Santos",1,189,0x0057304C,0x00573050,17,100
67715,316116,"Neves Lima",1,189,0x005730AE,0x005730B2,10,100
67716,316110,"Lins dos Santos",1,189,0x005730D7,0x005730DB,15,100
67717,316109,"Almeida Cruz",1,189,0x0057310A,0x0057310E,12,100
67718,316106,"Falcão Pereira",1,189,0x00573137,0x0057313B,14,100
67719,316102,"de Oliveira Franco",1,189,0x00573168,0x0057316C,18,100
67722,316095,"Cordeiro Valença Neto",1,189,0x00573205,0x00573209,21,100
67728,316082,"Carvalho Lima",1,189,0x0057334D,0x00573351,13,100
67729,316081,"Santana de Souza",1,189,0x0057337C,0x00573380,16,100
67730,316077,"Medeiros de Araújo",1,189,0x005733B1,0x005733B5,18,100
67731,316076,"Ferreira Manttuy",1,189,0x005733EA,0x005733EE,16,100
67732,316072,"Moura de Freitas",1,189,0x0057341F,0x00573423,16,100
67734,316070,"Gouveia Morais",1,189,0x00573485,0x00573489,14,100
67735,316069,"Antunes Sampaio",1,189,0x005734B6,0x005734BA,15,100
67737,707715,"Nazário de Lima",1,189,0x00573520,0x00573524,15,100
67738,318193,"Chaves Rodrigues",1,189,0x00573553,0x00573557,16,100
67739,318198,"Afonso da Silva",1,189,0x00573588,0x0057358C,15,100
67740,318200,"Areias",1,189,0x005735BB,0x005735BF,6,100
67741,316044,"Ferreira Matos",1,189,0x005735DC,0x005735E0,14,100
67742,316043,"Sartório",1,189,0x0057360D,0x00573611,8,100
67743,316042,"Fernandes Carrera",1,189,0x00573632,0x00573636,17,100
67745,316038,"Souza Cruz",1,189,0x00573698,0x0057369C,10,100
67746,316037,"Kwenn",1,189,0x005736C1,0x005736C5,5,100
67748,318201,"Duarte de Mayo",1,189,0x0057371B,0x0057371F,14,100
67749,318202,"Macena",1,189,0x0057374C,0x00573750,6,100
67750,316012,"Fraga Delgado",1,189,0x0057376D,0x00573771,13,100
67751,316010,"Lauff Teixeira de Souza",1,189,0x0057379C,0x005737A0,23,100
67753,316007,"Heves da Silva",1,189,0x00573810,0x00573814,14,100
67754,316005,"Silva Novaes Matos",1,189,0x00573841,0x00573845,18,100
67756,316002,"de Medeiros Alves",1,189,0x005738A7,0x005738AB,17,100
67760,315998,"Silvestre Teixeira dos Santos",1,189,0x00573989,0x0057398D,29,100
67761,315997,"Correia Irineu",1,189,0x005739D8,0x005739DC,14,100
67764,315992,"Azevedo de Oliveira",1,189,0x00573A55,0x00573A59,19,100
67765,318204,"Lopes Alcântara",1,189,0x00573A90,0x00573A94,15,100
67766,315987,"Ferreira Aragão dos Santos",1,189,0x00573AC3,0x00573AC7,26,100
67767,315986,"Faria Fernandes",1,189,0x00573B0C,0x00573B10,15,100
67768,315985,"Bélico",1,189,0x00573B3F,0x00573B43,6,100
67770,315980,"Tavares de Pinho",1,189,0x00573B8F,0x00573B93,16,100
67771,315979,"Turton",1,189,0x00573BC4,0x00573BC8,6,100
67772,315978,"Fernandes de Araújo",1,189,0x00573BE5,0x00573BE9,19,100
67774,315975,"Melo Cavalcante",1,189,0x00573C51,0x00573C55,15,100
67775,315974,"Batista Monteiro",1,189,0x00573C84,0x00573C88,16,100
67776,315973,"Gomes Couto",1,189,0x00573CB9,0x00573CBD,11,100
67778,315969,"Rodrigues de Almeida",1,189,0x00573D15,0x00573D19,20,100
67779,315968,"da Silveira Távora Neto",1,189,0x00573D52,0x00573D56,23,100
67780,315966,"Marques Nunes",1,189,0x00573D95,0x00573D99,13,100
67783,315962,"Ferreira Orlando",1,189,0x00573E0A,0x00573E0E,16,100
67784,315961,"Sella de Souza",1,189,0x00573E3F,0x00573E43,14,100
67786,315957,"Guimarães Souza",1,189,0x00573E9D,0x00573EA1,15,100
67787,315956,"Glória de Oliveira",1,189,0x00573ED0,0x00573ED4,18,100
67788,315955,"Fernandes da Silva Souza",1,189,0x00573F09,0x00573F0D,24,100
67789,315954,"Ferreira de Freitas",1,189,0x00573F4E,0x00573F52,19,100
67790,8629586,"Ventura Filho",1,189,0x00573F89,0x00573F8D,13,100
67793,315948,"Pascoal Pugliese",1,189,0x0057400A,0x0057400E,16,100
67794,315947,"Nienow",1,189,0x0057403F,0x00574043,6,100
67795,315946,"Toshifumi Kimura",1,189,0x00574060,0x00574064,16,100
67796,315943,"da Conceição Mendonça",1,189,0x00574095,0x00574099,21,100
67798,315938,"Melo de Oliveira Júnior",1,189,0x00574107,0x0057410B,23,100
67799,315937,"Plein Filho",1,189,0x0057414A,0x0057414E,11,100
67800,318206,"Negreiro Souza",1,189,0x00574175,0x00574179,14,100
67801,318207,"de Andrade Prates",1,189,0x005741A6,0x005741AA,17,100
67802,318210,"Gonçalves Jesuino",1,189,0x005741DD,0x005741E1,17,100
67803,315887,"Granjeiro de Oliveira",1,189,0x00574214,0x00574218,21,100
67805,315884,"Geisel",1,189,0x00574286,0x0057428A,6,100
67807,315880,"Gonçalves Silva Júnior",1,189,0x005742D8,0x005742DC,22,100
67808,315879,"Damasceno Pereira",1,189,0x00574319,0x0057431D,17,100
67810,315876,"Cardoso Filho",1,189,0x0057437F,0x00574383,13,100
67811,315875,"Fossa",1,189,0x005743AE,0x005743B2,5,100
67813,315872,"Gionedes",1,189,0x005743EE,0x005743F2,8,100
67814,315869,"Fávaro",1,189,0x00574413,0x00574417,6,100
67815,315867,"Tesser",1,189,0x00574434,0x00574438,6,100
67816,315865,"Correia Claro",1,189,0x00574455,0x00574459,13,100
67817,315864,"Batista Santana",1,189,0x00574484,0x00574488,15,100
67818,315863,"Jacinto Soler",1,189,0x005744B7,0x005744BB,13,100
67819,315862,"Vendrechovski Júnior",1,189,0x005744E6,0x005744EA,20,100
67822,318212,"Soares Brandão",1,189,0x0057458D,0x00574591,14,100
67823,315857,"Ramos da Silva Hora",1,189,0x005745BE,0x005745C2,19,100
67825,315849,"de Souza Cavalcante",1,189,0x0057462E,0x00574632,19,100
67828,315845,"Cardoso Alves",1,189,0x005746D1,0x005746D5,13,100
67829,315843,"Souza Portela Rosa",1,189,0x00574700,0x00574704,18,100
67830,315841,"Meyer",1,189,0x00574739,0x0057473D,5,100
67832,315837,"Camargo Santiago",1,189,0x0057477B,0x0057477F,16,100
67833,315834,"da Silva Garcia",1,189,0x005747B0,0x005747B4,15,100
67834,315830,"Andrade Diniz",1,189,0x005747E3,0x005747E7,13,100
67835,315827,"Rocha dos Anjos",1,189,0x00574812,0x00574816,15,100
67836,315823,"Moura da Cunha",1,189,0x00574845,0x00574849,14,100
67839,315816,"Alves Reis",1,189,0x005748DC,0x005748E0,10,100
67840,315815,"da Silva Jacques",1,189,0x00574905,0x00574909,16,100
67841,315811,"Padovani Celin",1,189,0x0057493A,0x0057493E,14,100
67842,315809,"Bergantin",1,189,0x0057496B,0x0057496F,9,100
67844,315806,"Amaral Mendes",1,189,0x005749C9,0x005749CD,13,100
67846,315802,"Azevedo Ferreira",1,189,0x00574A1B,0x00574A1F,16,100
67848,315800,"Fernandes Malta",1,189,0x00574A85,0x00574A89,15,100
67849,315799,"Rangel Vieira",1,189,0x00574AB8,0x00574ABC,13,100
67851,315752,"Coelho de Azevedo",1,189,0x00574B22,0x00574B26,17,100
67852,318249,"Azevedo Cruz",1,189,0x00574B59,0x00574B5D,12,100
67853,318252,"Salvato Júnior",1,189,0x00574B86,0x00574B8A,14,100
67854,318257,"Quadros de Lima",1,189,0x00574BB7,0x00574BBB,15,100
67855,315677,"da Silva e Silva",1,189,0x00574BEA,0x00574BEE,16,100
67856,315672,"Marques Macedo",1,189,0x00574C1F,0x00574C23,14,100
67857,315670,"Batista Rodrigues",1,189,0x00574C50,0x00574C54,17,100
67858,726584,"Spinassé Camilato",1,189,0x00574C87,0x00574C8B,17,100
67860,726649,"Aniceto da Silva",1,189,0x00574CEF,0x00574CF3,16,100
67863,315658,"Wanzeler",1,189,0x00574D7A,0x00574D7E,8,100
67864,315653,"do Espírito Santo",1,189,0x00574D9F,0x00574DA3,17,100
67866,315641,"Mascarenhas de Aguiar",1,189,0x00574E07,0x00574E0B,21,100
67867,726773,"Peres Ulibarri",1,189,0x00574E46,0x00574E4A,14,100
67868,315638,"Ferreira Braga",1,189,0x00574E77,0x00574E7B,14,100
67869,315637,"Lima Freitas",1,189,0x00574EA8,0x00574EAC,12,100
67870,315636,"Lagória",1,189,0x00574ED5,0x00574ED9,7,100
67871,315633,"Moraes Pereira",1,189,0x00574EF8,0x00574EFC,14,100
67872,318258,"Bonates",1,189,0x00574F29,0x00574F2D,7,100
67874,315596,"Piedade Santana",1,189,0x00574F71,0x00574F75,15,100
67875,315593,"Oiticica",1,189,0x00574FA4,0x00574FA8,8,100
67876,315592,"Otávio",1,189,0x00574FC9,0x00574FCD,6,100
67877,315589,"Barbosa da Hora",1,189,0x00574FEA,0x00574FEE,15,100
67878,315587,"Batista de França",1,189,0x0057501D,0x00575021,17,100
67879,315585,"Andrade Rissutt",1,189,0x00575054,0x00575058,15,100
67882,315569,"Santos Bacelar",1,189,0x005750E7,0x005750EB,14,100
67883,315568,"Macedo Novaes",1,189,0x00575118,0x0057511C,13,100
67884,315567,"Freitas Pinto Filho",1,189,0x00575147,0x0057514B,19,100
67885,315564,"de Freitas Santos",1,189,0x00575182,0x00575186,17,100
67886,315563,"dos Santos Sobrinho",1,189,0x005751B9,0x005751BD,19,100
67887,315560,"da Paixão Ramos Nicácio",1,189,0x005751F4,0x005751F8,23,100
67889,315546,"Maciel Pires",1,189,0x00575276,0x0057527A,12,100
67890,315540,"Coury Nogueira",1,189,0x005752A3,0x005752A7,14,100
67891,318307,"Amaral de Oliveira",1,189,0x005752D4,0x005752D8,18,100
67892,315536,"de Almeida da Silva",1,189,0x0057530D,0x00575311,19,100
67893,318311,"Fagundes da Silva",1,189,0x00575348,0x0057534C,17,100
67894,315522,"Romaneli Silva",1,189,0x0057537F,0x00575383,14,100
67895,315520,"dos Santos Freire",1,189,0x005753B0,0x005753B4,17,100
67896,318315,"Gomes de Abreu",1,189,0x005753E7,0x005753EB,14,100
67897,315518,"Silva da Conceição",1,189,0x00575418,0x0057541C,18,100
67898,315514,"Lopes Nobre",1,189,0x00575451,0x00575455,11,100
67899,315513,"Calegari Mazella",1,189,0x0057547C,0x00575480,16,100
67900,315503,"Rufino da Silva",1,189,0x005754B1,0x005754B5,15,100
67903,727152,"de Assis Santos Prado",1,189,0x00575546,0x0057554A,21,100
67904,315488,"Martins Cardoso",1,189,0x00575585,0x00575589,15,100
67905,315483,"Lioncio da Silva",1,189,0x005755B8,0x005755BC,16,100
67907,315479,"Penchel de Siqueira",1,189,0x0057561A,0x0057561E,19,100
67909,315475,"Antunes da Silva",1,189,0x00575696,0x0057569A,16,100
67910,315474,"Pereira Moreira",1,189,0x005756CB,0x005756CF,15,100
67911,315465,"de Jesús Bernardo",1,189,0x005756FE,0x00575702,17,100
67914,315456,"Almeida Neto",1,189,0x0057579B,0x0057579F,12,100
67917,315430,"Serrano Campos",1,189,0x00575830,0x00575834,14,100
67919,315428,"Aparício dos Santos",1,189,0x00575892,0x00575896,19,100
67920,315421,"Pantoja Carvalho",1,189,0x005758CD,0x005758D1,16,100
67923,315384,"Rodrigues Macedo",1,189,0x0057596E,0x00575972,16,100
67924,315382,"da Silva Zaltron",1,189,0x005759A3,0x005759A7,16,100
67925,315377,"Almeida Triunfo",1,189,0x005759D8,0x005759DC,15,100
67926,315372,"Souza Soares",1,189,0x00575A0B,0x00575A0F,12,100
67927,315371,"Bizarro",1,189,0x00575A38,0x00575A3C,7,100
67928,315368,"de Faria Ribeiro",1,189,0x00575A5B,0x00575A5F,16,100
67929,315366,"Sales Filho",1,189,0x00575A90,0x00575A94,11,100
67930,315363,"Monteiro Ramos",1,189,0x00575ABB,0x00575ABF,14,100
67931,315344,"de Souza Eugênio",1,189,0x00575AEC,0x00575AF0,16,100
67932,315341,"de Matos Pereira",1,189,0x00575B21,0x00575B25,16,100
67933,315339,"Maculan Vicentini",1,189,0x00575B56,0x00575B5A,17,100
67934,315338,"Thielle",1,189,0x00575B8D,0x00575B91,7,100
67935,315336,"França Oliveira e Souza",1,189,0x00575BB0,0x00575BB4,23,100
67940,315324,"de Souza Pinto Júnior",1,189,0x00575CC5,0x00575CC9,21,100
67941,315323,"Cruz Pedroza",1,189,0x00575D04,0x00575D08,12,100
67942,315321,"Garbin Walker",1,189,0x00575D31,0x00575D35,13,100
67943,315317,"Barbosa Pinto",1,189,0x00575D60,0x00575D64,13,100
67944,315288,"Lopes de Luna",1,189,0x00575D8F,0x00575D93,13,100
67945,315287,"Tomás Ribeiro",1,189,0x00575DBE,0x00575DC2,13,100
67946,315281,"Perozo de Oliveira",1,189,0x00575DED,0x00575DF1,18,100
67947,315278,"Santiago de Andrade",1,189,0x00575E26,0x00575E2A,19,100
67948,315277,"de Abreu Machado",1,189,0x00575E61,0x00575E65,16,100
67950,315275,"Machado Suzano",1,189,0x00575ECF,0x00575ED3,14,100
67951,315273,"de Oliveira Gonçalves",1,189,0x00575F00,0x00575F04,21,100
67952,315272,"de Albuquerque Corrêa",1,189,0x00575F3F,0x00575F43,21,100
67953,315271,"de Oliveira Monteiro",1,189,0x00575F7E,0x00575F82,20,100
67954,315270,"Moura Bastos",1,189,0x00575FBB,0x00575FBF,12,100
67955,315268,"Tepedino Pereira",1,189,0x00575FE8,0x00575FEC,16,100
67956,315267,"Costa da Silva Gomes",1,189,0x0057601D,0x00576021,20,100
67957,315264,"de Araújo Nascimento",1,189,0x0057605A,0x0057605E,20,100
67958,315263,"Tavares Carvalho Abel",1,189,0x00576097,0x0057609B,21,100
67959,315260,"dos Santos de Paula Marçal",1,189,0x005760D6,0x005760DA,26,100
67960,315259,"Silva Francisco",1,189,0x0057611F,0x00576123,15,100
67961,315253,"Corrêa da Rocha Pitta",1,189,0x00576152,0x00576156,21,100
67962,315249,"de Almeida Bastos",1,189,0x00576191,0x00576195,17,100
67963,315246,"Aguiar dos Santos",1,189,0x005761C8,0x005761CC,17,100
67964,315244,"Vieira Antão",1,189,0x005761FF,0x00576203,12,100
67965,315242,"Tavares de Lima",1,189,0x0057622C,0x00576230,15,100
67966,315241,"Carvalho Rangel",1,189,0x0057625F,0x00576263,15,100
67969,315232,"de Souza Rita",1,189,0x005762F4,0x005762F8,13,100
67970,315226,"Miranda Marinho",1,189,0x00576323,0x00576327,15,100
67971,315224,"Alves Batistela",1,189,0x00576356,0x0057635A,15,100
67972,728195,"Alves Santa Clara",1,189,0x00576389,0x0057638D,17,100
67975,315218,"de Oliveira Ferreira",1,189,0x00576424,0x00576428,20,100
67976,315217,"Gomes de Azevedo",1,189,0x00576461,0x00576465,16,100
67977,315216,"Tavares Machado",1,189,0x00576496,0x0057649A,15,100
67978,315212,"Teixeira dos Reis",1,189,0x005764C9,0x005764CD,17,100
67979,315211,"de Sá Soares",1,189,0x00576500,0x00576504,12,100
67980,315210,"Cruz Santos Campos",1,189,0x0057652D,0x00576531,18,100
67981,315204,"Larcher Júnior",1,189,0x00576566,0x0057656A,14,100
67984,315189,"de Meriji Gouveia",1,189,0x005765EF,0x005765F3,17,100
67986,315180,"Lomba do Nascimento",1,189,0x0057665F,0x00576663,19,100
67987,315178,"de Castro Teixeira",1,189,0x0057669A,0x0057669E,18,100
67990,315173,"Passos Moura da Silva",1,189,0x00576743,0x00576747,21,100
67991,315171,"Cabral Santos",1,189,0x00576782,0x00576786,13,100
67992,315167,"Morais Amorim",1,189,0x005767B1,0x005767B5,13,100
67994,315161,"da Silva Carvalho Júnior",1,189,0x0057681B,0x0057681F,24,100
67995,315157,"Duarte Barbirato",1,189,0x00576860,0x00576864,16,100
67998,315152,"Carvalho Borges",1,189,0x005768FF,0x00576903,15,100
67999,315150,"Claudino dos Santos",1,189,0x00576932,0x00576936,19,100
68000,315149,"Soares Dias",1,189,0x0057696D,0x00576971,11,100
68001,315145,"Marques Pinto",1,189,0x00576998,0x0057699C,13,100
68002,315143,"Freitas Taddeucci",1,189,0x005769C7,0x005769CB,17,100
68003,315142,"Moura Martins",1,189,0x005769FE,0x00576A02,13,100
68004,315140,"Carvalho de Silveira",1,189,0x00576A2D,0x00576A31,20,100
68006,315134,"da Costa Martins",1,189,0x00576AA1,0x00576AA5,16,100
68008,315131,"Garcia Júnior",1,189,0x00576B03,0x00576B07,13,100
68010,315129,"Gaspar Ribeiro",1,189,0x00576B67,0x00576B6B,14,100
68012,315124,"Marins da Silva",1,189,0x00576BCF,0x00576BD3,15,100
68013,315123,"Maltner Nhernberg",1,189,0x00576C02,0x00576C06,17,100
68014,315122,"Braga de Oliveira",1,189,0x00576C39,0x00576C3D,17,100
68015,315121,"Horato Carneiro",1,189,0x00576C70,0x00576C74,15,100
68017,315118,"Simões de Oliveira",1,189,0x00576CD6,0x00576CDA,18,100
68018,728288,"Trinidade de Oliveira",1,189,0x00576D0F,0x00576D13,21,100
68020,315114,"Tenório da Silva",1,189,0x00576D83,0x00576D87,16,100
68021,315109,"Melo de Carvalho",1,189,0x00576DB8,0x00576DBC,16,100
68022,315106,"da Silva Salvino",1,189,0x00576DED,0x00576DF1,16,100
68023,315103,"Silva Cabral",1,189,0x00576E22,0x00576E26,12,100
68027,315096,"Rodrigues de Moura Júnior",1,189,0x00576EE4,0x00576EE8,25,100
68028,315094,"Salgado Costa Menezes",1,189,0x00576F2B,0x00576F2F,21,100
68029,315086,"Cruz Barreiro",1,189,0x00576F6A,0x00576F6E,13,100
68030,315085,"Camello",1,189,0x00576F99,0x00576F9D,7,100
68032,315082,"Pereira de Viveiroa",1,189,0x00576FF7,0x00576FFB,19,100
68033,315080,"Pinceli",1,189,0x00577032,0x00577036,7,100
68034,315079,"Azevedo Rodrigues Marques",1,189,0x00577055,0x00577059,25,100
68036,315077,"Rodger Back",1,189,0x005770D3,0x005770D7,11,100
68037,315075,"Rosa Ferreira",1,189,0x005770FE,0x00577102,13,100
68038,315074,"Cordeiro Ferreira",1,189,0x0057712D,0x00577131,17,100
68039,315072,"Grehs",1,189,0x00577164,0x00577168,5,100
68040,315069,"Dantas Bispo",1,189,0x00577183,0x00577187,12,100
68044,315064,"Ferreira Francisco",1,189,0x00577249,0x0057724D,18,100
68045,312924,"de Jesús Assis",1,189,0x00577282,0x00577286,14,100
68047,312555,"Betti Rosa",1,189,0x005772D2,0x005772D6,10,100
68048,312523,"Caneda do Nascimento",1,189,0x005772FB,0x005772FF,20,100
68049,312490,"Santana Loureiro",1,189,0x00577338,0x0057733C,16,100
68051,312456,"Conceição Santos",1,189,0x0057739E,0x005773A2,16,100
68052,312421,"Pelentier",1,189,0x005773D3,0x005773D7,9,100
68053,312409,"Vicente Horst",1,189,0x005773FA,0x005773FE,13,100
68054,312407,"de Almeida Gomes",1,189,0x00577429,0x0057742D,16,100
68055,312291,"Pereira Agualusa",1,189,0x0057745E,0x00577462,16,100
68056,312288,"Pereira Marins",1,189,0x00577493,0x00577497,14,100
68057,729008,"Batista de Jesus",1,189,0x005774C4,0x005774C8,16,100
68058,312286,"Leite de Santana",1,189,0x005774F9,0x005774FD,16,100
68060,312252,"Mendonça de Mattos",1,189,0x0057755F,0x00577563,18,100
68061,312251,"dos Santos Soares",1,189,0x00577598,0x0057759C,17,100
68063,312248,"dos Santos Marinho",1,189,0x005775F6,0x005775FA,18,100
68064,312218,"Cruz da Costa",1,189,0x0057762F,0x00577633,13,100
68065,312200,"Cavalcante Neto",1,189,0x0057765E,0x00577662,15,100
68066,312195,"Gurgel da Silva",1,189,0x00577691,0x00577695,15,100
68068,312097,"Vizzotto",1,189,0x005776EF,0x005776F3,8,100
68069,312093,"Rodrigues Corrêa",1,189,0x00577714,0x00577718,16,100
68070,312086,"dos Santos Hotti",1,189,0x00577749,0x0057774D,16,100
68072,312056,"Catassi Prandi",1,189,0x005777AD,0x005777B1,14,100
68073,312055,"Wihby Bracalli",1,189,0x005777DE,0x005777E2,14,100
68074,312054,"Buzetto",1,189,0x0057780F,0x00577813,7,100
68075,312050,"Zaros",1,189,0x00577832,0x00577836,5,100
68077,311937,"dos Santos Sá",1,189,0x00577876,0x0057787A,13,100
68079,311930,"Magnaguagno",1,189,0x005778DA,0x005778DE,11,100
68081,735841,"Krizek Caparelli de Moura",1,189,0x00577932,0x00577936,25,100
68082,311923,"Barbosa de Freitas",1,189,0x00577979,0x0057797D,18,100
68084,311918,"Andrade Almeida",1,189,0x005779E7,0x005779EB,15,100
68085,311917,"Smith Carlos",1,189,0x00577A1A,0x00577A1E,12,100
68086,311915,"de Queiroz",1,189,0x00577A47,0x00577A4B,10,100
68088,311912,"Pereira Calaça",1,189,0x00577A95,0x00577A99,14,100
68089,311906,"Soares Lissarassa",1,189,0x00577AC6,0x00577ACA,17,100
68091,311897,"Costamilan",1,189,0x00577B22,0x00577B26,10,100
68092,311895,"Rigatto Paese",1,189,0x00577B4B,0x00577B4F,13,100
68093,311894,"Andreis",1,189,0x00577B7A,0x00577B7E,7,100
68094,311893,"Muniz Gomes",1,189,0x00577B9D,0x00577BA1,11,100
68095,311892,"Bertuol",1,189,0x00577BC8,0x00577BCC,7,100
68099,311802,"Rivelino",1,189,0x00577C6A,0x00577C6E,8,100
68101,311793,"Roque",1,189,0x00577CC2,0x00577CC6,5,100
68102,320949,"de Jesús Mateus",1,189,0x00577CE1,0x00577CE5,15,100
68104,311782,"dos Santos Alves",1,189,0x00577D37,0x00577D3B,16,100
68105,311779,"Camargo Nunes do Prado",1,189,0x00577D6C,0x00577D70,22,100
68107,311770,"de Oliveira Manoel",1,189,0x00577DE4,0x00577DE8,18,100
68108,311767,"Vergílio",1,189,0x00577E1D,0x00577E21,8,100
68109,736495,"Dias dos Santos Júnior",1,189,0x00577E42,0x00577E46,22,100
68110,311763,"Dias Romualdo",1,189,0x00577E83,0x00577E87,13,100
68111,320948,"Pereira Moura",1,189,0x00577EB2,0x00577EB6,13,100
68112,311757,"Júnior da Silva",1,189,0x00577EE1,0x00577EE5,15,100
68113,311738,"Tavares Santos",1,189,0x00577F14,0x00577F18,14,100
68115,311726,"Paes de Farias",1,189,0x00577F60,0x00577F64,14,100
68116,311725,"Vidinha Gomes",1,189,0x00577F91,0x00577F95,13,100
68122,311682,"Fernandes Miranda",1,189,0x005780CB,0x005780CF,17,100
68123,311680,"da Silva Guerra",1,189,0x00578102,0x00578106,15,100
68124,311637,"Abocater",1,189,0x00578135,0x00578139,8,100
68127,318489,"Isidoro Marangon",1,189,0x005781BE,0x005781C2,16,100
68128,311529,"Ribeiro Teixeira",1,189,0x005781F3,0x005781F7,16,100
68129,311525,"Neves Coirollo",1,189,0x00578228,0x0057822C,14,100
68131,311523,"Pitinga",1,189,0x0057827A,0x0057827E,7,100
68132,311522,"Ferro",1,189,0x0057829D,0x005782A1,5,100
68133,311496,"Mattoso",1,189,0x005782BC,0x005782C0,7,100
68134,318490,"Ferreira dos Passos",1,189,0x005782DF,0x005782E3,19,100
68136,3300387,"Gerônimo Silva",1,189,0x0057833F,0x00578343,14,100
68139,311432,"de Andrade Cordeiro",1,189,0x005783B4,0x005783B8,19,100
68140,311427,"Soares Campos",1,189,0x005783EF,0x005783F3,13,100
68141,311422,"Jóia de Mello",1,189,0x0057841E,0x00578422,13,100
68142,311418,"dos Santos Possato",1,189,0x0057844D,0x00578451,18,100
68143,311417,"Laranjeira Carvalho",1,189,0x00578486,0x0057848A,19,100
68144,745635,"Luiz da Silva",1,189,0x005784C1,0x005784C5,13,100
68145,318496,"Teruel",1,189,0x005784F0,0x005784F4,6,100
68146,311399,"Simões Angelim",1,189,0x00578511,0x00578515,14,100
68147,311398,"Batista Riberio",1,189,0x00578542,0x00578546,15,100
68148,318497,"Lima de Quadros",1,189,0x00578575,0x00578579,15,100
68149,311386,"de Oliveira Moraes",1,189,0x005785A8,0x005785AC,18,100
68150,311370,"Machado Bezerra",1,189,0x005785E1,0x005785E5,15,100
68151,311368,"Ramos Ribeiro Martins",1,189,0x00578614,0x00578618,21,100
68152,311366,"Bastos Barreto",1,189,0x00578653,0x00578657,14,100
68153,318500,"Castelo Veiga",1,189,0x00578684,0x00578688,13,100
68154,311364,"dos Santos Caldeira",1,189,0x005786B3,0x005786B7,19,100
68155,311360,"Menezes de Paula",1,189,0x005786EE,0x005786F2,16,100
68156,311359,"Câmara Alves",1,189,0x00578723,0x00578727,12,100
68157,311358,"Fonseca Nunes",1,189,0x00578750,0x00578754,13,100
68158,311357,"de Moraes Tobias",1,189,0x0057877F,0x00578783,16,100
68159,311355,"Costa Leite",1,189,0x005787B4,0x005787B8,11,100
68160,311353,"Demonti",1,189,0x005787DF,0x005787E3,7,100
68161,311351,"Felini",1,189,0x00578802,0x00578806,6,100
68162,311350,"Pereira Sagaz",1,189,0x00578823,0x00578827,13,100
68163,318504,"Giliolli",1,189,0x00578852,0x00578856,8,100
68164,311341,"Macena da Silva",1,189,0x00578877,0x0057887B,15,100
68166,311335,"da Pinta",1,189,0x005788D9,0x005788DD,8,100
68167,311301,"Batista Libânio",1,189,0x005788FE,0x00578902,15,100
68170,311279,"Silva de Assunção",1,189,0x0057897D,0x00578981,17,100
68174,311270,"Cipreste Pereira",1,189,0x00578A33,0x00578A37,16,100
68175,311268,"da Silva Ramos da Hora",1,189,0x00578A68,0x00578A6C,22,100
68177,311249,"Barcelos",1,189,0x00578ACA,0x00578ACE,8,100
68178,775148,"Fachini Júnior",1,189,0x00578AEF,0x00578AF3,14,100
68179,311229,"Paula Guimarães",1,189,0x00578B20,0x00578B24,15,100
68180,311225,"Cersócimo",1,189,0x00578B53,0x00578B57,9,100
68182,311218,"Ramos Feijó",1,189,0x00578B99,0x00578B9D,11,100
68183,775566,"Rodrigues Alves Domingues",1,189,0x00578BC4,0x00578BC8,25,100
68184,311216,"Trombetta",1,189,0x00578C0B,0x00578C0F,9,100
68185,311211,"Portella Carneiro",1,189,0x00578C32,0x00578C36,17,100
68186,311209,"Sanchez",1,189,0x00578C69,0x00578C6D,7,100
68187,311207,"Godoy Barroso",1,189,0x00578C8C,0x00578C90,13,100
68188,775575,"Rossi Silva",1,189,0x00578CBB,0x00578CBF,11,100
68190,311204,"França da Silva",1,189,0x00578D15,0x00578D19,15,100
68191,311194,"Médici",1,189,0x00578D48,0x00578D4C,6,100
68193,311179,"Favilla",1,189,0x00578D98,0x00578D9C,7,100
68194,311178,"Simoni",1,189,0x00578DBB,0x00578DBF,6,100
68195,311172,"Sanz",1,189,0x00578DDC,0x00578DE0,4,100
68196,311169,"Bahia Santos Viana",1,189,0x00578DF9,0x00578DFD,18,100
68197,311168,"Kalil",1,189,0x00578E32,0x00578E36,5,100
68198,311167,"Soares Oliveira",1,189,0x00578E51,0x00578E55,15,100
68199,311158,"Terra Alberoni",1,189,0x00578E84,0x00578E88,14,100
68202,311150,"Leal dos Santos",1,189,0x00578F29,0x00578F2D,15,100
68203,311149,"Malzoni Conceição",1,189,0x00578F5C,0x00578F60,17,100
68204,311148,"Ribas da Cunha",1,189,0x00578F93,0x00578F97,14,100
68205,311146,"Maciel Lourenço",1,189,0x00578FC4,0x00578FC8,15,100
68206,311145,"Miranda da Silva Júnior",1,189,0x00578FF7,0x00578FFB,23,100
68208,775581,"Santos Rosa",1,189,0x0057906D,0x00579071,11,100
68209,311143,"Vaz Fernandes",1,189,0x00579098,0x0057909C,13,100
68212,311134,"Novo Júnior",1,189,0x0057910F,0x00579113,11,100
68213,311128,"Chirol",1,189,0x0057913A,0x0057913E,6,100
68214,311125,"Gomes Andrade Júnior",1,189,0x0057915B,0x0057915F,20,100
68217,311098,"Figueiredo Cruz",1,189,0x00579204,0x00579208,15,100
68218,311093,"Dias Ramos Neto",1,189,0x00579237,0x0057923B,15,100
68220,311090,"Matter",1,189,0x00579299,0x0057929D,6,100
68221,311088,"Verne",1,189,0x005792BA,0x005792BE,5,100
68222,311087,"de Oliveira Andrade",1,189,0x005792D9,0x005792DD,19,100
68223,311080,"Masina Baumgarten",1,189,0x00579314,0x00579318,17,100
68224,311078,"Allax Scherpel",1,189,0x0057934B,0x0057934F,14,100
68225,311077,"Glad",1,189,0x0057937C,0x00579380,4,100
68226,311076,"Ferreira de Melo Júnior",1,189,0x00579399,0x0057939D,23,100
68227,311072,"Suassuna",1,189,0x005793DC,0x005793E0,8,100
68228,311068,"da Paz Pereira",1,189,0x00579401,0x00579405,14,100
68229,311067,"da Costa Neto",1,189,0x00579432,0x00579436,13,100
68230,311065,"Vero",1,189,0x00579461,0x00579465,4,100
68232,311061,"de Souza Barbosa",1,189,0x005794AD,0x005794B1,16,100
68234,311059,"Gomes da Luz",1,189,0x00579513,0x00579517,12,100
68235,776416,"Queiroz da Paixão",1,189,0x00579540,0x00579544,17,100
68236,3300384,"Cruz Vitorino",1,189,0x00579577,0x0057957B,13,100
68238,311055,"Drubscky",1,189,0x005795DD,0x005795E1,8,100
68240,311049,"Martini Labarthe",1,189,0x00579637,0x0057963B,16,100
68241,311047,"Magalhães Pereira",1,189,0x0057966C,0x00579670,17,100
68243,311045,"Boeck",1,189,0x005796D8,0x005796DC,5,100
68244,311044,"Brito Soares",1,189,0x005796F7,0x005796FB,12,100
68245,310999,"Cerqueira Azevedo",1,189,0x00579724,0x00579728,17,100
68246,310997,"Cruz de Coimbra",1,189,0x0057975B,0x0057975F,15,100
68247,310990,"Richartz",1,189,0x0057978E,0x00579792,8,100
68250,310980,"Horvat",1,189,0x00579803,0x00579807,6,100
68251,310979,"Ferreira Amorim",1,189,0x00579824,0x00579828,15,100
68256,310958,"Gama Rodrigues",1,189,0x0057990B,0x0057990F,14,100
68257,310957,"Gaino Júnior",1,189,0x0057993C,0x00579940,12,100
68258,310949,"Amersur Araújo",1,189,0x00579969,0x0057996D,14,100
68259,310946,"Oliveira de Lima",1,189,0x0057999A,0x0057999E,16,100
68260,310945,"Afonso",1,189,0x005799CF,0x005799D3,6,100
68262,310933,"Merouço",1,189,0x00579A11,0x00579A15,7,100
68264,310926,"da Silveira Santos",1,189,0x00579A65,0x00579A69,18,100
68266,310921,"Mazotti",1,189,0x00579AD3,0x00579AD7,7,100
68269,310913,"Acuña Egídio",1,189,0x00579B48,0x00579B4C,12,100
68271,310882,"Alves Martins Júnior",1,189,0x00579BA8,0x00579BAC,20,100
68273,310877,"Arantes de Oliveira",1,189,0x00579C20,0x00579C24,19,100
68274,777228,"Faria Pimenta",1,189,0x00579C5B,0x00579C5F,13,100
68275,310876,"Correia Veloso",1,189,0x00579C8A,0x00579C8E,14,100
68277,310871,"Martins Pedro",1,189,0x00579CF0,0x00579CF4,13,100
68280,310866,"Savionek",1,189,0x00579D7B,0x00579D7F,8,100
68281,310863,"Lopes Bader",1,189,0x00579DA0,0x00579DA4,11,100
68282,310862,"Vallandro",1,189,0x00579DCB,0x00579DCF,9,100
68283,310855,"Barbosa da Cunha",1,189,0x00579DF2,0x00579DF6,16,100
68285,310851,"Silva Santos Souza",1,189,0x00579E64,0x00579E68,18,100
68287,310835,"Pontes Vasconcelos",1,189,0x00579ECA,0x00579ECE,18,100
68288,777253,"Barroso Lazaroni",1,189,0x00579F03,0x00579F07,16,100
68289,310818,"da Conceição Barroso",1,189,0x00579F38,0x00579F3C,20,100
68290,310802,"Fernandes Francisco",1,189,0x00579F75,0x00579F79,19,100
68291,310791,"Racinoski Matias",1,189,0x00579FB0,0x00579FB4,16,100
68292,310790,"Gerônimo da Silva",1,189,0x00579FE5,0x00579FE9,17,100
68293,310788,"Souza Pinho",1,189,0x0057A01C,0x0057A020,11,100
68296,310781,"Purificação Neto",1,189,0x0057A0A7,0x0057A0AB,16,100
68297,310779,"Sagin",1,189,0x0057A0DC,0x0057A0E0,5,100
68298,310778,"Attolini",1,189,0x0057A0FB,0x0057A0FF,8,100
68299,310774,"Garcia Borges",1,189,0x0057A120,0x0057A124,13,100
68301,310769,"Veronezi Macarato",1,189,0x0057A17E,0x0057A182,17,100
68305,310753,"Sagrillo",1,189,0x0057A23C,0x0057A240,8,100
68306,310752,"Forte",1,189,0x0057A261,0x0057A265,5,100
68307,310748,"dos Santos de Oliveira",1,189,0x0057A280,0x0057A284,22,100
68308,310744,"Quadros da Silva",1,189,0x0057A2C1,0x0057A2C5,16,100
68309,310743,"Alves Félix",1,189,0x0057A2F6,0x0057A2FA,11,100
68310,310730,"Chamon de Castilho",1,189,0x0057A321,0x0057A325,18,100
68311,310722,"Fonseca Júnior",1,189,0x0057A35A,0x0057A35E,14,100
68312,310721,"Gonçalves Toledo",1,189,0x0057A38B,0x0057A38F,16,100
68314,310695,"Barbosa Antunes Lopes",1,189,0x0057A3F1,0x0057A3F5,21,100
68315,310694,"de Córdova",1,189,0x0057A430,0x0057A434,10,100
68316,310693,"Morais Souza",1,189,0x0057A459,0x0057A45D,12,100
68317,310668,"do Nascimento Soares",1,189,0x0057A486,0x0057A48A,20,100
68318,310662,"Caixero de Vasconcelos",1,189,0x0057A4C3,0x0057A4C7,22,100
68319,310661,"Zuzart",1,189,0x0057A504,0x0057A508,6,100
68321,310621,"Martins Rocha",1,189,0x0057A55E,0x0057A562,13,100
68322,310616,"Galli Neto",1,189,0x0057A58D,0x0057A591,10,100
68323,310610,"Nagel de Melo",1,189,0x0057A5B6,0x0057A5BA,13,100
68324,310604,"Aparecido Vivas Vergílio",1,189,0x0057A5E5,0x0057A5E9,24,100
68325,310600,"Conte Minari",1,189,0x0057A62A,0x0057A62E,12,100
68327,310596,"Furlan",1,189,0x0057A68A,0x0057A68E,6,100
68328,310584,"Andrade Antunes",1,189,0x0057A6AB,0x0057A6AF,15,100
68329,310572,"Gordinho Filho",1,189,0x0057A6DE,0x0057A6E2,14,100
68330,310569,"Martins Carneiro de Souza",1,189,0x0057A70F,0x0057A713,25,100
68331,310560,"Domingues Barbosa",1,189,0x0057A756,0x0057A75A,17,100
68332,310558,"do Bonfim",1,189,0x0057A78D,0x0057A791,9,100
68333,310540,"Soares de Jesús",1,189,0x0057A7B4,0x0057A7B8,15,100
68335,309666,"Galvão do Nascimento",1,189,0x0057A81E,0x0057A822,20,100
68337,309592,"Bertran",1,189,0x0057A88E,0x0057A892,7,100
68338,309591,"Gasparoni",1,189,0x0057A8B1,0x0057A8B5,9,100
68340,8476307,"Saboya Monteiro Júnior",1,189,0x0057A909,0x0057A90D,22,100
68341,309481,"de Melo Júnior",1,189,0x0057A94A,0x0057A94E,14,100
68342,3300365,"Nogueira Luz",1,189,0x0057A97B,0x0057A97F,12,100
68343,3300359,"Isnardt Dick",1,189,0x0057A9A8,0x0057A9AC,12,100
68344,3300353,"Menezes Calazans",1,189,0x0057A9D5,0x0057A9D9,16,100
68346,3300338,"Cavalo",1,189,0x0057AA35,0x0057AA39,6,100
68347,3300337,"do Nascimento Trigueiro",1,189,0x0057AA56,0x0057AA5A,23,100
68349,3300330,"Vassoler",1,189,0x0057AABC,0x0057AAC0,8,100
68350,3300329,"Delvi da Costa",1,189,0x0057AAE1,0x0057AAE5,14,100
68351,3300324,"Fatori",1,189,0x0057AB12,0x0057AB16,6,100
68353,3300310,"de Cézare",1,189,0x0057AB54,0x0057AB58,9,100
68355,3300303,"Silva de Almeida",1,189,0x0057ABAC,0x0057ABB0,16,100
68356,3300281,"Blum",1,189,0x0057ABE1,0x0057ABE5,4,100
68357,3300276,"Kaspary",1,189,0x0057ABFE,0x0057AC02,7,100
68359,785671,"Benedicto Angeli",1,189,0x0057AC4E,0x0057AC52,16,100
68361,3300219,"Eller dos Santos",1,189,0x0057ACAA,0x0057ACAE,16,100
68362,3300217,"Soares de Barros",1,189,0x0057ACDF,0x0057ACE3,16,100
68363,3300461,"Silvino Batista",1,189,0x0057AD14,0x0057AD18,15,100
68364,3300466,"Mellin",1,189,0x0057AD47,0x0057AD4B,6,100
68365,3300467,"Barros Faria",1,189,0x0057AD68,0x0057AD6C,12,100
68366,3300216,"Lopes dos Santos Nascimento",1,189,0x0057AD95,0x0057AD99,27,100
68367,3300215,"Fernandes Carzola",1,189,0x0057ADE0,0x0057ADE4,17,100
68368,3300469,"Alves de Azevedo",1,189,0x0057AE17,0x0057AE1B,16,100
68370,3300209,"Faiolhe Amantino",1,189,0x0057AE81,0x0057AE85,16,100
68371,3300208,"Moreira Neles",1,189,0x0057AEB6,0x0057AEBA,13,100
68372,3300206,"Tadeu Gallo",1,189,0x0057AEE5,0x0057AEE9,11,100
68373,3300473,"Dantas de Araújo",1,189,0x0057AF10,0x0057AF14,16,100
68374,3300195,"Scolari",1,189,0x0057AF45,0x0057AF49,7,100
68375,3300194,"Cavalieri",1,189,0x0057AF68,0x0057AF6C,9,100
68376,3300185,"de Cássio Alves",1,189,0x0057AF8F,0x0057AF93,15,100
68378,3300182,"Fidélis Régis",1,189,0x0057AFEF,0x0057AFF3,13,100
68379,3300174,"dos Santos Ferraz",1,189,0x0057B01E,0x0057B022,17,100
68380,3300477,"Gomes Callegari",1,189,0x0057B055,0x0057B059,15,100
68381,141933,"Maldonado Jaimez Júnior",1,189,0x0057B088,0x0057B08C,23,100
68384,309158,"Roque Silva Júnior",1,189,0x0057B13B,0x0057B13F,18,100
68385,309157,"dos Santos Ângelo",1,189,0x0057B174,0x0057B178,17,100
68386,309128,"Noídio Guilherme",1,189,0x0057B1AB,0x0057B1AF,16,100
68389,309118,"Carvalho Silva",1,189,0x0057B23C,0x0057B240,14,100
68390,309112,"Gonçalves Lima",1,189,0x0057B26D,0x0057B271,14,100
68392,308978,"Modesto Pereira Júnior",1,189,0x0057B2CD,0x0057B2D1,22,100
68393,308977,"Junqueira Sales",1,189,0x0057B30E,0x0057B312,15,100
68397,308962,"Azevedo Barbosa",1,189,0x0057B3CC,0x0057B3D0,15,100
68402,308948,"Portaluppi",1,189,0x0057B4AB,0x0057B4AF,10,100
68403,308899,"Bianchini",1,189,0x0057B4D4,0x0057B4D8,9,100
68404,308881,"de Lira Tinoco",1,189,0x0057B4FB,0x0057B4FF,14,100
68405,308651,"Roque Citadini",1,189,0x0057B52C,0x0057B530,14,100
68406,308641,"Caldiron",1,189,0x0057B55D,0x0057B561,8,100
68409,3300172,"do Carmo Mancini",1,189,0x0057B5D2,0x0057B5D6,16,100
68410,3300165,"de Oliveira Camilo",1,189,0x0057B607,0x0057B60B,18,100
68411,3300161,"Fávaro Corrêa",1,189,0x0057B640,0x0057B644,13,100
68413,142360,"Barbosa de Azevedo Terra",1,189,0x0057B6A8,0x0057B6AC,24,100
68414,308576,"Novelli",1,189,0x0057B6ED,0x0057B6F1,7,100
68415,308572,"Nunes Tomazolli",1,189,0x0057B710,0x0057B714,15,100
68416,142365,"Oliveira da Silva Alvim",1,189,0x0057B743,0x0057B747,23,100
68418,3300155,"Alves Rufino",1,189,0x0057B7AD,0x0057B7B1,12,100
68419,3300148,"Pinto Tanajura",1,189,0x0057B7DA,0x0057B7DE,14,100
68420,3300145,"Januário Araújo",1,189,0x0057B80B,0x0057B80F,15,100
68422,3300131,"Vicente Simão",1,189,0x0057B86B,0x0057B86F,13,100
68423,3300130,"de Gouveia",1,189,0x0057B89A,0x0057B89E,10,100
68424,3300125,"Belli",1,189,0x0057B8C3,0x0057B8C7,5,100
68425,3300124,"Ramos Chagas",1,189,0x0057B8E2,0x0057B8E6,12,100
68426,3300554,"Gaudio",1,189,0x0057B90F,0x0057B913,6,100
68427,3300555,"Fernandes Martins",1,189,0x0057B930,0x0057B934,17,100
68429,308419,"Gentil",1,189,0x0057B98E,0x0057B992,6,100
68431,3300556,"Pinto Carvalho",1,189,0x0057B9E4,0x0057B9E8,14,100
68434,308402,"Katzor de Oliveira",1,189,0x0057BA6D,0x0057BA71,18,100
68435,308381,"Miranda Lima",1,189,0x0057BAA6,0x0057BAAA,12,100
68436,308380,"Novais Ferreira",1,189,0x0057BAD3,0x0057BAD7,15,100
68437,308377,"Mori Nunes",1,189,0x0057BB06,0x0057BB0A,10,100
68438,308354,"de Ávila Santos",1,189,0x0057BB2F,0x0057BB33,15,100
68439,308353,"Teixeira de Oliveira Filho",1,189,0x0057BB62,0x0057BB66,26,100
68440,3300558,"Giacomelli",1,189,0x0057BBAB,0x0057BBAF,10,100
68441,308347,"Pereira Baptista",1,189,0x0057BBD4,0x0057BBD8,16,100
68442,308346,"Amorim Hoffmann",1,189,0x0057BC09,0x0057BC0D,15,100
68444,308329,"Tanaka",1,189,0x0057BC63,0x0057BC67,6,100
68445,308328,"Labatte",1,189,0x0057BC84,0x0057BC88,7,100
68446,308327,"Barbosa Silva",1,189,0x0057BCA7,0x0057BCAB,13,100
68448,308322,"de Oliveira Galvão",1,189,0x0057BD05,0x0057BD09,18,100
68452,308250,"Mauro",1,189,0x0057BDDD,0x0057BDE1,5,100
68459,308191,"Modesto",1,189,0x0057BF4A,0x0057BF4E,7,100
68460,308189,"Lisboa Filho",1,189,0x0057BF6D,0x0057BF71,12,100
68461,308187,"Souza Ribeiro",1,189,0x0057BF9A,0x0057BF9E,13,100
68462,308178,"Pracidelli",1,189,0x0057BFC9,0x0057BFCD,10,100
68464,308069,"Polozi",1,189,0x0057C037,0x0057C03B,6,100
68465,308067,"Knevitz",1,189,0x0057C058,0x0057C05C,7,100
68466,307983,"Rochemback",1,189,0x0057C07B,0x0057C07F,10,100
68467,307556,"Calza",1,189,0x0057C0A4,0x0057C0A8,5,100
68468,307494,"Neves Dias",1,189,0x0057C0C3,0x0057C0C7,10,100
68469,307493,"Neves Pereira",1,189,0x0057C0EC,0x0057C0F0,13,100
68470,3300597,"Gomes da Conceição",1,189,0x0057C11B,0x0057C11F,18,100
68471,307401,"Rachid Buharb",1,189,0x0057C154,0x0057C158,13,100
68472,307391,"da Silva Quirino",1,189,0x0057C183,0x0057C187,16,100
68473,307388,"Santos do Amor Divino",1,189,0x0057C1B8,0x0057C1BC,21,100
68474,307371,"Fontes de Oliveira",1,189,0x0057C1F7,0x0057C1FB,18,100
68475,307367,"Pacheco da Silva Filho",1,189,0x0057C230,0x0057C234,22,100
68476,307347,"Pléz Honorato",1,189,0x0057C271,0x0057C275,13,100
68477,3300610,"da Cunha Antunes",1,189,0x0057C2A0,0x0057C2A4,16,100
68478,3300618,"Vitalino da Silva",1,189,0x0057C2D5,0x0057C2D9,17,100
68482,318727,"Aquino Palha",1,189,0x0057C387,0x0057C38B,12,100
68484,3300629,"Belo de Souza",1,189,0x0057C3E5,0x0057C3E9,13,100
68486,3300632,"Coelho Lugão",1,189,0x0057C43D,0x0057C441,12,100
68488,318735,"Ramos Goulart",1,189,0x0057C4A7,0x0057C4AB,13,100
68490,318736,"Ketterman Caponi",1,189,0x0057C511,0x0057C515,16,100
68491,3300663,"Filgueira Narciso",1,189,0x0057C546,0x0057C54A,17,100
68492,3300665,"Borovicz Cardoso Schweger",1,189,0x0057C57D,0x0057C581,25,100
68493,3300670,"Mendes Nascimento",1,189,0x0057C5C4,0x0057C5C8,17,100
68494,3300671,"do Nascimento Felício",1,189,0x0057C5FB,0x0057C5FF,21,100
68495,3300679,"Duba",1,189,0x0057C63A,0x0057C63E,4,100
68498,3300683,"Vandeck",1,189,0x0057C6A7,0x0057C6AB,7,100
68499,3300685,"Zagallo",1,189,0x0057C6CA,0x0057C6CE,7,100
68500,3300687,"Moura da Conceição",1,189,0x0057C6ED,0x0057C6F1,18,100
68501,5660090,"Santos Damasceno",1,189,0x0057C726,0x0057C72A,16,100
68502,829376,"Altafini",1,189,0x0057C75B,0x0057C75F,8,100
68503,3300688,"Guindani Soares",1,189,0x0057C780,0x0057C784,15,100
68504,307163,"Carvalho Lemes",1,189,0x0057C7B3,0x0057C7B7,14,100
68506,307133,"das Chagas Marinho",1,189,0x0057C817,0x0057C81B,18,100
68509,318745,"Conceição de Oiveira",1,189,0x0057C8C0,0x0057C8C4,20,100
68510,307103,"Barros de Lima Júnior",1,189,0x0057C8FD,0x0057C901,21,100
68511,307078,"Lavor",1,189,0x0057C93C,0x0057C940,5,100
68512,3300690,"Dias de Amorim",1,189,0x0057C95B,0x0057C95F,14,100
68513,3300692,"Ribeiro Souto",1,189,0x0057C98C,0x0057C990,13,100
68514,318755,"Mariano Bueno",1,189,0x0057C9BB,0x0057C9BF,13,100
68515,307056,"Gomes Cavalcante",1,189,0x0057C9EA,0x0057C9EE,16,100
68516,307054,"Góis de Oliveira",1,189,0x0057CA1F,0x0057CA23,16,100
68517,307052,"Lyra",1,189,0x0057CA54,0x0057CA58,4,100
68518,307047,"Magalhães de Souza",1,189,0x0057CA71,0x0057CA75,18,100
68519,307040,"Santos Pessoa",1,189,0x0057CAAA,0x0057CAAE,13,100
68520,307039,"de Souza Wilson",1,189,0x0057CAD9,0x0057CADD,15,100
68521,3300700,"Gonçalves Luiz",1,189,0x0057CB0C,0x0057CB10,14,100
68522,3300702,"Martins Ribeiro",1,189,0x0057CB3D,0x0057CB41,15,100
68523,3300709,"Gerônimo",1,189,0x0057CB70,0x0057CB74,8,100
68526,307005,"Fantato Júnior",1,189,0x0057CBFF,0x0057CC03,14,100
68527,307003,"Brida",1,189,0x0057CC30,0x0057CC34,5,100
68528,307000,"Lopes de Gusmão",1,189,0x0057CC4F,0x0057CC53,15,100
68530,306984,"Dutra dos Santos",1,189,0x0057CCCD,0x0057CCD1,16,100
68531,306979,"Nóbrega da Silva",1,189,0x0057CD02,0x0057CD06,16,100
68532,306977,"Belasalma",1,189,0x0057CD37,0x0057CD3B,9,100
68535,306964,"Boaro",1,189,0x0057CDC2,0x0057CDC6,5,100
68536,306958,"Antunes Freitas",1,189,0x0057CDE1,0x0057CDE5,15,100
68537,318769,"Ferreira Gadelha",1,189,0x0057CE14,0x0057CE18,16,100
68539,318806,"Calixto Couto",1,189,0x0057CE7C,0x0057CE80,13,100
68540,306947,"Mejolaro",1,189,0x0057CEAB,0x0057CEAF,8,100
68541,306943,"Garcia de Souza",1,189,0x0057CED0,0x0057CED4,15,100
68542,306934,"Faria da Silva",1,189,0x0057CF03,0x0057CF07,14,100
68543,318807,"Beiva Bertolini",1,189,0x0057CF34,0x0057CF38,15,100
68544,306920,"Euclídes",1,189,0x0057CF67,0x0057CF6B,8,100
68548,306888,"Martins Costa",1,189,0x0057D033,0x0057D037,13,100
68549,318810,"Vicenzi",1,189,0x0057D062,0x0057D066,7,100
68551,306863,"Alves Filho",1,189,0x0057D0BC,0x0057D0C0,11,100
68556,306799,"de Melo Paraunas",1,189,0x0057D1A5,0x0057D1A9,16,100
68557,306793,"Moreno Oliveira",1,189,0x0057D1DA,0x0057D1DE,15,100
68558,306785,"Santos Figueiredo",1,189,0x0057D20D,0x0057D211,17,100
68561,306771,"das Chagas do Nascimento",1,189,0x0057D29A,0x0057D29E,24,100
68563,306763,"dos Santos Vaz",1,189,0x0057D30C,0x0057D310,14,100
68564,306760,"da Silva Cavalo",1,189,0x0057D33D,0x0057D341,15,100
68565,319190,"Lins Cortês",1,189,0x0057D370,0x0057D374,11,100
68566,306751,"Mendonça Guimarães",1,189,0x0057D39B,0x0057D39F,18,100
68567,306749,"dos Santos Divino",1,189,0x0057D3D4,0x0057D3D8,17,100
68568,306746,"do Nascimento Coelho",1,189,0x0057D40B,0x0057D40F,20,100
68569,306725,"Batista Camargo",1,189,0x0057D448,0x0057D44C,15,100
68570,319198,"Curvo Lopes",1,189,0x0057D47B,0x0057D47F,11,100
68571,319199,"Sá Costa",1,189,0x0057D4A6,0x0057D4AA,8,100
68572,306711,"Cabral da Rocha Barros",1,189,0x0057D4CB,0x0057D4CF,22,100
68573,306708,"Greick",1,189,0x0057D50C,0x0057D510,6,100
68574,306705,"da Costa Santana",1,189,0x0057D52D,0x0057D531,16,100
68575,306698,"da Paixão Santos",1,189,0x0057D562,0x0057D566,16,100
68576,306696,"Barbosa do Carmo",1,189,0x0057D597,0x0057D59B,16,100
68578,306686,"Soares da Mota",1,189,0x0057D5FB,0x0057D5FF,14,100
68579,319201,"Macedo Maia",1,189,0x0057D62C,0x0057D630,11,100
68580,306684,"Traina Gama",1,189,0x0057D657,0x0057D65B,11,100
68581,319202,"Fidélis Rosa",1,189,0x0057D682,0x0057D686,12,100
68582,306665,"Bonet",1,189,0x0057D6AF,0x0057D6B3,5,100
68585,319205,"Pessoa Neto",1,189,0x0057D72C,0x0057D730,11,100
68586,306608,"Contec",1,189,0x0057D757,0x0057D75B,6,100
68589,850180,"Alves Velame",1,189,0x0057D7C8,0x0057D7CC,12,100
68590,319215,"Souto Pinheiro Júnior",1,189,0x0057D7F5,0x0057D7F9,21,100
68591,306591,"Pereira Gomes",1,189,0x0057D834,0x0057D838,13,100
68592,306590,"Batista Lopes",1,189,0x0057D863,0x0057D867,13,100
68593,306584,"Cruz de Oliveira",1,189,0x0057D892,0x0057D896,16,100
68595,306571,"Conceição Cabé",1,189,0x0057D8F8,0x0057D8FC,14,100
68596,319216,"Sales da Santana",1,189,0x0057D929,0x0057D92D,16,100
68597,306565,"da Conceição Gama",1,189,0x0057D95E,0x0057D962,17,100
68598,319217,"do Vale",1,189,0x0057D995,0x0057D999,7,100
68599,319220,"Zardin Rodrigues",1,189,0x0057D9B8,0x0057D9BC,16,100
68600,306556,"das Chagas dos Santos",1,189,0x0057D9ED,0x0057D9F1,21,100
68601,306555,"Aires de Araújo",1,189,0x0057DA2C,0x0057DA30,15,100
68602,856161,"Fernandes Bastos",1,189,0x0057DA5F,0x0057DA63,16,100
68603,306526,"da Costa Pinheiro",1,189,0x0057DA94,0x0057DA98,17,100
68604,306522,"Mendonça de Oliveira",1,189,0x0057DACB,0x0057DACF,20,100
68605,306503,"Mariano de Almeida",1,189,0x0057DB08,0x0057DB0C,18,100
68606,306493,"Aparecido do Nascimento",1,189,0x0057DB41,0x0057DB45,23,100
68608,306489,"da Costa Matos",1,189,0x0057DBAB,0x0057DBAF,14,100
68610,306484,"de Assis Clarentino Valentim",1,189,0x0057DC13,0x0057DC17,28,100
68611,306481,"Cascais Júnior",1,189,0x0057DC60,0x0057DC64,14,100
68612,306480,"Pena da Silva",1,189,0x0057DC91,0x0057DC95,13,100
68613,306476,"Cunha Antunes",1,189,0x0057DCC0,0x0057DCC4,13,100
68614,306473,"Nogueira de Souza",1,189,0x0057DCEF,0x0057DCF3,17,100
68616,306462,"Brasília",1,189,0x0057DD4D,0x0057DD51,8,100
68618,306450,"de Oliveira Fischer",1,189,0x0057DDAB,0x0057DDAF,19,100
68620,306440,"Rio Branco",1,189,0x0057DE05,0x0057DE09,10,100
68621,306439,"Jansen de Souza",1,189,0x0057DE2E,0x0057DE32,15,100
68622,900732,"Alvares de Medeiros",1,189,0x0057DE61,0x0057DE65,19,100
68623,306411,"Guedes Almeida",1,189,0x0057DE9C,0x0057DEA0,14,100
68624,306408,"Dias Martins",1,189,0x0057DECD,0x0057DED1,12,100
68626,902063,"Agonense",1,189,0x0057DF19,0x0057DF1D,8,100
68629,306400,"Policarpo",1,189,0x0057DF8A,0x0057DF8E,9,100
68630,306393,"Oliveira de Queiroz",1,189,0x0057DFB1,0x0057DFB5,19,100
68631,902079,"Nunes de Almeida",1,189,0x0057DFEC,0x0057DFF0,16,100
68632,306388,"Barbosa Prado",1,189,0x0057E021,0x0057E025,13,100
68634,306386,"Ribeiro da Fonseca",1,189,0x0057E081,0x0057E085,18,100
68635,902081,"de Menezes Silva",1,189,0x0057E0BA,0x0057E0BE,16,100
68636,306379,"Soares de Deus",1,189,0x0057E0EF,0x0057E0F3,14,100
68637,306373,"Silva Ferreira",1,189,0x0057E120,0x0057E124,14,100
68638,319263,"Saibt Martins",1,189,0x0057E151,0x0057E155,13,100
68640,306342,"Marques Araújo",1,189,0x0057E1A1,0x0057E1A5,14,100
68642,306327,"Honório Oliveira",1,189,0x0057E1F7,0x0057E1FB,16,100
68644,319269,"Ferreira Martins",1,189,0x0057E261,0x0057E265,16,100
68648,319271,"Carvalini",1,189,0x0057E333,0x0057E337,9,100
68650,319273,"de Souza Paiva",1,189,0x0057E38F,0x0057E393,14,100
68651,306292,"de Melo Alencar",1,189,0x0057E3C0,0x0057E3C4,15,100
68653,306283,"Barbosa da Costa",1,189,0x0057E422,0x0057E426,16,100
68654,319276,"Bispo Pereira",1,189,0x0057E457,0x0057E45B,13,100
68655,319278,"Bosco Diório",1,189,0x0057E486,0x0057E48A,12,100
68656,306265,"Borges da Paixão",1,189,0x0057E4B3,0x0057E4B7,16,100
68658,1342,"Filgueira",1,189,0x0057E511,0x0057E515,9,100
68659,319281,"Pinheiro Neves",1,189,0x0057E538,0x0057E53C,14,100
68660,306253,"Aparecido de Lima",1,189,0x0057E569,0x0057E56D,17,100
68663,319283,"da Mata Lopes Júnior",1,189,0x0057E5F2,0x0057E5F6,20,100
68664,1747,"Aparecido Cipriano",1,189,0x0057E62F,0x0057E633,18,100
68666,319285,"Barreto de Almeida",1,189,0x0057E693,0x0057E697,18,100
68667,319286,"Conegundes de Freitas Júnior",1,189,0x0057E6CC,0x0057E6D0,28,100
68669,319291,"Braz Marçal",1,189,0x0057E738,0x0057E73C,11,100
68671,319292,"Alves de Sena",1,189,0x0057E79C,0x0057E7A0,13,100
68673,306167,"Gomes Vargas",1,189,0x0057E7FC,0x0057E800,12,100
68674,306150,"Araújo do Nascimento",1,189,0x0057E829,0x0057E82D,20,100
68675,306149,"Ramiro Camacho",1,189,0x0057E866,0x0057E86A,14,100
68676,319295,"Morbini",1,189,0x0057E897,0x0057E89B,7,100
68677,5230024,"Naelson da Silva",1,189,0x0057E8BA,0x0057E8BE,16,100
68678,5230023,"Ferreira de Souza Filho",1,189,0x0057E8EF,0x0057E8F3,23,100
68681,7988325,"Olinto de Carvalho",1,189,0x0057E98E,0x0057E992,18,100
68682,306144,"Corrêa Marcolino",1,189,0x0057E9C7,0x0057E9CB,16,100
68683,6700436,"dos Ramos Maia",1,189,0x0057E9FC,0x0057EA00,14,100
68686,306132,"Fernandes Valete",1,189,0x0057EAA3,0x0057EAA7,16,100
68687,7988356,"Tavares de Silveira",1,189,0x0057EAD8,0x0057EADC,19,100
68688,306123,"Rubick",1,189,0x0057EB13,0x0057EB17,6,100
68689,306120,"Tobias",1,189,0x0057EB34,0x0057EB38,6,100
68691,3300713,"Curty",1,189,0x0057EB86,0x0057EB8A,5,100
68693,306109,"di Bernardi",1,189,0x0057EBD4,0x0057EBD8,11,100
68694,306108,"Gallotti",1,189,0x0057EBFF,0x0057EC03,8,100
68698,319302,"Navarini",1,189,0x0057ECB5,0x0057ECB9,8,100
68705,306020,"de Souza Zanivan",1,189,0x0057EDEA,0x0057EDEE,16,100
68707,306004,"Goelzer",1,189,0x0057EE5A,0x0057EE5E,7,100
68708,305990,"Antosz",1,189,0x0057EE7D,0x0057EE81,6,100
68709,305981,"Dias Lopes",1,189,0x0057EE9E,0x0057EEA2,10,100
68710,305977,"da Silva Bruce",1,189,0x0057EEC7,0x0057EECB,14,100
68711,305974,"Custódio de Oliveira",1,189,0x0057EEF8,0x0057EEFC,20,100
68712,305973,"Gomes Fagundes",1,189,0x0057EF35,0x0057EF39,14,100
68714,305959,"Martins Garcez",1,189,0x0057EF97,0x0057EF9B,14,100
68715,305958,"Sperry",1,189,0x0057EFC8,0x0057EFCC,6,100
68717,319306,"Ferreira Jobim",1,189,0x0057F006,0x0057F00A,14,100
68718,319308,"Pagliosa",1,189,0x0057F037,0x0057F03B,8,100
68719,6900008,"Ferreira Gabriel",1,189,0x0057F05C,0x0057F060,16,100
68720,6900009,"Brunoro",1,189,0x0057F091,0x0057F095,7,100
68723,6900015,"Nunes Coelho",1,189,0x0057F120,0x0057F124,12,100
68725,305908,"Larentis",1,189,0x0057F17E,0x0057F182,8,100
68726,319316,"Cerqueira Lopes",1,189,0x0057F1A3,0x0057F1A7,15,100
68729,6900020,"Gregolini Nozé",1,189,0x0057F240,0x0057F244,14,100
68730,305890,"Benami Baratz",1,189,0x0057F271,0x0057F275,13,100
68731,305889,"Anadon",1,189,0x0057F2A0,0x0057F2A4,6,100
68732,6900021,"Lessa de Azevedo",1,189,0x0057F2C1,0x0057F2C5,16,100
68733,305881,"Balbé",1,189,0x0057F2F6,0x0057F2FA,5,100
68739,319320,"Gomes Cruz",1,189,0x0057F400,0x0057F404,10,100
68740,305868,"Domingues Alves",1,189,0x0057F429,0x0057F42D,15,100
68741,319321,"Nascimento das Virgens",1,189,0x0057F45C,0x0057F460,22,100
68742,6900023,"Barbosa Machado",1,189,0x0057F49D,0x0057F4A1,15,100
68743,305847,"Leoni Moura Macuglia",1,189,0x0057F4D0,0x0057F4D4,20,100
68745,319322,"da Silva Morais",1,189,0x0057F530,0x0057F534,15,100
68746,6900027,"de Matos Albino",1,189,0x0057F563,0x0057F567,15,100
68749,305812,"dos Santos Mello Júnior",1,189,0x0057F5F6,0x0057F5FA,23,100
68750,319324,"Evangelista Brandão",1,189,0x0057F639,0x0057F63D,19,100
68753,319325,"Damasceno Viana Silva",1,189,0x0057F6BC,0x0057F6C0,21,100
68755,305795,"Rabelo",1,189,0x0057F722,0x0057F726,6,100
68756,305794,"Feltes",1,189,0x0057F743,0x0057F747,6,100
68757,319326,"Nascimento Silva Júnior",1,189,0x0057F764,0x0057F768,23,100
68758,319327,"Ribeiro Santos",1,189,0x0057F7A7,0x0057F7AB,14,100
68759,305787,"Miotto",1,189,0x0057F7D8,0x0057F7DC,6,100
68761,305779,"Morais Peres",1,189,0x0057F81A,0x0057F81E,12,100
68762,305777,"de Souza Macarini",1,189,0x0057F847,0x0057F84B,17,100
68763,305776,"Pereira Leguissano",1,189,0x0057F87E,0x0057F882,18,100
68765,319444,"de Almeida Santana",1,189,0x0057F8E2,0x0057F8E6,18,100
68768,305733,"Vicente dos Santos",1,189,0x0057F97F,0x0057F983,18,100
68771,319448,"Zaranza",1,189,0x0057FA24,0x0057FA28,7,100
68772,305720,"Carneiro dos Santos",1,189,0x0057FA47,0x0057FA4B,19,100
68773,305718,"Campos Soster",1,189,0x0057FA82,0x0057FA86,13,100
68777,319449,"Arbex",1,189,0x0057FB28,0x0057FB2C,5,100
68779,6900046,"Baltazar Corrêa",1,189,0x0057FB74,0x0057FB78,15,100
68780,6900047,"Ramalho Guimarães",1,189,0x0057FBA7,0x0057FBAB,17,100
68781,319490,"Cerceau",1,189,0x0057FBDE,0x0057FBE2,7,100
68782,6900050,"de Carvalho Correia",1,189,0x0057FC01,0x0057FC05,19,100
68783,319492,"Saggiori del Papa",1,189,0x0057FC3C,0x0057FC40,17,100
68784,305662,"Cenci",1,189,0x0057FC73,0x0057FC77,5,100
68786,305659,"Aldir Oliveira",1,189,0x0057FCAF,0x0057FCB3,14,100
68789,305653,"Pinho Oliveira",1,189,0x0057FD30,0x0057FD34,14,100
68790,305652,"Souza Diniz",1,189,0x0057FD61,0x0057FD65,11,100
68791,305651,"Lima de Jesús",1,189,0x0057FD8C,0x0057FD90,13,100
68792,305650,"Cerino",1,189,0x0057FDBB,0x0057FDBF,6,100
68797,305639,"Aparecido Munerato",1,189,0x0057FE82,0x0057FE86,18,100
68799,305632,"Meneghel",1,189,0x0057FEF4,0x0057FEF8,8,100
68800,6900051,"Bastos da Costa",1,189,0x0057FF19,0x0057FF1D,15,100
68801,305590,"Simas Luciano",1,189,0x0057FF4C,0x0057FF50,13,100
68802,305579,"César Rosa",1,189,0x0057FF7B,0x0057FF7F,10,100
68805,305561,"Alves Assunção",1,189,0x0057FFF4,0x0057FFF8,14,100
68806,6900052,"Nelo",1,189,0x00580025,0x00580029,4,100
68807,6900056,"Santos Batista Júnior",1,189,0x00580042,0x00580046,21,100
68808,319519,"de Souza Gama Silva",1,189,0x00580081,0x00580085,19,100
68809,305542,"Boreico",1,189,0x005800BC,0x005800C0,7,100
68810,305525,"Fernandes de Souza",1,189,0x005800DF,0x005800E3,18,100
68812,320853,"Danieli",1,189,0x00580137,0x0058013B,7,100
68821,6900064,"Debeirson",1,189,0x005802C6,0x005802CA,9,100
68822,6900065,"de Oliveira Agondi",1,189,0x005802ED,0x005802F1,18,100
68823,305422,"da Conceição Pereira",1,189,0x00580326,0x0058032A,20,100
68824,6900067,"Coronas Ávila",1,189,0x00580363,0x00580367,13,100
68826,305287,"do Carmo Matias",1,189,0x005803B9,0x005803BD,15,100
68827,6900071,"Bientinezi Valença",1,189,0x005803EC,0x005803F0,18,100
68828,320852,"Bueno Guimarães",1,189,0x00580425,0x00580429,15,100
68829,6900077,"Jesús Vieira",1,189,0x00580458,0x0058045C,12,100
68833,305162,"Cândido de Lima",1,189,0x00580524,0x00580528,15,100
68834,319592,"de Jesús Henrique",1,189,0x00580557,0x0058055B,17,100
68835,305153,"Pereira Pena",1,189,0x0058058E,0x00580592,12,100
68838,319593,"Theodoro da Silva",1,189,0x00580617,0x0058061B,17,100
68841,305131,"Calisto de Souza",1,189,0x005806B8,0x005806BC,16,100
68842,305129,"Marcondes da Silva",1,189,0x005806ED,0x005806F1,18,100
68844,319600,"Mendes Cordeiro",1,189,0x0058075D,0x00580761,15,100
68846,305113,"Pereira Mazzola",1,189,0x005807B3,0x005807B7,15,100
68847,320842,"Belfort",1,189,0x005807E6,0x005807EA,7,100
68848,305104,"Sales Alves dos Santos",1,189,0x00580809,0x0058080D,22,100
68849,305101,"Martins Coelho",1,189,0x0058084A,0x0058084E,14,100
68851,305088,"da Rocha Sena",1,189,0x005808B4,0x005808B8,13,100
68852,319602,"Domingues Pereira",1,189,0x005808E3,0x005808E7,17,100
68854,305073,"Rodrigues da Cunha",1,189,0x00580939,0x0058093D,18,100
68857,305000,"da Silva Galdino",1,189,0x005809D6,0x005809DA,16,100
68859,319610,"de Castro Frisselli",1,189,0x00580A38,0x00580A3C,19,100
68860,304968,"Silveira Ramos",1,189,0x00580A73,0x00580A77,14,100
68862,319612,"Rodrigues de Souza Zocatelli",1,189,0x00580AD7,0x00580ADB,28,100
68863,6900088,"de Souza França",1,189,0x00580B24,0x00580B28,15,100
68865,304917,"Baier",1,189,0x00580B88,0x00580B8C,5,100
68866,304899,"Mauler Júnior",1,189,0x00580BA7,0x00580BAB,13,100
68867,304883,"Dunshee",1,189,0x00580BD6,0x00580BDA,7,100
68868,319615,"Gasparino",1,189,0x00580BF9,0x00580BFD,9,100
68869,319616,"Marques Dantas",1,189,0x00580C20,0x00580C24,14,100
68872,304870,"Raulí",1,189,0x00580CB3,0x00580CB7,5,100
68873,319626,"Ribeiro Jobim",1,189,0x00580CD2,0x00580CD6,13,100
68874,304829,"Gonzaga Leite",1,189,0x00580D01,0x00580D05,13,100
68876,304822,"Ramalho Carvalho de Freitas",1,189,0x00580D53,0x00580D57,27,100
68877,319628,"Catanhede",1,189,0x00580D9E,0x00580DA2,9,100
68878,319632,"Santos Escarpino",1,189,0x00580DC5,0x00580DC9,16,100
68880,304809,"Izzo",1,189,0x00580E2D,0x00580E31,4,100
68881,304762,"Viriato Mendes",1,189,0x00580E4A,0x00580E4E,14,100
68882,304749,"Zaluar",1,189,0x00580E7B,0x00580E7F,6,100
68886,304723,"dos Santos Rossi",1,189,0x00580F1B,0x00580F1F,16,100
68888,6900095,"de Souza Adolfo Júnior",1,189,0x00580F81,0x00580F85,22,100
68889,304708,"Simões da Silva",1,189,0x00580FC2,0x00580FC6,15,100
68890,304704,"Nicolodi",1,189,0x00580FF5,0x00580FF9,8,100
68891,319639,"Lopes Gonçalves",1,189,0x0058101A,0x0058101E,15,100
68893,319644,"Oliveira Gonçalves do Carmo",1,189,0x00581082,0x00581086,27,100
68894,319645,"de Freitas Filho",1,189,0x005810CD,0x005810D1,16,100
68895,6900097,"Avelino de Jesús Nogueira",1,189,0x00581102,0x00581106,25,100
68896,6900098,"Vergne de Assis Barbosa",1,189,0x00581149,0x0058114D,23,100
68897,304618,"de Oliveira França",1,189,0x0058118C,0x00581190,18,100
68899,5280400,"Rodighero",1,189,0x005811E4,0x005811E8,9,100
68901,319649,"Fernandez Tomás",1,189,0x0058123C,0x00581240,15,100
68902,304593,"da Graça",1,189,0x0058126F,0x00581273,8,100
68903,304590,"Souza de Carvalho",1,189,0x00581294,0x00581298,17,100
68905,304587,"Costa de Souza",1,189,0x005812F8,0x005812FC,14,100
68907,304584,"Valdivino da Silva",1,189,0x0058134C,0x00581350,18,100
68908,304580,"Zambiasi",1,189,0x00581385,0x00581389,8,100
68910,304573,"Benedito Batista",1,189,0x005813ED,0x005813F1,16,100
68911,304571,"Lima Lenta",1,189,0x00581422,0x00581426,10,100
68912,304570,"Viana Corrêa",1,189,0x0058144B,0x0058144F,12,100
68913,304569,"Ribeiro Barros",1,189,0x00581478,0x0058147C,14,100
68915,304554,"Smania",1,189,0x005814DE,0x005814E2,6,100
68916,304553,"Squarizzi",1,189,0x005814FF,0x00581503,9,100
68917,6900101,"Lojudice Martinez",1,189,0x00581526,0x0058152A,17,100
68919,319653,"Gama de Almeida",1,189,0x0058158C,0x00581590,15,100
68920,304521,"Galli",1,189,0x005815BF,0x005815C3,5,100
68922,319654,"da Rocha Toreti",1,189,0x00581611,0x00581615,15,100
68923,304514,"Adorno",1,189,0x00581644,0x00581648,6,100
68924,304513,"Brizolara",1,189,0x00581665,0x00581669,9,100
68925,319656,"Rosa de Souza",1,189,0x0058168C,0x00581690,13,100
68930,304505,"Alves Nogueira Carvalho",1,189,0x0058177F,0x00581783,23,100
68931,304504,"Fujinaga",1,189,0x005817C2,0x005817C6,8,100
68936,319661,"dos Passos Linduíno",1,189,0x0058189B,0x0058189F,19,100
68938,304464,"Miranda Rocha da Silva",1,189,0x00581905,0x00581909,22,100
68939,304461,"Martinelli da Silva",1,189,0x00581946,0x0058194A,19,100
68946,304406,"Pinto Júnior",1,189,0x00581A71,0x00581A75,12,100
68949,304396,"Tadeu Pietrobon",1,189,0x00581B04,0x00581B08,15,100
68950,304384,"Junqueira",1,189,0x00581B37,0x00581B3B,9,100
68951,304382,"Peres Xavier",1,189,0x00581B5E,0x00581B62,12,100
68952,304373,"Vieira Moreira",1,189,0x00581B8B,0x00581B8F,14,100
68954,319677,"Alvim Nunes",1,189,0x00581BDD,0x00581BE1,11,100
68957,304359,"Carpes",1,189,0x00581C68,0x00581C6C,6,100
68960,304356,"Ferreira Hidalgo",1,189,0x00581CDB,0x00581CDF,16,100
68961,304347,"Isidoro",1,189,0x00581D10,0x00581D14,7,100
68962,319681,"Costa Lessa",1,189,0x00581D33,0x00581D37,11,100
68963,304312,"Gomes Fernandes",1,189,0x00581D5E,0x00581D62,15,100
68964,304310,"Capistrano",1,189,0x00581D91,0x00581D95,10,100
68966,319682,"Costa de Lima",1,189,0x00581DED,0x00581DF1,13,100
68967,304296,"Bustamante",1,189,0x00581E1C,0x00581E20,10,100
68971,304267,"Negreiro de Souza",1,189,0x00581ED2,0x00581ED6,17,100
68972,304260,"Fernandes de Barros",1,189,0x00581F09,0x00581F0D,19,100
68973,304257,"Santos da Visitação",1,189,0x00581F44,0x00581F48,19,100
68974,304256,"Guioto",1,189,0x00581F7F,0x00581F83,6,100
68976,304252,"Rocha Galvão",1,189,0x00581FC7,0x00581FCB,12,100
68977,304248,"de Salles",1,189,0x00581FF4,0x00581FF8,9,100
68978,304247,"Coutinho da Silva",1,189,0x0058201B,0x0058201F,17,100
68979,6900111,"Ferreira Ramos Júnior",1,189,0x00582052,0x00582056,21,100
68981,304237,"Cruzeiro Ladaga",1,189,0x005820B2,0x005820B6,15,100
68982,304235,"Kuckert",1,189,0x005820E5,0x005820E9,7,100
68985,304230,"Barros Tavares",1,189,0x00582180,0x00582184,14,100
68988,304227,"Campos Barros",1,189,0x00582219,0x0058221D,13,100
68989,304218,"Benazzi de Andrade",1,189,0x00582248,0x0058224C,18,100
68990,319688,"Monte Vassalo",1,189,0x00582281,0x00582285,13,100
68991,304213,"della Cruz",1,189,0x005822B0,0x005822B4,10,100
68993,304210,"Lima Fontes Conceição",1,189,0x00582310,0x00582314,21,100
68995,304169,"Xavier de Brito",1,189,0x0058237E,0x00582382,15,100
68998,304139,"Schwenck Tieme",1,189,0x00582407,0x0058240B,14,100
68999,304138,"Carille Araújo",1,189,0x00582438,0x0058243C,14,100
69000,304137,"Milagres",1,189,0x00582469,0x0058246D,8,100
69001,304134,"Martins Ivo",1,189,0x0058248E,0x00582492,11,100
69002,304130,"Martins Cabral",1,189,0x005824B9,0x005824BD,14,100
69003,6900122,"Stecanela Cerqueira",1,189,0x005824EA,0x005824EE,19,100
69005,304115,"Oréquio",1,189,0x00582554,0x00582558,7,100
69006,304111,"Pereira Reis",1,189,0x00582577,0x0058257B,12,100
69007,319692,"Júnior dos Santos",1,189,0x005825A4,0x005825A8,17,100
69008,3300066,"Silveira Reis",1,189,0x005825DB,0x005825DF,13,100
69009,3300040,"Américo da Conceição",1,189,0x0058260A,0x0058260E,20,100
69010,3300012,"Liz de Souza",1,189,0x00582647,0x0058264B,12,100
69013,3300006,"Alvim Maluf",1,189,0x005826D0,0x005826D4,11,100
69014,3300003,"Gonçalves Miranda",1,189,0x005826FB,0x005826FF,17,100
69017,304086,"de Souza Jotha",1,189,0x00582782,0x00582786,14,100
69018,6900132,"Padilha Nascimento",1,189,0x005827B3,0x005827B7,18,100
69020,304057,"Malcher de Azevedo",1,189,0x00582825,0x00582829,18,100
69023,304039,"Boullosa",1,189,0x005828BA,0x005828BE,8,100
69024,319696,"Salomoni",1,189,0x005828DF,0x005828E3,8,100
69027,6900133,"Morel Pinto",1,189,0x00582958,0x0058295C,11,100
69028,304009,"Duarte Pedroso",1,189,0x00582983,0x00582987,14,100
69029,304007,"Soares Gameleira",1,189,0x005829B4,0x005829B8,16,100
69033,303994,"Teixeira Silveira",1,189,0x00582A72,0x00582A76,17,100
69034,303993,"Alves Teixeira",1,189,0x00582AA9,0x00582AAD,14,100
69035,303990,"Divizes",1,189,0x00582ADA,0x00582ADE,7,100
69038,303985,"Batista Carneiro",1,189,0x00582B5D,0x00582B61,16,100
69040,303948,"Moreira de Freitas",1,189,0x00582BC5,0x00582BC9,18,100
69045,319698,"Heringer",1,189,0x00582CAC,0x00582CB0,8,100
69046,319699,"Moreira Pereira",1,189,0x00582CD1,0x00582CD5,15,100
69047,303899,"Nunes Garcia",1,189,0x00582D04,0x00582D08,12,100
69048,6900138,"Bento da Cunha",1,189,0x00582D31,0x00582D35,14,100
69049,303896,"Villa-Forte Oliveira",1,189,0x00582D62,0x00582D66,20,100
69050,319700,"Garcia Martins",1,189,0x00582D9F,0x00582DA3,14,100
69053,303769,"Júnior Vieira",1,189,0x00582E36,0x00582E3A,13,100
69054,303768,"Souza Benevido",1,189,0x00582E65,0x00582E69,14,100
69055,303748,"Tagliati Rodrigues",1,189,0x00582E96,0x00582E9A,18,100
69057,303681,"Serrano Macia",1,189,0x00582EF4,0x00582EF8,13,100
69059,303606,"Pizzo Nascimento",1,189,0x00582F56,0x00582F5A,16,100
69060,303601,"Vieira Muhlen",1,189,0x00582F8B,0x00582F8F,13,100
69062,303597,"Oliveira Almeida",1,189,0x00582FE9,0x00582FED,16,100
69063,303596,"Martini",1,189,0x0058301E,0x00583022,7,100
69064,319701,"Oldra",1,189,0x00583041,0x00583045,5,100
69065,303586,"Wesheimer",1,189,0x00583060,0x00583064,9,100
69066,303566,"Vieira Xavier",1,189,0x00583087,0x0058308B,13,100
69067,319702,"Brauner Gomes",1,189,0x005830B6,0x005830BA,13,100
69068,303549,"Custódio Nazaré",1,189,0x005830E5,0x005830E9,15,100
69070,303515,"Buttenbender Prass",1,189,0x0058314B,0x0058314F,18,100
69071,303508,"de Souza Ferretti",1,189,0x00583184,0x00583188,17,100
69072,303486,"Corrêa Polga",1,189,0x005831BB,0x005831BF,12,100
69073,303481,"Paixão de Araújo",1,189,0x005831E8,0x005831EC,16,100
69074,319703,"Pachetti Cardoso",1,189,0x0058321D,0x00583221,16,100
69075,303476,"de Andrade Peres",1,189,0x00583252,0x00583256,16,100
69076,319704,"Fraga Bonfim",1,189,0x00583287,0x0058328B,12,100
69078,303436,"Pacheco da Fontoura",1,189,0x005832D7,0x005832DB,19,100
69079,303400,"de Almeida Barros",1,189,0x00583312,0x00583316,17,100
69080,303392,"Correia dos Santos",1,189,0x00583349,0x0058334D,18,100
69081,303380,"Alves Lindo",1,189,0x00583382,0x00583386,11,100
69082,303379,"Feitosa Cruz",1,189,0x005833AD,0x005833B1,12,100
69085,6900141,"Calmon Felix",1,189,0x0058342E,0x00583432,12,100
69087,303256,"Teixeira Pocidônio",1,189,0x00583484,0x00583488,18,100
69088,303255,"de Oliveira Preto",1,189,0x005834BD,0x005834C1,17,100
69089,6900152,"Ribeiro Decoussau",1,189,0x005834F4,0x005834F8,17,100
69090,319709,"Treichel da Silva",1,189,0x0058352B,0x0058352F,17,100
69092,6900155,"Hiroshi Parreão Oi",1,189,0x00583599,0x0058359D,18,100
69094,6900159,"Santiago do Nascimento",1,189,0x005835F3,0x005835F7,22,100
69096,303251,"Gonçalves Amorim",1,189,0x0058365D,0x00583661,16,100
69098,303226,"Gonçalves Freire",1,189,0x005836C5,0x005836C9,16,100
69099,303223,"Tênius",1,189,0x005836FA,0x005836FE,6,100
69100,6900166,"Silva Wanderley",1,189,0x0058371B,0x0058371F,15,100
69101,5701625,"Resende Silva",1,189,0x0058374E,0x00583752,13,100
69102,6900167,"da Conceição Xavier",1,189,0x0058377D,0x00583781,19,100
69103,319713,"Moura Macuglia",1,189,0x005837B8,0x005837BC,14,100
69105,6900172,"Ferreira de Castro",1,189,0x0058382E,0x00583832,18,100
69106,6900177,"Paes Lopes",1,189,0x00583867,0x0058386B,10,100
69107,5701531,"Paulini",1,189,0x00583890,0x00583894,7,100
69108,6900181,"Galera Flores",1,189,0x005838B3,0x005838B7,13,100
69110,6900186,"Costa de Brito",1,189,0x00583901,0x00583905,14,100
69112,6900193,"Amorim de Oliveira",1,189,0x0058395D,0x00583961,18,100
69113,6900196,"Marinho Pereira",1,189,0x00583996,0x0058399A,15,100
69114,319714,"Mecherefe",1,189,0x005839C9,0x005839CD,9,100
69115,6900204,"do Nascimento Barros",1,189,0x005839F0,0x005839F4,20,100
69116,6900206,"Ramos de Jesús",1,189,0x00583A2D,0x00583A31,14,100
69118,6900512,"Siqueira Nunes",1,189,0x00583A97,0x00583A9B,14,100
69119,6900542,"Todoverto",1,189,0x00583AC8,0x00583ACC,9,100
69120,6900548,"Fernandes de Rezende",1,189,0x00583AEF,0x00583AF3,20,100
69121,6900550,"Venâncio de Albuquerque",1,189,0x00583B2C,0x00583B30,23,100
69122,319719,"Mello Teixeira",1,189,0x00583B6F,0x00583B73,14,100
69123,6900561,"Weber do Carmo Kreuz",1,189,0x00583BA0,0x00583BA4,20,100
69124,6900564,"Lucena Ramalho",1,189,0x00583BDD,0x00583BE1,14,100
69125,6900567,"Dualib",1,189,0x00583C0E,0x00583C12,6,100
69126,6900573,"Annes Guimarães",1,189,0x00583C2F,0x00583C33,15,100
69127,319720,"Ayres Marchetti",1,189,0x00583C62,0x00583C66,15,100
69128,6900580,"Lourencetti",1,189,0x00583C95,0x00583C99,11,100
69130,6900584,"Carnielli",1,189,0x00583CE5,0x00583CE9,9,100
69131,303210,"Veloso Mendonça Gaviolle",1,189,0x00583D0C,0x00583D10,24,100
69133,6900651,"Santilli",1,189,0x00583D9C,0x00583DA0,8,100
69134,319721,"Grasel",1,189,0x00583DC1,0x00583DC5,6,100
69136,7499,"Jaques",1,189,0x00583E05,0x00583E09,6,100
69138,303209,"Ferreira de Matos",1,189,0x00583E47,0x00583E4B,17,100
69139,7002546,"Rocatelli Filho",1,189,0x00583E7E,0x00583E82,15,100
69140,8501,"Morais de Araújo",1,189,0x00583EB1,0x00583EB5,16,100
69141,7003783,"Pescarollo Martins",1,189,0x00583EE6,0x00583EEA,18,100
69142,7003922,"de Morais Silva",1,189,0x00583F1F,0x00583F23,15,100
69143,303206,"Marques Conceição",1,189,0x00583F52,0x00583F56,17,100
69144,319723,"Magalho",1,189,0x00583F89,0x00583F8D,7,100
69145,319726,"Naatz",1,189,0x00583FAC,0x00583FB0,5,100
69146,303196,"Soares de Almeida Neto",1,189,0x00583FCB,0x00583FCF,22,100
69148,5116917,"de Castro Lourenço",1,189,0x0058403D,0x00584041,18,100
69149,7100038,"Viana de Souza",1,189,0x00584076,0x0058407A,14,100
69150,303188,"Santana de Oliveira",1,189,0x005840A7,0x005840AB,19,100
69151,7100099,"Santos de Farias",1,189,0x005840E2,0x005840E6,16,100
69153,7100165,"de Ávila Vieira",1,189,0x0058414C,0x00584150,15,100
69156,11136,"da Silva Mariano",1,189,0x005841DF,0x005841E3,16,100
69158,4206721,"Silva Ribeiro",1,189,0x00584237,0x0058423B,13,100
69160,6900520,"Feldman",1,189,0x00584295,0x00584299,7,100
69162,319741,"dos Santos André",1,189,0x005842D7,0x005842DB,16,100
69164,319744,"dos Santos Espírito Santo",1,189,0x00584331,0x00584335,25,100
69165,4202638,"Guedes da Silva",1,189,0x00584378,0x0058437C,15,100
69167,4202264,"Jamelli",1,189,0x005843E0,0x005843E4,7,100
69168,4201067,"Giovanella",1,189,0x00584403,0x00584407,10,100
69170,4102421,"Santos Laplechade",1,189,0x0058445B,0x0058445F,17,100
69171,4102341,"de Santana Leite",1,189,0x00584492,0x00584496,16,100
69172,4102319,"Rodrigues Ivo",1,189,0x005844C7,0x005844CB,13,100
69174,4101912,"Müller Rodrigues",1,189,0x0058452D,0x00584531,16,100
69175,319748,"Marques Farias",1,189,0x00584562,0x00584566,14,100
69176,4100277,"Machado Nascimento",1,189,0x00584593,0x00584597,18,100
69177,4100174,"Guiaro",1,189,0x005845CC,0x005845D0,6,100
69178,4100108,"Guidoni Júnior",1,189,0x005845ED,0x005845F1,14,100
69179,478391,"Fernandes da Rosa",1,189,0x0058461E,0x00584622,17,100
69183,3902245,"Andrade Oliveira",1,189,0x005846DA,0x005846DE,16,100
69184,3901169,"Cardoso de Jesús",1,189,0x0058470F,0x00584713,16,100
69185,3901126,"Ferreira de Aguiar",1,189,0x00584744,0x00584748,18,100
69186,319755,"Rizzo",1,189,0x0058477D,0x00584781,5,100
69187,3901051,"de Araújo Rodrigues",1,189,0x0058479C,0x005847A0,19,100
69188,3900821,"Moraes Andrade",1,189,0x005847D7,0x005847DB,14,100
69189,3900795,"Blevio Porto",1,189,0x00584808,0x0058480C,12,100
69191,3900663,"Vitorino da Silva",1,189,0x00584858,0x0058485C,17,100
69193,3900632,"Louruz",1,189,0x005848B8,0x005848BC,6,100
69195,319756,"Pires de Camargo",1,189,0x005848FA,0x005848FE,16,100
69196,14434,"Amoroso dos Santos",1,189,0x0058492F,0x00584933,18,100
69197,14525,"Laaber",1,189,0x00584968,0x0058496C,6,100
69198,319758,"Assoli",1,189,0x00584989,0x0058498D,6,100
69200,3801617,"Zago",1,189,0x005849DD,0x005849E1,4,100
69201,3801406,"Siqueira de Oliveira",1,189,0x005849FA,0x005849FE,20,100
69202,319764,"Zanardi",1,189,0x00584A37,0x00584A3B,7,100
69207,319771,"Batista Lopes Abelha",1,189,0x00584B42,0x00584B46,20,100
69208,8825004,"de Brito Silva",1,189,0x00584B7F,0x00584B83,14,100
69210,8825036,"Roncatto",1,189,0x00584BE3,0x00584BE7,8,100
69211,8825039,"Miranda Garcez",1,189,0x00584C08,0x00584C0C,14,100
69212,8825041,"Coelho de Moraes Júnior",1,189,0x00584C39,0x00584C3D,23,100
69213,8825043,"Barbosa Coutinho",1,189,0x00584C7C,0x00584C80,16,100
69214,319772,"Souza Oliveira",1,189,0x00584CB1,0x00584CB5,14,100
69216,8825082,"Fortunato dos Santos",1,189,0x00584D0F,0x00584D13,20,100
69217,8825083,"Pessanha Arias",1,189,0x00584D4C,0x00584D50,14,100
69218,8825095,"Juvêncio",1,189,0x00584D7D,0x00584D81,8,100
69219,8825099,"Ribeiro Cabo",1,189,0x00584DA2,0x00584DA6,12,100
69220,8825100,"Gênio",1,189,0x00584DCF,0x00584DD3,5,100
69221,8825125,"Braga Souza",1,189,0x00584DEE,0x00584DF2,11,100
69222,8825134,"Souto de Moura",1,189,0x00584E19,0x00584E1D,14,100
69224,8825155,"Marques Filho",1,189,0x00584E87,0x00584E8B,13,100
69225,8825159,"Souza Rocha",1,189,0x00584EB6,0x00584EBA,11,100
69227,8825198,"Leal Fonseca",1,189,0x00584F1E,0x00584F22,12,100
69228,319773,"de Camargo Rossetti",1,189,0x00584F4B,0x00584F4F,19,100
69229,8825206,"Souza Neto",1,189,0x00584F86,0x00584F8A,10,100
69230,303108,"Vítor",1,189,0x00584FAF,0x00584FB3,5,100
69231,3301609,"Alves de Lima",1,189,0x00584FCE,0x00584FD2,13,100
69232,319774,"de Farias Muio",1,189,0x00584FFD,0x00585001,14,100
69233,303096,"Kaye de Brito",1,189,0x0058502E,0x00585032,13,100
69234,319775,"Batista Donizete Burse",1,189,0x0058505D,0x00585061,22,100
69235,8825414,"Gumieiro",1,189,0x0058509E,0x005850A2,8,100
69237,8825478,"Fernandes Vasconcelos",1,189,0x0058510A,0x0058510E,21,100
69239,8825482,"Guimarães Lima dos Santos",1,189,0x0058517C,0x00585180,25,100
69240,8825497,"Vega",1,189,0x005851C3,0x005851C7,4,100
69241,8825505,"dos Anjos Sávio",1,189,0x005851E0,0x005851E4,15,100
69242,8825506,"Dias de Santa Rita",1,189,0x00585213,0x00585217,18,100
69244,8825508,"Paixão Mesquita",1,189,0x00585287,0x0058528B,15,100
69245,8825510,"Tardelli Martins",1,189,0x005852BA,0x005852BE,16,100
69246,8825519,"Murbach",1,189,0x005852EF,0x005852F3,7,100
69248,3301576,"Juarez Roth",1,189,0x0058533D,0x00585341,11,100
69249,3301572,"Taira",1,189,0x00585368,0x0058536C,5,100
69251,319776,"Dutra Zanata",1,189,0x005853B8,0x005853BC,12,100
69252,8825623,"Schaeffer Batista",1,189,0x005853E5,0x005853E9,17,100
69256,3300721,"Cotrim",1,189,0x005854C3,0x005854C7,6,100
69257,400650,"Gomes Raimundo",1,189,0x005854E4,0x005854E8,14,100
69258,3300725,"Rocha Cabral",1,189,0x00585515,0x00585519,12,100
69259,3300728,"Nogueira dos Santos Júnior",1,189,0x00585542,0x00585546,26,100
69260,3300729,"Souza Mascarenhas",1,189,0x0058558B,0x0058558F,17,100
69261,5360540,"de Aleluia Silva",1,189,0x005855C2,0x005855C6,16,100
69263,319786,"dos Santos Roberto",1,189,0x0058561A,0x0058561E,18,100
69267,319791,"Nicolau",1,189,0x005856DC,0x005856E0,7,100
69268,302973,"Fortuna Abreu",1,189,0x005856FF,0x00585703,13,100
69269,3301551,"Salenave Santiago",1,189,0x0058572E,0x00585732,17,100
69270,302970,"Batista Arrabal",1,189,0x00585765,0x00585769,15,100
69271,302968,"Paixão da Silva",1,189,0x00585798,0x0058579C,15,100
69273,319792,"Peixoto Araújo",1,189,0x00585800,0x00585804,14,100
69274,302959,"Almeida Souza",1,189,0x00585831,0x00585835,13,100
69275,302941,"Tinoco",1,189,0x00585860,0x00585864,6,100
69278,8825754,"de Oliveira Avelar",1,189,0x005858E5,0x005858E9,18,100
69280,319928,"de Carvalho Fagundes",1,189,0x0058595B,0x0058595F,20,100
69281,8825757,"Silvério Aparecido",1,189,0x00585998,0x0058599C,18,100
69283,8825760,"Morisco da Silva",1,189,0x00585A02,0x00585A06,16,100
69284,8825763,"Platini Ernesto Vítor",1,189,0x00585A37,0x00585A3B,21,100
69286,319929,"Mendonça Nóbrega",1,189,0x00585AAF,0x00585AB3,16,100
69288,8825768,"Machado Martins Filho",1,189,0x00585B1D,0x00585B21,21,100
69290,8825770,"de Souza Medeiros",1,189,0x00585B8B,0x00585B8F,17,100
69291,8825771,"Guerra de Lima Almeida",1,189,0x00585BC2,0x00585BC6,22,100
69292,8825772,"Tomaz de Souza",1,189,0x00585C03,0x00585C07,14,100
69297,302846,"Quinhone",1,189,0x00585D02,0x00585D06,8,100
69298,302834,"Silva de Azevedo",1,189,0x00585D27,0x00585D2B,16,100
69300,302796,"Fischel",1,189,0x00585D83,0x00585D87,7,100
69302,320778,"Guieiro",1,189,0x00585DD9,0x00585DDD,7,100
69303,320072,"Lombardi",1,189,0x00585DFC,0x00585E00,8,100
69305,8825823,"Lins de Oliveira",1,189,0x00585E54,0x00585E58,16,100
69306,3301539,"de Oliveira Modesto",1,189,0x00585E89,0x00585E8D,19,100
69307,8825845,"de Carvalho Silva",1,189,0x00585EC4,0x00585EC8,17,100
69308,320075,"Machado Maciel",1,189,0x00585EFB,0x00585EFF,14,100
69310,320077,"das Chagas Cavalcante",1,189,0x00585F51,0x00585F55,21,100
69312,8825875,"Góes",1,189,0x00585FB5,0x00585FB9,4,100
69313,8825876,"Conte",1,189,0x00585FD2,0x00585FD6,5,100
69314,8825880,"Santos Romeu",1,189,0x00585FF1,0x00585FF5,12,100
69315,3301537,"Marques Musse",1,189,0x0058601E,0x00586022,13,100
69318,100013,"Giroldo Júnior",1,189,0x005860BD,0x005860C1,14,100
69319,3301524,"da Glória Fernandes",1,189,0x005860EE,0x005860F2,19,100
69320,320085,"Aranha da Conceição",1,189,0x00586129,0x0058612D,19,100
69321,320230,"da Rosa Saldanha",1,189,0x00586164,0x00586168,16,100
69323,3301511,"dos Santos Seves",1,189,0x005861D2,0x005861D6,16,100
69324,3301510,"Tavares Matta Barreto",1,189,0x00586207,0x0058620B,21,100
69325,3301509,"Pereira Bazílio",1,189,0x00586246,0x0058624A,15,100
69326,3301508,"Ferreira Silvestre",1,189,0x00586279,0x0058627D,18,100
69329,3301498,"Arruda Parente",1,189,0x0058631E,0x00586322,14,100
69330,3301495,"Brum Vallado",1,189,0x0058634F,0x00586353,12,100
69331,3301487,"Guerra Marques",1,189,0x0058637C,0x00586380,14,100
69332,3301481,"de Carvalho Silveira",1,189,0x005863AD,0x005863B1,20,100
69333,320232,"Campelo da Silva",1,189,0x005863EA,0x005863EE,16,100
69334,3301478,"Soares Giovanelli",1,189,0x0058641F,0x00586423,17,100
69339,104313,"Bolzoni",1,189,0x0058651E,0x00586522,7,100
69341,104341,"Gonçalves Costa Lopes",1,189,0x00586568,0x0058656C,21,100
69343,3301461,"de Andrade Bittencourt Pinheiro",1,189,0x005865D4,0x005865D8,31,100
69344,3301456,"Vitori",1,189,0x00586627,0x0058662B,6,100
69346,106073,"Carpegiani",1,189,0x00586679,0x0058667D,10,100
69347,3301455,"da Silva Ordálio",1,189,0x005866A2,0x005866A6,16,100
69349,106987,"Sampaio Campos",1,189,0x0058670C,0x00586710,14,100
69350,3301430,"de Moraes Rego",1,189,0x0058673D,0x00586741,14,100
69351,3301428,"Trovão",1,189,0x0058676E,0x00586772,6,100
69352,107142,"Thome",1,189,0x0058678F,0x00586793,5,100
69353,8825262,"Pena Júnior",1,189,0x005867AE,0x005867B2,11,100
69356,3301426,"Borsatto",1,189,0x00586837,0x0058683B,8,100
69358,320236,"Laranjeira",1,189,0x00586887,0x0058688B,10,100
69360,320238,"Cortez Cardoso",1,189,0x005868DB,0x005868DF,14,100
69361,3301420,"da Conceição Pinto",1,189,0x0058690C,0x00586910,18,100
69362,320239,"Manzato dos Santos",1,189,0x00586945,0x00586949,18,100
69365,320243,"Julião",1,189,0x005869DE,0x005869E2,6,100
69366,3301354,"Abi Chedid",1,189,0x005869FF,0x00586A03,10,100
69368,8826160,"Brás do Nascimento",1,189,0x00586A55,0x00586A59,18,100
69369,8826161,"Alves de Assis Silva",1,189,0x00586A8E,0x00586A92,20,100
69370,8826164,"Solito",1,189,0x00586ACB,0x00586ACF,6,100
69371,8826165,"Novi",1,189,0x00586AEC,0x00586AF0,4,100
69375,3301346,"Fateus dos Santos",1,189,0x00586B90,0x00586B94,17,100
69377,8826364,"Bremide Sales",1,189,0x00586BEC,0x00586BF0,13,100
69378,8826365,"Costa Soares",1,189,0x00586C1B,0x00586C1F,12,100
69379,8826366,"Rosa Madeira",1,189,0x00586C48,0x00586C4C,12,100
69380,8826368,"da Conceição Oliveira",1,189,0x00586C75,0x00586C79,21,100
69383,8826374,"Moraes da Fraga",1,189,0x00586D14,0x00586D18,15,100
69384,8826375,"Nogueira Barbosa",1,189,0x00586D47,0x00586D4B,16,100
69385,8826377,"Sad Volpato",1,189,0x00586D7C,0x00586D80,11,100
69387,8826379,"Ferreira Pires",1,189,0x00586DDA,0x00586DDE,14,100
69388,8826380,"Lopes do Prado Neto",1,189,0x00586E0B,0x00586E0F,19,100
69389,8826381,"Goulart Oliveira",1,189,0x00586E46,0x00586E4A,16,100
69390,8826383,"Braga Leal de Andrade",1,189,0x00586E7B,0x00586E7F,21,100
69391,8826386,"Marcabini Bianchi",1,189,0x00586EBA,0x00586EBE,17,100
69393,8826391,"Chamão de Medeiros",1,189,0x00586F22,0x00586F26,18,100
69395,8826395,"Coritiba Fraga",1,189,0x00586F9E,0x00586FA2,14,100
69396,3301342,"Sangaletti",1,189,0x00586FCF,0x00586FD3,10,100
69397,1200738,"Gomes Parreira",1,189,0x00586FF8,0x00586FFC,14,100
69400,1201525,"Jalles da Rocha",1,189,0x0058707D,0x00587081,15,100
69401,3301335,"Coelho da Silva",1,189,0x005870B0,0x005870B4,15,100
69404,3301331,"de Freitas Chaves",1,189,0x0058714B,0x0058714F,17,100
69405,320773,"da Silva e Sá",1,189,0x00587182,0x00587186,13,100
69406,7642553,"de Mattia",1,189,0x005871B1,0x005871B5,9,100
69408,2001439,"Leal Amorim",1,189,0x00587205,0x00587209,11,100
69409,2001443,"Feitosa Dias",1,189,0x00587230,0x00587234,12,100
69411,2001460,"Alves de Souza Neto",1,189,0x0058728E,0x00587292,19,100
69412,2001494,"França Batista",1,189,0x005872C9,0x005872CD,14,100
69416,2001623,"Tavares de Souza Polozi",1,189,0x00587399,0x0058739D,23,100
69420,320281,"Vieira Lemos",1,189,0x00587491,0x00587495,12,100
69423,320283,"de Lima Souto",1,189,0x0058750E,0x00587512,13,100
69424,320285,"Takeshi Janiques Osako",1,189,0x0058753D,0x00587541,22,100
69425,320286,"da Silva de Oliveira",1,189,0x0058757E,0x00587582,20,100
69427,3301308,"dal Pozzo",1,189,0x005875DA,0x005875DE,9,100
69431,3301302,"Bento da Cruz",1,189,0x0058769A,0x0058769E,13,100
69432,3301301,"Fernandes Flores",1,189,0x005876C9,0x005876CD,16,100
69433,2013429,"Galeano",1,189,0x005876FE,0x00587702,7,100
69434,320287,"Vieira Torres",1,189,0x00587721,0x00587725,13,100
69435,114557,"Evangelista de Moraes",1,189,0x00587750,0x00587754,21,100
69436,114619,"Gualberto de Bessa e Silva",1,189,0x0058778F,0x00587793,26,100
69438,320289,"Soares Micho Filho",1,189,0x005877F9,0x005877FD,18,100
69439,2016871,"Martins Dinelli",1,189,0x00587832,0x00587836,15,100
69440,7600960,"Rubim",1,189,0x00587865,0x00587869,5,100
69443,320291,"Coutinho Barcellos dos Santos",1,189,0x005878DE,0x005878E2,29,100
69444,304804,"Otaviano dos Santos",1,189,0x0058792D,0x00587931,19,100
69445,304802,"Pinto Filho Menezes",1,189,0x00587968,0x0058796C,19,100
69447,304799,"Corona",1,189,0x005879CA,0x005879CE,6,100
69450,304796,"de Azeredo Quelhas",1,189,0x00587A57,0x00587A5B,18,100
69453,304547,"Serna",1,189,0x00587B00,0x00587B04,5,100
69454,8826753,"Quintanilha",1,189,0x00587B1F,0x00587B23,11,100
69456,304545,"Vuig",1,189,0x00587B6D,0x00587B71,4,100
69458,8826777,"Matos Ferreira",1,189,0x00587BC5,0x00587BC9,14,100
69459,304353,"da Silva Bancilon",1,189,0x00587BF6,0x00587BFA,17,100
69461,303939,"Oliveira Gomes",1,189,0x00587C60,0x00587C64,14,100
69462,303938,"Assunção Gonçalves",1,189,0x00587C91,0x00587C95,18,100
69463,303936,"Romann",1,189,0x00587CCA,0x00587CCE,6,100
69464,303935,"Baluta",1,189,0x00587CEB,0x00587CEF,6,100
69465,320308,"Bonifácio da Rocha",1,189,0x00587D0C,0x00587D10,18,100
69466,303932,"Pastro",1,189,0x00587D45,0x00587D49,6,100
69467,303930,"Vuaden",1,189,0x00587D66,0x00587D6A,6,100
69468,303925,"Brum Coruja",1,189,0x00587D87,0x00587D8B,11,100
69469,303924,"Gaciba",1,189,0x00587DB2,0x00587DB6,6,100
69470,303923,"Meira Júnior",1,189,0x00587DD3,0x00587DD7,12,100
69471,3301281,"Gomes Pereira",1,189,0x00587E00,0x00587E04,13,100
69472,3301279,"Garcia Leal",1,189,0x00587E2F,0x00587E33,11,100
69473,8826855,"Caruta",1,189,0x00587E5A,0x00587E5E,6,100
69475,3301272,"Anunciado de Oliveira",1,189,0x00587E96,0x00587E9A,21,100
69476,3301269,"Alves Fraga",1,189,0x00587ED5,0x00587ED9,11,100
69479,8826947,"Correia Lacerda",1,189,0x00587F68,0x00587F6C,15,100
69480,8826949,"Carolina",1,189,0x00587F9B,0x00587F9F,8,100
69481,302785,"Segadas Viana Carvalho",1,189,0x00587FC0,0x00587FC4,22,100
69483,302729,"Leite Moreira",1,189,0x00588036,0x0058803A,13,100
69484,302727,"Carneiro Marinho",1,189,0x00588065,0x00588069,16,100
69485,302723,"Runco",1,189,0x0058809A,0x0058809E,5,100
69486,320313,"Souza Guimarães",1,189,0x005880B9,0x005880BD,15,100
69487,302698,"Nogueira Lopes",1,189,0x005880EC,0x005880F0,14,100
69488,302695,"da Silva Sarti",1,189,0x0058811D,0x00588121,14,100
69489,104546,"Moutinho Rodrigues",1,189,0x0058814E,0x00588152,18,100
69490,3301266,"Lustosa Seixas Pinheiro",1,189,0x00588187,0x0058818B,23,100
69491,115846,"Gama Nunes",1,189,0x005881CA,0x005881CE,10,100
69492,104517,"Rezende de Freitas",1,189,0x005881F3,0x005881F7,18,100
69493,464848,"Brito dos Prazeres",1,189,0x0058822C,0x00588230,18,100
69494,464846,"Moreira Jarró",1,189,0x00588265,0x00588269,13,100
69495,3301257,"Rabaldo",1,189,0x00588294,0x00588298,7,100
69496,115919,"de Vitor Santiago",1,189,0x005882B7,0x005882BB,17,100
69497,3301255,"Chrysostomo Fonseca",1,189,0x005882EE,0x005882F2,19,100
69498,3301252,"Fabri",1,189,0x00588329,0x0058832D,5,100
69499,8827039,"Corrêa Campello",1,189,0x00588348,0x0058834C,15,100
69503,5622593,"Carvalho Hudson",1,189,0x005883F6,0x005883FA,15,100
69504,3301241,"Cezar Viegas",1,189,0x00588429,0x0058842D,12,100
69505,457861,"Batista Casemir Marques",1,189,0x00588456,0x0058845A,23,100
69507,3301226,"Foiani",1,189,0x005884CC,0x005884D0,6,100
69509,3301222,"Tardivo Gonçalves Júnior",1,189,0x0058851A,0x0058851E,24,100
69510,302625,"Lourenço Bastos",1,189,0x0058855F,0x00588563,15,100
69511,302604,"Angione",1,189,0x00588592,0x00588596,7,100
69512,302590,"Meira Santos",1,189,0x005885B5,0x005885B9,12,100
69513,302585,"Zilli Júnior",1,189,0x005885E2,0x005885E6,12,100
69515,302580,"Garcia Magalhães",1,189,0x0058863C,0x00588640,16,100
69516,3301214,"Ribeiro Gonçalves",1,189,0x00588671,0x00588675,17,100
69517,3301213,"Yamada",1,189,0x005886A8,0x005886AC,6,100
69518,3301210,"Diniz Silva",1,189,0x005886C9,0x005886CD,11,100
69519,3301207,"Pereira Surcin",1,189,0x005886F4,0x005886F8,14,100
69521,457559,"de Jesús Nascimento Albuquerque",1,189,0x00588758,0x0058875C,31,100
69522,3301204,"Mendes Rodrigues",1,189,0x005887AB,0x005887AF,16,100
69524,3301198,"Assoline",1,189,0x0058880F,0x00588813,8,100
69525,3301196,"Marques Gomes",1,189,0x00588834,0x00588838,13,100
69528,3301191,"Menezes Hubner",1,189,0x005888C1,0x005888C5,14,100
69531,3301166,"Miranda de Oliveira",1,189,0x0058894A,0x0058894E,19,100
69532,3301158,"de Souza Caiche",1,189,0x00588985,0x00588989,15,100
69534,3301145,"Sangalli",1,189,0x005889D9,0x005889DD,8,100
69535,3301140,"Altino de Santana",1,189,0x005889FE,0x00588A02,17,100
69536,8827275,"Telles",1,189,0x00588A35,0x00588A39,6,100
69537,8827279,"Omaire",1,189,0x00588A56,0x00588A5A,6,100
69539,120522,"Autuori de Mello",1,189,0x00588A9A,0x00588A9E,16,100
69541,3301130,"Dutra de Resende",1,189,0x00588AF6,0x00588AFA,16,100
69542,8158933,"Araújo Silva",1,189,0x00588B2B,0x00588B2F,12,100
69543,3301129,"Amorim Maranho",1,189,0x00588B58,0x00588B5C,14,100
69544,3301128,"Tavares de Souza",1,189,0x00588B89,0x00588B8D,16,100
69545,3301124,"Alves da Silva Almeida",1,189,0x00588BBE,0x00588BC2,22,100
69546,3301118,"Gríggio",1,189,0x00588BFF,0x00588C03,7,100
69547,3301117,"Cordoval de Barros",1,189,0x00588C22,0x00588C26,18,100
69548,3301115,"Padrão de Abreu",1,189,0x00588C5B,0x00588C5F,15,100
69549,8827344,"Magalhães Novais",1,189,0x00588C8E,0x00588C92,16,100
69550,8827345,"Molon Júnior",1,189,0x00588CC3,0x00588CC7,12,100
69551,8827346,"Cruz Porto",1,189,0x00588CF0,0x00588CF4,10,100
69553,8827465,"Lima de Menezes",1,189,0x00588D5E,0x00588D62,15,100
69555,128022,"Marcón",1,189,0x00588DC8,0x00588DCC,6,100
69556,8827471,"Borges Leal",1,189,0x00588DE9,0x00588DED,11,100
69557,8827472,"Godói Pereira",1,189,0x00588E14,0x00588E18,13,100
69559,8827511,"Barbosa Tabata",1,189,0x00588E7A,0x00588E7E,14,100
69560,8827542,"de Souza Persici",1,189,0x00588EAB,0x00588EAF,16,100
69561,8827543,"Batista Cruz Filho",1,189,0x00588EE0,0x00588EE4,18,100
69564,8827550,"Lima Lopes",1,189,0x00588F71,0x00588F75,10,100
69565,8827553,"Machado Corrêa",1,189,0x00588F9A,0x00588F9E,14,100
69567,8827556,"Rodrigues Pereira",1,189,0x00588FFA,0x00588FFE,17,100
69569,8827558,"Pimentel Barcellos",1,189,0x00589062,0x00589066,18,100
69573,302566,"Dias Batista",1,189,0x0058911C,0x00589120,12,100
69574,302493,"Moreira Lotufo",1,189,0x00589149,0x0058914D,14,100
69575,302490,"Torrezan",1,189,0x0058917A,0x0058917E,8,100
69576,302486,"Jerônimo Mello",1,189,0x0058919F,0x005891A3,14,100
69578,302472,"Moraes de Almeida Júnior",1,189,0x00589205,0x00589209,24,100
69580,302465,"Gerlin da Silva",1,189,0x00589281,0x00589285,15,100
69581,302462,"Ferreira Narde",1,189,0x005892B4,0x005892B8,14,100
69582,302461,"Simplício",1,189,0x005892E5,0x005892E9,9,100
69584,302447,"Haus Belletti",1,189,0x00589331,0x00589335,13,100
69585,3301111,"Vidal dos Reis",1,189,0x00589360,0x00589364,14,100
69589,302346,"Silveira Finazzi",1,189,0x00589406,0x0058940A,16,100
69590,302345,"Ramos Costa",1,189,0x0058943B,0x0058943F,11,100
69591,3301109,"Ferreira Loiola",1,189,0x00589466,0x0058946A,15,100
69593,3301099,"Dionísio Correia",1,189,0x005894BA,0x005894BE,16,100
69594,3301098,"Döring",1,189,0x005894EF,0x005894F3,6,100
69595,3301095,"Posso Moreno",1,189,0x00589510,0x00589514,12,100
69596,3301094,"Perrella de Oliveira Costa",1,189,0x0058953D,0x00589541,26,100
69597,3301090,"Silva Ramos",1,189,0x00589586,0x0058958A,11,100
69598,320343,"Ventura Amoroso",1,189,0x005895B1,0x005895B5,15,100
69600,5261745,"Escouto Franco",1,189,0x00589615,0x00589619,14,100
69601,3301058,"Rezende de Oliveira",1,189,0x00589646,0x0058964A,19,100
69602,3301057,"de Carvalho Barbosa",1,189,0x00589681,0x00589685,19,100
69603,3301053,"Castro de Araújo",1,189,0x005896BC,0x005896C0,16,100
69605,320346,"do Prado Júnior",1,189,0x0058972A,0x0058972E,15,100
69607,320348,"Vieira Salles",1,189,0x00589784,0x00589788,13,100
69610,3301027,"Alvares de Cabral",1,189,0x00589821,0x00589825,17,100
69611,3301017,"Volpatto Netto",1,189,0x00589858,0x0058985C,14,100
69612,320768,"Breda Rodrigues",1,189,0x00589889,0x0058988D,15,100
69613,3301005,"Donizete Luís",1,189,0x005898BC,0x005898C0,13,100
69614,3301003,"Franchin Schiavolin",1,189,0x005898EB,0x005898EF,19,100
69616,320767,"de Matos Cruz",1,189,0x0058995F,0x00589963,13,100
69618,3300997,"Belloto",1,189,0x005899CD,0x005899D1,7,100
69619,3300993,"Pontes de Paiva",1,189,0x005899F0,0x005899F4,15,100
69621,302342,"Neto Camargo",1,189,0x00589A54,0x00589A58,12,100
69622,3300990,"de Paula Queiroz",1,189,0x00589A81,0x00589A85,16,100
69623,8827744,"Rodrigues Fonseca",1,189,0x00589AB6,0x00589ABA,17,100
69624,8827746,"Alves Carreira",1,189,0x00589AED,0x00589AF1,14,100
69626,3300977,"Ceni",1,189,0x00589B4D,0x00589B51,4,100
69627,3300974,"Ponte",1,189,0x00589B6A,0x00589B6E,5,100
69629,3300971,"Tomé de Souza",1,189,0x00589BBA,0x00589BBE,13,100
69630,3300969,"Scrocca Cundiev",1,189,0x00589BE9,0x00589BED,15,100
69632,3300955,"Pitarelli",1,189,0x00589C59,0x00589C5D,9,100
69633,3300954,"Fumeiro Alvarez",1,189,0x00589C80,0x00589C84,15,100
69635,3300944,"Formoso Pires",1,189,0x00589CDA,0x00589CDE,13,100
69636,3300942,"Batista de Carvalho",1,189,0x00589D09,0x00589D0D,19,100
69638,302304,"Vantuíres Rezende",1,189,0x00589D6F,0x00589D73,17,100
69639,3300938,"Natalino Jacinto",1,189,0x00589DA6,0x00589DAA,16,100
69641,302284,"Mendes da Paixão Júnior",1,189,0x00589E04,0x00589E08,23,100
69642,320469,"Tenório de Andrade Neto",1,189,0x00589E47,0x00589E4B,23,100
69643,320470,"Santana da Silva Júnior",1,189,0x00589E8A,0x00589E8E,23,100
69645,3300927,"Camargo Coracini",1,189,0x00589EF0,0x00589EF4,16,100
69646,302222,"de Jesús Carvalho",1,189,0x00589F25,0x00589F29,17,100
69647,3300926,"Figueira Camargo",1,189,0x00589F5C,0x00589F60,16,100
69648,302197,"Mendonça Bezerra",1,189,0x00589F91,0x00589F95,16,100
69651,302175,"da Fé de Freitas",1,189,0x0058A01A,0x0058A01E,16,100
69652,302173,"Ribeiro de Almeida",1,189,0x0058A04F,0x0058A053,18,100
69653,302172,"Ferreira Nobre",1,189,0x0058A088,0x0058A08C,14,100
69654,302170,"Ribeiro Vargas",1,189,0x0058A0B9,0x0058A0BD,14,100
69656,320472,"Silva de Santana",1,189,0x0058A10D,0x0058A111,16,100
69657,302076,"Aparecido de Oliveira",1,189,0x0058A142,0x0058A146,21,100
69658,302072,"de Lima Rodrigues",1,189,0x0058A181,0x0058A185,17,100
69659,302071,"de Lima Pinto",1,189,0x0058A1B8,0x0058A1BC,13,100
69660,320474,"Ferriera da Silva",1,189,0x0058A1E7,0x0058A1EB,17,100
69661,320475,"Ítalo Melo",1,189,0x0058A21E,0x0058A222,10,100
69663,8835245,"Sales de Santana",1,189,0x0058A270,0x0058A274,16,100
69664,8835242,"Brandaglia Costa",1,189,0x0058A2A5,0x0058A2A9,16,100
69665,8835241,"Guerreiro Rocha",1,189,0x0058A2DA,0x0058A2DE,15,100
69666,8835240,"Silva Assis de Oliveira Júnior",1,189,0x0058A30D,0x0058A311,30,100
69668,8835237,"Egito",1,189,0x0058A383,0x0058A387,5,100
69670,8835235,"Freire dos Santos",1,189,0x0058A3CF,0x0058A3D3,17,100
69671,3300910,"Sales de Souza",1,189,0x0058A406,0x0058A40A,14,100
69672,8835232,"Corrêa Piller Filho",1,189,0x0058A437,0x0058A43B,19,100
69674,8835226,"Pavi",1,189,0x0058A491,0x0058A495,4,100
69676,8827957,"Miranda da Conceição",1,189,0x0058A4CF,0x0058A4D3,20,100
69678,8835223,"Mior Júnior",1,189,0x0058A53B,0x0058A53F,11,100
69680,8835221,"Horn Peixoto",1,189,0x0058A597,0x0058A59B,12,100
69681,8835219,"Carmona da Silva",1,189,0x0058A5C4,0x0058A5C8,16,100
69682,8835215,"da Silva Pedroso",1,189,0x0058A5F9,0x0058A5FD,16,100
69683,8835214,"Gonçalves Mendez",1,189,0x0058A62E,0x0058A632,16,100
69685,3300908,"Vieira Cavalcante",1,189,0x0058A686,0x0058A68A,17,100
69687,8835211,"Rampi",1,189,0x0058A6F0,0x0058A6F4,5,100
69688,8835209,"Vendruscolo Brancher",1,189,0x0058A70F,0x0058A713,20,100
69689,8835207,"da Chaga da Veiga",1,189,0x0058A74C,0x0058A750,17,100
69690,8835204,"Vortmann",1,189,0x0058A783,0x0058A787,8,100
69693,3300906,"Machado Souto",1,189,0x0058A80E,0x0058A812,13,100
69694,8835186,"da Silva Jaques",1,189,0x0058A83D,0x0058A841,15,100
69696,8835184,"Hovarth",1,189,0x0058A8A1,0x0058A8A5,7,100
69697,8835182,"Drey",1,189,0x0058A8C4,0x0058A8C8,4,100
69699,8835177,"Boccudo Pinto",1,189,0x0058A918,0x0058A91C,13,100
69700,8835175,"de Oliveira Tomáz",1,189,0x0058A947,0x0058A94B,17,100
69702,8835172,"da Silva Bueno",1,189,0x0058A9A7,0x0058A9AB,14,100
69703,8835171,"Lopes da Cunha",1,189,0x0058A9D8,0x0058A9DC,14,100
69705,8835168,"Rudolph",1,189,0x0058AA46,0x0058AA4A,7,100
69707,8835166,"da Silva Antônio",1,189,0x0058AA92,0x0058AA96,16,100
69709,8835164,"Fachim Romanini",1,189,0x0058AAFC,0x0058AB00,15,100
69713,8835156,"Grohe",1,189,0x0058ABAE,0x0058ABB2,5,100
69715,8835154,"Fittipaldi Medaglia",1,189,0x0058AC04,0x0058AC08,19,100
69716,8835153,"Lenuzza Castilhos",1,189,0x0058AC3F,0x0058AC43,17,100
69717,8835152,"Cardoso Ribeiro da Luz",1,189,0x0058AC76,0x0058AC7A,22,100
69721,8835146,"Alves Ezequiel de Souza",1,189,0x0058AD42,0x0058AD46,23,100
69722,8835145,"Soares Hernandez",1,189,0x0058AD85,0x0058AD89,16,100
69723,8835144,"Silveira Terragno",1,189,0x0058ADBA,0x0058ADBE,17,100
69724,8835143,"da Silva Brasil Júnior",1,189,0x0058ADF1,0x0058ADF5,22,100
69725,8835142,"Rempel",1,189,0x0058AE32,0x0058AE36,6,100
69727,8835140,"Diel Vieira",1,189,0x0058AE7E,0x0058AE82,11,100
69728,8835139,"Martins Nunes",1,189,0x0058AEA9,0x0058AEAD,13,100
69730,8835135,"Valentim Rosa",1,189,0x0058AF0D,0x0058AF11,13,100
69731,8835133,"de Jesús Novaes",1,189,0x0058AF3C,0x0058AF40,15,100
69732,8835132,"da Veiga",1,189,0x0058AF6F,0x0058AF73,8,100
69734,8835129,"Coutinho Martins",1,189,0x0058AFCB,0x0058AFCF,16,100
69736,8835127,"Beschorner",1,189,0x0058B023,0x0058B027,10,100
69739,8835124,"de Siqueira Ataíde",1,189,0x0058B0A4,0x0058B0A8,18,100
69740,8835123,"Pereira Oliveira",1,189,0x0058B0DD,0x0058B0E1,16,100
69741,8835122,"Ferreira Duraes",1,189,0x0058B112,0x0058B116,15,100
69742,8835121,"do Amaral Benites",1,189,0x0058B145,0x0058B149,17,100
69743,8835120,"Marinho de Andrade Júnior",1,189,0x0058B17C,0x0058B180,25,100
69745,8835117,"Peil",1,189,0x0058B1F8,0x0058B1FC,4,100
69747,320496,"Todescato",1,189,0x0058B242,0x0058B246,9,100
69748,8835113,"Lessa",1,189,0x0058B269,0x0058B26D,5,100
69749,8835112,"Spínola",1,189,0x0058B288,0x0058B28C,7,100
69750,8835111,"Fonseca Rodrigues",1,189,0x0058B2AB,0x0058B2AF,17,100
69751,8835110,"Müller de Almeida",1,189,0x0058B2E2,0x0058B2E6,17,100
69752,8835109,"Oliveira Ávila",1,189,0x0058B319,0x0058B31D,14,100
69754,8835107,"Gonçalves Ferreira",1,189,0x0058B369,0x0058B36D,18,100
69757,8835104,"Bertoti Padilha",1,189,0x0058B3FE,0x0058B402,15,100
69758,8835102,"Segobe da Silva",1,189,0x0058B431,0x0058B435,15,100
69760,8835100,"Falavigna Santos",1,189,0x0058B491,0x0058B495,16,100
69761,8835097,"Delabona Zanchi",1,189,0x0058B4C6,0x0058B4CA,15,100
69763,8835094,"da Silva Pinho",1,189,0x0058B518,0x0058B51C,14,100
69764,8835089,"Lourenção Baroni",1,189,0x0058B549,0x0058B54D,16,100
69765,8835086,"Santos Alcântara",1,189,0x0058B57E,0x0058B582,16,100
69766,3300891,"Vila Verde Caetano",1,189,0x0058B5B3,0x0058B5B7,18,100
69768,8834929,"Ferreira de Morais Filho",1,189,0x0058B623,0x0058B627,24,100
69769,8834925,"Warmling Júnior",1,189,0x0058B668,0x0058B66C,15,100
69770,8834923,"de Souza Calado",1,189,0x0058B69B,0x0058B69F,15,100
69771,8834922,"Meireles do Nascimento",1,189,0x0058B6CE,0x0058B6D2,22,100
69772,8834918,"Vilas Boas Tavares",1,189,0x0058B70F,0x0058B713,18,100
69773,8834911,"Torreira da Gama Lima",1,189,0x0058B748,0x0058B74C,21,100
69775,8834821,"Vieira de Araújo Júnior",1,189,0x0058B7BA,0x0058B7BE,23,100
69776,8834820,"Freire da Silva",1,189,0x0058B7FD,0x0058B801,15,100
69778,8834815,"Gueldini",1,189,0x0058B861,0x0058B865,8,100
69781,8833792,"Santiago e Souza",1,189,0x0058B8F2,0x0058B8F6,16,100
69782,8833782,"Martins Soares",1,189,0x0058B927,0x0058B92B,14,100
69783,8833780,"Guarilha de Faro Vieira",1,189,0x0058B958,0x0058B95C,23,100
69785,8833774,"Kuse",1,189,0x0058B9D0,0x0058B9D4,4,100
69787,8833772,"Balbino de Oliveira",1,189,0x0058BA16,0x0058BA1A,19,100
69789,8833768,"Schlinguein",1,189,0x0058BA70,0x0058BA74,11,100
69790,8833765,"Souza Orestes Caldeira",1,189,0x0058BA9B,0x0058BA9F,22,100
69792,8833762,"Perazzoli",1,189,0x0058BB13,0x0058BB17,9,100
69795,8833759,"Garcia Vieira",1,189,0x0058BBAA,0x0058BBAE,13,100
69796,8833758,"Konzen",1,189,0x0058BBD9,0x0058BBDD,6,100
69797,8833757,"da Silva Casimiro",1,189,0x0058BBFA,0x0058BBFE,17,100
69799,8833755,"Gavìraghi",1,189,0x0058BC50,0x0058BC54,9,100
69800,8833754,"da Rosa Ribeiro",1,189,0x0058BC77,0x0058BC7B,15,100
69802,8833752,"de Arruda Lima",1,189,0x0058BCEB,0x0058BCEF,14,100
69804,8833748,"Martins Silveira",1,189,0x0058BD49,0x0058BD4D,16,100
69806,8833746,"Holz Dillschneider",1,189,0x0058BDB3,0x0058BDB7,18,100
69807,8833745,"Goin",1,189,0x0058BDEC,0x0058BDF0,4,100
69808,8833744,"de Baldi",1,189,0x0058BE09,0x0058BE0D,8,100
69810,8833742,"Silva Frois",1,189,0x0058BE57,0x0058BE5B,11,100
69811,8833741,"Assmann",1,189,0x0058BE82,0x0058BE86,7,100
69812,8833740,"Passamani Pinto",1,189,0x0058BEA5,0x0058BEA9,15,100
69813,8833737,"Bergher",1,189,0x0058BED8,0x0058BEDC,7,100
69814,8833736,"dos Santos Nery",1,189,0x0058BEFB,0x0058BEFF,15,100
69815,8833735,"Guedes Ribeiro",1,189,0x0058BF2E,0x0058BF32,14,100
69816,8833733,"Neitzke",1,189,0x0058BF5F,0x0058BF63,7,100
69817,8833732,"Carvalho Souza",1,189,0x0058BF82,0x0058BF86,14,100
69818,8833730,"dos Santos de Freitas",1,189,0x0058BFB3,0x0058BFB7,21,100
69820,8833727,"de Jesús Velho",1,189,0x0058C01F,0x0058C023,14,100
69822,8833723,"Cirne Lima de Lorenzi",1,189,0x0058C087,0x0058C08B,21,100
69823,8833722,"Motta de Oliveira",1,189,0x0058C0C6,0x0058C0CA,17,100
69824,8833720,"Carniel Hiller",1,189,0x0058C0FD,0x0058C101,14,100
69825,8833718,"Vaz Corrêa",1,189,0x0058C12E,0x0058C132,10,100
69827,8833716,"Tonini",1,189,0x0058C18A,0x0058C18E,6,100
69828,320555,"Gaspar Bonfim",1,189,0x0058C1AB,0x0058C1AF,13,100
69830,8833711,"Lopes de Senna",1,189,0x0058C20D,0x0058C211,14,100
69831,8833705,"Porcellis de Oliveira",1,189,0x0058C23E,0x0058C242,21,100
69832,8833704,"Poisl",1,189,0x0058C27D,0x0058C281,5,100
69834,301978,"de Souza Ozias",1,189,0x0058C2C9,0x0058C2CD,14,100
69836,8829230,"Gomes de Lima",1,189,0x0058C327,0x0058C32B,13,100
69837,8829232,"Lopes Pereira",1,189,0x0058C356,0x0058C35A,13,100
69839,8833696,"Albuquerque Drummond",1,189,0x0058C3AA,0x0058C3AE,20,100
69841,8833694,"Azeredo Gaedke",1,189,0x0058C436,0x0058C43A,14,100
69843,8833690,"Marsiaj Oliveira",1,189,0x0058C49E,0x0058C4A2,16,100
69844,8833689,"Godói dos Santos",1,189,0x0058C4D3,0x0058C4D7,16,100
69847,8833684,"Corbellini",1,189,0x0058C582,0x0058C586,10,100
69849,8833682,"Pacheco Fraga",1,189,0x0058C5EE,0x0058C5F2,13,100
69850,8833681,"da Silva Só",1,189,0x0058C61D,0x0058C621,11,100
69851,8833680,"Marcelino da Silva",1,189,0x0058C648,0x0058C64C,18,100
69852,8833679,"Kologeski",1,189,0x0058C681,0x0058C685,9,100
69854,8833677,"Nascimento Brandão",1,189,0x0058C6DF,0x0058C6E3,18,100
69855,8833676,"Fredo Estigarribia",1,189,0x0058C718,0x0058C71C,18,100
69858,8833675,"Furtado Acosta",1,189,0x0058C7CB,0x0058C7CF,14,100
69859,8829315,"Guimarães Almeida",1,189,0x0058C7FC,0x0058C800,17,100
69860,8833674,"Gottardi",1,189,0x0058C833,0x0058C837,8,100
69861,8833673,"Machado Schmorantz",1,189,0x0058C858,0x0058C85C,18,100
69862,8833671,"Moraes dos Santos",1,189,0x0058C891,0x0058C895,17,100
69864,8833664,"Henz Pereira da Silva",1,189,0x0058C8F9,0x0058C8FD,21,100
69865,8833663,"Crescente",1,189,0x0058C938,0x0058C93C,9,100
69867,8833659,"Carravetta",1,189,0x0058C97C,0x0058C980,10,100
69869,8833657,"Medeiros Grassi",1,189,0x0058C9CA,0x0058C9CE,15,100
69871,8833651,"Flores Lima",1,189,0x0058CA1E,0x0058CA22,11,100
69872,8833650,"Pereira Canto",1,189,0x0058CA49,0x0058CA4D,13,100
69873,8833647,"Ramos Barreto",1,189,0x0058CA78,0x0058CA7C,13,100
69874,8833646,"Abs",1,189,0x0058CAA7,0x0058CAAB,3,100
69875,8833645,"Tavares da Cunha",1,189,0x0058CAC2,0x0058CAC6,16,100
69877,8833641,"dos Santos Barroso",1,189,0x0058CB2C,0x0058CB30,18,100
69878,8833640,"Lemes da Costa",1,189,0x0058CB65,0x0058CB69,14,100
69879,8833639,"Oliveira Maciel",1,189,0x0058CB96,0x0058CB9A,15,100
69880,8833635,"Pereira Nascimento",1,189,0x0058CBC9,0x0058CBCD,18,100
69883,8833631,"Cardoso Ferreira",1,189,0x0058CC68,0x0058CC6C,16,100
69884,8833627,"Mengarda",1,189,0x0058CC9D,0x0058CCA1,8,100
69885,8833626,"Nascimento Moscatelli",1,189,0x0058CCC2,0x0058CCC6,21,100
69886,320756,"da Luz Ferreira Pinto",1,189,0x0058CD01,0x0058CD05,21,100
69888,8833618,"Marques Menezes",1,189,0x0058CD71,0x0058CD75,15,100
69889,8833617,"Amaral da Costa",1,189,0x0058CDA4,0x0058CDA8,15,100
69892,8833613,"Vieira Calado",1,189,0x0058CE53,0x0058CE57,13,100
69893,8833612,"de Paula Ribeiro Ingracia",1,189,0x0058CE82,0x0058CE86,25,100
69895,8833609,"Egon de Paula",1,189,0x0058CEF8,0x0058CEFC,13,100
69896,8833607,"Xavier de Camargo",1,189,0x0058CF27,0x0058CF2B,17,100
69897,8833605,"Munhoz de Souza",1,189,0x0058CF5E,0x0058CF62,15,100
69899,8833595,"Gustinelli Migliati",1,189,0x0058CFB8,0x0058CFBC,19,100
69900,8833593,"Alves Albina",1,189,0x0058CFF3,0x0058CFF7,12,100
69901,8833591,"Verardi",1,189,0x0058D020,0x0058D024,7,100
69903,8833589,"Prado Nogueira",1,189,0x0058D06E,0x0058D072,14,100
69905,8833586,"Saraiva Fagundes",1,189,0x0058D0D6,0x0058D0DA,16,100
69907,8833584,"Russowski",1,189,0x0058D146,0x0058D14A,9,100
69909,8833582,"Mosael Gewehr",1,189,0x0058D1A0,0x0058D1A4,13,100
69910,8833581,"Preis",1,189,0x0058D1CF,0x0058D1D3,5,100
69912,8833578,"de Oliveira Jesuíno",1,189,0x0058D21D,0x0058D221,19,100
69913,8833577,"Pezzini Leiva",1,189,0x0058D258,0x0058D25C,13,100
69915,8833575,"Kroeff",1,189,0x0058D2BE,0x0058D2C2,6,100
69916,8833574,"Krebs",1,189,0x0058D2DF,0x0058D2E3,5,100
69917,8833572,"Fortes de Souza",1,189,0x0058D2FE,0x0058D302,15,100
69919,8833570,"Souto Júnior",1,189,0x0058D354,0x0058D358,12,100
69920,320564,"do Nascimento Cabral",1,189,0x0058D381,0x0058D385,20,100
69921,8833568,"Teixeira Dorte",1,189,0x0058D3BE,0x0058D3C2,14,100
69922,8833564,"Zielinski Rodrigues",1,189,0x0058D3EF,0x0058D3F3,19,100
69924,8833562,"Galatto",1,189,0x0058D461,0x0058D465,7,100
69926,8833560,"Kaufmann",1,189,0x0058D4B3,0x0058D4B7,8,100
69927,8833559,"Mattione Rohde",1,189,0x0058D4D8,0x0058D4DC,14,100
69934,8833548,"da Cruz de Oliveira",1,189,0x0058D61D,0x0058D621,19,100
69937,8833544,"Zenette",1,189,0x0058D6A0,0x0058D6A4,7,100
69939,8833541,"Santana Conceição",1,189,0x0058D6F6,0x0058D6FA,17,100
69940,320565,"Adalberto Nitsche",1,189,0x0058D72D,0x0058D731,17,100
69941,3300873,"Picerni",1,189,0x0058D764,0x0058D768,7,100
69942,8833535,"Moreira Santos",1,189,0x0058D787,0x0058D78B,14,100
69943,8833534,"Queiroz dos Santos",1,189,0x0058D7B8,0x0058D7BC,18,100
69944,8833532,"Chagas Cavalcante",1,189,0x0058D7F1,0x0058D7F5,17,100
69945,8833531,"Ferreira Medeiros",1,189,0x0058D828,0x0058D82C,17,100
69947,8833527,"Alves Mota Andrade",1,189,0x0058D888,0x0058D88C,18,100
69948,8833524,"Júnior de Moura",1,189,0x0058D8C1,0x0058D8C5,15,100
69950,8833516,"Ferreira Luna",1,189,0x0058D929,0x0058D92D,13,100
69952,8833512,"Grein Júnior",1,189,0x0058D98F,0x0058D993,12,100
69954,8833510,"Lopes da Silva Júnior",1,189,0x0058D9ED,0x0058D9F1,21,100
69955,8829637,"da Silva Trannin",1,189,0x0058DA2C,0x0058DA30,16,100
69956,8833509,"Peçanha Gomes",1,189,0x0058DA61,0x0058DA65,13,100
69958,8833508,"Saltori Louzada",1,189,0x0058DAAF,0x0058DAB3,15,100
69959,8833505,"Nascimento Santos",1,189,0x0058DAE2,0x0058DAE6,17,100
69960,8833504,"Viana Guimarães",1,189,0x0058DB19,0x0058DB1D,15,100
69962,8833502,"Sena Júnior",1,189,0x0058DB81,0x0058DB85,11,100
69964,8833494,"Nogueira Silva",1,189,0x0058DBDF,0x0058DBE3,14,100
69966,8833485,"Foletto",1,189,0x0058DC35,0x0058DC39,7,100
69967,8833484,"France da Silva",1,189,0x0058DC58,0x0058DC5C,15,100
69968,8833483,"Coelho Claudiano",1,189,0x0058DC8B,0x0058DC8F,16,100
69969,8833481,"da Fonseca Euzébio",1,189,0x0058DCC0,0x0058DCC4,18,100
69970,8833480,"Avelino Coelho",1,189,0x0058DCF9,0x0058DCFD,14,100
69971,8833479,"Fahel Matos",1,189,0x0058DD2A,0x0058DD2E,11,100
69972,8833476,"Morais Reis",1,189,0x0058DD55,0x0058DD59,11,100
69973,8833475,"Teixeira Duarte",1,189,0x0058DD80,0x0058DD84,15,100
69974,8833473,"Alves Botelho",1,189,0x0058DDB3,0x0058DDB7,13,100
69975,8833472,"Valério da Silva",1,189,0x0058DDE2,0x0058DDE6,16,100
69977,8833470,"da Cruz Coimbra",1,189,0x0058DE3A,0x0058DE3E,15,100
69978,320567,"Ferreira Pedro",1,189,0x0058DE6D,0x0058DE71,14,100
69979,8833444,"Thomazotti Pierrotti",1,189,0x0058DE9E,0x0058DEA2,20,100
69980,8833435,"Alencar de Freitas",1,189,0x0058DEDB,0x0058DEDF,18,100
69982,8833425,"Rodrigues Batista",1,189,0x0058DF39,0x0058DF3D,17,100
69983,8833424,"Ferreira Xavier",1,189,0x0058DF70,0x0058DF74,15,100
69985,320569,"Soares de Oliveira Augusto",1,189,0x0058DFEA,0x0058DFEE,26,100
69986,3300870,"Comelli",1,189,0x0058E033,0x0058E037,7,100
69989,3300861,"Cosme",1,189,0x0058E0C0,0x0058E0C4,5,100
69992,3300854,"Isoppo",1,189,0x0058E129,0x0058E12D,6,100
69994,3300841,"Lima Veiga",1,189,0x0058E17B,0x0058E17F,10,100
69995,3301604,"Santos Travassos",1,189,0x0058E1A4,0x0058E1A8,16,100
69996,3301603,"Dacildo Mourão",1,189,0x0058E1D9,0x0058E1DD,14,100
69997,3301602,"Lourenço Barreto",1,189,0x0058E20A,0x0058E20E,16,100
69998,320572,"Fracchi Fernandes",1,189,0x0058E23F,0x0058E243,17,100
70000,3300839,"Domingos Antônio",1,189,0x0058E29B,0x0058E29F,16,100
70002,320755,"dos Santos Couto",1,189,0x0058E303,0x0058E307,16,100
70004,320574,"de Souza Jorge",1,189,0x0058E355,0x0058E359,14,100
70005,320576,"Siqueira Pessanha",1,189,0x0058E386,0x0058E38A,17,100
70008,8833070,"Dagostini",1,189,0x0058E41D,0x0058E421,9,100
70009,8833067,"Correia Diogo Nunes",1,189,0x0058E444,0x0058E448,19,100
70010,320587,"Lobo",1,189,0x0058E47F,0x0058E483,4,100
70011,8832971,"Bernardes da Silva Filho",1,189,0x0058E49C,0x0058E4A0,24,100
70012,8832970,"Venker Menezes",1,189,0x0058E4E1,0x0058E4E5,14,100
70016,8832961,"Camozzato",1,189,0x0058E5AB,0x0058E5AF,9,100
70017,8832960,"Rodrigues Paixão",1,189,0x0058E5D2,0x0058E5D6,16,100
70018,8832959,"Spellmeier",1,189,0x0058E607,0x0058E60B,10,100
70019,8832958,"Tormena",1,189,0x0058E630,0x0058E634,7,100
70021,8832956,"Zanol",1,189,0x0058E688,0x0058E68C,5,100
70022,8832955,"de Oliveira Ribas",1,189,0x0058E6A7,0x0058E6AB,17,100
70023,320589,"Barbosa Ramalho",1,189,0x0058E6DE,0x0058E6E2,15,100
70024,320591,"Macedo Castellani",1,189,0x0058E711,0x0058E715,17,100
70026,8829857,"Vier",1,189,0x0058E77D,0x0058E781,4,100
70027,8829859,"Bretanha Hepp",1,189,0x0058E79A,0x0058E79E,13,100
70028,320608,"Flores Gomes",1,189,0x0058E7C9,0x0058E7CD,12,100
70031,8829869,"Burigo Balthazar",1,189,0x0058E840,0x0058E844,16,100
70034,8829874,"Júnior Lazzari",1,189,0x0058E8E1,0x0058E8E5,14,100
70035,8829875,"Sulzbacher da Silva",1,189,0x0058E912,0x0058E916,19,100
70037,320612,"Fortunatti",1,189,0x0058E97C,0x0058E980,10,100
70038,8829883,"da Silveira Müller",1,189,0x0058E9A5,0x0058E9A9,18,100
70041,8832950,"Companhoni Machado",1,189,0x0058EA2A,0x0058EA2E,18,100
70042,8832949,"Betanin",1,189,0x0058EA63,0x0058EA67,7,100
70044,3300817,"da Silva Leal",1,189,0x0058EAA5,0x0058EAA9,13,100
70045,8832945,"Menegat",1,189,0x0058EAD4,0x0058EAD8,7,100
70046,8832944,"Maitelli",1,189,0x0058EAF7,0x0058EAFB,8,100
70047,8832943,"Kaliffe",1,189,0x0058EB1C,0x0058EB20,7,100
70048,8832942,"Daneluz Soares",1,189,0x0058EB3F,0x0058EB43,14,100
70050,8832939,"Finger",1,189,0x0058EBA7,0x0058EBAB,6,100
70051,8832935,"Cardoso de Moreira",1,189,0x0058EBC8,0x0058EBCC,18,100
70052,8832934,"dall Pizzol",1,189,0x0058EC01,0x0058EC05,11,100
70053,8832933,"Cunha Lima",1,189,0x0058EC2C,0x0058EC30,10,100
70055,320613,"Valle de Oliveira e Cruz",1,189,0x0058EC92,0x0058EC96,24,100
70056,8832930,"Boff",1,189,0x0058ECD7,0x0058ECDB,4,100
70058,8832909,"Simões de Jesús",1,189,0x0058ED27,0x0058ED2B,15,100
70063,8832895,"Marques Mariano",1,189,0x0058EE12,0x0058EE16,15,100
70064,8832894,"Piçarro",1,189,0x0058EE45,0x0058EE49,7,100
70065,8832892,"de Souza Floresta",1,189,0x0058EE68,0x0058EE6C,17,100
70066,8832890,"Magalhães Dias",1,189,0x0058EE9F,0x0058EEA3,14,100
70067,8832888,"Garcia de Vasconcelos",1,189,0x0058EED0,0x0058EED4,21,100
70068,8829989,"Silva Madureira",1,189,0x0058EF0F,0x0058EF13,15,100
70069,8829990,"Marcelino de Souza",1,189,0x0058EF42,0x0058EF46,18,100
70070,320615,"Alves da Paixão",1,189,0x0058EF7B,0x0058EF7F,15,100
70072,8829994,"Júnior Baitler",1,189,0x0058EFDF,0x0058EFE3,14,100
70073,8829995,"de Castro Valeriano",1,189,0x0058F010,0x0058F014,19,100
70075,8832882,"Carpinelle",1,189,0x0058F072,0x0058F076,10,100
70076,8832880,"Osório Romão",1,189,0x0058F09B,0x0058F09F,12,100
70077,8832879,"Zatta",1,189,0x0058F0C8,0x0058F0CC,5,100
70078,8832878,"Nascimento dos Santos Filho",1,189,0x0058F0E7,0x0058F0EB,27,100
70081,8832868,"Ferreira Mendes Bersch",1,189,0x0058F196,0x0058F19A,22,100
70082,8832867,"Bezerra Melo",1,189,0x0058F1D7,0x0058F1DB,12,100
70085,8832864,"Dias do Nascimento",1,189,0x0058F256,0x0058F25A,18,100
70086,8832863,"Podadeiro",1,189,0x0058F28F,0x0058F293,9,100
70087,8832862,"Chaves Machado",1,189,0x0058F2B6,0x0058F2BA,14,100
70088,8832860,"da Cruz Almeida",1,189,0x0058F2E7,0x0058F2EB,15,100
70089,8832859,"Benevides Gonçalves",1,189,0x0058F31A,0x0058F31E,19,100
70090,8832858,"Ramos Fernandes",1,189,0x0058F355,0x0058F359,15,100
70091,8832857,"Santos dos Anjos",1,189,0x0058F388,0x0058F38C,16,100
70092,8832855,"da Silva Nuss",1,189,0x0058F3BD,0x0058F3C1,13,100
70093,8832853,"Vieira da Silva Júnior",1,189,0x0058F3EC,0x0058F3F0,22,100
70095,8832849,"Amaral Serra",1,189,0x0058F45C,0x0058F460,12,100
70096,8832846,"Souza Reis",1,189,0x0058F489,0x0058F48D,10,100
70097,8832845,"Alves Lira",1,189,0x0058F4B2,0x0058F4B6,10,100
70098,8832844,"Silva Marjori",1,189,0x0058F4DB,0x0058F4DF,13,100
70099,8832843,"de Oliveira Dias",1,189,0x0058F50A,0x0058F50E,16,100
70100,8832841,"Rosa Vidal Santos",1,189,0x0058F53F,0x0058F543,17,100
70101,8832840,"Ferreira Ventura",1,189,0x0058F576,0x0058F57A,16,100
70102,8832838,"Teodoro de Castro",1,189,0x0058F5AB,0x0058F5AF,17,100
70103,8832833,"Alencar de Lima Júnior",1,189,0x0058F5E2,0x0058F5E6,22,100
70104,8832832,"Savério Gatti",1,189,0x0058F623,0x0058F627,13,100
70105,8832829,"Quiqueto",1,189,0x0058F652,0x0058F656,8,100
70106,320754,"da Costa Cardoso",1,189,0x0058F677,0x0058F67B,16,100
70107,8832827,"Barreto Adão",1,189,0x0058F6AC,0x0058F6B0,12,100
70108,8832824,"Barreto Silva Lima",1,189,0x0058F6D9,0x0058F6DD,18,100
70109,3300412,"Trevizol",1,189,0x0058F712,0x0058F716,8,100
70111,8832819,"Moreira Fernandes",1,189,0x0058F768,0x0058F76C,17,100
70113,8832817,"Flores Bonfim",1,189,0x0058F7C2,0x0058F7C6,13,100
70114,320618,"Machado Jaenisch",1,189,0x0058F7F1,0x0058F7F5,16,100
70116,8832812,"Miranda de Souza Filho",1,189,0x0058F849,0x0058F84D,22,100
70117,8832811,"Ramos Júnior",1,189,0x0058F88A,0x0058F88E,12,100
70118,8832810,"Fressato Cardoso",1,189,0x0058F8B7,0x0058F8BB,16,100
70119,8830176,"Bocoli",1,189,0x0058F8EC,0x0058F8F0,6,100
70122,301937,"Câmara Vicelli",1,189,0x0058F97F,0x0058F983,14,100
70123,301933,"Petraglia",1,189,0x0058F9B0,0x0058F9B4,9,100
70124,320631,"da Costa Britto",1,189,0x0058F9D7,0x0058F9DB,15,100
70125,301839,"Neves de Freitas",1,189,0x0058FA0A,0x0058FA0E,16,100
70128,8830238,"Bonilha Modolo",1,189,0x0058FA7F,0x0058FA83,14,100
70129,8830241,"Capelli",1,189,0x0058FAB0,0x0058FAB4,7,100
70131,8830244,"Layber",1,189,0x0058FAF8,0x0058FAFC,6,100
70132,8830246,"Santos de Almeida",1,189,0x0058FB19,0x0058FB1D,17,100
70133,8830249,"Cruz Ojer",1,189,0x0058FB50,0x0058FB54,9,100
70134,451313,"Mandinga dos Santos",1,189,0x0058FB77,0x0058FB7B,19,100
70135,8830258,"Conceição Luz",1,189,0x0058FBB2,0x0058FBB6,13,100
70136,8830259,"Formazzari",1,189,0x0058FBE1,0x0058FBE5,10,100
70137,8830261,"Peterle",1,189,0x0058FC0A,0x0058FC0E,7,100
70138,8830262,"da Souza Silva",1,189,0x0058FC2D,0x0058FC31,14,100
70139,8830263,"Cunha de Faria",1,189,0x0058FC5E,0x0058FC62,14,100
70140,8830265,"de Paula Pinheiro",1,189,0x0058FC8F,0x0058FC93,17,100
70141,8830268,"Alves Maranduba",1,189,0x0058FCC6,0x0058FCCA,15,100
70144,8830273,"Toesca Pagno",1,189,0x0058FD65,0x0058FD69,12,100
70145,8832809,"Vieira Silva",1,189,0x0058FD92,0x0058FD96,12,100
70146,8832806,"Mendes Guimarães",1,189,0x0058FDBF,0x0058FDC3,16,100
70148,8832803,"Fernandes das Dores de Souza",1,189,0x0058FE19,0x0058FE1D,28,100
70151,8832800,"Bottino",1,189,0x0058FED6,0x0058FEDA,7,100
70152,8832799,"da Costa Norimatsu",1,189,0x0058FEF9,0x0058FEFD,18,100
70153,8832795,"Barbosa da França",1,189,0x0058FF32,0x0058FF36,17,100
70158,8832742,"Trinidade da Silveira",1,189,0x00590015,0x00590019,21,100
70159,8832741,"Gonzatti",1,189,0x00590054,0x00590058,8,100
70162,8830322,"Barriviera",1,189,0x005900E1,0x005900E5,10,100
70163,8830323,"Richieri Afonso",1,189,0x0059010A,0x0059010E,15,100
70164,8830324,"Marin Martir",1,189,0x0059013D,0x00590141,12,100
70166,8830327,"Lança de Andrade",1,189,0x005901A5,0x005901A9,16,100
70167,320636,"Parreira Lopes",1,189,0x005901DA,0x005901DE,14,100
70168,8830330,"Bedusco dos Santos",1,189,0x0059020B,0x0059020F,18,100
70170,8830332,"Bertoldi",1,189,0x0059027B,0x0059027F,8,100
70173,8830335,"Rojas Hermoza",1,189,0x005902EE,0x005902F2,13,100
70175,8830339,"Urnau",1,189,0x0059035A,0x0059035E,5,100
70176,8830341,"Duarte Martins Medeiros",1,189,0x00590379,0x0059037D,23,100
70177,8830342,"Antunes da Costa",1,189,0x005903BC,0x005903C0,16,100
70180,8830346,"da Silva Melo Júnior",1,189,0x00590441,0x00590445,20,100
70181,8830347,"Sarturi Hess",1,189,0x0059047E,0x00590482,12,100
70182,8830350,"Marzinoti",1,189,0x005904AB,0x005904AF,9,100
70183,8830353,"Angus Aquino",1,189,0x005904D2,0x005904D6,12,100
70184,8830354,"Maier Santos",1,189,0x005904FF,0x00590503,12,100
70185,8830356,"Amarante Santana",1,189,0x0059052C,0x00590530,16,100
70187,8830359,"Dias de Carvalho",1,189,0x00590598,0x0059059C,16,100
70188,8830363,"Lopes Domingos",1,189,0x005905CD,0x005905D1,14,100
70189,8830365,"Patrício",1,189,0x005905FE,0x00590602,8,100
70190,8830366,"Fanco",1,189,0x00590623,0x00590627,5,100
70191,8830367,"Teles Goés Sobrinho",1,189,0x00590642,0x00590646,19,100
70195,8830371,"Silvestre Júnior",1,189,0x00590700,0x00590704,16,100
70196,8830373,"de Souza Andrade",1,189,0x00590735,0x00590739,16,100
70197,8830375,"Lamounier",1,189,0x0059076A,0x0059076E,9,100
70199,301836,"Brólio",1,189,0x005907C8,0x005907CC,6,100
70200,8832730,"da Silva Klauck",1,189,0x005907E9,0x005907ED,15,100
70201,301835,"Souza Rodrigues",1,189,0x0059081C,0x00590820,15,100
70203,301833,"Seccacci",1,189,0x0059088E,0x00590892,8,100
70207,301787,"Guarnieri",1,189,0x00590948,0x0059094C,9,100
70208,301778,"Rodrigues Tavares",1,189,0x0059096F,0x00590973,17,100
70211,301717,"Remez",1,189,0x00590A1A,0x00590A1E,5,100
70212,301716,"Kleina",1,189,0x00590A39,0x00590A3D,6,100
70213,301713,"Martins Manso",1,189,0x00590A5A,0x00590A5E,13,100
70214,8830417,"Moraes de Carvalho",1,189,0x00590A89,0x00590A8D,18,100
70218,301669,"da Conceição Francisco",1,189,0x00590B59,0x00590B5D,22,100
70219,301654,"Nery de Sá da Silva",1,189,0x00590B9A,0x00590B9E,19,100
70221,301624,"Pereira dos Prazeres",1,189,0x00590C04,0x00590C08,20,100
70224,301538,"Maniaes",1,189,0x00590CAB,0x00590CAF,7,100
70225,301531,"de Moraes Filho",1,189,0x00590CCE,0x00590CD2,15,100
70227,301502,"Lancetta",1,189,0x00590D30,0x00590D34,8,100
70228,301501,"de Macedo Filho",1,189,0x00590D55,0x00590D59,15,100
70230,301499,"de Oliveira Guimarães",1,189,0x00590DAD,0x00590DB1,21,100
70231,301490,"Longo de Araújo",1,189,0x00590DEC,0x00590DF0,15,100
70232,301489,"Maluf",1,189,0x00590E1F,0x00590E23,5,100
70233,675133,"Kobayashi",1,189,0x00590E3E,0x00590E42,9,100
70237,8832565,"Gonzaga Leal",1,189,0x00590F14,0x00590F18,12,100
70238,8831859,"Hellman",1,189,0x00590F41,0x00590F45,7,100
70239,8830518,"Alves Vieira Neto",1,189,0x00590F64,0x00590F68,17,100
70240,8830522,"de Oliveira Menezes",1,189,0x00590F9B,0x00590F9F,19,100
70242,8830525,"da Silva Vicente",1,189,0x00591007,0x0059100B,16,100
70243,8830528,"Veiga Santos",1,189,0x0059103C,0x00591040,12,100
70246,8830537,"Garangou Moura",1,189,0x005910C1,0x005910C5,14,100
70247,8830546,"Gilliard Pereira",1,189,0x005910F2,0x005910F6,16,100
70248,8830559,"dos Santos Peçanha",1,189,0x00591127,0x0059112B,18,100
70249,8830560,"Morais Pacheco",1,189,0x00591160,0x00591164,14,100
70250,8831776,"Leite Mateus",1,189,0x00591191,0x00591195,12,100
70252,8831666,"Krugger",1,189,0x005911E9,0x005911ED,7,100
70253,8831659,"Zimmermann",1,189,0x0059120C,0x00591210,10,100
70257,3300751,"Torquato da Silva Júnior",1,189,0x005912CA,0x005912CE,24,100
70258,8830588,"Brandão Cestaro",1,189,0x0059130F,0x00591313,15,100
70259,3300754,"Gonçalves de Siqueira",1,189,0x00591342,0x00591346,21,100
70260,3300755,"da Rosa Alves",1,189,0x00591381,0x00591385,13,100
70261,320746,"Barbosa Nunes",1,189,0x005913B0,0x005913B4,13,100
70262,3300764,"Aparecido Silva",1,189,0x005913DF,0x005913E3,15,100
70263,3300774,"Saturnino da Cruz",1,189,0x00591412,0x00591416,17,100
70265,8428665,"Carrocieri da Silva",1,189,0x0059147E,0x00591482,19,100
70267,150533,"Vieira Louzada",1,189,0x005914E8,0x005914EC,14,100
