club_database_id,save1_full_name,save2_full_name,save1_short_name,save2_short_name,save1_index,save2_index,index_delta,save1_offset,save2_offset,present_save1,present_save2,database_id_stable,save_index_stable,full_name_equivalent,short_name_equivalent,status
69,"Partizani Tirana","Partizani Tirana","Partizani","Partizani",1,5,4,0x0008DF4E,0x0008FD67,True,True,True,False,True,True,ID_ESTAVEL_INDICE_ALTERADO
71,"KS Teuta Durrës","KS Teuta Durrës","Teuta","Teuta",2,6,4,0x0008E01D,0x0008FE3E,True,True,True,False,True,True,ID_ESTAVEL_INDICE_ALTERADO
72,"KS Vllaznia Shkodër","KS Vllaznia Shkodër","Vllaznia","Vllaznia",3,7,4,0x0008E112,0x0008FF3B,True,True,True,False,True,True,ID_ESTAVEL_INDICE_ALTERADO
74,"Atlético Petróleos de Luanda","Atlético Petróleos de Luanda","Petro Atlético","Petro Atlético",4,8,4,0x0008E1EE,0x00090017,True,True,True,False,True,True,ID_ESTAVEL_INDICE_ALTERADO
75,"Desportivo Primeiro de Agosto","Desportivo Primeiro de Agosto","Primeiro de Agosto","Primeiro de Agosto",5,9,4,0x0008E2D4,0x000900FD,True,True,True,False,True,True,ID_ESTAVEL_INDICE_ALTERADO
76,"Primeiro de Maio (ANG)","Primeiro de Maio (ANG)","Primeiro de Maio (ANG)","Primeiro de Maio (ANG)",6,10,4,0x0008E3B4,0x000901DD,True,True,True,False,True,True,ID_ESTAVEL_INDICE_ALTERADO
78,"Argentinos Juniors","Argentinos Juniors","Argentinos","Argentinos",7,11,4,0x0008E48B,0x000902B4,True,True,True,False,True,True,ID_ESTAVEL_INDICE_ALTERADO
80,"Banfield","Banfield","Banfield","Banfield",8,12,4,0x0008E55F,0x00090392,True,True,True,False,True,True,ID_ESTAVEL_INDICE_ALTERADO
82,"Boca Juniors","Boca Juniors","Boca","Boca",9,13,4,0x0008E6C7,0x000904E6,True,True,True,False,True,True,ID_ESTAVEL_INDICE_ALTERADO
85,"Estudantes de La Plata","Estudantes de La Plata","Estudiantes (LP)","Estudiantes (LP)",10,14,4,0x0008E7D0,0x000905E7,True,True,True,False,True,True,ID_ESTAVEL_INDICE_ALTERADO
88,"Huracán","Huracán","Huracán","Huracán",12,15,3,0x0008E9B3,0x000906B7,True,True,True,False,True,True,ID_ESTAVEL_INDICE_ALTERADO
89,"Independiente","Independiente","Independiente","Independiente",13,16,3,0x0008EAAB,0x000907DF,True,True,True,False,True,True,ID_ESTAVEL_INDICE_ALTERADO
90,"Lanús","Lanús","Lanús","Lanús",14,17,3,0x0008EB74,0x000908B8,True,True,True,False,True,True,ID_ESTAVEL_INDICE_ALTERADO
91,"Newell's Old Boys","Newell's Old Boys","Newell's","Newell's",15,18,3,0x0008EC69,0x000909C2,True,True,True,False,True,True,ID_ESTAVEL_INDICE_ALTERADO
93,"Racing Club","Racing Club","Racing Club","Racing Club",16,19,3,0x0008ED59,0x00090AC4,True,True,True,False,True,True,ID_ESTAVEL_INDICE_ALTERADO
94,"River Plate","River Plate","River","River",17,20,3,0x0008EEBA,0x00090C3C,True,True,True,False,True,True,ID_ESTAVEL_INDICE_ALTERADO
95,"Rosario Central","Rosario Central","Central","Central",18,21,3,0x0008EF91,0x00090D1C,True,True,True,False,True,True,ID_ESTAVEL_INDICE_ALTERADO
96,"San Lorenzo de Almagro","San Lorenzo de Almagro","San Lorenzo","San Lorenzo",19,22,3,0x0008F0F9,0x00090E58,True,True,True,False,True,True,ID_ESTAVEL_INDICE_ALTERADO
98,"Vélez Sarsfield","Vélez Sarsfield","Vélez","Vélez",20,23,3,0x0008F1DD,0x00090F24,True,True,True,False,True,True,ID_ESTAVEL_INDICE_ALTERADO
102,"Pyunik Yerevan","Pyunik Yerevan","Pyunik","Pyunik",21,26,5,0x0008F29E,0x00091150,True,True,True,False,True,True,ID_ESTAVEL_INDICE_ALTERADO
103,"Shirak Gyumri","Shirak Gyumri","Shirak","Shirak",22,27,5,0x0008F36B,0x00091225,True,True,True,False,True,True,ID_ESTAVEL_INDICE_ALTERADO
152,"FK Austria Viena","FK Austria Viena","Austria Viena","Austria Viena",23,28,5,0x0008F47F,0x00091345,True,True,True,False,True,True,ID_ESTAVEL_INDICE_ALTERADO
153,"Grazer AK","Grazer AK","GAK","GAK",24,29,5,0x0008F562,0x00091430,True,True,True,False,True,True,ID_ESTAVEL_INDICE_ALTERADO
155,"SK Rapid Viena","SK Rapid Viena","Rapid Viena","Rapid Viena",25,30,5,0x0008F66F,0x00091545,True,True,True,False,True,True,ID_ESTAVEL_INDICE_ALTERADO
158,"SV Salzburgo","SV Salzburgo","Salzburg","Salzburg",26,32,6,0x0008F752,0x00091729,True,True,True,False,True,True,ID_ESTAVEL_INDICE_ALTERADO
167,"FK Neftçi Baku","FK Neftçi Baku","Neftçi","Neftçi",27,34,7,0x0008F81A,0x000918A5,True,True,True,False,True,True,ID_ESTAVEL_INDICE_ALTERADO
168,"KAA Gent","KAA Gent","AA Gent","AA Gent",28,35,7,0x0008F915,0x000919A8,True,True,True,False,True,True,ID_ESTAVEL_INDICE_ALTERADO
186,"Club Brugge KV","Club Brugge KV","Club Brugge","Club Brugge",29,37,8,0x0008FA2C,0x00091BF7,True,True,True,False,True,True,ID_ESTAVEL_INDICE_ALTERADO
232,"FC Malines","FC Malines","Malines","Malines",31,39,8,0x0008FBFA,0x00091D95,True,True,True,False,True,True,ID_ESTAVEL_INDICE_ALTERADO
250,"R Standard de Liège","R Standard de Liège","Standard","Standard",32,40,8,0x0008FD11,0x00091EBC,True,True,True,False,True,True,ID_ESTAVEL_INDICE_ALTERADO
256,"RSC Anderlecht","RSC Anderlecht","Anderlecht","Anderlecht",33,41,8,0x0008FE2C,0x00091FF2,True,True,True,False,True,True,ID_ESTAVEL_INDICE_ALTERADO
258,"K Racing Club Genk","K Racing Club Genk","Genk","Genk",34,42,8,0x0008FF4D,0x0009212B,True,True,True,False,True,True,ID_ESTAVEL_INDICE_ALTERADO
262,"R Antwerp FC","R Antwerp FC","Antuérpia","Antuérpia",35,43,8,0x0009004D,0x00092243,True,True,True,False,True,True,ID_ESTAVEL_INDICE_ALTERADO
265,"Sporting Lokeren SNW","Sporting Lokeren SNW","Lokeren","Lokeren",36,44,8,0x00090168,0x00092366,True,True,True,False,True,True,ID_ESTAVEL_INDICE_ALTERADO
266,"KSK Beveren","KSK Beveren","Beveren","Beveren",37,45,8,0x0009025A,0x0009246F,True,True,True,False,True,True,ID_ESTAVEL_INDICE_ALTERADO
289,"KVC Westerlo","KVC Westerlo","Westerlo","Westerlo",38,47,9,0x00090342,0x000926A4,True,True,True,False,True,True,ID_ESTAVEL_INDICE_ALTERADO
303,"Dinamo Minsk","Dinamo Minsk","Din.Minsk","Din.Minsk",39,48,9,0x00090446,0x000927C8,True,True,True,False,True,True,ID_ESTAVEL_INDICE_ALTERADO
304,"Dinamo-93 Minsk","Dinamo-93 Minsk","Din.93 Minsk","Din.93 Minsk",40,49,9,0x000904F6,0x00092878,True,True,True,False,True,True,ID_ESTAVEL_INDICE_ALTERADO
309,"C Bolívar","C Bolívar","Bolívar","Bolívar",41,52,11,0x000905AE,0x00092AE2,True,True,True,False,True,True,ID_ESTAVEL_INDICE_ALTERADO
311,"FC The Strongest","FC The Strongest","The Strongest","The Strongest",42,53,11,0x00090680,0x00092BAC,True,True,True,False,True,True,ID_ESTAVEL_INDICE_ALTERADO
312,"CCD Tuluá","CCD Tuluá","Cortuluá","Cortuluá",43,54,11,0x00090739,0x00092C60,True,True,True,False,True,True,ID_ESTAVEL_INDICE_ALTERADO
314,"C Atlético Mineiro","C Atlético Mineiro","Atlético Mineiro","Atlético Mineiro",44,55,11,0x00090A27,0x00092D46,True,True,True,False,True,True,ID_ESTAVEL_INDICE_ALTERADO
315,"EC Bahia","EC Bahia","Bahia","Bahia",45,56,11,0x00090CF3,0x00092DFA,True,True,True,False,True,True,ID_ESTAVEL_INDICE_ALTERADO
316,"Botafogo FR","Botafogo FR","Botafogo","Botafogo",46,57,11,0x00090FDF,0x00092EC8,True,True,True,False,True,True,ID_ESTAVEL_INDICE_ALTERADO
319,"SC Corinthians Paulista","SC Corinthians Paulista","Corinthians","Corinthians",48,58,10,0x000913D6,0x00092FFC,True,True,True,False,True,True,ID_ESTAVEL_INDICE_ALTERADO
321,"Cruzeiro EC","Cruzeiro EC","Cruzeiro","Cruzeiro",50,59,9,0x000919AA,0x00093102,True,True,True,False,True,True,ID_ESTAVEL_INDICE_ALTERADO
322,"CR Flamengo","CR Flamengo","Flamengo","Flamengo",51,60,9,0x00091CB1,0x000931E0,True,True,True,False,True,True,ID_ESTAVEL_INDICE_ALTERADO
323,"Fluminense FC","Fluminense FC","Fluminense","Fluminense",52,61,9,0x00091FB8,0x000932D7,True,True,True,False,True,True,ID_ESTAVEL_INDICE_ALTERADO
324,"Grêmio FBPA","Grêmio FBPA","Grêmio","Grêmio",53,62,9,0x000922D1,0x000933B1,True,True,True,False,True,True,ID_ESTAVEL_INDICE_ALTERADO
325,"Guarani FC","Guarani FC","Guarani","Guarani",54,63,9,0x000925B5,0x0009348D,True,True,True,False,True,True,ID_ESTAVEL_INDICE_ALTERADO
326,"SC Internacional","SC Internacional","Internacional","Internacional",55,64,9,0x000928DE,0x000935B3,True,True,True,False,True,True,ID_ESTAVEL_INDICE_ALTERADO
327,"EC Juventude","EC Juventude","Juventude","Juventude",56,65,9,0x00092BD2,0x00093675,True,True,True,False,True,True,ID_ESTAVEL_INDICE_ALTERADO
328,"C Náutico Capibaribe","C Náutico Capibaribe","Náutico","Náutico",57,66,9,0x00092E9B,0x00093733,True,True,True,False,True,True,ID_ESTAVEL_INDICE_ALTERADO
329,"SE Palmeiras","SE Palmeiras","Palmeiras","Palmeiras",58,67,9,0x000931A0,0x0009382F,True,True,True,False,True,True,ID_ESTAVEL_INDICE_ALTERADO
330,"Paraná C","Paraná C","Paraná","Paraná",59,68,9,0x00093485,0x000938EB,True,True,True,False,True,True,ID_ESTAVEL_INDICE_ALTERADO
332,"AA Ponte Preta","AA Ponte Preta","Ponte Preta","Ponte Preta",61,69,8,0x00093A27,0x000939CD,True,True,True,False,True,True,ID_ESTAVEL_INDICE_ALTERADO
333,"A Portuguesa D","A Portuguesa D","Portuguesa","Portuguesa",62,70,8,0x00093CEA,0x00093A9D,True,True,True,False,True,True,ID_ESTAVEL_INDICE_ALTERADO
335,"Santos FC","Santos FC","Santos","Santos",64,71,7,0x0009428C,0x00093B8B,True,True,True,False,True,True,ID_ESTAVEL_INDICE_ALTERADO
337,"São Paulo FC","São Paulo FC","São Paulo","São Paulo",66,72,6,0x00094659,0x00093C99,True,True,True,False,True,True,ID_ESTAVEL_INDICE_ALTERADO
339,"CR Vasco da Gama","CR Vasco da Gama","Vasco","Vasco",68,73,5,0x00094C11,0x00093D7B,True,True,True,False,True,True,ID_ESTAVEL_INDICE_ALTERADO
340,"EC Vitória","EC Vitória","Vitória","Vitória",69,74,5,0x00094EDD,0x00093E37,True,True,True,False,True,True,ID_ESTAVEL_INDICE_ALTERADO
344,"CSKA (Sofia)","CSKA (Sofia)","CSKA (Sofia)","CSKA (Sofia)",70,75,5,0x0009501E,0x00093F88,True,True,True,False,True,True,ID_ESTAVEL_INDICE_ALTERADO
349,"Levski (Sofia)","Levski (Sofia)","Levski (Sofia)","Levski (Sofia)",71,77,6,0x00095146,0x000941BA,True,True,True,False,True,True,ID_ESTAVEL_INDICE_ALTERADO
351,"Lokomotiv (Plovdiv)","Lokomotiv (Plovdiv)","Loko (Plovdiv)","Loko (Plovdiv)",72,78,6,0x0009523F,0x000942D2,True,True,True,False,True,True,ID_ESTAVEL_INDICE_ALTERADO
352,"Lokomotiv (Sofia)","Lokomotiv (Sofia)","Loko (Sofia)","Loko (Sofia)",73,79,6,0x0009533A,0x000943D5,True,True,True,False,True,True,ID_ESTAVEL_INDICE_ALTERADO
356,"Slavia (Sofia)","Slavia (Sofia)","Slavia (Sofia)","Slavia (Sofia)",74,81,7,0x0009542C,0x00094591,True,True,True,False,True,True,ID_ESTAVEL_INDICE_ALTERADO
393,"Canon Yaoundé","Canon Yaoundé","Canon","Canon",75,82,7,0x000954D8,0x0009463D,True,True,True,False,True,True,ID_ESTAVEL_INDICE_ALTERADO
398,"Tonnerre Kalara Club","Tonnerre Kalara Club","Tonnerre KC","Tonnerre KC",76,83,7,0x00095597,0x000946FC,True,True,True,False,True,True,ID_ESTAVEL_INDICE_ALTERADO
399,"CSD Colo Colo","CSD Colo Colo","Colo Colo","Colo Colo",77,84,7,0x0009565B,0x000947C0,True,True,True,False,True,True,ID_ESTAVEL_INDICE_ALTERADO
403,"CD Universidad Católica","CD Universidad Católica","Universidad Católica","Universidad Católica",79,85,6,0x00095811,0x000948BC,True,True,True,False,True,True,ID_ESTAVEL_INDICE_ALTERADO
404,"CF Universidad de Chile","CF Universidad de Chile","Universidad de Chile","Universidad de Chile",80,86,6,0x000958FF,0x000949AA,True,True,True,False,True,True,ID_ESTAVEL_INDICE_ALTERADO
406,"Beijing Guo'an","Beijing Guo'an","Beijing","Beijing",81,87,6,0x000959DE,0x00094A91,True,True,True,False,True,True,ID_ESTAVEL_INDICE_ALTERADO
407,"Dalian Shide","Dalian Shide","Dalian","Dalian",82,88,6,0x00095AB7,0x00094B72,True,True,True,False,True,True,ID_ESTAVEL_INDICE_ALTERADO
414,"Shanghai Shenhua","Shanghai Shenhua","Shenhua","Shenhua",84,89,5,0x00095C6A,0x00094C5D,True,True,True,False,True,True,ID_ESTAVEL_INDICE_ALTERADO
417,"CD América de Cali","CD América de Cali","América de Cali","América de Cali",85,90,5,0x00095D4B,0x00094D39,True,True,True,False,True,True,ID_ESTAVEL_INDICE_ALTERADO
419,"CPD Junior","CPD Junior","Junior","Junior",86,91,5,0x00095E02,0x00094DEB,True,True,True,False,True,True,ID_ESTAVEL_INDICE_ALTERADO
420,"CD Once Caldas","CD Once Caldas","Once Caldas","Once Caldas",87,92,5,0x00095EDA,0x00094EAF,True,True,True,False,True,True,ID_ESTAVEL_INDICE_ALTERADO
421,"AC Deportivo Cali","AC Deportivo Cali","Deportivo Cali","Deportivo Cali",88,93,5,0x00095FBB,0x00094F8B,True,True,True,False,True,True,ID_ESTAVEL_INDICE_ALTERADO
423,"Independiente Santa Fé","Independiente Santa Fé","Santa Fé","Santa Fé",89,94,5,0x00096096,0x00095061,True,True,True,False,True,True,ID_ESTAVEL_INDICE_ALTERADO
425,"CDI Medellín","CDI Medellín","Medellín","Medellín",90,95,5,0x00096171,0x00095123,True,True,True,False,True,True,ID_ESTAVEL_INDICE_ALTERADO
426,"CD Los Millonarios","CD Los Millonarios","Millonarios","Millonarios",91,96,5,0x0009624A,0x000951ED,True,True,True,False,True,True,ID_ESTAVEL_INDICE_ALTERADO
427,"CDC Atlético Nacional","CDC Atlético Nacional","Atlético Nacional","Atlético Nacional",92,97,5,0x00096344,0x000952D3,True,True,True,False,True,True,ID_ESTAVEL_INDICE_ALTERADO
432,"Croácia Zagreb","Croácia Zagreb","Croácia Zagreb","Croácia Zagreb",94,98,4,0x000964EC,0x000953EB,True,True,True,False,True,True,ID_ESTAVEL_INDICE_ALTERADO
433,"HNK Hajduk","HNK Hajduk","Hajduk","Hajduk",95,99,4,0x000965D5,0x000954E4,True,True,True,False,True,True,ID_ESTAVEL_INDICE_ALTERADO
441,"HNK Rijeka","HNK Rijeka","Rijeka","Rijeka",96,101,5,0x000966BD,0x000956D2,True,True,True,False,True,True,ID_ESTAVEL_INDICE_ALTERADO
448,"AEK Larnaca","AEK Larnaca","","",97,105,8,0x0009676D,0x00095A2D,True,True,True,False,True,True,ID_ESTAVEL_INDICE_ALTERADO
450,"Anorthosis Famagusta","Anorthosis Famagusta","Anorthosi","Anorthosi",98,107,9,0x0009685E,0x00095BF3,True,True,True,False,True,True,ID_ESTAVEL_INDICE_ALTERADO
451,"APOEL Nicosia","APOEL Nicosia","APOEL","APOEL",99,108,9,0x00096938,0x00095CCD,True,True,True,False,True,True,ID_ESTAVEL_INDICE_ALTERADO
456,"Ethnikos Achnas","Ethnikos Achnas","Achna","Achna",100,110,10,0x000969EF,0x00095E6F,True,True,True,False,True,True,ID_ESTAVEL_INDICE_ALTERADO
460,"Omonoia Nicosia","Omonoia Nicosia","Omonoia","Omonoia",101,113,12,0x00096AD9,0x00096130,True,True,True,False,True,True,ID_ESTAVEL_INDICE_ALTERADO
467,"Zlin","Zlin","Zlin","Zlin",102,115,13,0x00096B7F,0x000962A4,True,True,True,False,True,True,ID_ESTAVEL_INDICE_ALTERADO
473,"Sigma Olomouc","Sigma Olomouc","Sigma Olomouc","Sigma Olomouc",103,117,14,0x00096C77,0x00096474,True,True,True,False,True,True,ID_ESTAVEL_INDICE_ALTERADO
474,"Slavia de Praga","Slavia de Praga","Slavia de Praga","Slavia de Praga",104,118,14,0x00096DA0,0x000965BD,True,True,True,False,True,True,ID_ESTAVEL_INDICE_ALTERADO
475,"Slovan Liberec","Slovan Liberec","Slovan Liberec","Slovan Liberec",105,119,14,0x00096EAD,0x000966D2,True,True,True,False,True,True,ID_ESTAVEL_INDICE_ALTERADO
476,"Sparta de Praga","Sparta de Praga","Sparta de Praga","Sparta de Praga",106,120,14,0x00097006,0x0009683B,True,True,True,False,True,True,ID_ESTAVEL_INDICE_ALTERADO
482,"Aarhus Gymnastik Forening","Aarhus Gymnastik Forening","AGF","AGF",107,121,14,0x000970E6,0x0009692A,True,True,True,False,True,True,ID_ESTAVEL_INDICE_ALTERADO
483,"Aalborg Boldspilklub","Aalborg Boldspilklub","AaB","AaB",108,122,14,0x000971EA,0x00096A3E,True,True,True,False,True,True,ID_ESTAVEL_INDICE_ALTERADO
496,"Brøndbyernes Idrætsforening","Brøndbyernes Idrætsforening","Brøndby","Brøndby",109,123,14,0x0009731C,0x00096B70,True,True,True,False,True,True,ID_ESTAVEL_INDICE_ALTERADO
502,"Esbjerg forenede Boldklubber","Esbjerg forenede Boldklubber","Esbjerg fB","Esbjerg fB",110,124,14,0x0009742E,0x00096C92,True,True,True,False,True,True,ID_ESTAVEL_INDICE_ALTERADO
505,"Football Club Copenhaga","Football Club Copenhaga","FC Copenhaga","FC Copenhaga",111,125,14,0x0009755E,0x00096DEE,True,True,True,False,True,True,ID_ESTAVEL_INDICE_ALTERADO
526,"Football Club Midtjylland 1999","Football Club Midtjylland 1999","FC Midtjylland","FC Midtjylland",112,127,15,0x00097678,0x00097027,True,True,True,False,True,True,ID_ESTAVEL_INDICE_ALTERADO
545,"Odense Boldklub","Odense Boldklub","Odense BK","Odense BK",113,128,15,0x0009778E,0x00097145,True,True,True,False,True,True,ID_ESTAVEL_INDICE_ALTERADO
588,"Bohemian F.C.","Bohemian F.C.","Bohemians","Bohemians",114,135,21,0x00097870,0x000977FA,True,True,True,False,True,True,ID_ESTAVEL_INDICE_ALTERADO
590,"Cork City","Cork City","Cork City","Cork City",115,136,21,0x00097952,0x000978FC,True,True,True,False,True,True,ID_ESTAVEL_INDICE_ALTERADO
597,"Shelbourne F.C.","Shelbourne F.C.","Shelbourne","Shelbourne",116,138,22,0x00097A3A,0x00097B22,True,True,True,False,True,True,ID_ESTAVEL_INDICE_ALTERADO
602,"Arsenal","Arsenal","Arsenal","Arsenal",117,142,25,0x00097B6B,0x0009838F,True,True,True,False,True,True,ID_ESTAVEL_INDICE_ALTERADO
603,"Aston Villa","Aston Villa","Aston Villa","Aston Villa",118,143,25,0x00097CC4,0x00098758,True,True,True,False,True,True,ID_ESTAVEL_INDICE_ALTERADO
609,"Birmingham City","Birmingham City","Birmingham","Birmingham",119,148,29,0x00097DC5,0x000990BB,True,True,True,False,True,True,ID_ESTAVEL_INDICE_ALTERADO
612,"Blackburn Rovers","Blackburn Rovers","Blackburn","Blackburn",120,151,31,0x00097EED,0x000995CA,True,True,True,False,True,True,ID_ESTAVEL_INDICE_ALTERADO
614,"Bolton Wanderers","Bolton Wanderers","Bolton","Bolton",121,153,32,0x00097FFC,0x00099C52,True,True,True,False,True,True,ID_ESTAVEL_INDICE_ALTERADO
624,"Cambridge United","Cambridge United","Cambridge","Cambridge",122,163,41,0x000980C9,0x0009BB09,True,True,True,False,True,True,ID_ESTAVEL_INDICE_ALTERADO
628,"Charlton Athletic","Charlton Athletic","Charlton","Charlton",123,167,44,0x000981C3,0x0009C434,True,True,True,False,True,True,ID_ESTAVEL_INDICE_ALTERADO
630,"Chelsea","Chelsea","Chelsea","Chelsea",124,169,45,0x00098368,0x0009C8AA,True,True,True,False,True,True,ID_ESTAVEL_INDICE_ALTERADO
642,"Crystal Palace","Crystal Palace","Crystal Palace","Crystal Palace",125,181,56,0x0009847F,0x0009E4C7,True,True,True,False,True,True,ID_ESTAVEL_INDICE_ALTERADO
645,"Derby County","Derby County","Derby","Derby",126,184,58,0x00098561,0x0009ECF2,True,True,True,False,True,True,ID_ESTAVEL_INDICE_ALTERADO
650,"Everton","Everton","Everton","Everton",127,188,61,0x00098644,0x0009F538,True,True,True,False,True,True,ID_ESTAVEL_INDICE_ALTERADO
654,"Fulham","Fulham","Fulham","Fulham",128,192,64,0x00098733,0x0009FBF1,True,True,True,False,True,True,ID_ESTAVEL_INDICE_ALTERADO
667,"Ipswich Town","Ipswich Town","Ipswich","Ipswich",129,205,76,0x00098838,0x000A1604,True,True,True,False,True,True,ID_ESTAVEL_INDICE_ALTERADO
671,"Leeds United","Leeds United","Leeds","Leeds",130,209,79,0x00098948,0x000A1E6B,True,True,True,False,True,True,ID_ESTAVEL_INDICE_ALTERADO
676,"Liverpool","Liverpool","Liverpool","Liverpool",131,214,83,0x00098A92,0x000A2D0C,True,True,True,False,True,True,ID_ESTAVEL_INDICE_ALTERADO
679,"Manchester City","Manchester City","Man City","Man City",132,217,85,0x00098BB6,0x000A3710,True,True,True,False,True,True,ID_ESTAVEL_INDICE_ALTERADO
680,"Manchester United","Manchester United","Man Utd","Man Utd",133,218,85,0x00098D5A,0x000A3AF0,True,True,True,False,True,True,ID_ESTAVEL_INDICE_ALTERADO
685,"Middlesbrough","Middlesbrough","Middlesbrough","Middlesbrough",134,223,89,0x00098E6E,0x000A443A,True,True,True,False,True,True,ID_ESTAVEL_INDICE_ALTERADO
686,"Millwall","Millwall","Millwall","Millwall",135,224,89,0x00098F35,0x000A4768,True,True,True,False,True,True,ID_ESTAVEL_INDICE_ALTERADO
688,"Newcastle United","Newcastle United","Newcastle","Newcastle",136,226,90,0x000990D1,0x000A4C93,True,True,True,False,True,True,ID_ESTAVEL_INDICE_ALTERADO
691,"Norwich City","Norwich City","Norwich","Norwich",137,229,92,0x00099197,0x000A5419,True,True,True,False,True,True,ID_ESTAVEL_INDICE_ALTERADO
692,"Nottingham Forest","Nottingham Forest","Nottm Forest","Nottm Forest",138,230,92,0x00099298,0x000A577E,True,True,True,False,True,True,ID_ESTAVEL_INDICE_ALTERADO
699,"Portsmouth","Portsmouth","Portsmouth","Portsmouth",139,237,98,0x0009935F,0x000A6E8A,True,True,True,False,True,True,ID_ESTAVEL_INDICE_ALTERADO
713,"Southampton","Southampton","Southampton","Southampton",140,251,111,0x00099449,0x000A92AD,True,True,True,False,True,True,ID_ESTAVEL_INDICE_ALTERADO
728,"Tottenham Hotspur","Tottenham Hotspur","Tottenham","Tottenham",141,266,125,0x0009959B,0x000AB4A8,True,True,True,False,True,True,ID_ESTAVEL_INDICE_ALTERADO
734,"West Bromwich Albion","West Bromwich Albion","West Brom","West Brom",142,271,129,0x00099694,0x000AC2BC,True,True,True,False,True,True,ID_ESTAVEL_INDICE_ALTERADO
735,"West Ham United","West Ham United","West Ham","West Ham",143,272,129,0x000997C8,0x000AC5EF,True,True,True,False,True,True,ID_ESTAVEL_INDICE_ALTERADO
737,"Wigan Athletic","Wigan Athletic","Wigan","Wigan",144,274,130,0x00099896,0x000ACA0A,True,True,True,False,True,True,ID_ESTAVEL_INDICE_ALTERADO
740,"Wolverhampton Wanderers","Wolverhampton Wanderers","Wolves","Wolves",145,277,132,0x000999B3,0x000ACF3C,True,True,True,False,True,True,ID_ESTAVEL_INDICE_ALTERADO
746,"FC Flora Tallinn","FC Flora Tallinn","Flora","Flora",146,282,136,0x00099A9C,0x000ADAF9,True,True,True,False,True,True,ID_ESTAVEL_INDICE_ALTERADO
751,"JK Narva Trans","JK Narva Trans","Trans","Trans",147,283,136,0x00099B71,0x000ADBCE,True,True,True,False,True,True,ID_ESTAVEL_INDICE_ALTERADO
803,"Tofta Ítróttarfelag B68","Tofta Ítróttarfelag B68","","",148,284,136,0x00099C26,0x000ADCAA,True,True,True,False,True,True,ID_ESTAVEL_INDICE_ALTERADO
805,"Havnar Bóltfelag","Havnar Bóltfelag","HB","HB",149,286,137,0x00099CF1,0x000ADE45,True,True,True,False,True,True,ID_ESTAVEL_INDICE_ALTERADO
809,"Tampere United","Tampere United","Tampere Utd","Tampere Utd",150,289,139,0x00099DD2,0x000AE0B4,True,True,True,False,True,True,ID_ESTAVEL_INDICE_ALTERADO
811,"FC Lahti","FC Lahti","FC Lahti","FC Lahti",151,290,139,0x00099EA2,0x000AE18C,True,True,True,False,True,True,ID_ESTAVEL_INDICE_ALTERADO
816,"Helsingin Jalkapalloklubi","Helsingin Jalkapalloklubi","HJK","HJK",152,292,140,0x00099FA4,0x000AE33C,True,True,True,False,True,True,ID_ESTAVEL_INDICE_ALTERADO
817,"FC Haka Valkeakoski","FC Haka Valkeakoski","FC Haka","FC Haka",153,293,140,0x0009A0A5,0x000AE445,True,True,True,False,True,True,ID_ESTAVEL_INDICE_ALTERADO
820,"Myllykosken Pallo -47","Myllykosken Pallo -47","MyPa","MyPa",154,295,141,0x0009A196,0x000AE5FB,True,True,True,False,True,True,ID_ESTAVEL_INDICE_ALTERADO
824,"Auxerre","Auxerre","Auxerre","Auxerre",155,297,142,0x0009A29A,0x000AE7E3,True,True,True,False,True,True,ID_ESTAVEL_INDICE_ALTERADO
826,"Mónaco","Mónaco","Mónaco","Mónaco",156,298,142,0x0009A3D5,0x000AE92F,True,True,True,False,True,True,ID_ESTAVEL_INDICE_ALTERADO
828,"St. Etienne","St. Etienne","St. Etienne","St. Etienne",157,299,142,0x0009A4E2,0x000AEA3B,True,True,True,False,True,True,ID_ESTAVEL_INDICE_ALTERADO
846,"Nantes","Nantes","Nantes","Nantes",158,300,142,0x0009A602,0x000AEB97,True,True,True,False,True,True,ID_ESTAVEL_INDICE_ALTERADO
851,"Bordéus","Bordéus","Bordéus","Bordéus",159,301,142,0x0009A72A,0x000AECF6,True,True,True,False,True,True,ID_ESTAVEL_INDICE_ALTERADO
855,"Châteauroux","Châteauroux","Châteauroux","Châteauroux",160,303,143,0x0009A7FF,0x000AEEBE,True,True,True,False,True,True,ID_ESTAVEL_INDICE_ALTERADO
856,"Le Havre","Le Havre","Le Havre","Le Havre",161,304,143,0x0009A8E4,0x000AEFA7,True,True,True,False,True,True,ID_ESTAVEL_INDICE_ALTERADO
858,"Lille","Lille","Lille","Lille",162,305,143,0x0009A9D0,0x000AF09B,True,True,True,False,True,True,ID_ESTAVEL_INDICE_ALTERADO
862,"Nice","Nice","Nice","Nice",163,307,144,0x0009AAA1,0x000AF288,True,True,True,False,True,True,ID_ESTAVEL_INDICE_ALTERADO
865,"Lyon","Lyon","Lyon","Lyon",164,308,144,0x0009ABB8,0x000AF3BC,True,True,True,False,True,True,ID_ESTAVEL_INDICE_ALTERADO
866,"Marselha","Marselha","Marselha","Marselha",165,309,144,0x0009ACC8,0x000AF4EC,True,True,True,False,True,True,ID_ESTAVEL_INDICE_ALTERADO
868,"St. Germain","St. Germain","St. Germain","St. Germain",166,310,144,0x0009AE0F,0x000AF638,True,True,True,False,True,True,ID_ESTAVEL_INDICE_ALTERADO
871,"Lens","Lens","Lens","Lens",167,311,144,0x0009AF1B,0x000AF737,True,True,True,False,True,True,ID_ESTAVEL_INDICE_ALTERADO
872,"Estrasburgo","Estrasburgo","Estrasburgo","Estrasburgo",168,312,144,0x0009B04B,0x000AF863,True,True,True,False,True,True,ID_ESTAVEL_INDICE_ALTERADO
876,"Bastia","Bastia","Bastia","Bastia",169,313,144,0x0009B12C,0x000AF95B,True,True,True,False,True,True,ID_ESTAVEL_INDICE_ALTERADO
884,"Rennes","Rennes","Rennes","Rennes",171,315,144,0x0009B301,0x000AFB33,True,True,True,False,True,True,ID_ESTAVEL_INDICE_ALTERADO
890,"Dila Gori","Dila Gori","Dila","Dila",172,316,144,0x0009B39C,0x000AFBCE,True,True,True,False,True,True,ID_ESTAVEL_INDICE_ALTERADO
892,"Dinamo Tbilisi","Dinamo Tbilisi","D.Tblisi","D.Tblisi",173,318,145,0x0009B46F,0x000AFD60,True,True,True,False,True,True,ID_ESTAVEL_INDICE_ALTERADO
899,"1.FC Nuremberga","1.FC Nuremberga","Nuremberga","Nuremberga",174,321,147,0x0009B576,0x000B004F,True,True,True,False,True,True,ID_ESTAVEL_INDICE_ALTERADO
900,"TSV Alemannia Aachen","TSV Alemannia Aachen","Aachen","Aachen",175,322,147,0x0009B65F,0x000B018E,True,True,True,False,True,True,ID_ESTAVEL_INDICE_ALTERADO
901,"Bayer 04 Leverkusen","Bayer 04 Leverkusen","Leverkusen","Leverkusen",176,323,147,0x0009B7A4,0x000B0314,True,True,True,False,True,True,ID_ESTAVEL_INDICE_ALTERADO
904,"DSC Arminia Bielefeld","DSC Arminia Bielefeld","Bielefeld","Bielefeld",177,324,147,0x0009B89E,0x000B0471,True,True,True,False,True,True,ID_ESTAVEL_INDICE_ALTERADO
905,"VfL Bochum","VfL Bochum","Bochum","Bochum",178,325,147,0x0009B983,0x000B05B9,True,True,True,False,True,True,ID_ESTAVEL_INDICE_ALTERADO
907,"Borussia Dortmund","Borussia Dortmund","Dortmund","Dortmund",179,326,147,0x0009BAB1,0x000B071B,True,True,True,False,True,True,ID_ESTAVEL_INDICE_ALTERADO
908,"Borussia Mönchengladbach","Borussia Mönchengladbach","Gladbach","Gladbach",180,327,147,0x0009BBC2,0x000B087E,True,True,True,False,True,True,ID_ESTAVEL_INDICE_ALTERADO
912,"Eintracht Frankfurt","Eintracht Frankfurt","Frankfurt","Frankfurt",181,329,148,0x0009BCA8,0x000B0A5D,True,True,True,False,True,True,ID_ESTAVEL_INDICE_ALTERADO
915,"FC Bayern Munique","FC Bayern Munique","Bayern Munique","Bayern Munique",182,331,149,0x0009BDF9,0x000B0CAE,True,True,True,False,True,True,ID_ESTAVEL_INDICE_ALTERADO
916,"1.FC Köln","1.FC Köln","Colónia","Colónia",183,332,149,0x0009BECF,0x000B0DAF,True,True,True,False,True,True,ID_ESTAVEL_INDICE_ALTERADO
918,"1.FSV Mainz 05","1.FSV Mainz 05","Mainz","Mainz",184,333,149,0x0009BFA2,0x000B0E9C,True,True,True,False,True,True,ID_ESTAVEL_INDICE_ALTERADO
920,"FC Schalke 04","FC Schalke 04","Schalke 04","Schalke 04",185,334,149,0x0009C0F6,0x000B104F,True,True,True,False,True,True,ID_ESTAVEL_INDICE_ALTERADO
921,"Fortuna Düsseldorf","Fortuna Düsseldorf","Düsseldorf","Düsseldorf",186,335,149,0x0009C1D4,0x000B112D,True,True,True,False,True,True,ID_ESTAVEL_INDICE_ALTERADO
927,"Hannover 96","Hannover 96","Hannover 96","Hannover 96",187,336,149,0x0009C2A6,0x000B1269,True,True,True,False,True,True,ID_ESTAVEL_INDICE_ALTERADO
928,"FC Hansa Rostock","FC Hansa Rostock","Rostock","Rostock",188,337,149,0x0009C3A9,0x000B13DF,True,True,True,False,True,True,ID_ESTAVEL_INDICE_ALTERADO
932,"Kickers Offenbach","Kickers Offenbach","Offenbach","Offenbach",189,339,150,0x0009C47B,0x000B15B9,True,True,True,False,True,True,ID_ESTAVEL_INDICE_ALTERADO
942,"FC Carl Zeiss Jena","FC Carl Zeiss Jena","Jena","Jena",190,341,151,0x0009C544,0x000B1777,True,True,True,False,True,True,ID_ESTAVEL_INDICE_ALTERADO
944,"SC Friburgo","SC Friburgo","Friburgo","Friburgo",191,342,151,0x0009C63E,0x000B18D9,True,True,True,False,True,True,ID_ESTAVEL_INDICE_ALTERADO
945,"1.FC Kaiserslautern","1.FC Kaiserslautern","Kaiserslautern","Kaiserslautern",192,343,151,0x0009C74D,0x000B1A30,True,True,True,False,True,True,ID_ESTAVEL_INDICE_ALTERADO
946,"FC St. Pauli","FC St. Pauli","St. Pauli","St. Pauli",193,344,151,0x0009C81D,0x000B1B10,True,True,True,False,True,True,ID_ESTAVEL_INDICE_ALTERADO
947,"Hamburgo SV","Hamburgo SV","Hamburgo","Hamburgo",194,345,151,0x0009C91C,0x000B1C58,True,True,True,False,True,True,ID_ESTAVEL_INDICE_ALTERADO
948,"SV Werder Bremen","SV Werder Bremen","Werder Bremen","Werder Bremen",195,346,151,0x0009CA61,0x000B1DE2,True,True,True,False,True,True,ID_ESTAVEL_INDICE_ALTERADO
949,"1.FC Saarbrücken","1.FC Saarbrücken","Saarbrücken","Saarbrücken",196,347,151,0x0009CB3D,0x000B1ECD,True,True,True,False,True,True,ID_ESTAVEL_INDICE_ALTERADO
955,"TSV Munique 1860","TSV Munique 1860","Munique 1860","Munique 1860",197,348,151,0x0009CC42,0x000B1FD7,True,True,True,False,True,True,ID_ESTAVEL_INDICE_ALTERADO
960,"VFB Estugarda","VFB Estugarda","Estugarda","Estugarda",198,350,152,0x0009CD57,0x000B2219,True,True,True,False,True,True,ID_ESTAVEL_INDICE_ALTERADO
961,"VfL Wolfsburg","VfL Wolfsburg","Wolfsburgo","Wolfsburgo",199,351,152,0x0009CE59,0x000B236F,True,True,True,False,True,True,ID_ESTAVEL_INDICE_ALTERADO
963,"SG Wattenscheid 09","SG Wattenscheid 09","Wattenscheid","Wattenscheid",200,352,152,0x0009CF4B,0x000B2461,True,True,True,False,True,True,ID_ESTAVEL_INDICE_ALTERADO
967,"AEK Atenas","AEK Atenas","AEK","AEK",201,353,152,0x0009D05F,0x000B2595,True,True,True,False,True,True,ID_ESTAVEL_INDICE_ALTERADO
981,"Olympiakos SF Piraeus","Olympiakos SF Piraeus","Olympiakos","Olympiakos",202,357,155,0x0009D1C6,0x000B2A79,True,True,True,False,True,True,ID_ESTAVEL_INDICE_ALTERADO
982,"AS PAOK Salonika","AS PAOK Salonika","PAOK","PAOK",203,358,155,0x0009D2F0,0x000B2BCA,True,True,True,False,True,True,ID_ESTAVEL_INDICE_ALTERADO
983,"Panathinaikos AO","Panathinaikos AO","Panathinaikos","Panathinaikos",204,359,155,0x0009D41C,0x000B2CFE,True,True,True,False,True,True,ID_ESTAVEL_INDICE_ALTERADO
984,"GS Neos Panionios","GS Neos Panionios","Panionios","Panionios",205,360,155,0x0009D51A,0x000B2DFC,True,True,True,False,True,True,ID_ESTAVEL_INDICE_ALTERADO
991,"AZ Alkmaar","AZ Alkmaar","AZ","AZ",206,363,157,0x0009D5C2,0x000B30B4,True,True,True,False,True,True,ID_ESTAVEL_INDICE_ALTERADO
992,"AFC Ajax","AFC Ajax","Ajax","Ajax",207,364,157,0x0009D6E8,0x000B320E,True,True,True,False,True,True,ID_ESTAVEL_INDICE_ALTERADO
1000,"De Graafschap","De Graafschap","De Graafschap","De Graafschap",208,365,157,0x0009D7B4,0x000B32CA,True,True,True,False,True,True,ID_ESTAVEL_INDICE_ALTERADO
1001,"FC Dordrecht","FC Dordrecht","Dordrecht","Dordrecht",209,366,157,0x0009D86E,0x000B3384,True,True,True,False,True,True,ID_ESTAVEL_INDICE_ALTERADO
1007,"FC Groningen","FC Groningen","FC Groningen","FC Groningen",210,367,157,0x0009D93E,0x000B3454,True,True,True,False,True,True,ID_ESTAVEL_INDICE_ALTERADO
1009,"FC Twente","FC Twente","FC Twente","FC Twente",211,368,157,0x0009DA21,0x000B3537,True,True,True,False,True,True,ID_ESTAVEL_INDICE_ALTERADO
1010,"FC Utreque","FC Utreque","FC Utreque","FC Utreque",212,369,157,0x0009DB08,0x000B3626,True,True,True,False,True,True,ID_ESTAVEL_INDICE_ALTERADO
1011,"FC Volendam","FC Volendam","Volendam","Volendam",213,370,157,0x0009DBB6,0x000B36D4,True,True,True,False,True,True,ID_ESTAVEL_INDICE_ALTERADO
1013,"Feyenoord","Feyenoord","Feyenoord","Feyenoord",214,371,157,0x0009DCBF,0x000B37F6,True,True,True,False,True,True,ID_ESTAVEL_INDICE_ALTERADO
1024,"NAC Breda","NAC Breda","NAC Breda","NAC Breda",215,372,157,0x0009DDB2,0x000B38EB,True,True,True,False,True,True,ID_ESTAVEL_INDICE_ALTERADO
1025,"NEC Nijmegen","NEC Nijmegen","NEC","NEC",216,373,157,0x0009DE9E,0x000B39DA,True,True,True,False,True,True,ID_ESTAVEL_INDICE_ALTERADO
1028,"PSV Eindhoven","PSV Eindhoven","PSV","PSV",217,374,157,0x0009DF9C,0x000B3B0B,True,True,True,False,True,True,ID_ESTAVEL_INDICE_ALTERADO
1032,"RKC Waalwijk","RKC Waalwijk","RKC","RKC",219,375,156,0x0009E0F4,0x000B3BB9,True,True,True,False,True,True,ID_ESTAVEL_INDICE_ALTERADO
1033,"Roda JC","Roda JC","Roda JC","Roda JC",220,376,156,0x0009E1C7,0x000B3C9C,True,True,True,False,True,True,ID_ESTAVEL_INDICE_ALTERADO
1036,"SC Heerenveen","SC Heerenveen","Heerenveen","Heerenveen",221,377,156,0x0009E2B4,0x000B3D89,True,True,True,False,True,True,ID_ESTAVEL_INDICE_ALTERADO
1042,"TOP Oss","TOP Oss","TOP","TOP",222,378,156,0x0009E358,0x000B3E2D,True,True,True,False,True,True,ID_ESTAVEL_INDICE_ALTERADO
1046,"Vitesse","Vitesse","Vitesse","Vitesse",223,379,156,0x0009E43B,0x000B3F1A,True,True,True,False,True,True,ID_ESTAVEL_INDICE_ALTERADO
1052,"Debreceni VSC","Debreceni VSC","Debrecen","Debrecen",224,382,158,0x0009E51C,0x000B41AA,True,True,True,False,True,True,ID_ESTAVEL_INDICE_ALTERADO
1055,"Ferencvárosi Torna Club","Ferencvárosi Torna Club","Ferencváros","Ferencváros",225,384,159,0x0009E62F,0x000B4385,True,True,True,False,True,True,ID_ESTAVEL_INDICE_ALTERADO
1059,"Budapest Honvéd FC","Budapest Honvéd FC","Honvéd","Honvéd",226,385,159,0x0009E6F7,0x000B4484,True,True,True,False,True,True,ID_ESTAVEL_INDICE_ALTERADO
1060,"MTK Budapest FC","MTK Budapest FC","MTK","MTK",227,386,159,0x0009E7DA,0x000B4567,True,True,True,False,True,True,ID_ESTAVEL_INDICE_ALTERADO
1062,"Videoton FC Fehérvár","Videoton FC Fehérvár","Videoton","Videoton",228,387,159,0x0009E89A,0x000B462F,True,True,True,False,True,True,ID_ESTAVEL_INDICE_ALTERADO
1064,"Újpest FC","Újpest FC","Újpest","Újpest",229,388,159,0x0009E97F,0x000B4724,True,True,True,False,True,True,ID_ESTAVEL_INDICE_ALTERADO
1068,"ZTE Football Club","ZTE Football Club","ZTE","ZTE",230,390,160,0x0009EA4E,0x000B48E0,True,True,True,False,True,True,ID_ESTAVEL_INDICE_ALTERADO
1070,"Fimleikafélag Hafnarfjarðar","Fimleikafélag Hafnarfjarðar","FH","FH",231,391,160,0x0009EB10,0x000B49C9,True,True,True,False,True,True,ID_ESTAVEL_INDICE_ALTERADO
1072,"Íþróttafélag Akraness","Íþróttafélag Akraness","ÍA","ÍA",232,393,161,0x0009EBED,0x000B4B5A,True,True,True,False,True,True,ID_ESTAVEL_INDICE_ALTERADO
1076,"Knattspyrnufélag Reykjavíkur","Knattspyrnufélag Reykjavíkur","KR","KR",233,396,163,0x0009ECE0,0x000B4DFC,True,True,True,False,True,True,ID_ESTAVEL_INDICE_ALTERADO
1085,"Hapoel Beer-Sheva","Hapoel Beer-Sheva","H. Beer-Sheva","H. Beer-Sheva",234,399,165,0x0009EDC3,0x000B5099,True,True,True,False,True,True,ID_ESTAVEL_INDICE_ALTERADO
1090,"Hapoel Tel-Aviv","Hapoel Tel-Aviv","H. Tel-Aviv","H. Tel-Aviv",235,402,167,0x0009EEB5,0x000B5342,True,True,True,False,True,True,ID_ESTAVEL_INDICE_ALTERADO
1093,"Maccabi Haifa","Maccabi Haifa","M. Haifa","M. Haifa",236,404,168,0x0009EF96,0x000B5513,True,True,True,False,True,True,ID_ESTAVEL_INDICE_ALTERADO
1096,"Maccabi Petach-Tikva","Maccabi Petach-Tikva","Maccabi Petah","Maccabi Petah",237,405,168,0x0009F060,0x000B55FC,True,True,True,False,True,True,ID_ESTAVEL_INDICE_ALTERADO
1097,"Maccabi Tel-Aviv","Maccabi Tel-Aviv","M. Tel-Aviv","M. Tel-Aviv",238,406,168,0x0009F15C,0x000B5727,True,True,True,False,True,True,ID_ESTAVEL_INDICE_ALTERADO
1099,"AC Milão","AC Milão","Milão","Milão",239,407,168,0x0009F2E5,0x000B58B3,True,True,True,False,True,True,ID_ESTAVEL_INDICE_ALTERADO
1100,"AS Roma","AS Roma","Roma","Roma",240,408,168,0x0009F419,0x000B5A01,True,True,True,False,True,True,ID_ESTAVEL_INDICE_ALTERADO
1105,"Ascoli","Ascoli","Ascoli","Ascoli",241,409,168,0x0009F4D8,0x000B5AC0,True,True,True,False,True,True,ID_ESTAVEL_INDICE_ALTERADO
1106,"Atalanta","Atalanta","Atalanta","Atalanta",242,410,168,0x0009F5DF,0x000B5BC7,True,True,True,False,True,True,ID_ESTAVEL_INDICE_ALTERADO
1111,"Bolonha","Bolonha","Bolonha","Bolonha",243,411,168,0x0009F6DB,0x000B5CCB,True,True,True,False,True,True,ID_ESTAVEL_INDICE_ALTERADO
1113,"Brescia","Brescia","Brescia","Brescia",244,412,168,0x0009F7B7,0x000B5DA7,True,True,True,False,True,True,ID_ESTAVEL_INDICE_ALTERADO
1114,"Cagliari","Cagliari","Cagliari","Cagliari",245,413,168,0x0009F87E,0x000B5E76,True,True,True,False,True,True,ID_ESTAVEL_INDICE_ALTERADO
1119,"Catanzaro","Catanzaro","Catanzaro","Catanzaro",246,414,168,0x0009F951,0x000B5F41,True,True,True,False,True,True,ID_ESTAVEL_INDICE_ALTERADO
1120,"Cesena","Cesena","Cesena","Cesena",247,415,168,0x0009FA10,0x000B5FF8,True,True,True,False,True,True,ID_ESTAVEL_INDICE_ALTERADO
1122,"Chievo Verona","Chievo Verona","Chievo","Chievo",248,416,168,0x0009FB27,0x000B6111,True,True,True,False,True,True,ID_ESTAVEL_INDICE_ALTERADO
1129,"Fiorentina","Fiorentina","Fiorentina","Fiorentina",249,417,168,0x0009FC3F,0x000B624D,True,True,True,False,True,True,ID_ESTAVEL_INDICE_ALTERADO
1132,"Génova 1893","Génova 1893","Génova","Génova",250,418,168,0x0009FD18,0x000B631E,True,True,True,False,True,True,ID_ESTAVEL_INDICE_ALTERADO
1135,"Internazionale de Milão","Internazionale de Milão","Inter","Inter",251,419,168,0x0009FE9F,0x000B649A,True,True,True,False,True,True,ID_ESTAVEL_INDICE_ALTERADO
1139,"Juventus","Juventus","Juventus","Juventus",252,420,168,0x000A0052,0x000B664A,True,True,True,False,True,True,ID_ESTAVEL_INDICE_ALTERADO
1140,"Lázio","Lázio","Lázio","Lázio",253,421,168,0x000A01C5,0x000B67D8,True,True,True,False,True,True,ID_ESTAVEL_INDICE_ALTERADO
1141,"Lecce","Lecce","Lecce","Lecce",254,422,168,0x000A0299,0x000B68C9,True,True,True,False,True,True,ID_ESTAVEL_INDICE_ALTERADO
1147,"Modena","Modena","Modena","Modena",255,423,168,0x000A0380,0x000B69B8,True,True,True,False,True,True,ID_ESTAVEL_INDICE_ALTERADO
1150,"Nápoles","Nápoles","Nápoles","Nápoles",256,424,168,0x000A045B,0x000B6A9B,True,True,True,False,True,True,ID_ESTAVEL_INDICE_ALTERADO
1156,"Parma","Parma","Parma","Parma",257,425,168,0x000A0553,0x000B6BC1,True,True,True,False,True,True,ID_ESTAVEL_INDICE_ALTERADO
1157,"Perugia","Perugia","Perugia","Perugia",258,426,168,0x000A0645,0x000B6CB3,True,True,True,False,True,True,ID_ESTAVEL_INDICE_ALTERADO
1165,"Reggina","Reggina","Reggina","Reggina",260,428,168,0x000A07C3,0x000B6E44,True,True,True,False,True,True,ID_ESTAVEL_INDICE_ALTERADO
1167,"Sampdória","Sampdória","Sampdória","Sampdória",261,429,168,0x000A08A0,0x000B6F21,True,True,True,False,True,True,ID_ESTAVEL_INDICE_ALTERADO
1170,"Siena","Siena","Siena","Siena",262,430,168,0x000A0964,0x000B6FDD,True,True,True,False,True,True,ID_ESTAVEL_INDICE_ALTERADO
1174,"Turim","Turim","Turim","Turim",263,431,168,0x000A0A1F,0x000B7098,True,True,True,False,True,True,ID_ESTAVEL_INDICE_ALTERADO
1178,"Udinese","Udinese","Udinese","Udinese",264,432,168,0x000A0B20,0x000B71A8,True,True,True,False,True,True,ID_ESTAVEL_INDICE_ALTERADO
1181,"Vicenza","Vicenza","Vicenza","Vicenza",265,433,168,0x000A0BE3,0x000B727B,True,True,True,False,True,True,ID_ESTAVEL_INDICE_ALTERADO
1184,"Tsuno Shadows","Tsuno Shadows","Tsuno Shadows","Tsuno Shadows",266,434,168,0x000A0CA7,0x000B733F,True,True,True,False,True,True,ID_ESTAVEL_INDICE_ALTERADO
1188,"Neriwa Gabe","Neriwa Gabe","Neriwa Gabe","Neriwa Gabe",267,435,168,0x000A0D6B,0x000B7403,True,True,True,False,True,True,ID_ESTAVEL_INDICE_ALTERADO
1189,"Sfida Oshiwa F.C.","Sfida Oshiwa F.C.","Sfida Oshiwa F.C.","Sfida Oshiwa F.C.",268,436,168,0x000A0E57,0x000B74EF,True,True,True,False,True,True,ID_ESTAVEL_INDICE_ALTERADO
1191,"Kashiba Stolz","Kashiba Stolz","Kashiba Stolz","Kashiba Stolz",269,437,168,0x000A0F13,0x000B75AB,True,True,True,False,True,True,ID_ESTAVEL_INDICE_ALTERADO
1194,"FC Tokunyawa","FC Tokunyawa","FC Tokunyawa","FC Tokunyawa",270,438,168,0x000A0FD3,0x000B766B,True,True,True,False,True,True,ID_ESTAVEL_INDICE_ALTERADO
1196,"Uto Gun Gluck","Uto Gun Gluck","Uto Gun Gluck","Uto Gun Gluck",271,439,168,0x000A109F,0x000B7737,True,True,True,False,True,True,ID_ESTAVEL_INDICE_ALTERADO
1197,"Yokohama Flugels","Yokohama Flugels","Flugels","Flugels",272,440,168,0x000A115D,0x000B77F5,True,True,True,False,True,True,ID_ESTAVEL_INDICE_ALTERADO
1198,"Matsumoto Giurare","Matsumoto Giurare","Matsumoto Giurare","Matsumoto Giurare",273,441,168,0x000A1239,0x000B78D1,True,True,True,False,True,True,ID_ESTAVEL_INDICE_ALTERADO
1204,"FK Skonto Riga","FK Skonto Riga","Skonto","Skonto",274,442,168,0x000A1338,0x000B79E0,True,True,True,False,True,True,ID_ESTAVEL_INDICE_ALTERADO
1211,"FK Ekranas","FK Ekranas","Ekranas","Ekranas",275,447,172,0x000A1421,0x000B7D83,True,True,True,False,True,True,ID_ESTAVEL_INDICE_ALTERADO
1212,"Kaunas","Kaunas","","",276,448,172,0x000A14FA,0x000B7E64,True,True,True,False,True,True,ID_ESTAVEL_INDICE_ALTERADO
1218,"FK Zalgiris","FK Zalgiris","Zalgiris","Zalgiris",277,449,172,0x000A15DF,0x000B7F59,True,True,True,False,True,True,ID_ESTAVEL_INDICE_ALTERADO
1222,"CS Grevenmacher","CS Grevenmacher","Grevenmacher","Grevenmacher",278,452,174,0x000A16BC,0x000B81CD,True,True,True,False,True,True,ID_ESTAVEL_INDICE_ALTERADO
1224,"F91 Dudelange","F91 Dudelange","Dudelange","Dudelange",279,454,175,0x000A178F,0x000B8352,True,True,True,False,True,True,ID_ESTAVEL_INDICE_ALTERADO
1226,"AS La Jeunesse d'Esch-Alzette","AS La Jeunesse d'Esch-Alzette","Jeunesse Esch","Jeunesse Esch",280,456,176,0x000A188A,0x000B84FD,True,True,True,False,True,True,ID_ESTAVEL_INDICE_ALTERADO
1236,"FK Pobeda Prilep","FK Pobeda Prilep","Pobeda","Pobeda",281,461,180,0x000A197D,0x000B88D4,True,True,True,False,True,True,ID_ESTAVEL_INDICE_ALTERADO
1237,"FC Sileks Kratovo","FC Sileks Kratovo","Sileks","Sileks",282,462,180,0x000A1A59,0x000B89B8,True,True,True,False,True,True,ID_ESTAVEL_INDICE_ALTERADO
1238,"FK Sloga Jugomagnat Skopje","FK Sloga Jugomagnat Skopje","Sloga Jugomagnat","Sloga Jugomagnat",283,463,180,0x000A1B73,0x000B8ADA,True,True,True,False,True,True,ID_ESTAVEL_INDICE_ALTERADO
1239,"FK Vardar Skopje","FK Vardar Skopje","Vardar","Vardar",284,464,180,0x000A1C46,0x000B8BAD,True,True,True,False,True,True,ID_ESTAVEL_INDICE_ALTERADO
1240,"Birkirkara","Birkirkara","Birkirkara","Birkirkara",285,465,180,0x000A1D1D,0x000B8C94,True,True,True,False,True,True,ID_ESTAVEL_INDICE_ALTERADO
1243,"Hibernians","Hibernians","Hibernians","Hibernians",286,468,182,0x000A1DEC,0x000B8EEF,True,True,True,False,True,True,ID_ESTAVEL_INDICE_ALTERADO
1247,"Sliema Wanderers","Sliema Wanderers","Sliema Wanderers","Sliema Wanderers",287,472,185,0x000A1ED3,0x000B920C,True,True,True,False,True,True,ID_ESTAVEL_INDICE_ALTERADO
1253,"Club de Fútbol América","Club de Fútbol América","América (MEX)","América (MEX)",288,474,186,0x000A1FF7,0x000B9414,True,True,True,False,True,True,ID_ESTAVEL_INDICE_ALTERADO
1254,"Club Deportivo Cruz Azul","Club Deportivo Cruz Azul","Cruz Azul","Cruz Azul",289,475,186,0x000A212F,0x000B9559,True,True,True,False,True,True,ID_ESTAVEL_INDICE_ALTERADO
1255,"Club Guadalajara","Club Guadalajara","Chivas","Chivas",290,476,186,0x000A221A,0x000B9646,True,True,True,False,True,True,ID_ESTAVEL_INDICE_ALTERADO
1257,"Club de Fútbol Monterrey","Club de Fútbol Monterrey","Monterrey","Monterrey",291,477,186,0x000A2313,0x000B9731,True,True,True,False,True,True,ID_ESTAVEL_INDICE_ALTERADO
1258,"Club Deportivo Necaxa","Club Deportivo Necaxa","Necaxa","Necaxa",292,478,186,0x000A23F8,0x000B9816,True,True,True,False,True,True,ID_ESTAVEL_INDICE_ALTERADO
1259,"Club Deportivo León","Club Deportivo León","León","León",293,479,186,0x000A24AE,0x000B98CC,True,True,True,False,True,True,ID_ESTAVEL_INDICE_ALTERADO
1260,"Club de Fútbol Universidad","Club de Fútbol Universidad","Pumas","Pumas",294,480,186,0x000A25C6,0x000B99EF,True,True,True,False,True,True,ID_ESTAVEL_INDICE_ALTERADO
1264,"Nistru Otaci","Nistru Otaci","Nistru Otaci","Nistru Otaci",295,481,186,0x000A269D,0x000B9ACE,True,True,True,False,True,True,ID_ESTAVEL_INDICE_ALTERADO
1267,"Tiligul-Tiras Tiraspol","Tiligul-Tiras Tiraspol","Tiligul","Tiligul",296,483,187,0x000A276F,0x000B9C8B,True,True,True,False,True,True,ID_ESTAVEL_INDICE_ALTERADO
1268,"Zimbru Chisinau","Zimbru Chisinau","Zimbru","Zimbru",297,484,187,0x000A284F,0x000B9D6B,True,True,True,False,True,True,ID_ESTAVEL_INDICE_ALTERADO
1274,"Ballymena United","Ballymena United","Ballymena Utd","Ballymena Utd",298,485,187,0x000A291C,0x000B9E48,True,True,True,False,True,True,ID_ESTAVEL_INDICE_ALTERADO
1282,"Glentoran","Glentoran","Glentoran","Glentoran",299,492,193,0x000A2A02,0x000BA42A,True,True,True,False,True,True,ID_ESTAVEL_INDICE_ALTERADO
1284,"Linfield","Linfield","Linfield","Linfield",300,493,193,0x000A2AE4,0x000BA524,True,True,True,False,True,True,ID_ESTAVEL_INDICE_ALTERADO
1288,"Portadown","Portadown","Portadown","Portadown",301,494,193,0x000A2BC6,0x000BA61E,True,True,True,False,True,True,ID_ESTAVEL_INDICE_ALTERADO
1293,"FK Bodø-Glimt","FK Bodø-Glimt","","",302,495,193,0x000A2C9F,0x000BA702,True,True,True,False,True,True,ID_ESTAVEL_INDICE_ALTERADO
1341,"Lillestrøm SK","Lillestrøm SK","Lillestrøm","Lillestrøm",303,497,194,0x000A2D87,0x000BA8B7,True,True,True,False,True,True,ID_ESTAVEL_INDICE_ALTERADO
1344,"FC Lyn Oslo","FC Lyn Oslo","Lyn","Lyn",304,498,194,0x000A2E76,0x000BA9BA,True,True,True,False,True,True,ID_ESTAVEL_INDICE_ALTERADO
1353,"Molde FK","Molde FK","Molde","Molde",305,499,194,0x000A2F5A,0x000BAAB0,True,True,True,False,True,True,ID_ESTAVEL_INDICE_ALTERADO
1365,"Odd Grenland","Odd Grenland","Odd Grenland","Odd Grenland",306,500,194,0x000A3035,0x000BAB8B,True,True,True,False,True,True,ID_ESTAVEL_INDICE_ALTERADO
1376,"Rosenborg BK","Rosenborg BK","Rosenborg","Rosenborg",307,501,194,0x000A311A,0x000BAC70,True,True,True,False,True,True,ID_ESTAVEL_INDICE_ALTERADO
1396,"Stabæk IF","Stabæk IF","Stabæk","Stabæk",308,503,195,0x000A320B,0x000BAE48,True,True,True,False,True,True,ID_ESTAVEL_INDICE_ALTERADO
1422,"Viking FK","Viking FK","Viking","Viking",309,505,196,0x000A32D4,0x000BAFCA,True,True,True,False,True,True,ID_ESTAVEL_INDICE_ALTERADO
1426,"Vålerenga Fotball","Vålerenga Fotball","Vålerenga","Vålerenga",310,506,196,0x000A33E3,0x000BB0E1,True,True,True,False,True,True,ID_ESTAVEL_INDICE_ALTERADO
1445,"C Cerro Porteño","C Cerro Porteño","Cerro Porteño","Cerro Porteño",311,507,196,0x000A34B5,0x000BB1B7,True,True,True,False,True,True,ID_ESTAVEL_INDICE_ALTERADO
1449,"C Sporting Cristal","C Sporting Cristal","Sp.Cristal","Sp.Cristal",313,508,195,0x000A3668,0x000BB28D,True,True,True,False,True,True,ID_ESTAVEL_INDICE_ALTERADO
1450,"C Universitario D","C Universitario D","Universitario","Universitario",314,509,195,0x000A3743,0x000BB363,True,True,True,False,True,True,ID_ESTAVEL_INDICE_ALTERADO
1452,"Gornik Zabrze","Gornik Zabrze","Gornik Zabrze","Gornik Zabrze",315,510,195,0x000A382E,0x000BB44E,True,True,True,False,True,True,ID_ESTAVEL_INDICE_ALTERADO
1455,"Lech Poznan","Lech Poznan","Lech","Lech",316,511,195,0x000A38FB,0x000BB523,True,True,True,False,True,True,ID_ESTAVEL_INDICE_ALTERADO
1456,"Legia-Daewoo Varsóvia","Legia-Daewoo Varsóvia","Légia","Légia",317,512,195,0x000A39F5,0x000BB625,True,True,True,False,True,True,ID_ESTAVEL_INDICE_ALTERADO
1471,"Boavista Futebol Clube","Boavista Futebol Clube","Boavista","Boavista",318,518,200,0x000A3B1C,0x000BBB95,True,True,True,False,True,True,ID_ESTAVEL_INDICE_ALTERADO
1474,"C.F. Os Belenenses","C.F. Os Belenenses","Belenenses","Belenenses",319,519,200,0x000A3C10,0x000BBC89,True,True,True,False,True,True,ID_ESTAVEL_INDICE_ALTERADO
1476,"Clube Sport Marítimo","Clube Sport Marítimo","Marítimo","Marítimo",321,520,199,0x000A3E0D,0x000BBDA4,True,True,True,False,True,True,ID_ESTAVEL_INDICE_ALTERADO
1478,"Futebol Clube do Porto","Futebol Clube do Porto","Porto","Porto",323,521,198,0x000A4004,0x000BBECD,True,True,True,False,True,True,ID_ESTAVEL_INDICE_ALTERADO
1487,"Sport Lisboa e Benfica","Sport Lisboa e Benfica","Benfica","Benfica",325,523,198,0x000A4211,0x000BC105,True,True,True,False,True,True,ID_ESTAVEL_INDICE_ALTERADO
1488,"Sporting Clube de Braga","Sporting Clube de Braga","Braga","Braga",326,524,198,0x000A4301,0x000BC204,True,True,True,False,True,True,ID_ESTAVEL_INDICE_ALTERADO
1489,"Sporting Clube de Portugal","Sporting Clube de Portugal","Sporting CP","Sporting CP",327,525,198,0x000A4426,0x000BC351,True,True,True,False,True,True,ID_ESTAVEL_INDICE_ALTERADO
1493,"União Desportiva de Leiria","União Desportiva de Leiria","Leiria","Leiria",328,526,198,0x000A4521,0x000BC44C,True,True,True,False,True,True,ID_ESTAVEL_INDICE_ALTERADO
1494,"Vitória Sport Club","Vitória Sport Club","Vit. Guimarães","Vit. Guimarães",329,527,198,0x000A461D,0x000BC540,True,True,True,False,True,True,ID_ESTAVEL_INDICE_ALTERADO
1495,"Vitória Futebol Clube","Vitória Futebol Clube","Vit. Setúbal","Vit. Setúbal",330,528,198,0x000A4722,0x000BC645,True,True,True,False,True,True,ID_ESTAVEL_INDICE_ALTERADO
1500,"Dínamo Bucareste","Dínamo Bucareste","Din.Bucareste","Din.Bucareste",331,529,198,0x000A4828,0x000BC75F,True,True,True,False,True,True,ID_ESTAVEL_INDICE_ALTERADO
1507,"FC Gloria 1922 Bistrita","FC Gloria 1922 Bistrita","Gloria","Gloria",332,533,201,0x000A4906,0x000BCB02,True,True,True,False,True,True,ID_ESTAVEL_INDICE_ALTERADO
1508,"FC Otelul Galati","FC Otelul Galati","Otelul","Otelul",333,534,201,0x000A49D6,0x000BCBF9,True,True,True,False,True,True,ID_ESTAVEL_INDICE_ALTERADO
1513,"Steaua Bucareste","Steaua Bucareste","Steaua","Steaua",334,537,203,0x000A4ACC,0x000BCF4C,True,True,True,False,True,True,ID_ESTAVEL_INDICE_ALTERADO
1518,"CSKA Moscovo","CSKA Moscovo","CSKA Moscovo","CSKA Moscovo",335,539,204,0x000A4C45,0x000BD1DE,True,True,True,False,True,True,ID_ESTAVEL_INDICE_ALTERADO
1520,"Dinamo Moscovo","Dinamo Moscovo","Din.Moscovo","Din.Moscovo",336,540,204,0x000A4D83,0x000BD318,True,True,True,False,True,True,ID_ESTAVEL_INDICE_ALTERADO
1523,"Krylja Sovetov Samara","Krylja Sovetov Samara","Krylja Sovetov","Krylja Sovetov",337,541,204,0x000A4EAA,0x000BD437,True,True,True,False,True,True,ID_ESTAVEL_INDICE_ALTERADO
1525,"Lokomotiv Moscovo","Lokomotiv Moscovo","Lokomotiv Moscovo","Lokomotiv Moscovo",338,542,204,0x000A5016,0x000BD5B2,True,True,True,False,True,True,ID_ESTAVEL_INDICE_ALTERADO
1527,"SC Rotor Volgograd","SC Rotor Volgograd","Rotor","Rotor",339,543,204,0x000A5129,0x000BD6C5,True,True,True,False,True,True,ID_ESTAVEL_INDICE_ALTERADO
1529,"Spartak Moscovo","Spartak Moscovo","Spartak Moscovo","Spartak Moscovo",340,544,204,0x000A52AD,0x000BD851,True,True,True,False,True,True,ID_ESTAVEL_INDICE_ALTERADO
1530,"Alania Vladikavkaz","Alania Vladikavkaz","Alania","Alania",341,545,204,0x000A53A1,0x000BD945,True,True,True,False,True,True,ID_ESTAVEL_INDICE_ALTERADO
1532,"Torpedo Moscovo","Torpedo Moscovo","Torpedo Moscovo","Torpedo Moscovo",342,546,204,0x000A5484,0x000BDA28,True,True,True,False,True,True,ID_ESTAVEL_INDICE_ALTERADO
1535,"Al Shabab (KSA)","Al Shabab (KSA)","Al Shabab (KSA)","Al Shabab (KSA)",343,547,204,0x000A5568,0x000BDB0C,True,True,True,False,True,True,ID_ESTAVEL_INDICE_ALTERADO
1536,"Aberdeen","Aberdeen","Aberdeen","Aberdeen",344,548,204,0x000A5667,0x000BDC2B,True,True,True,False,True,True,ID_ESTAVEL_INDICE_ALTERADO
1556,"Dundee United","Dundee United","Dundee Utd","Dundee Utd",345,551,206,0x000A5744,0x000BDED6,True,True,True,False,True,True,ID_ESTAVEL_INDICE_ALTERADO
1557,"Dunfermline Athletic","Dunfermline Athletic","Dunfermline","Dunfermline",346,552,206,0x000A5829,0x000BDFE2,True,True,True,False,True,True,ID_ESTAVEL_INDICE_ALTERADO
1569,"Celtic","Celtic","Celtic","Celtic",347,553,206,0x000A5937,0x000BE0FB,True,True,True,False,True,True,ID_ESTAVEL_INDICE_ALTERADO
1570,"Rangers FC","Rangers FC","Rangers","Rangers",348,554,206,0x000A5A47,0x000BE22B,True,True,True,False,True,True,ID_ESTAVEL_INDICE_ALTERADO
1573,"Heart Of Midlothian","Heart Of Midlothian","Hearts","Hearts",349,555,206,0x000A5B58,0x000BE354,True,True,True,False,True,True,ID_ESTAVEL_INDICE_ALTERADO
1575,"Hibernian","Hibernian","Hibs","Hibs",350,556,206,0x000A5C39,0x000BE455,True,True,True,False,True,True,ID_ESTAVEL_INDICE_ALTERADO
1605,"Geylang United","Geylang United","Geylang Utd","Geylang Utd",351,562,211,0x000A5D02,0x000BE9E5,True,True,True,False,True,True,ID_ESTAVEL_INDICE_ALTERADO
1606,"Home United","Home United","Home Utd","Home Utd",352,563,211,0x000A5DB8,0x000BEA9B,True,True,True,False,True,True,ID_ESTAVEL_INDICE_ALTERADO
1615,"Dukla Banska Bystrica","Dukla Banska Bystrica","Banska Bystrica","Banska Bystrica",353,565,212,0x000A5EAE,0x000BEC66,True,True,True,False,True,True,ID_ESTAVEL_INDICE_ALTERADO
1620,"MSK Zilina","MSK Zilina","Zilina","Zilina",354,567,213,0x000A5F75,0x000BEE2B,True,True,True,False,True,True,ID_ESTAVEL_INDICE_ALTERADO
1622,"Slovan Bratislava","Slovan Bratislava","Slovan Bratislava","Slovan Bratislava",355,568,213,0x000A607C,0x000BEF3A,True,True,True,False,True,True,ID_ESTAVEL_INDICE_ALTERADO
1623,"Spartak Trnava","Spartak Trnava","Trnava","Trnava",356,569,213,0x000A6162,0x000BF020,True,True,True,False,True,True,ID_ESTAVEL_INDICE_ALTERADO
1627,"NK Gorica","NK Gorica","Gorica","Gorica",357,571,214,0x000A622F,0x000BF1AF,True,True,True,False,True,True,ID_ESTAVEL_INDICE_ALTERADO
1629,"NK Maribor","NK Maribor","Maribor","Maribor",358,572,214,0x000A6308,0x000BF2A8,True,True,True,False,True,True,ID_ESTAVEL_INDICE_ALTERADO
1636,"NK Primorje","NK Primorje","Primorje","Primorje",359,575,216,0x000A63E4,0x000BF50C,True,True,True,False,True,True,ID_ESTAVEL_INDICE_ALTERADO
1637,"NK CMC Publikum","NK CMC Publikum","Publikum","Publikum",360,576,216,0x000A64D1,0x000BF601,True,True,True,False,True,True,ID_ESTAVEL_INDICE_ALTERADO
1639,"NK Olimpija","NK Olimpija","Olimpija","Olimpija",361,577,216,0x000A65AE,0x000BF6F6,True,True,True,False,True,True,ID_ESTAVEL_INDICE_ALTERADO
1642,"Ajax Cape Town","Ajax Cape Town","Ajax CT","Ajax CT",362,578,216,0x000A6684,0x000BF7DB,True,True,True,False,True,True,ID_ESTAVEL_INDICE_ALTERADO
1643,"Kaizer Chiefs","Kaizer Chiefs","Kaizer Chiefs","Kaizer Chiefs",363,579,216,0x000A677C,0x000BF8E2,True,True,True,False,True,True,ID_ESTAVEL_INDICE_ALTERADO
1644,"Mamelodi Sundowns","Mamelodi Sundowns","Sundowns","Sundowns",364,580,216,0x000A685A,0x000BF9C0,True,True,True,False,True,True,ID_ESTAVEL_INDICE_ALTERADO
1645,"Orlando Pirates","Orlando Pirates","Orlando Pirates","Orlando Pirates",365,581,216,0x000A693B,0x000BFAB0,True,True,True,False,True,True,ID_ESTAVEL_INDICE_ALTERADO
1646,"Supersport United","Supersport United","Supersport Utd","Supersport Utd",366,582,216,0x000A6A1E,0x000BFB93,True,True,True,False,True,True,ID_ESTAVEL_INDICE_ALTERADO
1660,"Albacete Balompié S.A.D.","Albacete Balompié S.A.D.","Albacete","Albacete",367,583,216,0x000A6B19,0x000BFC89,True,True,True,False,True,True,ID_ESTAVEL_INDICE_ALTERADO
1661,"U.D. Almería S.A.D.","U.D. Almería S.A.D.","Almería","Almería",368,584,216,0x000A6C00,0x000BFD6B,True,True,True,False,True,True,ID_ESTAVEL_INDICE_ALTERADO
1664,"Athletic Club","Athletic Club","Athletic Club","Athletic Club",369,585,216,0x000A6CFF,0x000BFE9D,True,True,True,False,True,True,ID_ESTAVEL_INDICE_ALTERADO
1680,"C.D. Tenerife S.A.D.","C.D. Tenerife S.A.D.","Tenerife","Tenerife",370,586,216,0x000A6DD3,0x000BFF7D,True,True,True,False,True,True,ID_ESTAVEL_INDICE_ALTERADO
1682,"Cádiz","Cádiz","","",371,587,216,0x000A6EA0,0x000C0049,True,True,True,False,True,True,ID_ESTAVEL_INDICE_ALTERADO
1685,"Club Atlético Osasuna","Club Atlético Osasuna","Osasuna","Osasuna",372,588,216,0x000A6FA3,0x000C0151,True,True,True,False,True,True,ID_ESTAVEL_INDICE_ALTERADO
1687,"Club Atlético de Madrid S.A.D.","Club Atlético de Madrid S.A.D.","At. Madrid","At. Madrid",373,589,216,0x000A70F0,0x000C02B1,True,True,True,False,True,True,ID_ESTAVEL_INDICE_ALTERADO
1688,"D. Alavés S.A.D.","D. Alavés S.A.D.","Alavés","Alavés",374,590,216,0x000A71EA,0x000C03AB,True,True,True,False,True,True,ID_ESTAVEL_INDICE_ALTERADO
1699,"C.D. Numancia S.A.D.","C.D. Numancia S.A.D.","Numancia","Numancia",375,591,216,0x000A72BD,0x000C047E,True,True,True,False,True,True,ID_ESTAVEL_INDICE_ALTERADO
1704,"Córdoba","Córdoba","","",376,592,216,0x000A737F,0x000C0540,True,True,True,False,True,True,ID_ESTAVEL_INDICE_ALTERADO
1705,"R.C. Deportivo de La Coruña S.A.D.","R.C. Deportivo de La Coruña S.A.D.","Deportivo","Deportivo",377,593,216,0x000A74EE,0x000C06BA,True,True,True,False,True,True,ID_ESTAVEL_INDICE_ALTERADO
1707,"Elche","Elche","","",378,594,216,0x000A75B0,0x000C077C,True,True,True,False,True,True,ID_ESTAVEL_INDICE_ALTERADO
1708,"F.C. Barcelona","F.C. Barcelona","Barcelona","Barcelona",379,595,216,0x000A771B,0x000C08F9,True,True,True,False,True,True,ID_ESTAVEL_INDICE_ALTERADO
1710,"Getafe","Getafe","","",380,596,216,0x000A77D5,0x000C09B3,True,True,True,False,True,True,ID_ESTAVEL_INDICE_ALTERADO
1717,"Levante","Levante","","",381,597,216,0x000A78B7,0x000C0AAD,True,True,True,False,True,True,ID_ESTAVEL_INDICE_ALTERADO
1724,"Real Club Celta de Vigo S.A.D.","Real Club Celta de Vigo S.A.D.","Celta","Celta",382,598,216,0x000A79CF,0x000C0BBC,True,True,True,False,True,True,ID_ESTAVEL_INDICE_ALTERADO
1725,"R.C.D. Espanyol de Barcelona S.A.D.","R.C.D. Espanyol de Barcelona S.A.D.","Espanyol","Espanyol",383,599,216,0x000A7AE7,0x000C0CD4,True,True,True,False,True,True,ID_ESTAVEL_INDICE_ALTERADO
1726,"R.C.D. Mallorca S.A.D.","R.C.D. Mallorca S.A.D.","Mallorca","Mallorca",384,600,216,0x000A7C09,0x000C0DF8,True,True,True,False,True,True,ID_ESTAVEL_INDICE_ALTERADO
1728,"Real Racing Club S.A.D.","Real Racing Club S.A.D.","Racing","Racing",385,601,216,0x000A7D06,0x000C0EFA,True,True,True,False,True,True,ID_ESTAVEL_INDICE_ALTERADO
1733,"Real Betis Balompié S.A.D.","Real Betis Balompié S.A.D.","Betis","Betis",387,602,215,0x000A7F3C,0x000C101D,True,True,True,False,True,True,ID_ESTAVEL_INDICE_ALTERADO
1736,"Real Madrid C.F.","Real Madrid C.F.","R. Madrid","R. Madrid",388,603,215,0x000A807B,0x000C116B,True,True,True,False,True,True,ID_ESTAVEL_INDICE_ALTERADO
1739,"Murcia","Murcia","","",389,604,215,0x000A814B,0x000C123B,True,True,True,False,True,True,ID_ESTAVEL_INDICE_ALTERADO
1742,"Real Sociedad S.A.D.","Real Sociedad S.A.D.","R. Sociedad","R. Sociedad",390,605,215,0x000A8273,0x000C1387,True,True,True,False,True,True,ID_ESTAVEL_INDICE_ALTERADO
1744,"Real Sporting de Gijón S.A.D","Real Sporting de Gijón S.A.D","Sporting","Sporting",391,606,215,0x000A835F,0x000C1473,True,True,True,False,True,True,ID_ESTAVEL_INDICE_ALTERADO
1747,"Real Valladolid S.A.D.","Real Valladolid S.A.D.","Valladolid","Valladolid",392,607,215,0x000A843A,0x000C154E,True,True,True,False,True,True,ID_ESTAVEL_INDICE_ALTERADO
1749,"Real Zaragoza S.A.D.","Real Zaragoza S.A.D.","Zaragoza","Zaragoza",393,608,215,0x000A8567,0x000C167E,True,True,True,False,True,True,ID_ESTAVEL_INDICE_ALTERADO
1751,"R.C. Recreativo de Huelva S.A.D.","R.C. Recreativo de Huelva S.A.D.","Recreativo","Recreativo",394,609,215,0x000A865F,0x000C1776,True,True,True,False,True,True,ID_ESTAVEL_INDICE_ALTERADO
1753,"S.D. Eibar S.A.D.","S.D. Eibar S.A.D.","Eibar","Eibar",395,610,215,0x000A871F,0x000C1840,True,True,True,False,True,True,ID_ESTAVEL_INDICE_ALTERADO
1759,"Sevilla","Sevilla","","",396,611,215,0x000A8808,0x000C1967,True,True,True,False,True,True,ID_ESTAVEL_INDICE_ALTERADO
1768,"U.D. Salamanca S.A.D.","U.D. Salamanca S.A.D.","Salamanca","Salamanca",397,612,215,0x000A88E0,0x000C1A3F,True,True,True,False,True,True,ID_ESTAVEL_INDICE_ALTERADO
1769,"U.E. Lleida S.A.D.","U.E. Lleida S.A.D.","Lleida","Lleida",398,613,215,0x000A89AF,0x000C1B0E,True,True,True,False,True,True,ID_ESTAVEL_INDICE_ALTERADO
1772,"U.D. Las Palmas SAD","U.D. Las Palmas SAD","Las Palmas","Las Palmas",399,614,215,0x000A8A85,0x000C1BE4,True,True,True,False,True,True,ID_ESTAVEL_INDICE_ALTERADO
1775,"Valencia","Valencia","","",400,615,215,0x000A8BF8,0x000C1D4E,True,True,True,False,True,True,ID_ESTAVEL_INDICE_ALTERADO
1777,"Villarreal","Villarreal","","",401,616,215,0x000A8D1C,0x000C1E7D,True,True,True,False,True,True,ID_ESTAVEL_INDICE_ALTERADO
1787,"Djurgårdens IF","Djurgårdens IF","Djurgården","Djurgården",402,619,217,0x000A8E03,0x000C20FD,True,True,True,False,True,True,ID_ESTAVEL_INDICE_ALTERADO
1796,"Halmstad BK","Halmstad BK","Halmstad","Halmstad",403,621,218,0x000A8ED7,0x000C2297,True,True,True,False,True,True,ID_ESTAVEL_INDICE_ALTERADO
1797,"Hammarby IF","Hammarby IF","Hammarby","Hammarby",404,622,218,0x000A8FBF,0x000C2387,True,True,True,False,True,True,ID_ESTAVEL_INDICE_ALTERADO
1802,"IF Elfsborg","IF Elfsborg","Elfsborg","Elfsborg",405,624,219,0x000A909C,0x000C255E,True,True,True,False,True,True,ID_ESTAVEL_INDICE_ALTERADO
1803,"IFK Gotemburgo","IFK Gotemburgo","IFK Gotemburgo","IFK Gotemburgo",406,625,219,0x000A919A,0x000C2664,True,True,True,False,True,True,ID_ESTAVEL_INDICE_ALTERADO
1816,"Malmö FF","Malmö FF","Malmö FF","Malmö FF",409,627,218,0x000A9402,0x000C281C,True,True,True,False,True,True,ID_ESTAVEL_INDICE_ALTERADO
1842,"Örebro SK","Örebro SK","Örebro","Örebro",410,629,219,0x000A94B4,0x000C2992,True,True,True,False,True,True,ID_ESTAVEL_INDICE_ALTERADO
1843,"Örgryte IS","Örgryte IS","Örgryte","Örgryte",411,630,219,0x000A959E,0x000C2A7C,True,True,True,False,True,True,ID_ESTAVEL_INDICE_ALTERADO
1844,"Östers IF","Östers IF","Öster","Öster",412,631,219,0x000A964A,0x000C2B4F,True,True,True,False,True,True,ID_ESTAVEL_INDICE_ALTERADO
1847,"BSC Young Boys","BSC Young Boys","Young Boys","Young Boys",413,632,219,0x000A9745,0x000C2C4E,True,True,True,False,True,True,ID_ESTAVEL_INDICE_ALTERADO
1848,"FC Aarau","FC Aarau","Aarau","Aarau",414,633,219,0x000A97FB,0x000C2D04,True,True,True,False,True,True,ID_ESTAVEL_INDICE_ALTERADO
1849,"FC Basel","FC Basel","Basel","Basel",415,634,219,0x000A98F0,0x000C2E01,True,True,True,False,True,True,ID_ESTAVEL_INDICE_ALTERADO
1854,"FC Zürich","FC Zürich","Zurich","Zurich",416,636,220,0x000A99D1,0x000C2FEA,True,True,True,False,True,True,ID_ESTAVEL_INDICE_ALTERADO
1855,"Grasshopper-Club Zürich","Grasshopper-Club Zürich","Grasshopper","Grasshopper",417,637,220,0x000A9AD0,0x000C30E9,True,True,True,False,True,True,ID_ESTAVEL_INDICE_ALTERADO
1858,"Servette de Genève Football SA","Servette de Genève Football SA","Servette FC","Servette FC",418,639,221,0x000A9BEC,0x000C3314,True,True,True,False,True,True,ID_ESTAVEL_INDICE_ALTERADO
1860,"Thai Farmers Bank","Thai Farmers Bank","TFB","TFB",419,640,221,0x000A9C9C,0x000C33C4,True,True,True,False,True,True,ID_ESTAVEL_INDICE_ALTERADO
1866,"Besiktas JK","Besiktas JK","Besiktas","Besiktas",420,642,222,0x000A9DAF,0x000C35C4,True,True,True,False,True,True,ID_ESTAVEL_INDICE_ALTERADO
1870,"Fenerbahçe SK","Fenerbahçe SK","Fenerbahçe","Fenerbahçe",421,645,224,0x000A9ED2,0x000C3884,True,True,True,False,True,True,ID_ESTAVEL_INDICE_ALTERADO
1871,"Galatasaray SK","Galatasaray SK","Galatasaray","Galatasaray",422,646,224,0x000A9FE1,0x000C39CC,True,True,True,False,True,True,ID_ESTAVEL_INDICE_ALTERADO
1873,"Gençlerbirligi","Gençlerbirligi","G. Birligi","G. Birligi",423,648,225,0x000AA0B8,0x000C3B8B,True,True,True,False,True,True,ID_ESTAVEL_INDICE_ALTERADO
1875,"Kayserispor","Kayserispor","Kayserispor","Kayserispor",424,649,225,0x000AA16C,0x000C3C4E,True,True,True,False,True,True,ID_ESTAVEL_INDICE_ALTERADO
1879,"Trabzonspor","Trabzonspor","Trabzonspor","Trabzonspor",426,651,225,0x000AA336,0x000C3E22,True,True,True,False,True,True,ID_ESTAVEL_INDICE_ALTERADO
1885,"Dinamo Kiev","Dinamo Kiev","D. Kiev","D. Kiev",427,654,227,0x000AA445,0x000C410C,True,True,True,False,True,True,ID_ESTAVEL_INDICE_ALTERADO
1886,"Dnipro Dnipropetrovsk","Dnipro Dnipropetrovsk","Dnipro","Dnipro",428,655,227,0x000AA54D,0x000C421C,True,True,True,False,True,True,ID_ESTAVEL_INDICE_ALTERADO
1890,"Metalurg Zaporizhzhya","Metalurg Zaporizhzhya","Metalurg Zaporizhzhya","Metalurg Zaporizhzhya",429,657,228,0x000AA63C,0x000C43FB,True,True,True,False,True,True,ID_ESTAVEL_INDICE_ALTERADO
1895,"Shakhtar Donetsk","Shakhtar Donetsk","Shakhtar","Shakhtar",430,659,229,0x000AA757,0x000C45F5,True,True,True,False,True,True,ID_ESTAVEL_INDICE_ALTERADO
1896,"Tavria Simferopol","Tavria Simferopol","Tavria","Tavria",431,660,229,0x000AA80D,0x000C46AB,True,True,True,False,True,True,ID_ESTAVEL_INDICE_ALTERADO
1907,"Los Angeles Galaxy","Los Angeles Galaxy","Los Angeles","Los Angeles",436,661,225,0x000AACC3,0x000C47A3,True,True,True,False,True,True,ID_ESTAVEL_INDICE_ALTERADO
1908,"MetroStars","MetroStars","MetroStars","MetroStars",437,662,225,0x000AADBD,0x000C489F,True,True,True,False,True,True,ID_ESTAVEL_INDICE_ALTERADO
1909,"New England Revolution","New England Revolution","New England","New England",438,663,225,0x000AAECB,0x000C49A5,True,True,True,False,True,True,ID_ESTAVEL_INDICE_ALTERADO
1913,"DC United","DC United","DC United","DC United",439,664,225,0x000AAFBD,0x000C4A99,True,True,True,False,True,True,ID_ESTAVEL_INDICE_ALTERADO
1918,"Danubio FC","Danubio FC","Danubio","Danubio",443,665,222,0x000AB298,0x000C4B43,True,True,True,False,True,True,ID_ESTAVEL_INDICE_ALTERADO
1919,"Defensor Sporting C","Defensor Sporting C","Defensor Sporting","Defensor Sporting",444,666,222,0x000AB378,0x000C4C23,True,True,True,False,True,True,ID_ESTAVEL_INDICE_ALTERADO
1921,"C Nacional F","C Nacional F","Nacional","Nacional",446,667,221,0x000AB51B,0x000C4CFC,True,True,True,False,True,True,ID_ESTAVEL_INDICE_ALTERADO
1922,"Peñarol","Peñarol","Peñarol","Peñarol",447,668,221,0x000AB5D7,0x000C4DB8,True,True,True,False,True,True,ID_ESTAVEL_INDICE_ALTERADO
1925,"River Plate (URU)","River Plate (URU)","","",448,669,221,0x000AB6BB,0x000C4E8F,True,True,True,False,True,True,ID_ESTAVEL_INDICE_ALTERADO
1927,"Aberystwyth Town","Aberystwyth Town","Aberystwyth","Aberystwyth",449,670,221,0x000AB779,0x000C4F65,True,True,True,False,True,True,ID_ESTAVEL_INDICE_ALTERADO
1940,"Total Network Solutions","Total Network Solutions","TNS","TNS",450,675,225,0x000AB86C,0x000C5425,True,True,True,False,True,True,ID_ESTAVEL_INDICE_ALTERADO
1945,"Rhyl","Rhyl","Rhyl","Rhyl",451,677,226,0x000AB90C,0x000C55C8,True,True,True,False,True,True,ID_ESTAVEL_INDICE_ALTERADO
1951,"OFK Belgrado","OFK Belgrado","OFK Belgrado","OFK Belgrado",452,679,227,0x000AB9F7,0x000C5798,True,True,True,False,True,True,ID_ESTAVEL_INDICE_ALTERADO
1952,"Partizan Belgrado","Partizan Belgrado","Partizan","Partizan",453,680,227,0x000ABB47,0x000C58F8,True,True,True,False,True,True,ID_ESTAVEL_INDICE_ALTERADO
1955,"Red Star Belgrado","Red Star Belgrado","Estrela Vermelha","Estrela Vermelha",454,681,227,0x000ABC73,0x000C5A3C,True,True,True,False,True,True,ID_ESTAVEL_INDICE_ALTERADO
2009,"Sochaux","Sochaux","Sochaux","Sochaux",455,684,229,0x000ABD67,0x000C5D49,True,True,True,False,True,True,ID_ESTAVEL_INDICE_ALTERADO
2047,"Reims","Reims","Reims","Reims",456,685,229,0x000ABE2C,0x000C5E06,True,True,True,False,True,True,ID_ESTAVEL_INDICE_ALTERADO
2093,"Cultural Leonesa","Cultural Leonesa","Cultural","Cultural",457,686,229,0x000ABF07,0x000C5EE1,True,True,True,False,True,True,ID_ESTAVEL_INDICE_ALTERADO
2096,"Málaga","Málaga","","",458,687,229,0x000AC00B,0x000C5FEA,True,True,True,False,True,True,ID_ESTAVEL_INDICE_ALTERADO
2193,"Catania","Catania","Catania","Catania",459,689,230,0x000AC0E6,0x000C6185,True,True,True,False,True,True,ID_ESTAVEL_INDICE_ALTERADO
2194,"Città di Palermo","Città di Palermo","Palermo","Palermo",460,690,230,0x000AC1C3,0x000C625A,True,True,True,False,True,True,ID_ESTAVEL_INDICE_ALTERADO
2201,"Hellas Verona","Hellas Verona","Verona","Verona",461,691,230,0x000AC2A0,0x000C6337,True,True,True,False,True,True,ID_ESTAVEL_INDICE_ALTERADO
2206,"Livorno","Livorno","Livorno","Livorno",462,692,230,0x000AC35A,0x000C63F4,True,True,True,False,True,True,ID_ESTAVEL_INDICE_ALTERADO
2227,"Ternana","Ternana","Ternana","Ternana",463,693,230,0x000AC43C,0x000C64D1,True,True,True,False,True,True,ID_ESTAVEL_INDICE_ALTERADO
2233,"1.FC Magdeburg","1.FC Magdeburg","Magdeburg","Magdeburg",464,694,230,0x000AC500,0x000C6595,True,True,True,False,True,True,ID_ESTAVEL_INDICE_ALTERADO
2237,"TSV Eintracht Braunschweig","TSV Eintracht Braunschweig","Braunschweig","Braunschweig",465,695,230,0x000AC602,0x000C6697,True,True,True,False,True,True,ID_ESTAVEL_INDICE_ALTERADO
2247,"Hertha BSC Berlin","Hertha BSC Berlin","Hertha","Hertha",466,698,232,0x000AC6F5,0x000C69A1,True,True,True,False,True,True,ID_ESTAVEL_INDICE_ALTERADO
2433,"Clube Desportivo Nacional","Clube Desportivo Nacional","Nacional da Madeira","Nacional da Madeira",471,704,233,0x000ACB5C,0x000C6EEF,True,True,True,False,True,True,ID_ESTAVEL_INDICE_ALTERADO
102355,"Deportivo Toluca","Deportivo Toluca","Toluca","Toluca",474,711,237,0x000ACE0D,0x000C73FD,True,True,True,False,True,True,ID_ESTAVEL_INDICE_ALTERADO
102356,"Club de Fútbol Atlante","Club de Fútbol Atlante","Atlante","Atlante",475,712,237,0x000ACEEF,0x000C74DF,True,True,True,False,True,True,ID_ESTAVEL_INDICE_ALTERADO
102357,"Atlético Espanhol","Atlético Espanhol","Atlético Espanhol","Atlético Espanhol",476,713,237,0x000ACFAD,0x000C759D,True,True,True,False,True,True,ID_ESTAVEL_INDICE_ALTERADO
102358,"Racing Club Haitien","Racing Club Haitien","Racing Club (HAI)","Racing Club (HAI)",477,714,237,0x000AD085,0x000C7675,True,True,True,False,True,True,ID_ESTAVEL_INDICE_ALTERADO
102359,"Violette Athletic Club","Violette Athletic Club","Violette","Violette",478,715,237,0x000AD151,0x000C7741,True,True,True,False,True,True,ID_ESTAVEL_INDICE_ALTERADO
102360,"Alianza FC (SLV)","Alianza FC (SLV)","Alianza (SLV)","Alianza (SLV)",479,716,237,0x000AD21B,0x000C780B,True,True,True,False,True,True,ID_ESTAVEL_INDICE_ALTERADO
102361,"CD Aguila","CD Aguila","Aguila","Aguila",480,717,237,0x000AD2C1,0x000C78B1,True,True,True,False,True,True,ID_ESTAVEL_INDICE_ALTERADO
102362,"CD Atlético Marte","CD Atlético Marte","Atlético Marte","Atlético Marte",481,718,237,0x000AD38F,0x000C797F,True,True,True,False,True,True,ID_ESTAVEL_INDICE_ALTERADO
102363,"CD Municipal Limeño","CD Municipal Limeño","Municipal Limeño","Municipal Limeño",482,719,237,0x000AD45D,0x000C7A4D,True,True,True,False,True,True,ID_ESTAVEL_INDICE_ALTERADO
102364,"CSD Comunicaciones","CSD Comunicaciones","Comunicaciones","Comunicaciones",483,720,237,0x000AD52D,0x000C7B1D,True,True,True,False,True,True,ID_ESTAVEL_INDICE_ALTERADO
102365,"Municipal (GUA)","Municipal (GUA)","","",484,721,237,0x000AD5F5,0x000C7BE5,True,True,True,False,True,True,ID_ESTAVEL_INDICE_ALTERADO
102366,"CS Cartaginés D","CS Cartaginés D","Cartaginés","Cartaginés",485,722,237,0x000AD6AF,0x000C7C9F,True,True,True,False,True,True,ID_ESTAVEL_INDICE_ALTERADO
102367,"CD Saprissa","CD Saprissa","Saprissa","Saprissa",486,723,237,0x000AD75D,0x000C7D57,True,True,True,False,True,True,ID_ESTAVEL_INDICE_ALTERADO
102368,"CRKSV Jong Colombia","CRKSV Jong Colombia","Jong Colombia","Jong Colombia",487,724,237,0x000AD825,0x000C7E1F,True,True,True,False,True,True,ID_ESTAVEL_INDICE_ALTERADO
102369,"Olimpia (HON)","Olimpia (HON)","","",488,725,237,0x000AD8EB,0x000C7EDD,True,True,True,False,True,True,ID_ESTAVEL_INDICE_ALTERADO
102370,"SV Transvaal","SV Transvaal","Transvaal","Transvaal",489,726,237,0x000AD99D,0x000C7F8F,True,True,True,False,True,True,ID_ESTAVEL_INDICE_ALTERADO
102371,"SV Robinhood","SV Robinhood","Robinhood","Robinhood",490,727,237,0x000ADA4F,0x000C8041,True,True,True,False,True,True,ID_ESTAVEL_INDICE_ALTERADO
102372,"Defence Force FC","Defence Force FC","Defence Force","Defence Force",491,728,237,0x000ADB11,0x000C8103,True,True,True,False,True,True,ID_ESTAVEL_INDICE_ALTERADO
102373,"Police FC (TRI)","Police FC (TRI)","Police (TRI)","Police (TRI)",492,729,237,0x000ADBC8,0x000C81BA,True,True,True,False,True,True,ID_ESTAVEL_INDICE_ALTERADO
102374,"Universidad NA de Honduras","Universidad NA de Honduras","Universidad de Honduras","Universidad de Honduras",493,730,237,0x000ADCC2,0x000C82AC,True,True,True,False,True,True,ID_ESTAVEL_INDICE_ALTERADO
102375,"FC Piñar del Río","FC Piñar del Río","Piñar del Río","Piñar del Río",494,731,237,0x000ADD84,0x000C836E,True,True,True,False,True,True,ID_ESTAVEL_INDICE_ALTERADO
102390,"Club Tecos de la UAG","Club Tecos de la UAG","Tecos","Tecos",495,732,237,0x000ADE55,0x000C8449,True,True,True,False,True,True,ID_ESTAVEL_INDICE_ALTERADO
102487,"Quilmes","Quilmes","Quilmes","Quilmes",496,734,238,0x000ADF1D,0x000C85F7,True,True,True,False,True,True,ID_ESTAVEL_INDICE_ALTERADO
102489,"Talleres de Córdoba","Talleres de Córdoba","Talleres","Talleres",497,735,238,0x000ADFE7,0x000C86C1,True,True,True,False,True,True,ID_ESTAVEL_INDICE_ALTERADO
102849,"Al Shorta (IRQ)","Al Shorta (IRQ)","Al Shorta (IRQ)","Al Shorta (IRQ)",499,736,237,0x000AE378,0x000C878D,True,True,True,False,True,True,ID_ESTAVEL_INDICE_ALTERADO
102850,"Al Ahli (KSA)","Al Ahli (KSA)","Al Ahli (KSA)","Al Ahli (KSA)",500,737,237,0x000AE454,0x000C8869,True,True,True,False,True,True,ID_ESTAVEL_INDICE_ALTERADO
102851,"Furukawa","Furukawa","Furukawa","Furukawa",501,738,237,0x000AE4EE,0x000C8903,True,True,True,False,True,True,ID_ESTAVEL_INDICE_ALTERADO
102852,"Al Hilal (KSA)","Al Hilal (KSA)","Al Hilal (KSA)","Al Hilal (KSA)",502,739,237,0x000AE5CE,0x000C89E3,True,True,True,False,True,True,ID_ESTAVEL_INDICE_ALTERADO
102853,"Al Sadd","Al Sadd","Al Sadd","Al Sadd",503,740,237,0x000AE679,0x000C8A8E,True,True,True,False,True,True,ID_ESTAVEL_INDICE_ALTERADO
102854,"Al Rasheed","Al Rasheed","Al Rasheed","Al Rasheed",504,741,237,0x000AE71B,0x000C8B30,True,True,True,False,True,True,ID_ESTAVEL_INDICE_ALTERADO
102856,"Esteghlal Tehran","Esteghlal Tehran","Esteghlal","Esteghlal",505,742,237,0x000AE7EC,0x000C8BFA,True,True,True,False,True,True,ID_ESTAVEL_INDICE_ALTERADO
102857,"Paas Tehran","Paas Tehran","Paas","Paas",506,743,237,0x000AE89A,0x000C8CB0,True,True,True,False,True,True,ID_ESTAVEL_INDICE_ALTERADO
102858,"Omani Club","Omani Club","Oman","Oman",507,744,237,0x000AE930,0x000C8D46,True,True,True,False,True,True,ID_ESTAVEL_INDICE_ALTERADO
102859,"Al Arabi (QAT)","Al Arabi (QAT)","Al Arabi (QAT)","Al Arabi (QAT)",508,745,237,0x000AE9E9,0x000C8DFF,True,True,True,False,True,True,ID_ESTAVEL_INDICE_ALTERADO
102860,"Persepolis Tehran","Persepolis Tehran","Persepolis","Persepolis",509,746,237,0x000AEAAF,0x000C8ED5,True,True,True,False,True,True,ID_ESTAVEL_INDICE_ALTERADO
102861,"Al Muharraq","Al Muharraq","Muharraq","Muharraq",510,747,237,0x000AEB65,0x000C8F8B,True,True,True,False,True,True,ID_ESTAVEL_INDICE_ALTERADO
102862,"Al Nassr (KSA)","Al Nassr (KSA)","Al Nassr (KSA)","Al Nassr (KSA)",511,748,237,0x000AEC25,0x000C9063,True,True,True,False,True,True,ID_ESTAVEL_INDICE_ALTERADO
102863,"South China Athletic","South China Athletic","South China","South China",512,749,237,0x000AED0F,0x000C914D,True,True,True,False,True,True,ID_ESTAVEL_INDICE_ALTERADO
102864,"Al Sha'ab (UAE)","Al Sha'ab (UAE)","Al Sha'ab (UAE)","Al Sha'ab (UAE)",513,750,237,0x000AEDDB,0x000C9219,True,True,True,False,True,True,ID_ESTAVEL_INDICE_ALTERADO
102924,"C Olimpia","C Olimpia","Olimpia","Olimpia",514,751,237,0x000AEEA2,0x000C92DB,True,True,True,False,True,True,ID_ESTAVEL_INDICE_ALTERADO
103283,"Hamarkameratene Toppfotball","Hamarkameratene Toppfotball","Ham Kam","Ham Kam",515,752,237,0x000AEF6E,0x000C93AB,True,True,True,False,True,True,ID_ESTAVEL_INDICE_ALTERADO
104359,"CD Cobreloa","CD Cobreloa","Cobreloa","Cobreloa",516,753,237,0x000AF01C,0x000C9463,True,True,True,False,True,True,ID_ESTAVEL_INDICE_ALTERADO
104360,"Club Universitario de Nuevo León","Club Universitario de Nuevo León","Tigres","Tigres",517,754,237,0x000AF11F,0x000C9566,True,True,True,False,True,True,ID_ESTAVEL_INDICE_ALTERADO
104395,"Zob Ahan Esfahan","Zob Ahan Esfahan","Zob Ahan","Zob Ahan",521,755,234,0x000AF43E,0x000C962E,True,True,True,False,True,True,ID_ESTAVEL_INDICE_ALTERADO
104776,"Coritiba FC","Coritiba FC","Coritiba","Coritiba",525,761,236,0x000AFD85,0x000C9A6A,True,True,True,False,True,True,ID_ESTAVEL_INDICE_ALTERADO
105187,"Real Espanha","Real Espanha","Real España","Real España",539,762,223,0x000B0A0D,0x000C9B20,True,True,True,False,True,True,ID_ESTAVEL_INDICE_ALTERADO
105188,"Aurora FC","Aurora FC","Aurora FC","Aurora FC",540,763,223,0x000B0AB9,0x000C9BCC,True,True,True,False,True,True,ID_ESTAVEL_INDICE_ALTERADO
106028,"Club Monarcas Morelia","Club Monarcas Morelia","Morelia","Morelia",549,764,215,0x000B10ED,0x000C9CA3,True,True,True,False,True,True,ID_ESTAVEL_INDICE_ALTERADO
106054,"Forces Armées Royales","Forces Armées Royales","FAR Rabat","FAR Rabat",550,765,215,0x000B11B1,0x000C9D67,True,True,True,False,True,True,ID_ESTAVEL_INDICE_ALTERADO
106063,"Al Ittihad (KSA)","Al Ittihad (KSA)","Al Ittihad (KSA)","Al Ittihad (KSA)",551,766,215,0x000B12A4,0x000C9E56,True,True,True,False,True,True,ID_ESTAVEL_INDICE_ALTERADO
106694,"Selangor","Selangor","Selangor","Selangor",554,770,216,0x000B14D4,0x000CA3C8,True,True,True,False,True,True,ID_ESTAVEL_INDICE_ALTERADO
106749,"NK Slaven Belupo","NK Slaven Belupo","Slaven Belupo","Slaven Belupo",555,771,216,0x000B15A8,0x000CA4A4,True,True,True,False,True,True,ID_ESTAVEL_INDICE_ALTERADO
106755,"Zamalek Sporting Club","Zamalek Sporting Club","Zamalek","Zamalek",556,772,216,0x000B1680,0x000CA57C,True,True,True,False,True,True,ID_ESTAVEL_INDICE_ALTERADO
106756,"Al-Ahly Sporting Club","Al-Ahly Sporting Club","Al-Ahly","Al-Ahly",557,773,216,0x000B1757,0x000CA653,True,True,True,False,True,True,ID_ESTAVEL_INDICE_ALTERADO
106757,"Ismaily Sporting Club","Ismaily Sporting Club","Ismaily","Ismaily",558,774,216,0x000B1827,0x000CA723,True,True,True,False,True,True,ID_ESTAVEL_INDICE_ALTERADO
106808,"Ulsan Hyundai","Ulsan Hyundai","Ulsan","Ulsan",559,775,216,0x000B18F3,0x000CA7E7,True,True,True,False,True,True,ID_ESTAVEL_INDICE_ALTERADO
106812,"Chunnam Dragons","Chunnam Dragons","Chunnam","Chunnam",560,776,216,0x000B19C7,0x000CA8C0,True,True,True,False,True,True,ID_ESTAVEL_INDICE_ALTERADO
106813,"Suwon Samsung Blue Wings","Suwon Samsung Blue Wings","Suwon","Suwon",561,777,216,0x000B1A99,0x000CA997,True,True,True,False,True,True,ID_ESTAVEL_INDICE_ALTERADO
106818,"Pohang Steelers","Pohang Steelers","Pohang","Pohang",562,778,216,0x000B1B63,0x000CAA61,True,True,True,False,True,True,ID_ESTAVEL_INDICE_ALTERADO
106857,"Club Sportif Sfaxien","Club Sportif Sfaxien","CS Sfaxien","CS Sfaxien",563,779,216,0x000B1C27,0x000CAB25,True,True,True,False,True,True,ID_ESTAVEL_INDICE_ALTERADO
106858,"Espérance Sportive de Tunis","Espérance Sportive de Tunis","ES Tunis","ES Tunis",564,780,216,0x000B1D05,0x000CAC03,True,True,True,False,True,True,ID_ESTAVEL_INDICE_ALTERADO
107206,"C Atlético Paranaense","C Atlético Paranaense","Atlético Paranaense","Atlético Paranaense",568,781,213,0x000B2696,0x000CACF5,True,True,True,False,True,True,ID_ESTAVEL_INDICE_ALTERADO
107210,"CS Alagoano","CS Alagoano","CSA","CSA",570,782,212,0x000B2A27,0x000CAD99,True,True,True,False,True,True,ID_ESTAVEL_INDICE_ALTERADO
107220,"Madureira EC","Madureira EC","Madureira","Madureira",575,783,208,0x000B3008,0x000CAE4B,True,True,True,False,True,True,ID_ESTAVEL_INDICE_ALTERADO
107224,"Portuguesa Santista","Portuguesa Santista","","",577,784,207,0x000B33AD,0x000CAF1B,True,True,True,False,True,True,ID_ESTAVEL_INDICE_ALTERADO
107240,"Volta Redonda FC","Volta Redonda FC","Volta Redonda","Volta Redonda",585,785,200,0x000B3EF2,0x000CAFDD,True,True,True,False,True,True,ID_ESTAVEL_INDICE_ALTERADO
107676,"Fútbol Club Santa Coloma","Fútbol Club Santa Coloma","Santa Coloma","Santa Coloma",589,788,199,0x000B424A,0x000CB2A9,True,True,True,False,True,True,ID_ESTAVEL_INDICE_ALTERADO
107679,"Unió Esportiva Sant Julià","Unió Esportiva Sant Julià","Sant Julià","Sant Julià",590,789,199,0x000B4311,0x000CB370,True,True,True,False,True,True,ID_ESTAVEL_INDICE_ALTERADO
109023,"Terrassa","Terrassa","","",592,792,200,0x000B449F,0x000CB5AE,True,True,True,False,True,True,ID_ESTAVEL_INDICE_ALTERADO
109132,"American All Stars East","American All Stars East","American All Stars East","American All Stars East",593,793,200,0x000B457C,0x000CB68B,True,True,True,False,True,True,ID_ESTAVEL_INDICE_ALTERADO
109133,"American All Stars West","American All Stars West","American All Stars West","American All Stars West",594,794,200,0x000B4659,0x000CB768,True,True,True,False,True,True,ID_ESTAVEL_INDICE_ALTERADO
109177,"CS Emelec","CS Emelec","Emelec","Emelec",595,795,200,0x000B46FF,0x000CB80E,True,True,True,False,True,True,ID_ESTAVEL_INDICE_ALTERADO
109180,"Barcelona (ECU)","Barcelona (ECU)","","",597,796,199,0x000B4896,0x000CB8D6,True,True,True,False,True,True,ID_ESTAVEL_INDICE_ALTERADO
109188,"Caracas FC","Caracas FC","Caracas","Caracas",598,797,199,0x000B4948,0x000CB988,True,True,True,False,True,True,ID_ESTAVEL_INDICE_ALTERADO
109189,"Estudiantes de Mérida FC","Estudiantes de Mérida FC","Estudiantes de Mérida","Estudiantes de Mérida",599,798,199,0x000B4A32,0x000CBA6A,True,True,True,False,True,True,ID_ESTAVEL_INDICE_ALTERADO
114804,"Haverfordwest County","Haverfordwest County","Haverfordwest","Haverfordwest",602,805,203,0x000B4CD0,0x000CC10E,True,True,True,False,True,True,ID_ESTAVEL_INDICE_ALTERADO
114819,"Nejmeh","Nejmeh","Nejmeh","Nejmeh",603,806,203,0x000B4D77,0x000CC1B5,True,True,True,False,True,True,ID_ESTAVEL_INDICE_ALTERADO
114947,"Homentmen","Homentmen","Homentmen","Homentmen",604,807,203,0x000B4E2A,0x000CC268,True,True,True,False,True,True,ID_ESTAVEL_INDICE_ALTERADO
116204,"Club Deportivo Pachuca","Club Deportivo Pachuca","Pachuca","Pachuca",608,812,204,0x000B515D,0x000CC6B4,True,True,True,False,True,True,ID_ESTAVEL_INDICE_ALTERADO
120064,"CD Unión Española","CD Unión Española","Unión Española","Unión Española",610,816,206,0x000B52DF,0x000CC9D3,True,True,True,False,True,True,ID_ESTAVEL_INDICE_ALTERADO
120286,"Shooting Stars SC of Ibadan","Shooting Stars SC of Ibadan","Shooting Stars","Shooting Stars",612,817,205,0x000B54A1,0x000CCAC5,True,True,True,False,True,True,ID_ESTAVEL_INDICE_ALTERADO
120783,"FK Smederevo","FK Smederevo","Smederevo","Smederevo",613,820,207,0x000B559D,0x000CCD7A,True,True,True,False,True,True,ID_ESTAVEL_INDICE_ALTERADO
120936,"Envigado FC","Envigado FC","Envigado","Envigado",615,821,206,0x000B5738,0x000CCE3C,True,True,True,False,True,True,ID_ESTAVEL_INDICE_ALTERADO
120966,"CD Espoli","CD Espoli","Espoli","Espoli",619,822,203,0x000B5A55,0x000CCEEC,True,True,True,False,True,True,ID_ESTAVEL_INDICE_ALTERADO
120979,"CS Deportivo Cuenca","CS Deportivo Cuenca","Deportivo Cuenca","Deportivo Cuenca",621,823,202,0x000B5BFB,0x000CCFBA,True,True,True,False,True,True,ID_ESTAVEL_INDICE_ALTERADO
120991,"C Oriente Petrolero","C Oriente Petrolero","Oriente Petrolero","Oriente Petrolero",622,824,202,0x000B5CD3,0x000CD08A,True,True,True,False,True,True,ID_ESTAVEL_INDICE_ALTERADO
121002,"C Deportivo ItalChacao","C Deportivo ItalChacao","Deportivo ItalChacao","Deportivo ItalChacao",625,825,200,0x000B5F3F,0x000CD16E,True,True,True,False,True,True,ID_ESTAVEL_INDICE_ALTERADO
121181,"VFC Plauen","VFC Plauen","Plauen","Plauen",626,827,201,0x000B5FF1,0x000CD2BA,True,True,True,False,True,True,ID_ESTAVEL_INDICE_ALTERADO
121198,"SC Paderborn 07","SC Paderborn 07","Paderborn","Paderborn",627,830,203,0x000B60B7,0x000CD50C,True,True,True,False,True,True,ID_ESTAVEL_INDICE_ALTERADO
121219,"VfR Aalen","VfR Aalen","Aalen","Aalen",628,832,204,0x000B6169,0x000CD69F,True,True,True,False,True,True,ID_ESTAVEL_INDICE_ALTERADO
121267,"FC Levadia Tallinn","FC Levadia Tallinn","Levadia","Levadia",631,833,202,0x000B6429,0x000CD79B,True,True,True,False,True,True,ID_ESTAVEL_INDICE_ALTERADO
123004,"South Melbourne","South Melbourne","South Melbourne","South Melbourne",632,836,204,0x000B64F5,0x000CDA25,True,True,True,False,True,True,ID_ESTAVEL_INDICE_ALTERADO
123009,"Wollongong Wolves","Wollongong Wolves","Wollongong Wolves","Wollongong Wolves",633,837,204,0x000B65C9,0x000CDB01,True,True,True,False,True,True,ID_ESTAVEL_INDICE_ALTERADO
127787,"FK Qarabag-Azersun Aqdam","FK Qarabag-Azersun Aqdam","Qarabag","Qarabag",634,839,205,0x000B6681,0x000CDCAF,True,True,True,False,True,True,ID_ESTAVEL_INDICE_ALTERADO
128051,"Liaoning Zhongyu","Liaoning Zhongyu","Liaoning","Liaoning",635,842,207,0x000B6776,0x000CDF6A,True,True,True,False,True,True,ID_ESTAVEL_INDICE_ALTERADO
129657,"AO Aigaleo","AO Aigaleo","Aigaleo","Aigaleo",636,845,209,0x000B6834,0x000CE1CE,True,True,True,False,True,True,ID_ESTAVEL_INDICE_ALTERADO
129829,"NK Kamen Ingrad","NK Kamen Ingrad","Kamen Ingrad","Kamen Ingrad",638,846,208,0x000B6A0C,0x000CE2BD,True,True,True,False,True,True,ID_ESTAVEL_INDICE_ALTERADO
130035,"Central United","Central United","Central Utd","Central Utd",639,847,208,0x000B6ACA,0x000CE377,True,True,True,False,True,True,ID_ESTAVEL_INDICE_ALTERADO
130041,"Napier City Rovers AFC","Napier City Rovers AFC","Napier City","Napier City",640,848,208,0x000B6B98,0x000CE441,True,True,True,False,True,True,ID_ESTAVEL_INDICE_ALTERADO
130058,"Nadi","Nadi","Nadi","Nadi",641,850,209,0x000B6C30,0x000CE573,True,True,True,False,True,True,ID_ESTAVEL_INDICE_ALTERADO
130067,"Tafea","Tafea","Tafea","Tafea",642,851,209,0x000B6CBE,0x000CE601,True,True,True,False,True,True,ID_ESTAVEL_INDICE_ALTERADO
130366,"Çaykur Rizespor","Çaykur Rizespor","Ç. Rizespor","Ç. Rizespor",644,853,209,0x000B6E62,0x000CE771,True,True,True,False,True,True,ID_ESTAVEL_INDICE_ALTERADO
130497,"Saturn Moskovskaya Oblast","Saturn Moskovskaya Oblast","Saturn","Saturn",645,855,210,0x000B6F76,0x000CE94A,True,True,True,False,True,True,ID_ESTAVEL_INDICE_ALTERADO
130498,"Torpedo Moscow","Torpedo Moscow","Torpedo Moscow","Torpedo Moscow",646,856,210,0x000B709F,0x000CEA73,True,True,True,False,True,True,ID_ESTAVEL_INDICE_ALTERADO
130509,"Rubin Kazan","Rubin Kazan","Rubin","Rubin",647,857,210,0x000B7195,0x000CEB80,True,True,True,False,True,True,ID_ESTAVEL_INDICE_ALTERADO
130510,"FC Shinnik Yaroslavl","FC Shinnik Yaroslavl","Shinnik","Shinnik",648,858,210,0x000B72A0,0x000CEC93,True,True,True,False,True,True,ID_ESTAVEL_INDICE_ALTERADO
130525,"FC Khimki","FC Khimki","Khimki","Khimki",649,859,210,0x000B736D,0x000CED60,True,True,True,False,True,True,ID_ESTAVEL_INDICE_ALTERADO
130592,"Nisa Ashkhabad","Nisa Ashkhabad","Nisa","Nisa",650,860,210,0x000B7420,0x000CEE13,True,True,True,False,True,True,ID_ESTAVEL_INDICE_ALTERADO
130637,"East Bengal Club","East Bengal Club","East Bengal","East Bengal",651,862,211,0x000B74EB,0x000CEFC1,True,True,True,False,True,True,ID_ESTAVEL_INDICE_ALTERADO
130763,"Wits University","Wits University","Wits","Wits",652,863,211,0x000B759E,0x000CF074,True,True,True,False,True,True,ID_ESTAVEL_INDICE_ALTERADO
130775,"Busan I.cons","Busan I.cons","Busan","Busan",653,864,211,0x000B7658,0x000CF136,True,True,True,False,True,True,ID_ESTAVEL_INDICE_ALTERADO
130776,"Chonbuk Hyundai Motors","Chonbuk Hyundai Motors","Chonbuk","Chonbuk",654,865,211,0x000B7722,0x000CF200,True,True,True,False,True,True,ID_ESTAVEL_INDICE_ALTERADO
130777,"FC Seoul","FC Seoul","Seoul","Seoul",655,866,211,0x000B77DC,0x000CF2C2,True,True,True,False,True,True,ID_ESTAVEL_INDICE_ALTERADO
130782,"CD Everton de Viña del Mar","CD Everton de Viña del Mar","Everton (CHI)","Everton (CHI)",656,867,211,0x000B78BA,0x000CF3A2,True,True,True,False,True,True,ID_ESTAVEL_INDICE_ALTERADO
130799,"Club Tiburones Rojos de Veracruz","Club Tiburones Rojos de Veracruz","Veracruz","Veracruz",657,868,211,0x000B79C1,0x000CF4B5,True,True,True,False,True,True,ID_ESTAVEL_INDICE_ALTERADO
130802,"CA Bucaramanga","CA Bucaramanga","Bucaramanga","Bucaramanga",658,869,211,0x000B7A7B,0x000CF56F,True,True,True,False,True,True,ID_ESTAVEL_INDICE_ALTERADO
130820,"Wil","Wil","","",659,872,213,0x000B7B23,0x000CF7A4,True,True,True,False,True,True,ID_ESTAVEL_INDICE_ALTERADO
130852,"Tacuarembó FC","Tacuarembó FC","Tacuarembó","Tacuarembó",660,877,217,0x000B7BD9,0x000CFB48,True,True,True,False,True,True,ID_ESTAVEL_INDICE_ALTERADO
130869,"Metalurg Donetsk","Metalurg Donetsk","Metalurg Donetsk","Metalurg Donetsk",662,879,217,0x000B7D81,0x000CFD10,True,True,True,False,True,True,ID_ESTAVEL_INDICE_ALTERADO
130870,"Illichivets Mariupol","Illichivets Mariupol","Illichivets","Illichivets",663,880,217,0x000B7E6A,0x000CFE20,True,True,True,False,True,True,ID_ESTAVEL_INDICE_ALTERADO
130871,"FK ZTS Dubnica nad Vahom","FK ZTS Dubnica nad Vahom","Dubnica","Dubnica",664,881,217,0x000B7F30,0x000CFEEE,True,True,True,False,True,True,ID_ESTAVEL_INDICE_ALTERADO
130875,"BATE Borisov","BATE Borisov","BATE","BATE",665,884,219,0x000B8007,0x000D0174,True,True,True,False,True,True,ID_ESTAVEL_INDICE_ALTERADO
131135,"Changchun Yatai","Changchun Yatai","Changchun","Changchun",668,887,219,0x000B8229,0x000D040C,True,True,True,False,True,True,ID_ESTAVEL_INDICE_ALTERADO
131246,"Nakivubo Villa SC","Nakivubo Villa SC","SC Villa","SC Villa",670,888,218,0x000B83A1,0x000D04B8,True,True,True,False,True,True,ID_ESTAVEL_INDICE_ALTERADO
131249,"ASC Bouaké","ASC Bouaké","ASC Bouaké","ASC Bouaké",671,889,218,0x000B844A,0x000D0561,True,True,True,False,True,True,ID_ESTAVEL_INDICE_ALTERADO
131250,"SC Simba","SC Simba","Simba","Simba",672,890,218,0x000B84DE,0x000D05F5,True,True,True,False,True,True,ID_ESTAVEL_INDICE_ALTERADO
131252,"Bendel Insurance FC","Bendel Insurance FC","Insurance","Insurance",673,891,218,0x000B859E,0x000D06B5,True,True,True,False,True,True,ID_ESTAVEL_INDICE_ALTERADO
131255,"Etoile Sportive du Sahel","Etoile Sportive du Sahel","Etoile du Sahel","Etoile du Sahel",674,892,218,0x000B8684,0x000D079B,True,True,True,False,True,True,ID_ESTAVEL_INDICE_ALTERADO
131256,"AS Kaloum Star","AS Kaloum Star","AS Kaloum Star","AS Kaloum Star",675,893,218,0x000B8736,0x000D084D,True,True,True,False,True,True,ID_ESTAVEL_INDICE_ALTERADO
131258,"Kawkab Athletic Club de Marrakech","Kawkab Athletic Club de Marrakech","KAC Marrakech","KAC Marrakech",676,894,218,0x000B881A,0x000D0931,True,True,True,False,True,True,ID_ESTAVEL_INDICE_ALTERADO
131261,"ASC Jeanne d Arc","ASC Jeanne d Arc","Jeanne d'Arc","Jeanne d'Arc",677,895,218,0x000B88E2,0x000D09F9,True,True,True,False,True,True,ID_ESTAVEL_INDICE_ALTERADO
131264,"Oryx Douala","Oryx Douala","Oryx Douala","Oryx Douala",678,896,218,0x000B8988,0x000D0A9F,True,True,True,False,True,True,ID_ESTAVEL_INDICE_ALTERADO
131266,"Stade Malien de Bamako","Stade Malien de Bamako","Stade Malien","Stade Malien",679,897,218,0x000B8A5C,0x000D0B73,True,True,True,False,True,True,ID_ESTAVEL_INDICE_ALTERADO
131267,"Goldfields Obuasi SC","Goldfields Obuasi SC","Goldfields","Goldfields",680,898,218,0x000B8B20,0x000D0C37,True,True,True,False,True,True,ID_ESTAVEL_INDICE_ALTERADO
133235,"Matáv-Sopron","Matáv-Sopron","Sopron","Sopron",681,901,220,0x000B8BCC,0x000D0E59,True,True,True,False,True,True,ID_ESTAVEL_INDICE_ALTERADO
133678,"Happy Valley Athletic","Happy Valley Athletic","Happy Valley","Happy Valley",682,903,221,0x000B8CB3,0x000D1017,True,True,True,False,True,True,ID_ESTAVEL_INDICE_ALTERADO
134900,"Krung Thai Bank","Krung Thai Bank","KTB","KTB",684,905,221,0x000B8E36,0x000D119C,True,True,True,False,True,True,ID_ESTAVEL_INDICE_ALTERADO
134910,"Bangkok Bank Limited","Bangkok Bank Limited","Bangkok Bank","Bangkok Bank",685,906,221,0x000B8F0E,0x000D1274,True,True,True,False,True,True,ID_ESTAVEL_INDICE_ALTERADO
134919,"BEC Tero-Sasana","BEC Tero-Sasana","BEC","BEC",686,907,221,0x000B8FCA,0x000D1330,True,True,True,False,True,True,ID_ESTAVEL_INDICE_ALTERADO
135214,"Al Quwa Al Jawiya","Al Quwa Al Jawiya","Al Quwa Al Jawiya","Al Quwa Al Jawiya",687,908,221,0x000B909E,0x000D1404,True,True,True,False,True,True,ID_ESTAVEL_INDICE_ALTERADO
135215,"Al Zawra'a","Al Zawra'a","Al Zawra'a","Al Zawra'a",688,909,221,0x000B9156,0x000D14BC,True,True,True,False,True,True,ID_ESTAVEL_INDICE_ALTERADO
135217,"Al Talaba","Al Talaba","Al Talaba","Al Talaba",689,910,221,0x000B920A,0x000D1570,True,True,True,False,True,True,ID_ESTAVEL_INDICE_ALTERADO
135245,"Al Arabi (KUW)","Al Arabi (KUW)","Al Arabi (KUW)","Al Arabi (KUW)",690,911,221,0x000B92C3,0x000D1629,True,True,True,False,True,True,ID_ESTAVEL_INDICE_ALTERADO
135246,"Al Kuwait","Al Kuwait","Al Kuwait","Al Kuwait",691,912,221,0x000B936F,0x000D16D5,True,True,True,False,True,True,ID_ESTAVEL_INDICE_ALTERADO
135247,"Al Qadisiyah (KUW)","Al Qadisiyah (KUW)","Al Qadisiyah (KUW)","Al Qadisiyah (KUW)",692,913,221,0x000B943F,0x000D17A5,True,True,True,False,True,True,ID_ESTAVEL_INDICE_ALTERADO
135249,"Kazma","Kazma","Kazma","Kazma",693,914,221,0x000B94E2,0x000D1848,True,True,True,False,True,True,ID_ESTAVEL_INDICE_ALTERADO
135250,"Salimiya","Salimiya","Salimiya","Salimiya",694,915,221,0x000B9583,0x000D18E9,True,True,True,False,True,True,ID_ESTAVEL_INDICE_ALTERADO
135253,"Al Faysali (JOR)","Al Faysali (JOR)","Faysali (JOR)","Faysali (JOR)",695,916,221,0x000B9646,0x000D19AC,True,True,True,False,True,True,ID_ESTAVEL_INDICE_ALTERADO
135305,"Al Shabab (KUW)","Al Shabab (KUW)","Al Shabab (KUW)","Al Shabab (KUW)",696,917,221,0x000B970A,0x000D1A70,True,True,True,False,True,True,ID_ESTAVEL_INDICE_ALTERADO
135327,"Sur","Sur","Sur","Sur",697,918,221,0x000B9797,0x000D1AFD,True,True,True,False,True,True,ID_ESTAVEL_INDICE_ALTERADO
135329,"Dhofar","Dhofar","Dhofar","Dhofar",698,919,221,0x000B9830,0x000D1B96,True,True,True,False,True,True,ID_ESTAVEL_INDICE_ALTERADO
135331,"Al Nassr (OMA)","Al Nassr (OMA)","Al Nassr (OMA)","Al Nassr (OMA)",699,920,221,0x000B98E9,0x000D1C4F,True,True,True,False,True,True,ID_ESTAVEL_INDICE_ALTERADO
135346,"Valencia (MDV)","Valencia (MDV)","","",700,922,222,0x000B99AF,0x000D1DEF,True,True,True,False,True,True,ID_ESTAVEL_INDICE_ALTERADO
135362,"Negeri Sembilan","Negeri Sembilan","N. Sembilan","N. Sembilan",701,923,222,0x000B9A6B,0x000D1EAB,True,True,True,False,True,True,ID_ESTAVEL_INDICE_ALTERADO
135382,"Perak","Perak","Perak","Perak",702,925,223,0x000B9B0F,0x000D1FF6,True,True,True,False,True,True,ID_ESTAVEL_INDICE_ALTERADO
135388,"Fanja","Fanja","Fanja","Fanja",703,926,223,0x000B9BA4,0x000D208B,True,True,True,False,True,True,ID_ESTAVEL_INDICE_ALTERADO
135399,"Al Wahda Sana'a","Al Wahda Sana'a","Al Wahda Sana'a","Al Wahda Sana'a",704,927,223,0x000B9C61,0x000D2148,True,True,True,False,True,True,ID_ESTAVEL_INDICE_ALTERADO
135405,"Al Sha'ab Ibb","Al Sha'ab Ibb","Al Sha'ab Ibb","Al Sha'ab Ibb",705,928,223,0x000B9D0F,0x000D21F6,True,True,True,False,True,True,ID_ESTAVEL_INDICE_ALTERADO
135410,"Al Ahli (QAT)","Al Ahli (QAT)","Al Ahli (QAT)","Al Ahli (QAT)",706,929,223,0x000B9DC4,0x000D22AB,True,True,True,False,True,True,ID_ESTAVEL_INDICE_ALTERADO
135414,"Al Ittihad (QAT)","Al Ittihad (QAT)","Al Ittihad (QAT)","Al Ittihad (QAT)",708,930,222,0x000B9F34,0x000D2373,True,True,True,False,True,True,ID_ESTAVEL_INDICE_ALTERADO
135423,"Al Riyadh","Al Riyadh","Al Riyadh","Al Riyadh",709,931,222,0x000B9FFF,0x000D2427,True,True,True,False,True,True,ID_ESTAVEL_INDICE_ALTERADO
135427,"Al Ittifaq (KSA)","Al Ittifaq (KSA)","Al Ittifaq (KSA)","Al Ittifaq (KSA)",710,932,222,0x000BA0D7,0x000D24FF,True,True,True,False,True,True,ID_ESTAVEL_INDICE_ALTERADO
135430,"Al Wahda (UAE)","Al Wahda (UAE)","Al Wahda (UAE)","Al Wahda (UAE)",711,933,222,0x000BA1A6,0x000D25CE,True,True,True,False,True,True,ID_ESTAVEL_INDICE_ALTERADO
135439,"Al Wasl","Al Wasl","Al Wasl","Al Wasl",712,934,222,0x000BA24A,0x000D2672,True,True,True,False,True,True,ID_ESTAVEL_INDICE_ALTERADO
135453,"Al Arabi (UAE)","Al Arabi (UAE)","Al Arabi (UAE)","Al Arabi (UAE)",714,935,221,0x000BA3CC,0x000D272B,True,True,True,False,True,True,ID_ESTAVEL_INDICE_ALTERADO
135455,"Al Sharjah","Al Sharjah","Al Sharjah","Al Sharjah",715,936,221,0x000BA484,0x000D27E3,True,True,True,False,True,True,ID_ESTAVEL_INDICE_ALTERADO
135471,"Al Wahda (SYR)","Al Wahda (SYR)","Al Wahda (SYR)","Al Wahda (SYR)",716,937,221,0x000BA54C,0x000D28AB,True,True,True,False,True,True,ID_ESTAVEL_INDICE_ALTERADO
135478,"Al Jaish (SYR)","Al Jaish (SYR)","Al Jaish (SYR)","Al Jaish (SYR)",717,938,221,0x000BA614,0x000D2973,True,True,True,False,True,True,ID_ESTAVEL_INDICE_ALTERADO
135494,"PSM Makassar","PSM Makassar","PSM","PSM",718,939,221,0x000BA6C1,0x000D2A20,True,True,True,False,True,True,ID_ESTAVEL_INDICE_ALTERADO
135506,"Petrokimia Putra Gresik","Petrokimia Putra Gresik","Petrokimia Putra","Petrokimia Putra",719,940,221,0x000BA79F,0x000D2AF6,True,True,True,False,True,True,ID_ESTAVEL_INDICE_ALTERADO
136007,"Club Puebla de la Franja","Club Puebla de la Franja","Puebla","Puebla",720,942,222,0x000BA872,0x000D2C9E,True,True,True,False,True,True,ID_ESTAVEL_INDICE_ALTERADO
136531,"FK Buducnost Banatski Dvor","FK Buducnost Banatski Dvor","Buducnost (BD)","Buducnost (BD)",721,943,222,0x000BA965,0x000D2DB0,True,True,True,False,True,True,ID_ESTAVEL_INDICE_ALTERADO
137957,"FC Pasching","FC Pasching","Pasching","Pasching",722,945,223,0x000BAA26,0x000D2F61,True,True,True,False,True,True,ID_ESTAVEL_INDICE_ALTERADO
138153,"AS Gaz Metan Medias","AS Gaz Metan Medias","Gaz Metan","Gaz Metan",723,946,223,0x000BAAF2,0x000D302D,True,True,True,False,True,True,ID_ESTAVEL_INDICE_ALTERADO
138209,"Marsaxlokk","Marsaxlokk","Marsaxlokk","Marsaxlokk",724,951,227,0x000BABA2,0x000D3478,True,True,True,False,True,True,ID_ESTAVEL_INDICE_ALTERADO
138447,"Marek (Dupnitsa)","Marek (Dupnitsa)","Marek","Marek",725,956,231,0x000BAC76,0x000D382C,True,True,True,False,True,True,ID_ESTAVEL_INDICE_ALTERADO
144648,"FC Tbilisi","FC Tbilisi","FC Tbilisi","FC Tbilisi",727,957,230,0x000BADE2,0x000D38FC,True,True,True,False,True,True,ID_ESTAVEL_INDICE_ALTERADO
147037,"London","London","London","London",735,961,226,0x000BB39E,0x000D3BDD,True,True,True,False,True,True,ID_ESTAVEL_INDICE_ALTERADO
147055,"Southern All-Star Team","Southern All-Star Team","Southern All-Star Team","Southern All-Star Team",736,962,226,0x000BB477,0x000D3CB6,True,True,True,False,True,True,ID_ESTAVEL_INDICE_ALTERADO
147056,"Central All-Star Team","Central All-Star Team","Central All-Star Team","Central All-Star Team",737,963,226,0x000BB54C,0x000D3D8B,True,True,True,False,True,True,ID_ESTAVEL_INDICE_ALTERADO
200373,"Seongnam Ilhwa Chunma","Seongnam Ilhwa Chunma","Seongnam","Seongnam",738,967,229,0x000BB61E,0x000D42FD,True,True,True,False,True,True,ID_ESTAVEL_INDICE_ALTERADO
301306,"Figueirense FC","Figueirense FC","Figueirense","Figueirense",849,968,119,0x000C1BAE,0x000D43B7,True,True,True,False,True,True,ID_ESTAVEL_INDICE_ALTERADO
301338,"Paulista FC","Paulista FC","Paulista","Paulista",864,969,105,0x000C2BA2,0x000D446D,True,True,True,False,True,True,ID_ESTAVEL_INDICE_ALTERADO
301354,"AD São Caetano","AD São Caetano","São Caetano","São Caetano",872,970,98,0x000C35CC,0x000D4527,True,True,True,False,True,True,ID_ESTAVEL_INDICE_ALTERADO
308091,"SD Aucas","SD Aucas","Aucas","Aucas",911,971,60,0x000C5483,0x000D45D3,True,True,True,False,True,True,ID_ESTAVEL_INDICE_ALTERADO
308107,"ADFPC Cienciano","ADFPC Cienciano","Cienciano","Cienciano",917,972,55,0x000C593B,0x000D468B,True,True,True,False,True,True,ID_ESTAVEL_INDICE_ALTERADO
308516,"Deportivo Pereira FC","Deportivo Pereira FC","Deportivo Pereira","Deportivo Pereira",933,973,40,0x000C65EE,0x000D4767,True,True,True,False,True,True,ID_ESTAVEL_INDICE_ALTERADO
309345,"Alianza Petrolera AS","Alianza Petrolera AS","Alianza Petrolera","Alianza Petrolera",955,974,19,0x000C781E,0x000D4839,True,True,True,False,True,True,ID_ESTAVEL_INDICE_ALTERADO
309346,"CN Cúcuta Deportivo","CN Cúcuta Deportivo","Cúcuta Deportivo","Cúcuta Deportivo",956,975,19,0x000C78EC,0x000D4907,True,True,True,False,True,True,ID_ESTAVEL_INDICE_ALTERADO
311026,"Marília AC","Marília AC","Marília","Marília",1064,976,-88,0x000CCD14,0x000D49B1,True,True,True,False,True,True,ID_ESTAVEL_INDICE_ALTERADO
314909,"RS Futebol C","RS Futebol C","RS Futebol","RS Futebol",1390,977,-413,0x000DBDB5,0x000D4A65,True,True,True,False,True,True,ID_ESTAVEL_INDICE_ALTERADO
400362,"Ajaccio","Ajaccio","Ajaccio","Ajaccio",1517,978,-539,0x000E1CDA,0x000D4B4A,True,True,True,False,True,True,ID_ESTAVEL_INDICE_ALTERADO
401149,"Club Africain Tunis","Club Africain Tunis","Club Africain","Club Africain",1518,979,-539,0x000E1DB9,0x000D4C29,True,True,True,False,True,True,ID_ESTAVEL_INDICE_ALTERADO
450551,"Akçaabat Sebatspor","Akçaabat Sebatspor","A. Sebatspor","A. Sebatspor",1519,980,-539,0x000E1E7D,0x000D4CED,True,True,True,False,True,True,ID_ESTAVEL_INDICE_ALTERADO
475411,"Pakhtakor Toshkent","Pakhtakor Toshkent","Pakhtakor","Pakhtakor",1520,982,-538,0x000E1F3B,0x000D4E69,True,True,True,False,True,True,ID_ESTAVEL_INDICE_ALTERADO
477632,"Terek Grozny","Terek Grozny","Terek","Terek",1521,983,-538,0x000E1FF6,0x000D4F43,True,True,True,False,True,True,ID_ESTAVEL_INDICE_ALTERADO
478105,"Sheriff Tiraspol","Sheriff Tiraspol","Sheriff","Sheriff",1522,984,-538,0x000E20DB,0x000D5038,True,True,True,False,True,True,ID_ESTAVEL_INDICE_ALTERADO
478301,"FK Dinaburg Daugavpils","FK Dinaburg Daugavpils","Dinaburg","Dinaburg",1523,985,-538,0x000E21D6,0x000D5133,True,True,True,False,True,True,ID_ESTAVEL_INDICE_ALTERADO
483003,"Neftchi Ferghana","Neftchi Ferghana","Neftchi Fergana","Neftchi Fergana",1524,986,-538,0x000E229C,0x000D51F9,True,True,True,False,True,True,ID_ESTAVEL_INDICE_ALTERADO
483761,"WIT-Georgia Tbilisi","WIT-Georgia Tbilisi","WIT-Georgia","WIT-Georgia",1525,988,-537,0x000E237F,0x000D53AD,True,True,True,False,True,True,ID_ESTAVEL_INDICE_ALTERADO
483867,"FHK Liepajas Metalurgs","FHK Liepajas Metalurgs","Metalurgs","Metalurgs",1526,989,-537,0x000E2484,0x000D54BA,True,True,True,False,True,True,ID_ESTAVEL_INDICE_ALTERADO
483868,"FK Ventspils","FK Ventspils","Ventspils","Ventspils",1527,990,-537,0x000E2565,0x000D55A3,True,True,True,False,True,True,ID_ESTAVEL_INDICE_ALTERADO
483914,"Mika Ashtarak","Mika Ashtarak","Mika","Mika",1528,995,-533,0x000E2620,0x000D59AA,True,True,True,False,True,True,ID_ESTAVEL_INDICE_ALTERADO
484440,"Regar-TadAZ Tursun-zade","Regar-TadAZ Tursun-zade","Regar","Regar",1529,998,-531,0x000E26D2,0x000D5BB0,True,True,True,False,True,True,ID_ESTAVEL_INDICE_ALTERADO
484441,"Nebitchi Balkanabad","Nebitchi Balkanabad","Nebitchi","Nebitchi",1530,999,-531,0x000E2782,0x000D5C60,True,True,True,False,True,True,ID_ESTAVEL_INDICE_ALTERADO
484467,"Zhashtyk-AK-Altyn Kara-Suu","Zhashtyk-AK-Altyn Kara-Suu","Zhashtyk","Zhashtyk",1531,1001,-530,0x000E284E,0x000D5E01,True,True,True,False,True,True,ID_ESTAVEL_INDICE_ALTERADO
485292,"FK Vetra","FK Vetra","Vetra","Vetra",1532,1011,-521,0x000E28F0,0x000D6553,True,True,True,False,True,True,ID_ESTAVEL_INDICE_ALTERADO
485431,"MOIK Baku","MOIK Baku","MOIK","MOIK",1533,1014,-519,0x000E2984,0x000D672C,True,True,True,False,True,True,ID_ESTAVEL_INDICE_ALTERADO
490410,"KS Dinamo Tirana","KS Dinamo Tirana","Dinamo Tirana","Dinamo Tirana",1534,1019,-515,0x000E2A75,0x000D6AD2,True,True,True,False,True,True,ID_ESTAVEL_INDICE_ALTERADO
498457,"Banants Yerevan","Banants Yerevan","Banants","Banants",1535,1022,-513,0x000E2B3A,0x000D6D1E,True,True,True,False,True,True,ID_ESTAVEL_INDICE_ALTERADO
514173,"FC Thun 1898","FC Thun 1898","Thun","Thun",1536,1023,-513,0x000E2BEE,0x000D6DE2,True,True,True,False,True,True,ID_ESTAVEL_INDICE_ALTERADO
514351,"TVMK","TVMK","TVMK","TVMK",1537,1027,-510,0x000E2CB5,0x000D70FC,True,True,True,False,True,True,ID_ESTAVEL_INDICE_ALTERADO
518951,"AC Vantaan Allianssi","AC Vantaan Allianssi","AC Allianssi","AC Allianssi",1538,1029,-509,0x000E2D94,0x000D72A8,True,True,True,False,True,True,ID_ESTAVEL_INDICE_ALTERADO
529013,"Mouloudia Club d'Oran","Mouloudia Club d'Oran","MC Oran","MC Oran",1539,1030,-509,0x000E2E63,0x000D7377,True,True,True,False,True,True,ID_ESTAVEL_INDICE_ALTERADO
562395,"League of Ireland Select XI","League of Ireland Select XI","League of Ireland","League of Ireland",1540,1033,-507,0x000E2F5A,0x000D75F8,True,True,True,False,True,True,ID_ESTAVEL_INDICE_ALTERADO
562396,"Irish League Select XI","Irish League Select XI","Irish League","Irish League",1541,1034,-507,0x000E303D,0x000D76DB,True,True,True,False,True,True,ID_ESTAVEL_INDICE_ALTERADO
562397,"League of Ireland Select U21","League of Ireland Select U21","League of Ireland U21","League of Ireland U21",1542,1035,-507,0x000E3136,0x000D77D4,True,True,True,False,True,True,ID_ESTAVEL_INDICE_ALTERADO
562398,"Irish League Select U21","Irish League Select U21","Irish League U21","Irish League U21",1543,1036,-507,0x000E321B,0x000D78B9,True,True,True,False,True,True,ID_ESTAVEL_INDICE_ALTERADO
616263,"Julius Berger FC","Julius Berger FC","Julius Berger","Julius Berger",1544,1037,-507,0x000E32FC,0x000D799A,True,True,True,False,True,True,ID_ESTAVEL_INDICE_ALTERADO
652649,"NK Siroki Brijeg","NK Siroki Brijeg","Siroki Brijeg","Siroki Brijeg",1545,1038,-507,0x000E33E4,0x000D7A8A,True,True,True,False,True,True,ID_ESTAVEL_INDICE_ALTERADO
700198,"Mantova","Mantova","Mantova","Mantova",1547,1042,-505,0x000E3575,0x000D7D7A,True,True,True,False,True,True,ID_ESTAVEL_INDICE_ALTERADO
783798,"Nissan","Nissan","Nissan","Nissan",1550,1043,-507,0x000E378E,0x000D7E0C,True,True,True,False,True,True,ID_ESTAVEL_INDICE_ALTERADO
783799,"Yomiuri","Yomiuri","Yomiuri","Yomiuri",1551,1044,-507,0x000E3824,0x000D7EA2,True,True,True,False,True,True,ID_ESTAVEL_INDICE_ALTERADO
783800,"Toyo Kogyo","Toyo Kogyo","Toyo Kogyo","Toyo Kogyo",1552,1045,-507,0x000E38C6,0x000D7F44,True,True,True,False,True,True,ID_ESTAVEL_INDICE_ALTERADO
801910,"Asante Kotoko","Asante Kotoko","Kotoko","Kotoko",1553,1046,-507,0x000E3974,0x000D7FF2,True,True,True,False,True,True,ID_ESTAVEL_INDICE_ALTERADO
814089,"F.C. Girona","F.C. Girona","Girona","Girona",1554,1047,-507,0x000E3A1F,0x000D809D,True,True,True,False,True,True,ID_ESTAVEL_INDICE_ALTERADO
851546,"s.v. Deltasport","s.v. Deltasport","Deltasport","Deltasport",1556,1050,-506,0x000E3B96,0x000D82D7,True,True,True,False,True,True,ID_ESTAVEL_INDICE_ALTERADO
879205,"TSV Aindling","TSV Aindling","Aindling","Aindling",1557,1052,-505,0x000E3C50,0x000D8489,True,True,True,False,True,True,ID_ESTAVEL_INDICE_ALTERADO
879213,"FC Teningen","FC Teningen","Teningen","Teningen",1558,1053,-505,0x000E3D08,0x000D8541,True,True,True,False,True,True,ID_ESTAVEL_INDICE_ALTERADO
879226,"TSG Hoffenheim","TSG Hoffenheim","Hoffenheim","Hoffenheim",1559,1054,-505,0x000E3DCE,0x000D8607,True,True,True,False,True,True,ID_ESTAVEL_INDICE_ALTERADO
879276,"VfR Neumünster","VfR Neumünster","Neumünster","Neumünster",1560,1055,-505,0x000E3E94,0x000D86CD,True,True,True,False,True,True,ID_ESTAVEL_INDICE_ALTERADO
879641,"SV Germania Schöneiche","SV Germania Schöneiche","Schöneiche","Schöneiche",1561,1056,-505,0x000E3F66,0x000D879F,True,True,True,False,True,True,ID_ESTAVEL_INDICE_ALTERADO
879752,"TSV Völpke","TSV Völpke","Völpke","Völpke",1562,1057,-505,0x000E4018,0x000D8851,True,True,True,False,True,True,ID_ESTAVEL_INDICE_ALTERADO
880009,"TuS Mayen","TuS Mayen","Mayen","Mayen",1563,1058,-505,0x000E40C6,0x000D88FF,True,True,True,False,True,True,ID_ESTAVEL_INDICE_ALTERADO
950376,"Al Ain","Al Ain","Al Ain","Al Ain",1581,1060,-521,0x000E50C5,0x000D8AD5,True,True,True,False,True,True,ID_ESTAVEL_INDICE_ALTERADO
1104147,"Accra Hearts of Oak SC","Accra Hearts of Oak SC","Hearts of Oak","Hearts of Oak",1584,1069,-515,0x000E5332,0x000D91F2,True,True,True,False,True,True,ID_ESTAVEL_INDICE_ALTERADO
1104149,"Al Qadisiyah (KSA)","Al Qadisiyah (KSA)","Al Qadisiyah (KSA)","Al Qadisiyah (KSA)",1585,1070,-515,0x000E540A,0x000D92D2,True,True,True,False,True,True,ID_ESTAVEL_INDICE_ALTERADO
1200094,"Dynamos Harare","Dynamos Harare","Dynamos Harare","Dynamos Harare",1586,1072,-514,0x000E54BC,0x000D943B,True,True,True,False,True,True,ID_ESTAVEL_INDICE_ALTERADO
1200249,"CD FAS","CD FAS","FAS","FAS",1587,1073,-514,0x000E5556,0x000D94D5,True,True,True,False,True,True,ID_ESTAVEL_INDICE_ALTERADO
1200440,"CD Luis Angel Firpo","CD Luis Angel Firpo","Luis Angel Firpo","Luis Angel Firpo",1588,1074,-514,0x000E5624,0x000D95A3,True,True,True,False,True,True,ID_ESTAVEL_INDICE_ALTERADO
1200609,"Club Guerreros de Ciudad Obregón","Club Guerreros de Ciudad Obregón","Cd. Obregón","Cd. Obregón",1589,1075,-514,0x000E5702,0x000D9681,True,True,True,False,True,True,ID_ESTAVEL_INDICE_ALTERADO
1200885,"LD Alajuelense","LD Alajuelense","Alajuelense","Alajuelense",1592,1076,-516,0x000E5930,0x000D973B,True,True,True,False,True,True,ID_ESTAVEL_INDICE_ALTERADO
1201001,"Wydad Athletic Club","Wydad Athletic Club","Wydad Casablanca","Wydad Casablanca",1593,1077,-516,0x000E5A15,0x000D9820,True,True,True,False,True,True,ID_ESTAVEL_INDICE_ALTERADO
1201011,"Raja Club Athletic","Raja Club Athletic","Raja Casablanca","Raja Casablanca",1594,1078,-516,0x000E5AEE,0x000D98F9,True,True,True,False,True,True,ID_ESTAVEL_INDICE_ALTERADO
1300097,"FK Shamkir","FK Shamkir","Shamkir","Shamkir",1595,1080,-515,0x000E5BB7,0x000D9A74,True,True,True,False,True,True,ID_ESTAVEL_INDICE_ALTERADO
1300125,"Shakhter Soligorsk","Shakhter Soligorsk","Shakhter Soligorsk","Shakhter Soligorsk",1596,1083,-513,0x000E5CB6,0x000D9D34,True,True,True,False,True,True,ID_ESTAVEL_INDICE_ALTERADO
1300147,"FK Sloboda Tuzla","FK Sloboda Tuzla","Sloboda","Sloboda",1597,1084,-513,0x000E5D7B,0x000D9E01,True,True,True,False,True,True,ID_ESTAVEL_INDICE_ALTERADO
1300156,"FK Zeljeznicar Sarajevo","FK Zeljeznicar Sarajevo","Zeljeznicar","Zeljeznicar",1598,1086,-512,0x000E5E75,0x000D9FF7,True,True,True,False,True,True,ID_ESTAVEL_INDICE_ALTERADO
1300197,"Litex (Lovech)","Litex (Lovech)","Litex","Litex",1599,1087,-512,0x000E5F83,0x000DA11C,True,True,True,False,True,True,ID_ESTAVEL_INDICE_ALTERADO
1300301,"Banik Ostrava","Banik Ostrava","Banik Ostrava","Banik Ostrava",1600,1088,-512,0x000E6085,0x000DA245,True,True,True,False,True,True,ID_ESTAVEL_INDICE_ALTERADO
1300309,"Teplice","Teplice","Teplice","Teplice",1601,1089,-512,0x000E615E,0x000DA336,True,True,True,False,True,True,ID_ESTAVEL_INDICE_ALTERADO
1300342,"Bóltfelagið B36","Bóltfelagið B36","","",1602,1090,-512,0x000E6229,0x000DA409,True,True,True,False,True,True,ID_ESTAVEL_INDICE_ALTERADO
1300345,"Nes Sóknar Ítróttarfelag","Nes Sóknar Ítróttarfelag","NSÍ","NSÍ",1603,1092,-511,0x000E62FF,0x000DA59A,True,True,True,False,True,True,ID_ESTAVEL_INDICE_ALTERADO
1300641,"Fylkir","Fylkir","Fylkir","Fylkir",1604,1098,-506,0x000E63C6,0x000DAA39,True,True,True,False,True,True,ID_ESTAVEL_INDICE_ALTERADO
1300725,"FK Atlantas","FK Atlantas","Atlantas","Atlantas",1605,1099,-506,0x000E64AB,0x000DAB26,True,True,True,False,True,True,ID_ESTAVEL_INDICE_ALTERADO
1300877,"Odra Wodzislaw Slaski","Odra Wodzislaw Slaski","Odra Wodzislaw","Odra Wodzislaw",1606,1102,-504,0x000E6589,0x000DAD92,True,True,True,False,True,True,ID_ESTAVEL_INDICE_ALTERADO
1300881,"Wisla Cracóvia","Wisla Cracóvia","Wisla","Wisla",1607,1103,-504,0x000E6675,0x000DAE96,True,True,True,False,True,True,ID_ESTAVEL_INDICE_ALTERADO
1300893,"Amica Wronki","Amica Wronki","Amica","Amica",1608,1104,-504,0x000E6755,0x000DAF7E,True,True,True,False,True,True,ID_ESTAVEL_INDICE_ALTERADO
1301104,"FC Rostov","FC Rostov","Rostov","Rostov",1609,1108,-501,0x000E681C,0x000DB2F4,True,True,True,False,True,True,ID_ESTAVEL_INDICE_ALTERADO
1301108,"Zenith St. Petersburg","Zenith St. Petersburg","Zenith Peterburg","Zenith Peterburg",1610,1109,-501,0x000E6973,0x000DB44B,True,True,True,False,True,True,ID_ESTAVEL_INDICE_ALTERADO
1301169,"FC Artmedia Bratislava","FC Artmedia Bratislava","Artmedia","Artmedia",1611,1120,-491,0x000E6A65,0x000DBC6E,True,True,True,False,True,True,ID_ESTAVEL_INDICE_ALTERADO
3400801,"Al Rayyan","Al Rayyan","Al Rayyan","Al Rayyan",1612,1124,-488,0x000E6B11,0x000DBFCC,True,True,True,False,True,True,ID_ESTAVEL_INDICE_ALTERADO
3400878,"Power Dynamos","Power Dynamos","Power Dynamos","Power Dynamos",1613,1125,-488,0x000E6BCD,0x000DC088,True,True,True,False,True,True,ID_ESTAVEL_INDICE_ALTERADO
3506513,"ASEC Mimosas","ASEC Mimosas","ASEC","ASEC",1614,1127,-487,0x000E6C7D,0x000DC256,True,True,True,False,True,True,ID_ESTAVEL_INDICE_ALTERADO
3600077,"1.FC Lok Leipzig","1.FC Lok Leipzig","Lok Leipzig","Lok Leipzig",1615,1128,-487,0x000E6D2D,0x000DC306,True,True,True,False,True,True,ID_ESTAVEL_INDICE_ALTERADO
4203006,"C. Gimnàstic Tarragona S.A.D.","C. Gimnàstic Tarragona S.A.D.","Gimnàstic","Gimnàstic",1616,1145,-471,0x000E6E01,0x000DD1AC,True,True,True,False,True,True,ID_ESTAVEL_INDICE_ALTERADO
4203009,"C.E. L'Hospitalet","C.E. L'Hospitalet","Hospitalet","Hospitalet",1617,1146,-471,0x000E6EC7,0x000DD272,True,True,True,False,True,True,ID_ESTAVEL_INDICE_ALTERADO
4212294,"S.D. Huesca","S.D. Huesca","Huesca","Huesca",1618,1148,-470,0x000E6F6A,0x000DD3DF,True,True,True,False,True,True,ID_ESTAVEL_INDICE_ALTERADO
4212360,"C.P. Ejido S.A.D.","C.P. Ejido S.A.D.","Ejido","Ejido",1619,1149,-470,0x000E701E,0x000DD493,True,True,True,False,True,True,ID_ESTAVEL_INDICE_ALTERADO
4300075,"FK Zeleznik Beograd","FK Zeleznik Beograd","Zeleznik","Zeleznik",1620,1150,-470,0x000E70FF,0x000DD593,True,True,True,False,True,True,ID_ESTAVEL_INDICE_ALTERADO
4400013,"US Project 40 Select","US Project 40 Select","Project 40","Project 40",1621,1151,-470,0x000E71C3,0x000DD657,True,True,True,False,True,True,ID_ESTAVEL_INDICE_ALTERADO
5007012,"The Soccer AM Badgers","The Soccer AM Badgers","Badgers","Badgers",1622,1153,-469,0x000E7296,0x000DD811,True,True,True,False,True,True,ID_ESTAVEL_INDICE_ALTERADO
5100326,"Longford Town","Longford Town","Longford","Longford",1623,1249,-374,0x000E7376,0x000E230A,True,True,True,False,True,True,ID_ESTAVEL_INDICE_ALTERADO
5110769,"AFC Wimbledon","AFC Wimbledon","AFC Wimbledon","AFC Wimbledon",1624,1519,-105,0x000E7432,0x000EEA6A,True,True,True,False,True,True,ID_ESTAVEL_INDICE_ALTERADO
5261738,"CD Johann FC","CD Johann FC","Johann","Johann",1625,1521,-104,0x000E74DE,0x000EEBE6,True,True,True,False,True,True,ID_ESTAVEL_INDICE_ALTERADO
5270338,"LDU de Quito","LDU de Quito","LDU de Quito","LDU de Quito",1626,1522,-104,0x000E75A5,0x000EECA8,True,True,True,False,True,True,ID_ESTAVEL_INDICE_ALTERADO
5280161,"C Libertad","C Libertad","Libertad","Libertad",1628,1523,-105,0x000E7713,0x000EED54,True,True,True,False,True,True,ID_ESTAVEL_INDICE_ALTERADO
5300371,"UA Maracaibo","UA Maracaibo","Maracaibo","Maracaibo",1631,1524,-107,0x000E7973,0x000EEE06,True,True,True,False,True,True,ID_ESTAVEL_INDICE_ALTERADO
5340072,"Jeunesse Sportive de Kabylie","Jeunesse Sportive de Kabylie","JS Kabylie","JS Kabylie",1632,1528,-104,0x000E7A5F,0x000EF0E3,True,True,True,False,True,True,ID_ESTAVEL_INDICE_ALTERADO
5340073,"Mouloudia Club d'Alger","Mouloudia Club d'Alger","MC Alger","MC Alger",1633,1529,-104,0x000E7B43,0x000EF1C7,True,True,True,False,True,True,ID_ESTAVEL_INDICE_ALTERADO
5340076,"Union Sportive Madinet El-Harrach","Union Sportive Madinet El-Harrach","USM El-Harrach","USM El-Harrach",1634,1530,-104,0x000E7C41,0x000EF2C5,True,True,True,False,True,True,ID_ESTAVEL_INDICE_ALTERADO
5340079,"Entente Sportive de Sétif","Entente Sportive de Sétif","ES Sétif","ES Sétif",1635,1531,-104,0x000E7D12,0x000EF396,True,True,True,False,True,True,ID_ESTAVEL_INDICE_ALTERADO
5340080,"Union Sportive de la Medina d'Alger","Union Sportive de la Medina d'Alger","USM Alger","USM Alger",1636,1532,-104,0x000E7E19,0x000EF49D,True,True,True,False,True,True,ID_ESTAVEL_INDICE_ALTERADO
5340081,"Wydad Amel de Tlemcen","Wydad Amel de Tlemcen","WA Tlemcen","WA Tlemcen",1637,1533,-104,0x000E7EE7,0x000EF56B,True,True,True,False,True,True,ID_ESTAVEL_INDICE_ALTERADO
5340220,"FC Etzella Ettelbruck","FC Etzella Ettelbruck","Etzella Ettelbruck","Etzella Ettelbruck",1638,1534,-104,0x000E7FDC,0x000EF668,True,True,True,False,True,True,ID_ESTAVEL_INDICE_ALTERADO
5340749,"Enyimba FC","Enyimba FC","Enyimba","Enyimba",1639,1535,-104,0x000E8096,0x000EF722,True,True,True,False,True,True,ID_ESTAVEL_INDICE_ALTERADO
5340754,"Iwuanyanwu Nationale","Iwuanyanwu Nationale","Nationale","Nationale",1640,1536,-104,0x000E8177,0x000EF803,True,True,True,False,True,True,ID_ESTAVEL_INDICE_ALTERADO
5340761,"Enugu Rangers International FC","Enugu Rangers International FC","Enugu Rangers","Enugu Rangers",1641,1537,-104,0x000E826D,0x000EF8F9,True,True,True,False,True,True,ID_ESTAVEL_INDICE_ALTERADO
5340767,"Etoile Filante Ouagadougou","Etoile Filante Ouagadougou","EFO","EFO",1642,1538,-104,0x000E832F,0x000EF9BB,True,True,True,False,True,True,ID_ESTAVEL_INDICE_ALTERADO
5340779,"Coton Sport de Garoua","Coton Sport de Garoua","Coton Sport","Coton Sport",1643,1539,-104,0x000E83F7,0x000EFA83,True,True,True,False,True,True,ID_ESTAVEL_INDICE_ALTERADO
5340784,"Union Sportive de Douala","Union Sportive de Douala","Union Douala","Union Douala",1644,1540,-104,0x000E84C0,0x000EFB4C,True,True,True,False,True,True,ID_ESTAVEL_INDICE_ALTERADO
5340873,"Ethiopian Coffee","Ethiopian Coffee","Ethiopian Bunna","Ethiopian Bunna",1645,1541,-104,0x000E8578,0x000EFC04,True,True,True,False,True,True,ID_ESTAVEL_INDICE_ALTERADO
5340883,"FC 105 Libreville","FC 105 Libreville","","",1646,1542,-104,0x000E8627,0x000EFCB3,True,True,True,False,True,True,ID_ESTAVEL_INDICE_ALTERADO
5340887,"USM Libreville","USM Libreville","USM Libreville","USM Libreville",1647,1543,-104,0x000E86E0,0x000EFD6C,True,True,True,False,True,True,ID_ESTAVEL_INDICE_ALTERADO
5340910,"Tusker FC","Tusker FC","Tusker FC","Tusker FC",1648,1544,-104,0x000E877E,0x000EFE0A,True,True,True,False,True,True,ID_ESTAVEL_INDICE_ALTERADO
5340913,"Gor Mahia","Gor Mahia","Gor Mahia","Gor Mahia",1649,1545,-104,0x000E881C,0x000EFEA8,True,True,True,False,True,True,ID_ESTAVEL_INDICE_ALTERADO
5340946,"Highlanders","Highlanders","Highlanders","Highlanders",1650,1546,-104,0x000E88C2,0x000EFF4E,True,True,True,False,True,True,ID_ESTAVEL_INDICE_ALTERADO
5340949,"Masvingo United","Masvingo United","Masvingo United","Masvingo United",1651,1547,-104,0x000E8978,0x000F0004,True,True,True,False,True,True,ID_ESTAVEL_INDICE_ALTERADO
5340956,"Black Rhinos","Black Rhinos","Black Rhinos","Black Rhinos",1652,1548,-104,0x000E8A22,0x000F00AE,True,True,True,False,True,True,ID_ESTAVEL_INDICE_ALTERADO
5340959,"Ferroviário de Maputo","Ferroviário de Maputo","Ferroviário de Maputo","Ferroviário de Maputo",1653,1549,-104,0x000E8AF0,0x000F017C,True,True,True,False,True,True,ID_ESTAVEL_INDICE_ALTERADO
5340960,"Maxaquene","Maxaquene","Maxaquene","Maxaquene",1654,1550,-104,0x000E8B8E,0x000F021A,True,True,True,False,True,True,ID_ESTAVEL_INDICE_ALTERADO
5340981,"Horoya AC","Horoya AC","Horoya AC","Horoya AC",1655,1551,-104,0x000E8C2C,0x000F02B8,True,True,True,False,True,True,ID_ESTAVEL_INDICE_ALTERADO
5340983,"APR FC","APR FC","APR FC","APR FC",1656,1552,-104,0x000E8CBE,0x000F034A,True,True,True,False,True,True,ID_ESTAVEL_INDICE_ALTERADO
5340987,"AS Vita Club","AS Vita Club","Vita Club","Vita Club",1657,1553,-104,0x000E8D70,0x000F03FC,True,True,True,False,True,True,ID_ESTAVEL_INDICE_ALTERADO
5340992,"Express Red Eagles","Express Red Eagles","Express SC","Express SC",1658,1554,-104,0x000E8E22,0x000F04AE,True,True,True,False,True,True,ID_ESTAVEL_INDICE_ALTERADO
5341061,"Stade Abidjan","Stade Abidjan","Stade Abidjan","Stade Abidjan",1659,1555,-104,0x000E8ED7,0x000F0563,True,True,True,False,True,True,ID_ESTAVEL_INDICE_ALTERADO
5341063,"Africa Sports National","Africa Sports National","Africa Sports","Africa Sports",1660,1556,-104,0x000E8FAD,0x000F0639,True,True,True,False,True,True,ID_ESTAVEL_INDICE_ALTERADO
5341076,"AS Douanes (SEN)","AS Douanes (SEN)","AS Douanes (SEN)","AS Douanes (SEN)",1661,1557,-104,0x000E906E,0x000F06FA,True,True,True,False,True,True,ID_ESTAVEL_INDICE_ALTERADO
5341083,"SONACOS","SONACOS","SONACOS","SONACOS",1662,1558,-104,0x000E910B,0x000F0797,True,True,True,False,True,True,ID_ESTAVEL_INDICE_ALTERADO
5341449,"Olympique de Moka","Olympique de Moka","Olympique de Moka","Olympique de Moka",1663,1559,-104,0x000E91C9,0x000F0855,True,True,True,False,True,True,ID_ESTAVEL_INDICE_ALTERADO
5341582,"Vital'O","Vital'O","Vital'O","Vital'O",1664,1560,-104,0x000E925F,0x000F08EB,True,True,True,False,True,True,ID_ESTAVEL_INDICE_ALTERADO
5341585,"Al Merreikh Omduran","Al Merreikh Omduran","Al Merreikh Omduran","Al Merreikh Omduran",1665,1561,-104,0x000E9325,0x000F09B1,True,True,True,False,True,True,ID_ESTAVEL_INDICE_ALTERADO
5341586,"Al Hilal Omduran","Al Hilal Omduran","Al Hilal Omduran","Al Hilal Omduran",1666,1562,-104,0x000E93DF,0x000F0A6B,True,True,True,False,True,True,ID_ESTAVEL_INDICE_ALTERADO
5341587,"Al Merreikh Port Sudan","Al Merreikh Port Sudan","Al Merreikh Port Sudan","Al Merreikh Port Sudan",1667,1563,-104,0x000E94B1,0x000F0B3D,True,True,True,False,True,True,ID_ESTAVEL_INDICE_ALTERADO
5341592,"Al Ittihad (LBY)","Al Ittihad (LBY)","Al Ittihad (LBY)","Al Ittihad (LBY)",1668,1564,-104,0x000E9579,0x000F0C05,True,True,True,False,True,True,ID_ESTAVEL_INDICE_ALTERADO
5341596,"Al Nassr (LBY)","Al Nassr (LBY)","Al Nassr (LBY)","Al Nassr (LBY)",1669,1565,-104,0x000E962B,0x000F0CB7,True,True,True,False,True,True,ID_ESTAVEL_INDICE_ALTERADO
5341601,"Al Hilal (LBY)","Al Hilal (LBY)","Al Hilal (LBY)","Al Hilal (LBY)",1670,1566,-104,0x000E96EB,0x000F0D77,True,True,True,False,True,True,ID_ESTAVEL_INDICE_ALTERADO
5341651,"Djoliba AC","Djoliba AC","Djoliba AC","Djoliba AC",1671,1567,-104,0x000E97AB,0x000F0E37,True,True,True,False,True,True,ID_ESTAVEL_INDICE_ALTERADO
5341652,"AS Réal de Bamako","AS Réal de Bamako","AS Réal Bamako","AS Réal Bamako",1672,1568,-104,0x000E9879,0x000F0F05,True,True,True,False,True,True,ID_ESTAVEL_INDICE_ALTERADO
5341678,"Etoile du Congo","Etoile du Congo","Etoile du Congo","Etoile du Congo",1673,1569,-104,0x000E9936,0x000F0FC2,True,True,True,False,True,True,ID_ESTAVEL_INDICE_ALTERADO
5341685,"Dynamic Togolais","Dynamic Togolais","Dyto","Dyto",1674,1570,-104,0x000E99D8,0x000F1064,True,True,True,False,True,True,ID_ESTAVEL_INDICE_ALTERADO
5341687,"OC Agaza","OC Agaza","OC Agaza","OC Agaza",1675,1571,-104,0x000E9A72,0x000F10FE,True,True,True,False,True,True,ID_ESTAVEL_INDICE_ALTERADO
5341691,"Tout Puissant Mazembe","Tout Puissant Mazembe","TP Mazembe","TP Mazembe",1676,1572,-104,0x000E9B38,0x000F11C4,True,True,True,False,True,True,ID_ESTAVEL_INDICE_ALTERADO
5341697,"ASFA Yennega","ASFA Yennega","ASFA Yennega","ASFA Yennega",1677,1573,-104,0x000E9BF0,0x000F127C,True,True,True,False,True,True,ID_ESTAVEL_INDICE_ALTERADO
5341706,"Nkana Red Devils FC","Nkana Red Devils FC","Nkana","Nkana",1678,1574,-104,0x000E9CA8,0x000F1334,True,True,True,False,True,True,ID_ESTAVEL_INDICE_ALTERADO
5341707,"Green Buffaloes","Green Buffaloes","Green Buffaloes","Green Buffaloes",1679,1575,-104,0x000E9D6C,0x000F13F8,True,True,True,False,True,True,ID_ESTAVEL_INDICE_ALTERADO
5341711,"Zanaco","Zanaco","Zanaco","Zanaco",1680,1576,-104,0x000E9E0C,0x000F1498,True,True,True,False,True,True,ID_ESTAVEL_INDICE_ALTERADO
5360150,"Nasr Athletic Hussein-Dey","Nasr Athletic Hussein-Dey","NA Hussein-Dey","NA Hussein-Dey",1682,1578,-104,0x000E9FDD,0x000F166C,True,True,True,False,True,True,ID_ESTAVEL_INDICE_ALTERADO
5370001,"Arab Contractors Cairo","Arab Contractors Cairo","Mokawloon","Mokawloon",1683,1579,-104,0x000EA0A3,0x000F1732,True,True,True,False,True,True,ID_ESTAVEL_INDICE_ALTERADO
5370007,"Ghazl Al Mehalla","Ghazl Al Mehalla","Ghazl Al Mehalla","Ghazl Al Mehalla",1684,1580,-104,0x000EA16B,0x000F17FA,True,True,True,False,True,True,ID_ESTAVEL_INDICE_ALTERADO
5380015,"Olympique Club de Khouribga","Olympique Club de Khouribga","OC Khouribga","OC Khouribga",1691,1581,-110,0x000EA695,0x000F18D0,True,True,True,False,True,True,ID_ESTAVEL_INDICE_ALTERADO
5380038,"Inter Clube de Luanda","Inter Clube de Luanda","Inter de Luanda","Inter de Luanda",1692,1582,-110,0x000EA765,0x000F19A0,True,True,True,False,True,True,ID_ESTAVEL_INDICE_ALTERADO
5390013,"Stade Tunisien","Stade Tunisien","Stade Tunisien","Stade Tunisien",1696,1583,-113,0x000EAA5E,0x000F1A67,True,True,True,False,True,True,ID_ESTAVEL_INDICE_ALTERADO
5390016,"Club Athlétique Bizertin","Club Athlétique Bizertin","CA Bizerte","CA Bizerte",1697,1584,-113,0x000EAB2A,0x000F1B33,True,True,True,False,True,True,ID_ESTAVEL_INDICE_ALTERADO
5390055,"Atlético Sport Aviação","Atlético Sport Aviação","Aviação","Aviação",1698,1585,-113,0x000EABEC,0x000F1BF5,True,True,True,False,True,True,ID_ESTAVEL_INDICE_ALTERADO
5390079,"AS Police","AS Police","AS Police","AS Police",1699,1586,-113,0x000EAC8A,0x000F1C93,True,True,True,False,True,True,ID_ESTAVEL_INDICE_ALTERADO
5390080,"DC Motema Pembe","DC Motema Pembe","Motema Pembe","Motema Pembe",1700,1587,-113,0x000EAD3A,0x000F1D43,True,True,True,False,True,True,ID_ESTAVEL_INDICE_ALTERADO
5390081,"FC St. Eloi Lupopo","FC St. Eloi Lupopo","FC Lupopo","FC Lupopo",1701,1588,-113,0x000EADEA,0x000F1DF3,True,True,True,False,True,True,ID_ESTAVEL_INDICE_ALTERADO
5390089,"Hafia FC","Hafia FC","Hafia FC","Hafia FC",1702,1589,-113,0x000EAE84,0x000F1E8D,True,True,True,False,True,True,ID_ESTAVEL_INDICE_ALTERADO
5390107,"Mighty Barolle","Mighty Barolle","Mighty Barolle","Mighty Barolle",1703,1590,-113,0x000EAF44,0x000F1F4D,True,True,True,False,True,True,ID_ESTAVEL_INDICE_ALTERADO
5390115,"DSA Antanarivo","DSA Antanarivo","DSA Antanarivo","DSA Antanarivo",1704,1591,-113,0x000EAFF6,0x000F1FFF,True,True,True,False,True,True,ID_ESTAVEL_INDICE_ALTERADO
5390141,"Maranatha FC","Maranatha FC","Maranatha FC","Maranatha FC",1705,1592,-113,0x000EB0A0,0x000F20A9,True,True,True,False,True,True,ID_ESTAVEL_INDICE_ALTERADO
5390162,"CARA de Brazzaville","CARA de Brazzaville","CARA","CARA",1706,1593,-113,0x000EB14F,0x000F2158,True,True,True,False,True,True,ID_ESTAVEL_INDICE_ALTERADO
5390165,"AS Bilima (COD)","AS Bilima (COD)","AS Bilima (COD)","AS Bilima (COD)",1707,1594,-113,0x000EB205,0x000F220E,True,True,True,False,True,True,ID_ESTAVEL_INDICE_ALTERADO
5390166,"AC Sodigraf","AC Sodigraf","AC Sodigraf","AC Sodigraf",1708,1595,-113,0x000EB2AB,0x000F22B4,True,True,True,False,True,True,ID_ESTAVEL_INDICE_ALTERADO
5410002,"BCC Lions","BCC Lions","BCC Lions","BCC Lions",1712,1596,-116,0x000EB561,0x000F2360,True,True,True,False,True,True,ID_ESTAVEL_INDICE_ALTERADO
5410013,"Ranchers Bees","Ranchers Bees","Rancher Bees","Rancher Bees",1713,1597,-116,0x000EB60D,0x000F240C,True,True,True,False,True,True,ID_ESTAVEL_INDICE_ALTERADO
5410015,"Stationary Stores","Stationary Stores","Stationary Stores","Stationary Stores",1714,1598,-116,0x000EB6E9,0x000F24E8,True,True,True,False,True,True,ID_ESTAVEL_INDICE_ALTERADO
5410568,"FC Gomel","FC Gomel","Gomel","Gomel",1715,1599,-116,0x000EB7AE,0x000F25C5,True,True,True,False,True,True,ID_ESTAVEL_INDICE_ALTERADO
5512110,"Al Ahli (BHR)","Al Ahli (BHR)","Al Ahli (BHR)","Al Ahli (BHR)",1740,1601,-139,0x000ECA27,0x000F271D,True,True,True,False,True,True,ID_ESTAVEL_INDICE_ALTERADO
5512124,"West Riffa","West Riffa","West Riffa","West Riffa",1741,1602,-139,0x000ECAD0,0x000F27C6,True,True,True,False,True,True,ID_ESTAVEL_INDICE_ALTERADO
5512125,"Mohammedan Sporting Club Dhaka","Mohammedan Sporting Club Dhaka","Mohammedan SC (D)","Mohammedan SC (D)",1742,1603,-139,0x000ECBBE,0x000F28B4,True,True,True,False,True,True,ID_ESTAVEL_INDICE_ALTERADO
5512126,"Muktijoddha Sangsad Krira Chakra Dhaka","Muktijoddha Sangsad Krira Chakra Dhaka","Muktijoddha SKC","Muktijoddha SKC",1743,1604,-139,0x000ECCBF,0x000F29B5,True,True,True,False,True,True,ID_ESTAVEL_INDICE_ALTERADO
5512191,"Sepahan Esfahan","Sepahan Esfahan","Sepahan","Sepahan",1744,1605,-139,0x000ECD82,0x000F2A88,True,True,True,False,True,True,ID_ESTAVEL_INDICE_ALTERADO
5512337,"CA Fénix","CA Fénix","Fénix","Fénix",1745,1606,-139,0x000ECE38,0x000F2B2A,True,True,True,False,True,True,ID_ESTAVEL_INDICE_ALTERADO
5602986,"PSV SW Salzburg","PSV SW Salzburg","SW Salzburg","SW Salzburg",1746,1607,-139,0x000ECEE6,0x000F2BD8,True,True,True,False,True,True,ID_ESTAVEL_INDICE_ALTERADO
5621797,"April 25","April 25","April 25","April 25",1747,1609,-138,0x000ECF80,0x000F2D54,True,True,True,False,True,True,ID_ESTAVEL_INDICE_ALTERADO
5621798,"Taj Tehran","Taj Tehran","Taj","Taj",1748,1610,-138,0x000ED014,0x000F2DE8,True,True,True,False,True,True,ID_ESTAVEL_INDICE_ALTERADO
5621978,"Tiga Berlian","Tiga Berlian","Tiga Berlian","Tiga Berlian",1749,1611,-138,0x000ED0BE,0x000F2E92,True,True,True,False,True,True,ID_ESTAVEL_INDICE_ALTERADO
5622879,"Persik Kediri","Persik Kediri","Persik","Persik",1750,1612,-138,0x000ED173,0x000F2F47,True,True,True,False,True,True,ID_ESTAVEL_INDICE_ALTERADO
5622890,"Binh Dinh","Binh Dinh","Binh Dinh","Binh Dinh",1751,1613,-138,0x000ED21F,0x000F2FF3,True,True,True,False,True,True,ID_ESTAVEL_INDICE_ALTERADO
5624425,"Qatar Sports Club","Qatar Sports Club","Qatar SC","Qatar SC",1752,1616,-136,0x000ED2D9,0x000F31F3,True,True,True,False,True,True,ID_ESTAVEL_INDICE_ALTERADO
5626087,"Al Riffa","Al Riffa","Riffa","Riffa",1763,1617,-146,0x000EDB18,0x000F328E,True,True,True,False,True,True,ID_ESTAVEL_INDICE_ALTERADO
5626513,"Island Football Club","Island Football Club","IFC (MDV)","IFC (MDV)",1764,1618,-146,0x000EDBE2,0x000F3358,True,True,True,False,True,True,ID_ESTAVEL_INDICE_ALTERADO
5626771,"Duli Pengiran Muda Mahkota FC","Duli Pengiran Muda Mahkota FC","DPMM","DPMM",1765,1619,-146,0x000EDCAC,0x000F3422,True,True,True,False,True,True,ID_ESTAVEL_INDICE_ALTERADO
5627026,"Hoang Anh Gia Lai","Hoang Anh Gia Lai","Gia Lai","Gia Lai",1766,1620,-146,0x000EDD6B,0x000F34E1,True,True,True,False,True,True,ID_ESTAVEL_INDICE_ALTERADO
5627763,"Al Shabab (IRQ)","Al Shabab (IRQ)","Al Shabab (IRQ)","Al Shabab (IRQ)",1768,1621,-147,0x000EDEC5,0x000F3597,True,True,True,False,True,True,ID_ESTAVEL_INDICE_ALTERADO
5627775,"Olympique Casablanca","Olympique Casablanca","Olympique Casablanca","Olympique Casablanca",1769,1622,-147,0x000EDF8F,0x000F3661,True,True,True,False,True,True,ID_ESTAVEL_INDICE_ALTERADO
5684556,"Olympic Beirut","Olympic Beirut","Olympic Beirut","Olympic Beirut",1772,1625,-147,0x000EE1D0,0x000F38A9,True,True,True,False,True,True,ID_ESTAVEL_INDICE_ALTERADO
5704248,"Yangji","Yangji","Yangji","Yangji",1773,1626,-147,0x000EE262,0x000F393B,True,True,True,False,True,True,ID_ESTAVEL_INDICE_ALTERADO
5720002,"FC Vaduz","FC Vaduz","Vaduz","Vaduz",1775,1627,-148,0x000EE3D8,0x000F3A17,True,True,True,False,True,True,ID_ESTAVEL_INDICE_ALTERADO
5756204,"FK Modrica Maxima","FK Modrica Maxima","Modrica Maxima","Modrica Maxima",1776,1631,-145,0x000EE4A5,0x000F3D6A,True,True,True,False,True,True,ID_ESTAVEL_INDICE_ALTERADO
6000000,"FC Oberneuland","FC Oberneuland","Oberneuland","Oberneuland",1777,1633,-144,0x000EE569,0x000F3F04,True,True,True,False,True,True,ID_ESTAVEL_INDICE_ALTERADO
6000004,"FC Schönberg 95","FC Schönberg 95","Schönberg","Schönberg",1778,1634,-144,0x000EE62B,0x000F3FC6,True,True,True,False,True,True,ID_ESTAVEL_INDICE_ALTERADO
6002479,"SW Bregenz","SW Bregenz","Bregenz","Bregenz",1779,1635,-144,0x000EE6E1,0x000F4084,True,True,True,False,True,True,ID_ESTAVEL_INDICE_ALTERADO
6600031,"Germinal Beerschot Antwerpen","Germinal Beerschot Antwerpen","Germinal Beerschot","Germinal Beerschot",1780,1637,-143,0x000EE813,0x000F4259,True,True,True,False,True,True,ID_ESTAVEL_INDICE_ALTERADO
6706303,"Alicante C.F.","Alicante C.F.","Alicante","Alicante",1781,1638,-143,0x000EE8E9,0x000F432B,True,True,True,False,True,True,ID_ESTAVEL_INDICE_ALTERADO
7600989,"Kénitra Athletic Club","Kénitra Athletic Club","Kénitra AC","Kénitra AC",1783,1643,-140,0x000EEA99,0x000F46F3,True,True,True,False,True,True,ID_ESTAVEL_INDICE_ALTERADO
7601277,"Jeunesse Club d'Abidjan","Jeunesse Club d'Abidjan","JC Abidjan","JC Abidjan",1784,1644,-140,0x000EEB5C,0x000F47B6,True,True,True,False,True,True,ID_ESTAVEL_INDICE_ALTERADO
7860421,"Hapoel Bnei Sakhnin","Hapoel Bnei Sakhnin","Bnei Sakhnin","Bnei Sakhnin",1786,1646,-140,0x000EECFF,0x000F496C,True,True,True,False,True,True,ID_ESTAVEL_INDICE_ALTERADO
8626864,"Cercle Olympique de Bamako","Cercle Olympique de Bamako","CO Bamako","CO Bamako",1791,2087,296,0x000EF06E,0x00108C2B,True,True,True,False,True,True,ID_ESTAVEL_INDICE_ALTERADO
8628354,"Leventis United","Leventis United","Leventis United","Leventis United",1792,2088,296,0x000EF124,0x00108CE1,True,True,True,False,True,True,ID_ESTAVEL_INDICE_ALTERADO
8628355,"AS Sogara","AS Sogara","AS Sogara","AS Sogara",1793,2089,296,0x000EF1C2,0x00108D7F,True,True,True,False,True,True,ID_ESTAVEL_INDICE_ALTERADO
8775012,"Satellite FC (GUI)","Satellite FC (GUI)","Satellite FC (GUI)","Satellite FC (GUI)",1794,2090,296,0x000EF284,0x00108E41,True,True,True,False,True,True,ID_ESTAVEL_INDICE_ALTERADO
