club_database_id,save1_full_name,save2_full_name,save1_short_name,save2_short_name,save1_index,save2_index,index_delta,save1_offset,save2_offset,present_save1,present_save2,database_id_stable,save_index_stable,full_name_equivalent,short_name_equivalent,status
61,"","Sportklub Tirana","","SK Tirana",,1,,,0x0008FA40,False,True,False,False,False,False,APENAS_SAVE_2
62,"","KS Elbasani","","Elbasani",,2,,,0x0008FAEE,False,True,False,False,False,False,APENAS_SAVE_2
63,"","KS Flamurtari Vlorë","","Flamurtari",,3,,,0x0008FBB0,False,True,False,False,False,False,APENAS_SAVE_2
65,"","KS Shkumbini Peqin","","Shkumbini",,4,,,0x0008FC6E,False,True,False,False,False,False,APENAS_SAVE_2
87,"Gimnasia y Esgrima de La Plata","","Gimnasia (LP)","",11,,,0x0008E8E3,,True,False,False,False,False,False,APENAS_SAVE_1
99,"","Ararat Yerevan","","Ararat",,24,,,0x00090FE5,False,True,False,False,False,False,APENAS_SAVE_2
101,"","Kotayk Abovyan","","Kotayk",,25,,,0x00091087,False,True,False,False,False,False,APENAS_SAVE_2
156,"","SK Sturm Graz","","Sturm Graz",,31,,,0x00091646,False,True,False,False,False,False,APENAS_SAVE_2
162,"","FK Turan Tovuz","","Turan Tovuz",,33,,,0x000917D5,False,True,False,False,False,False,APENAS_SAVE_2
184,"","KSV Cercle Brugge","","Cercle Brugge",,36,,,0x00091A9A,False,True,False,False,False,False,APENAS_SAVE_2
188,"","KFC Dessel Sport","","Dessel",,38,,,0x00091CBC,False,True,False,False,False,False,APENAS_SAVE_2
212,"FC Brussels","","ｘɿ堀","",30,,,0x0008FB29,,True,False,False,False,False,False,APENAS_SAVE_1
268,"","K Lierse SK","","Lierse",,46,,,0x00092599,False,True,False,False,False,False,APENAS_SAVE_2
307,"","Neman Grodno","","Neman Grodno",,50,,,0x0009295E,False,True,False,False,False,False,APENAS_SAVE_2
308,"","Torpedo-SKA Minsk","","Torpedo Minsk",,51,,,0x00092A32,False,True,False,False,False,False,APENAS_SAVE_2
317,"CA Bragantino","","Bragantino","",47,,,0x000910B5,,True,False,False,False,False,False,APENAS_SAVE_1
320,"Criciúma EC","","Criciúma","",49,,,0x000916BF,,True,False,False,False,False,False,APENAS_SAVE_1
331,"Paysandu SC","","Paysandu","",60,,,0x00093746,,True,False,False,False,False,False,APENAS_SAVE_1
334,"C Remo","","Remo","",63,,,0x00093F9D,,True,False,False,False,False,False,APENAS_SAVE_1
336,"União São João EC","","União São João","",65,,,0x00094375,,True,False,False,False,False,False,APENAS_SAVE_1
338,"Sport C Recife","","Sport Recife","",67,,,0x00094924,,True,False,False,False,False,False,APENAS_SAVE_1
347,"","Naftex (Burgas)","","Naftex",,76,,,0x00094092,False,True,False,False,False,False,APENAS_SAVE_2
354,"","Pirin (Blagoevgrad)","","Pirin",,80,,,0x0009449F,False,True,False,False,False,False,APENAS_SAVE_2
400,"O'Higgins de Rancagua","","O'Higgins","",78,,,0x0009571F,,True,False,False,False,False,False,APENAS_SAVE_1
409,"Guangzhou Rizhiquan","","Guangzhou","",83,,,0x00095B87,,True,False,False,False,False,False,APENAS_SAVE_1
429,"CCD Tolima","","Tolima","",93,,,0x000963EC,,True,False,False,False,False,False,APENAS_SAVE_1
440,"","NK Osijek","","Osijek",,100,,,0x000955EA,False,True,False,False,False,False,APENAS_SAVE_2
443,"","NK Zadar","","Zadar",,102,,,0x00095786,False,True,False,False,False,False,APENAS_SAVE_2
444,"","NK Zagreb","","Zagreb",,103,,,0x0009586C,False,True,False,False,False,False,APENAS_SAVE_2
447,"","NK Varteks","","Varteks",,104,,,0x0009595E,False,True,False,False,False,False,APENAS_SAVE_2
449,"","AEL Limassol","","AEL",,106,,,0x00095AFA,False,True,False,False,False,False,APENAS_SAVE_2
452,"","Apollon Limassol","","Apollon L.",,109,,,0x00095DB0,False,True,False,False,False,False,APENAS_SAVE_2
457,"","Nea Salamis Famagusta","","Nea Salamina",,111,,,0x00095F59,False,True,False,False,False,False,APENAS_SAVE_2
458,"","Olympiakos Nicosia","","Olympiakos N.",,112,,,0x0009603E,False,True,False,False,False,False,APENAS_SAVE_2
465,"","Brno","","Brno",,114,,,0x000961F6,False,True,False,False,False,False,APENAS_SAVE_2
470,"","Ceske Budejovice","","Ceske",,116,,,0x0009636C,False,True,False,False,False,False,APENAS_SAVE_2
517,"","Herfølge Boldklub","","Herfølge",,126,,,0x00096EE6,False,True,False,False,False,False,APENAS_SAVE_2
551,"","Silkeborg Idrætsforening","","Silkeborg",,129,,,0x0009726D,False,True,False,False,False,False,APENAS_SAVE_2
569,"","Viborg Fodsports Forening","","Viborg",,130,,,0x00097379,False,True,False,False,False,False,APENAS_SAVE_2
573,"","Aldershot Town","","Aldershot",,131,,,0x0009749C,False,True,False,False,False,False,APENAS_SAVE_2
578,"","Guiseley","","Guiseley",,132,,,0x00097550,False,True,False,False,False,False,APENAS_SAVE_2
581,"","Newport County","","Newport Co",,133,,,0x0009763C,False,True,False,False,False,False,APENAS_SAVE_2
585,"","Workington","","Workington",,134,,,0x000976F8,False,True,False,False,False,False,APENAS_SAVE_2
596,"","Shamrock Rovers","","Shamrock Rovers",,137,,,0x00097A06,False,True,False,False,False,False,APENAS_SAVE_2
599,"","Saint Patrick's Athletic","","St. Pat's Athletic",,139,,,0x00097C5C,False,True,False,False,False,False,APENAS_SAVE_2
600,"","AFC Bournemouth","","Bournemouth",,140,,,0x00097F95,False,True,False,False,False,False,APENAS_SAVE_2
601,"","Altrincham","","Altrincham",,141,,,0x00098051,False,True,False,False,False,False,APENAS_SAVE_2
605,"","Barnet","","Barnet",,144,,,0x000988A4,False,True,False,False,False,False,APENAS_SAVE_2
606,"","Barnsley","","Barnsley",,145,,,0x00098BA2,False,True,False,False,False,False,APENAS_SAVE_2
607,"","Barrow","","Barrow",,146,,,0x00098C7E,False,True,False,False,False,False,APENAS_SAVE_2
608,"","Bath City","","Bath",,147,,,0x00098D5B,False,True,False,False,False,False,APENAS_SAVE_2
610,"","Bishop Auckland","","Bishop Auckland",,149,,,0x0009918B,False,True,False,False,False,False,APENAS_SAVE_2
611,"","Bishop's Stortford","","Bishop's Stortford",,150,,,0x00099267,False,True,False,False,False,False,APENAS_SAVE_2
613,"","Blackpool","","Blackpool",,152,,,0x00099928,False,True,False,False,False,False,APENAS_SAVE_2
615,"","Boston United","","Boston Utd",,154,,,0x00099F88,False,True,False,False,False,False,APENAS_SAVE_2
616,"","Bradford City","","Bradford City",,155,,,0x0009A2C4,False,True,False,False,False,False,APENAS_SAVE_2
617,"","Brentford","","Brentford",,156,,,0x0009A61D,False,True,False,False,False,False,APENAS_SAVE_2
618,"","Brighton and Hove Albion","","Brighton",,157,,,0x0009A99D,False,True,False,False,False,False,APENAS_SAVE_2
619,"","Bristol City","","Bristol C",,158,,,0x0009ACD8,False,True,False,False,False,False,APENAS_SAVE_2
620,"","Bristol Rovers","","Bristol Rovers",,159,,,0x0009B015,False,True,False,False,False,False,APENAS_SAVE_2
621,"","Bromsgrove Rovers","","Bromsgrove",,160,,,0x0009B0F3,False,True,False,False,False,False,APENAS_SAVE_2
622,"","Burnley","","Burnley",,161,,,0x0009B46E,False,True,False,False,False,False,APENAS_SAVE_2
623,"","Bury","","Bury",,162,,,0x0009B7B1,False,True,False,False,False,False,APENAS_SAVE_2
625,"","Cardiff City","","Cardiff",,164,,,0x0009BE4E,False,True,False,False,False,False,APENAS_SAVE_2
626,"","Carlisle United","","Carlisle",,165,,,0x0009C015,False,True,False,False,False,False,APENAS_SAVE_2
627,"","Carshalton Athletic","","Carshalton",,166,,,0x0009C0F3,False,True,False,False,False,False,APENAS_SAVE_2
629,"","Chelmsford City","","Chelmsford",,168,,,0x0009C4FA,False,True,False,False,False,False,APENAS_SAVE_2
631,"","Cheltenham Town","","Cheltenham",,170,,,0x0009CC1C,False,True,False,False,False,False,APENAS_SAVE_2
632,"","Chesham United","","Chesham",,171,,,0x0009CCDA,False,True,False,False,False,False,APENAS_SAVE_2
633,"","Chester City","","Chester",,172,,,0x0009D064,False,True,False,False,False,False,APENAS_SAVE_2
634,"","Chesterfield","","Chesterfield",,173,,,0x0009D3A3,False,True,False,False,False,False,APENAS_SAVE_2
635,"","Chorley","","Chorley",,174,,,0x0009D477,False,True,False,False,False,False,APENAS_SAVE_2
636,"","Colchester United","","Colchester",,175,,,0x0009D7BE,False,True,False,False,False,False,APENAS_SAVE_2
637,"","Colwyn Bay","","Colwyn Bay",,176,,,0x0009D876,False,True,False,False,False,False,APENAS_SAVE_2
638,"","Corby Town","","Corby",,177,,,0x0009D924,False,True,False,False,False,False,APENAS_SAVE_2
639,"","Coventry City","","Coventry",,178,,,0x0009DC77,False,True,False,False,False,False,APENAS_SAVE_2
640,"","Crawley Town","","Crawley",,179,,,0x0009DDD7,False,True,False,False,False,False,APENAS_SAVE_2
641,"","Crewe Alexandra","","Crewe",,180,,,0x0009E107,False,True,False,False,False,False,APENAS_SAVE_2
643,"","Dagenham and Redbridge","","Dag & Red",,182,,,0x0009E60A,False,True,False,False,False,False,APENAS_SAVE_2
644,"","Darlington","","Darlington",,183,,,0x0009E984,False,True,False,False,False,False,APENAS_SAVE_2
646,"","Doncaster Rovers","","Doncaster",,185,,,0x0009F06E,False,True,False,False,False,False,APENAS_SAVE_2
647,"","Dover Athletic","","Dover",,186,,,0x0009F150,False,True,False,False,False,False,APENAS_SAVE_2
648,"","Enfield","","Enfield",,187,,,0x0009F203,False,True,False,False,False,False,APENAS_SAVE_2
651,"","Exeter City","","Exeter",,189,,,0x0009F6C5,False,True,False,False,False,False,APENAS_SAVE_2
652,"","Farnborough Town","","Farnborough",,190,,,0x0009F7CD,False,True,False,False,False,False,APENAS_SAVE_2
653,"","Frickley Athletic","","Frickley",,191,,,0x0009F893,False,True,False,False,False,False,APENAS_SAVE_2
655,"","Gateshead","","Gateshead",,193,,,0x0009FCA9,False,True,False,False,False,False,APENAS_SAVE_2
656,"","Gillingham","","Gillingham",,194,,,0x000A0037,False,True,False,False,False,False,APENAS_SAVE_2
657,"","Gloucester City","","Gloucester",,195,,,0x000A0115,False,True,False,False,False,False,APENAS_SAVE_2
658,"","Grimsby Town","","Grimsby",,196,,,0x000A04B3,False,True,False,False,False,False,APENAS_SAVE_2
659,"","Halesowen Town","","Halesowen",,197,,,0x000A0585,False,True,False,False,False,False,APENAS_SAVE_2
660,"","Halifax Town","","Halifax",,198,,,0x000A069F,False,True,False,False,False,False,APENAS_SAVE_2
661,"","Hartlepool United","","Hartlepool",,199,,,0x000A09C3,False,True,False,False,False,False,APENAS_SAVE_2
662,"","Hereford United","","Hereford",,200,,,0x000A0B0C,False,True,False,False,False,False,APENAS_SAVE_2
663,"","Hitchin Town","","Hitchin",,201,,,0x000A0BD6,False,True,False,False,False,False,APENAS_SAVE_2
664,"","Huddersfield Town","","Huddersfield",,202,,,0x000A0F02,False,True,False,False,False,False,APENAS_SAVE_2
665,"","Hull City","","Hull",,203,,,0x000A121A,False,True,False,False,False,False,APENAS_SAVE_2
666,"","Hyde United","","Hyde",,204,,,0x000A12CC,False,True,False,False,False,False,APENAS_SAVE_2
668,"","Kettering Town","","Kettering",,206,,,0x000A171D,False,True,False,False,False,False,APENAS_SAVE_2
669,"","Kidderminster Harriers","","Kidderminster",,207,,,0x000A1A4C,False,True,False,False,False,False,APENAS_SAVE_2
670,"","Kingstonian","","Kingstonian",,208,,,0x000A1B28,False,True,False,False,False,False,APENAS_SAVE_2
672,"","Leek Town","","Leek Town",,210,,,0x000A1F43,False,True,False,False,False,False,APENAS_SAVE_2
673,"","Leicester City","","Leicester",,211,,,0x000A22C8,False,True,False,False,False,False,APENAS_SAVE_2
674,"","Leyton Orient","","Leyton Orient",,212,,,0x000A2612,False,True,False,False,False,False,APENAS_SAVE_2
675,"","Lincoln City","","Lincoln",,213,,,0x000A299F,False,True,False,False,False,False,APENAS_SAVE_2
677,"","Luton Town","","Luton",,215,,,0x000A3001,False,True,False,False,False,False,APENAS_SAVE_2
678,"","Macclesfield Town","","Macclesfield",,216,,,0x000A33BE,False,True,False,False,False,False,APENAS_SAVE_2
681,"","Mansfield Town","","Mansfield",,219,,,0x000A3E40,False,True,False,False,False,False,APENAS_SAVE_2
682,"","Marine","","Marine",,220,,,0x000A3F01,False,True,False,False,False,False,APENAS_SAVE_2
683,"","Marlow","","Marlow",,221,,,0x000A3FA9,False,True,False,False,False,False,APENAS_SAVE_2
684,"","Merthyr Tydfil","","Merthyr Tydfil",,222,,,0x000A4089,False,True,False,False,False,False,APENAS_SAVE_2
687,"","Morecambe","","Morecambe",,225,,,0x000A4898,False,True,False,False,False,False,APENAS_SAVE_2
689,"","Northampton Town","","Northampton",,227,,,0x000A4F9C,False,True,False,False,False,False,APENAS_SAVE_2
690,"","Northwich Victoria","","Northwich",,228,,,0x000A50E0,False,True,False,False,False,False,APENAS_SAVE_2
693,"","Notts County","","Notts Co",,231,,,0x000A5AEA,False,True,False,False,False,False,APENAS_SAVE_2
694,"","Oldham Athletic","","Oldham",,232,,,0x000A5E60,False,True,False,False,False,False,APENAS_SAVE_2
695,"","Oxford United","","Oxford",,233,,,0x000A61A6,False,True,False,False,False,False,APENAS_SAVE_2
696,"","Peterborough United","","Peterborough",,234,,,0x000A64FA,False,True,False,False,False,False,APENAS_SAVE_2
697,"","Plymouth Argyle","","Plymouth",,235,,,0x000A683A,False,True,False,False,False,False,APENAS_SAVE_2
698,"","Port Vale","","Port Vale",,236,,,0x000A6B48,False,True,False,False,False,False,APENAS_SAVE_2
700,"","Preston North End","","Preston",,238,,,0x000A71A6,False,True,False,False,False,False,APENAS_SAVE_2
701,"","Queens Park Rangers","","Q.P.R.",,239,,,0x000A755D,False,True,False,False,False,False,APENAS_SAVE_2
702,"","Reading","","Reading",,240,,,0x000A78CF,False,True,False,False,False,False,APENAS_SAVE_2
703,"","Rochdale","","Rochdale",,241,,,0x000A7C05,False,True,False,False,False,False,APENAS_SAVE_2
704,"","Rotherham United","","Rotherham",,242,,,0x000A7F2A,False,True,False,False,False,False,APENAS_SAVE_2
705,"","Runcorn FC Halton","","Runcorn FC Halton",,243,,,0x000A801A,False,True,False,False,False,False,APENAS_SAVE_2
706,"","Scarborough","","Scarborough",,244,,,0x000A8169,False,True,False,False,False,False,APENAS_SAVE_2
707,"","Scunthorpe United","","Scunthorpe",,245,,,0x000A8495,False,True,False,False,False,False,APENAS_SAVE_2
708,"","Sheffield United","","Sheff Utd",,246,,,0x000A87E0,False,True,False,False,False,False,APENAS_SAVE_2
709,"","Sheffield Wednesday","","Sheff Wed",,247,,,0x000A8B2A,False,True,False,False,False,False,APENAS_SAVE_2
710,"","Shrewsbury Town","","Shrewsbury",,248,,,0x000A8E32,False,True,False,False,False,False,APENAS_SAVE_2
711,"","Sittingbourne","","Sittingbourne",,249,,,0x000A8EF6,False,True,False,False,False,False,APENAS_SAVE_2
712,"","Slough Town","","Slough",,250,,,0x000A8FAC,False,True,False,False,False,False,APENAS_SAVE_2
714,"","Southend United","","Southend",,252,,,0x000A95B7,False,True,False,False,False,False,APENAS_SAVE_2
715,"","Southport","","Southport",,253,,,0x000A96A2,False,True,False,False,False,False,APENAS_SAVE_2
716,"","St. Albans City","","St. Albans",,254,,,0x000A9768,False,True,False,False,False,False,APENAS_SAVE_2
717,"","Stafford Rangers","","Stafford Rangers",,255,,,0x000A988C,False,True,False,False,False,False,APENAS_SAVE_2
718,"","Stalybridge Celtic","","Stalybridge",,256,,,0x000A9994,False,True,False,False,False,False,APENAS_SAVE_2
719,"","Stevenage Borough","","Stevenage",,257,,,0x000A9AF3,False,True,False,False,False,False,APENAS_SAVE_2
720,"","Stockport County","","Stockport",,258,,,0x000A9E4E,False,True,False,False,False,False,APENAS_SAVE_2
721,"","Stoke City","","Stoke",,259,,,0x000AA1F1,False,True,False,False,False,False,APENAS_SAVE_2
722,"","Sunderland","","Sunderland",,260,,,0x000AA50B,False,True,False,False,False,False,APENAS_SAVE_2
723,"","Sutton United","","Sutton Utd",,261,,,0x000AA5F5,False,True,False,False,False,False,APENAS_SAVE_2
724,"","Swansea City","","Swansea",,262,,,0x000AA942,False,True,False,False,False,False,APENAS_SAVE_2
725,"","Swindon Town","","Swindon",,263,,,0x000AAC7B,False,True,False,False,False,False,APENAS_SAVE_2
726,"","Telford United","","Telford",,264,,,0x000AADB5,False,True,False,False,False,False,APENAS_SAVE_2
727,"","Torquay United","","Torquay",,265,,,0x000AB108,False,True,False,False,False,False,APENAS_SAVE_2
729,"","Tranmere Rovers","","Tranmere",,267,,,0x000AB844,False,True,False,False,False,False,APENAS_SAVE_2
731,"","Walsall","","Walsall",,268,,,0x000ABB57,False,True,False,False,False,False,APENAS_SAVE_2
732,"","Watford","","Watford",,269,,,0x000ABE6F,False,True,False,False,False,False,APENAS_SAVE_2
733,"","Welling United","","Welling",,270,,,0x000ABF31,False,True,False,False,False,False,APENAS_SAVE_2
736,"","Whitley Bay","","Whitley Bay",,273,,,0x000AC6AB,False,True,False,False,False,False,APENAS_SAVE_2
738,"","Wimbledon","","Wimbledon",,275,,,0x000ACAB6,False,True,False,False,False,False,APENAS_SAVE_2
739,"","Woking","","Woking",,276,,,0x000ACB84,False,True,False,False,False,False,APENAS_SAVE_2
741,"","Wrexham","","Wrexham",,278,,,0x000AD23D,False,True,False,False,False,False,APENAS_SAVE_2
742,"","Wycombe Wanderers","","Wycombe",,279,,,0x000AD590,False,True,False,False,False,False,APENAS_SAVE_2
743,"","Yeovil Town","","Yeovil",,280,,,0x000AD888,False,True,False,False,False,False,APENAS_SAVE_2
744,"","York City","","York",,281,,,0x000ADA08,False,True,False,False,False,False,APENAS_SAVE_2
804,"","Gøtu Ítróttarfelag","","GÍ",,285,,,0x000ADD72,False,True,False,False,False,False,APENAS_SAVE_2
806,"","Klaksvíkar Ítróttarfelag","","KÍ",,287,,,0x000ADF20,False,True,False,False,False,False,APENAS_SAVE_2
808,"","Tvøroyrar Bóltfelag","","TB",,288,,,0x000ADFCB,False,True,False,False,False,False,APENAS_SAVE_2
813,"","FF Jaro","","Jaro",,291,,,0x000AE22A,False,True,False,False,False,False,APENAS_SAVE_2
818,"","Kuopion Palloseura","","KuPS",,294,,,0x000AE50A,False,True,False,False,False,False,APENAS_SAVE_2
822,"","FC TPS Turku","","TPS",,296,,,0x000AE6C8,False,True,False,False,False,False,APENAS_SAVE_2
854,"","Istres","","Istres",,302,,,0x000AEDC6,False,True,False,False,False,False,APENAS_SAVE_2
859,"","Montpellier","","Montpellier",,306,,,0x000AF19F,False,True,False,False,False,False,APENAS_SAVE_2
877,"","Caen","","Caen",,314,,,0x000AFA3B,False,True,False,False,False,False,APENAS_SAVE_2
880,"Sedan","","Sedan","",170,,,0x0009B228,,True,False,False,False,False,False,APENAS_SAVE_1
891,"","Dinamo Batumi","","Din.Batumi",,317,,,0x000AFC7D,False,True,False,False,False,False,APENAS_SAVE_2
894,"","Kolkheti 1913 Poti","","Kolkheti Poti",,319,,,0x000AFE26,False,True,False,False,False,False,APENAS_SAVE_2
898,"","Torpedo Kutaisi","","Kutaisi",,320,,,0x000AFF01,False,True,False,False,False,False,APENAS_SAVE_2
911,"","1.FC Dynamo Dresden","","Dynamo Dresden",,328,,,0x000B0966,False,True,False,False,False,False,APENAS_SAVE_2
913,"","SV Eintracht Trier 05","","Trier",,330,,,0x000B0B37,False,True,False,False,False,False,APENAS_SAVE_2
931,"","Karlsruher SC","","Karlsruhe",,338,,,0x000B14D7,False,True,False,False,False,False,APENAS_SAVE_2
933,"","MSV Duisburg","","Duisburg",,340,,,0x000B16A6,False,True,False,False,False,False,APENAS_SAVE_2
958,"","SpVgg Unterhaching","","Unterhaching",,349,,,0x000B20D0,False,True,False,False,False,False,APENAS_SAVE_2
969,"","AS Aris Salonika","","Aris",,354,,,0x000B26AF,False,True,False,False,False,False,APENAS_SAVE_2
976,"","GS Iraklis Salonika","","Iraklis",,355,,,0x000B27DD,False,True,False,False,False,False,APENAS_SAVE_2
980,"","OFI Crete","","OFI",,356,,,0x000B28EF,False,True,False,False,False,False,APENAS_SAVE_2
985,"","AO Skoda Xanthi","","Xanthi",,361,,,0x000B2EF8,False,True,False,False,False,False,APENAS_SAVE_2
986,"","NV ADO Den Haag","","Den Haag",,362,,,0x000B2FDE,False,True,False,False,False,False,APENAS_SAVE_2
1031,"RBC Roosendaal","","RBC","",218,,,0x0009E046,,True,False,False,False,False,False,APENAS_SAVE_1
1047,"","Willem II Tilburg","","Willem II",,380,,,0x000B3FFD,False,True,False,False,False,False,APENAS_SAVE_2
1050,"","Békéscsabai Előre FC","","Békéscsaba",,381,,,0x000B40C1,False,True,False,False,False,False,APENAS_SAVE_2
1054,"","Győri ETO FC","","Győr",,383,,,0x000B4262,False,True,False,False,False,False,APENAS_SAVE_2
1066,"","Budapesti Vasas SC","","Vasas",,389,,,0x000B4809,False,True,False,False,False,False,APENAS_SAVE_2
1071,"","Fram (ISL)","","",,392,,,0x000B4A75,False,True,False,False,False,False,APENAS_SAVE_2
1073,"","Keflavík","","Keflavík",,394,,,0x000B4C0A,False,True,False,False,False,False,APENAS_SAVE_2
1074,"","Íþróttabandalag Vestmannaeyja","","ÍBV",,395,,,0x000B4D01,False,True,False,False,False,False,APENAS_SAVE_2
1080,"","Valur","","Valur",,397,,,0x000B4EA8,False,True,False,False,False,False,APENAS_SAVE_2
1083,"","Beitar Jerusalém","","B. Jerusalem",,398,,,0x000B4FAE,False,True,False,False,False,False,APENAS_SAVE_2
1087,"","H. Haifa","","ｰſ",,400,,,0x000B5178,False,True,False,False,False,False,APENAS_SAVE_2
1089,"","Hapoel Petach-Tikva","","Hapoel Petach",,401,,,0x000B5248,False,True,False,False,False,False,APENAS_SAVE_2
1091,"","Sport Club Ashdod","","S.C. Ashdod",,403,,,0x000B5422,False,True,False,False,False,False,APENAS_SAVE_2
1158,"Pescara","","Pescara","",259,,,0x000A0708,,True,False,False,False,False,False,APENAS_SAVE_1
1159,"","Piacenza","","Piacenza",,427,,,0x000B6D82,False,True,False,False,False,False,APENAS_SAVE_2
1206,"","FC Balzers","","Balzers",,443,,,0x000B7A8A,False,True,False,False,False,False,APENAS_SAVE_2
1207,"","FC Schaan","","Schaan",,444,,,0x000B7B22,False,True,False,False,False,False,APENAS_SAVE_2
1208,"","FC Triesenberg","","Triesenberg",,445,,,0x000B7BD5,False,True,False,False,False,False,APENAS_SAVE_2
1210,"","FC Triesenberg","","Triesenberg",,446,,,0x000B7C92,False,True,False,False,False,False,APENAS_SAVE_2
1219,"","Zalgiris Il","","Zalgiris Il",,450,,,0x000B8015,False,True,False,False,False,False,APENAS_SAVE_2
1221,"","Avenir Beggen","","Avenir Beggen",,451,,,0x000B80F0,False,True,False,False,False,False,APENAS_SAVE_2
1223,"","CS Pétange","","Pétange",,453,,,0x000B8277,False,True,False,False,False,False,APENAS_SAVE_2
1225,"","FC Wiltz 71","","Wiltz",,455,,,0x000B83FA,False,True,False,False,False,False,APENAS_SAVE_2
1228,"","Red Boys Differdange","","Red Boys",,457,,,0x000B85BD,False,True,False,False,False,False,APENAS_SAVE_2
1229,"","Spora Luxembourg","","Spora",,458,,,0x000B866F,False,True,False,False,False,False,APENAS_SAVE_2
1230,"","Swift Hesperange","","Swift",,459,,,0x000B8721,False,True,False,False,False,False,APENAS_SAVE_2
1231,"","US Luxembourg","","Union (LUX)",,460,,,0x000B87D9,False,True,False,False,False,False,APENAS_SAVE_2
1241,"","Floriana","","Floriana",,466,,,0x000B8D4C,False,True,False,False,False,False,APENAS_SAVE_2
1242,"","Hamrun Spartans","","Hamrun Spartans",,467,,,0x000B8E18,False,True,False,False,False,False,APENAS_SAVE_2
1244,"","Naxxar Lions","","Naxxar Lions",,469,,,0x000B8FA7,False,True,False,False,False,False,APENAS_SAVE_2
1245,"","Pieta' Hotspurs","","Pieta' H",,470,,,0x000B905D,False,True,False,False,False,False,APENAS_SAVE_2
1246,"","Rabat Ajax","","Rabat Ajax",,471,,,0x000B910D,False,True,False,False,False,False,APENAS_SAVE_2
1250,"","Valletta","","Valletta",,473,,,0x000B92EB,False,True,False,False,False,False,APENAS_SAVE_2
1265,"","Olimpia Balti","","Olimpia Balti",,482,,,0x000B9B92,False,True,False,False,False,False,APENAS_SAVE_2
1276,"","Carrick Rangers","","Carrick",,486,,,0x000B9EFC,False,True,False,False,False,False,APENAS_SAVE_2
1277,"","Cliftonville","","Cliftonville",,487,,,0x000B9FD8,False,True,False,False,False,False,APENAS_SAVE_2
1278,"","Coleraine","","Coleraine",,488,,,0x000BA0AB,False,True,False,False,False,False,APENAS_SAVE_2
1279,"","Crusaders","","Crusaders",,489,,,0x000BA17A,False,True,False,False,False,False,APENAS_SAVE_2
1280,"","Lisburn Distillery","","Distillery",,490,,,0x000BA245,False,True,False,False,False,False,APENAS_SAVE_2
1281,"","Glenavon","","Glenavon",,491,,,0x000BA314,False,True,False,False,False,False,APENAS_SAVE_2
1312,"","Fredrikstad FK","","Fredrikstad",,496,,,0x000BA7C7,False,True,False,False,False,False,APENAS_SAVE_2
1378,"","SK Brann","","Brann",,502,,,0x000BAD4F,False,True,False,False,False,False,APENAS_SAVE_2
1397,"","IK Start","","Start",,504,,,0x000BAEF9,False,True,False,False,False,False,APENAS_SAVE_2
1446,"C Deportivo Municipal","","Deportivo Municipal","",312,,,0x000A358D,,True,False,False,False,False,False,APENAS_SAVE_1
1458,"","Wisla Plock","","Wisla Plock",,513,,,0x000BB708,False,True,False,False,False,False,APENAS_SAVE_2
1459,"","Pogon Szczecin","","Pogon",,514,,,0x000BB7ED,False,True,False,False,False,False,APENAS_SAVE_2
1466,"","Groclin Grodzisk","","Groclin",,515,,,0x000BB8DA,False,True,False,False,False,False,APENAS_SAVE_2
1468,"","Widzew Lodz","","Widzew",,516,,,0x000BB9BA,False,True,False,False,False,False,APENAS_SAVE_2
1469,"","Zaglebie Lubin","","Zaglebie",,517,,,0x000BBA6E,False,True,False,False,False,False,APENAS_SAVE_2
1475,"Clube Futebol União Madeira","","U. Madeira","",320,,,0x000A3CFE,,True,False,False,False,False,False,APENAS_SAVE_1
1477,"Penafiel","","XȀ䡀","",322,,,0x000A3EE3,,True,False,False,False,False,False,APENAS_SAVE_1
1481,"Gil Vicente Futebol Clube","","Gil Vicente","",324,,,0x000A40E8,,True,False,False,False,False,False,APENAS_SAVE_1
1484,"","Sport Clube Beira-Mar","","Beira-Mar",,522,,,0x000BBFC4,False,True,False,False,False,False,APENAS_SAVE_2
1502,"","FC Arges Pitesti","","FC Arges",,530,,,0x000BC843,False,True,False,False,False,False,APENAS_SAVE_2
1503,"","FC Brasov","","FC Brasov",,531,,,0x000BC93A,False,True,False,False,False,False,APENAS_SAVE_2
1504,"","FC Farul Constanta","","Farul",,532,,,0x000BCA18,False,True,False,False,False,False,APENAS_SAVE_2
1509,"","FC National Bucareste","","FC National",,535,,,0x000BCD14,False,True,False,False,False,False,APENAS_SAVE_2
1510,"","Rapid Bucareste","","Rapid",,536,,,0x000BCE36,False,True,False,False,False,False,APENAS_SAVE_2
1516,"","Universidade Craiova","","U Craiova",,538,,,0x000BD065,False,True,False,False,False,False,APENAS_SAVE_2
1548,"","Clyde","","Clyde",,549,,,0x000BDCDE,False,True,False,False,False,False,APENAS_SAVE_2
1555,"","Dundee","","Dundee",,550,,,0x000BDDCD,False,True,False,False,False,False,APENAS_SAVE_2
1580,"","Kilmarnock","","Kilmarnock",,557,,,0x000BE55B,False,True,False,False,False,False,APENAS_SAVE_2
1581,"","Livingston","","Livingston",,558,,,0x000BE649,False,True,False,False,False,False,APENAS_SAVE_2
1584,"","Motherwell","","Motherwell",,559,,,0x000BE760,False,True,False,False,False,False,APENAS_SAVE_2
1586,"","Partick Thistle","","Partick",,560,,,0x000BE844,False,True,False,False,False,False,APENAS_SAVE_2
1591,"","Queen's Park","","Queen's Park",,561,,,0x000BE90C,False,True,False,False,False,False,APENAS_SAVE_2
1609,"","Tampines Rovers","","Tampines",,564,,,0x000BEB68,False,True,False,False,False,False,APENAS_SAVE_2
1617,"","Inter Bratislava","","Inter Bratislava",,566,,,0x000BED64,False,True,False,False,False,False,APENAS_SAVE_2
1625,"","NK Ljubljana","","Ljubljana",,570,,,0x000BF0DA,False,True,False,False,False,False,APENAS_SAVE_2
1630,"","NK Mura","","Mura",,573,,,0x000BF35E,False,True,False,False,False,False,APENAS_SAVE_2
1632,"","FC Koper","","Koper",,574,,,0x000BF428,False,True,False,False,False,False,APENAS_SAVE_2
1729,"Rayo Vallecano de Madrid SAD","","Rayo Vallecano","",386,,,0x000A7E1C,,True,False,False,False,False,False,APENAS_SAVE_1
1780,"","AIK","","AIK",,617,,,0x000C1F50,False,True,False,False,False,False,APENAS_SAVE_2
1783,"","BK Häcken","","Häcken",,618,,,0x000C2006,False,True,False,False,False,False,APENAS_SAVE_2
1791,"","GIF Sundsvall","","GIF Sundsvall",,620,,,0x000C21C3,False,True,False,False,False,False,APENAS_SAVE_2
1798,"","Helsingborgs IF","","Helsingborg",,623,,,0x000C2481,False,True,False,False,False,False,APENAS_SAVE_2
1806,"IFK Norrköping","","Norrköping","",407,,,0x000A9280,,True,False,False,False,False,False,APENAS_SAVE_1
1809,"Kalmar FF","","Kalmar FF","",408,,,0x000A932C,,True,False,False,False,False,False,APENAS_SAVE_1
1811,"","Landskrona BoIS","","Landskrona",,626,,,0x000C2736,False,True,False,False,False,False,APENAS_SAVE_2
1839,"","Västerås SK","","Västerås SK",,628,,,0x000C28D8,False,True,False,False,False,False,APENAS_SAVE_2
1853,"","FC St. Gallen","","St. Gallen",,635,,,0x000C2EF9,False,True,False,False,False,False,APENAS_SAVE_2
1857,"","Neuchâtel Xamax FC","","Neuchâtel Xamax",,638,,,0x000C31DE,False,True,False,False,False,False,APENAS_SAVE_2
1864,"","MKE Ankaragücü","","Ankaragücü",,641,,,0x000C34B2,False,True,False,False,False,False,APENAS_SAVE_2
1867,"","Bursaspor","","Bursaspor",,643,,,0x000C3670,False,True,False,False,False,False,APENAS_SAVE_2
1868,"","Denizlispor","","Denizlispor",,644,,,0x000C3752,False,True,False,False,False,False,APENAS_SAVE_2
1872,"","Gaziantepspor","","G. Antepspor",,647,,,0x000C3AAC,False,True,False,False,False,False,APENAS_SAVE_2
1876,"","Kocaelispor","","Kocaelispor",,650,,,0x000C3D30,False,True,False,False,False,False,APENAS_SAVE_2
1878,"Samsunspor","","Samsunspor","",425,,,0x000AA22C,,True,False,False,False,False,False,APENAS_SAVE_1
1883,"","CSKA-Borysfen Kiev","","CSKA",,652,,,0x000C3EF5,False,True,False,False,False,False,APENAS_SAVE_2
1884,"","Chornomorets Odesa","","Chornomorets",,653,,,0x000C3FE8,False,True,False,False,False,False,APENAS_SAVE_2
1887,"","Karpaty Lviv","","Karpaty",,656,,,0x000C430C,False,True,False,False,False,False,APENAS_SAVE_2
1892,"","Nyva Vinnytsya","","Nyva Vinnytsya",,658,,,0x000C44B8,False,True,False,False,False,False,APENAS_SAVE_2
1903,"Colorado Rapids","","Colorado","",432,,,0x000AA8EB,,True,False,False,False,False,False,APENAS_SAVE_1
1904,"Columbus Crew","","Columbus","",433,,,0x000AA9DD,,True,False,False,False,False,False,APENAS_SAVE_1
1905,"FC Dallas","","FC Dallas","",434,,,0x000AAAC1,,True,False,False,False,False,False,APENAS_SAVE_1
1906,"Kansas City Wizards","","Kansas City","",435,,,0x000AABC3,,True,False,False,False,False,False,APENAS_SAVE_1
1915,"CA Bella Vista","","Bella Vista","",440,,,0x000AB086,,True,False,False,False,False,False,APENAS_SAVE_1
1916,"Central Espanhol","","Central Español","",441,,,0x000AB14C,,True,False,False,False,False,False,APENAS_SAVE_1
1917,"CA Cerro","","Cerro","",442,,,0x000AB1EE,,True,False,False,False,False,False,APENAS_SAVE_1
1920,"Liverpool (URU)","","","",445,,,0x000AB43D,,True,False,False,False,False,False,APENAS_SAVE_1
1929,"","Bangor City","","Bangor City",,671,,,0x000C5058,False,True,False,False,False,False,APENAS_SAVE_2
1930,"","Barry Town","","Barry",,672,,,0x000C5145,False,True,False,False,False,False,APENAS_SAVE_2
1934,"","Cwmbran Town","","Cwmbran",,673,,,0x000C5222,False,True,False,False,False,False,APENAS_SAVE_2
1939,"","Llanelli AFC","","Llanelli",,674,,,0x000C52E2,False,True,False,False,False,False,APENAS_SAVE_2
1943,"","Newtown AFC","","Newtown",,676,,,0x000C54E1,False,True,False,False,False,False,APENAS_SAVE_2
1949,"","FK Zemun","","Zemun",,678,,,0x000C5695,False,True,False,False,False,False,APENAS_SAVE_2
1957,"","FK Vojvodina Novi Sad","","Vojvodina",,682,,,0x000C5B5A,False,True,False,False,False,False,APENAS_SAVE_2
2005,"","Lorient","","Lorient",,683,,,0x000C5C55,False,True,False,False,False,False,APENAS_SAVE_2
2175,"","Ljungskile SK","","Ljungskile",,688,,,0x000C60B2,False,True,False,False,False,False,APENAS_SAVE_2
2240,"","FC Energie Cottbus","","Cottbus",,696,,,0x000C679A,False,True,False,False,False,False,APENAS_SAVE_2
2244,"","FC Rot-Weiss Erfurt","","Erfurt",,697,,,0x000C686A,False,True,False,False,False,False,APENAS_SAVE_2
2249,"","SC Rot-Weiss Essen","","RW Essen",,699,,,0x000C6A99,False,True,False,False,False,False,APENAS_SAVE_2
2251,"","Rot-Weiß Oberhausen","","Oberhausen",,700,,,0x000C6B80,False,True,False,False,False,False,APENAS_SAVE_2
2253,"","SpVgg Greuther Fürth","","Greuther Fürth",,701,,,0x000C6C62,False,True,False,False,False,False,APENAS_SAVE_2
2313,"","Richmond","","Richmond",,702,,,0x000C6D16,False,True,False,False,False,False,APENAS_SAVE_2
2315,"","Seattle","","Seattle",,703,,,0x000C6DCC,False,True,False,False,False,False,APENAS_SAVE_2
2378,"VVOG","","VVOG","",467,,,0x000AC77F,,True,False,False,False,False,False,APENAS_SAVE_1
2389,"Moreirense Futebol Clube","","Moreirense","",468,,,0x000AC86F,,True,False,False,False,False,False,APENAS_SAVE_1
2393,"Associação Académica de Coimbra","","Académica","",469,,,0x000AC95C,,True,False,False,False,False,False,APENAS_SAVE_1
2415,"Associação Naval 1º de Maio","","Naval","",470,,,0x000ACA40,,True,False,False,False,False,False,APENAS_SAVE_1
2436,"Clube Desportivo Olivais e Moscavide","","O. Moscavide","",472,,,0x000ACC54,,True,False,False,False,False,False,APENAS_SAVE_1
2445,"Sporting Clube Olhanense","","Olhanense","",473,,,0x000ACD2A,,True,False,False,False,False,False,APENAS_SAVE_1
100349,"","Wanderers FC","","Wanderers FC",,705,,,0x000C6F99,False,True,False,False,False,False,APENAS_SAVE_2
100351,"","Oxford University","","Oxford University",,706,,,0x000C7057,False,True,False,False,False,False,APENAS_SAVE_2
100352,"","Old Etonians","","Old Etonians",,707,,,0x000C7101,False,True,False,False,False,False,APENAS_SAVE_2
100353,"","Clapham Rovers","","Clapham Rovers",,708,,,0x000C71B3,False,True,False,False,False,False,APENAS_SAVE_2
100354,"","Old Carthusians","","Old Carthusians",,709,,,0x000C7269,False,True,False,False,False,False,APENAS_SAVE_2
100355,"","Blackburn Olympic","","Blackburn Olympic",,710,,,0x000C7327,False,True,False,False,False,False,APENAS_SAVE_2
102476,"","Arsenal de Sarandí","","Arsenal de Sarandí",,733,,,0x000C852F,False,True,False,False,False,False,APENAS_SAVE_2
102555,"Goiás EC","","Goiás","",498,,,0x000AE2AC,,True,False,False,False,False,False,APENAS_SAVE_1
104361,"CPFD Concepción","","Concepción","",518,,,0x000AF1E1,,True,False,False,False,False,False,APENAS_SAVE_1
104362,"CD Huachipato","","Huachipato","",519,,,0x000AF29F,,True,False,False,False,False,False,APENAS_SAVE_1
104388,"Club Jaguares de Chiapas","","Jaguares","",520,,,0x000AF376,,True,False,False,False,False,False,APENAS_SAVE_1
104648,"","Small Heath","","Small Heath",,756,,,0x000C96D4,False,True,False,False,False,False,APENAS_SAVE_2
104650,"","Newton Heath","","Newton Heath",,757,,,0x000C977E,False,True,False,False,False,False,APENAS_SAVE_2
104651,"","The Wednesday","","The Wednesday",,758,,,0x000C982C,False,True,False,False,False,False,APENAS_SAVE_2
104652,"","Woolwich Albion","","Woolwich Albion",,759,,,0x000C98E2,False,True,False,False,False,False,APENAS_SAVE_2
104653,"","Glossop North End","","Glossop",,760,,,0x000C99A2,False,True,False,False,False,False,APENAS_SAVE_2
104749,"Ceará SC","","Ceará","",522,,,0x000AF6FF,,True,False,False,False,False,False,APENAS_SAVE_1
104750,"Fortaleza EC","","Fortaleza","",523,,,0x000AF9BC,,True,False,False,False,False,False,APENAS_SAVE_1
104775,"Bangu AC","","Bangu","",524,,,0x000AFAA6,,True,False,False,False,False,False,APENAS_SAVE_1
104868,"Rio Branco FC (AC)","","Rio Branco (AC)","",526,,,0x000AFE93,,True,False,False,False,False,False,APENAS_SAVE_1
104870,"Olaria AC","","Olaria","",527,,,0x000AFF71,,True,False,False,False,False,False,APENAS_SAVE_1
104872,"São Paulo Athletic","","São Paulo Athletic","",528,,,0x000B0033,,True,False,False,False,False,False,APENAS_SAVE_1
104873,"Paulistano","","Paulistano","",529,,,0x000B00D5,,True,False,False,False,False,False,APENAS_SAVE_1
104874,"Independência FC","","Independência","",530,,,0x000B01DB,,True,False,False,False,False,False,APENAS_SAVE_1
104884,"Internacional São Paulo","","Internacional São Paulo","",531,,,0x000B02B1,,True,False,False,False,False,False,APENAS_SAVE_1
104885,"Germânia","","Germânia","",532,,,0x000B034B,,True,False,False,False,False,False,APENAS_SAVE_1
104887,"Americano FC (RJ)","","Americano (RJ)","",533,,,0x000B0455,,True,False,False,False,False,False,APENAS_SAVE_1
104975,"Desportiva Capixaba","","Desportiva","",534,,,0x000B0553,,True,False,False,False,False,False,APENAS_SAVE_1
104978,"EC XV de Novembro","","XV de Piracicaba","",535,,,0x000B0659,,True,False,False,False,False,False,APENAS_SAVE_1
104979,"AA Internacional","","Inter de Limeira","",536,,,0x000B0759,,True,False,False,False,False,False,APENAS_SAVE_1
104982,"AD Vasco da Gama","","Vasco (AC)","",537,,,0x000B0859,,True,False,False,False,False,False,APENAS_SAVE_1
104988,"Ypiranga (AP)","","","",538,,,0x000B094F,,True,False,False,False,False,False,APENAS_SAVE_1
105989,"Cavalier FC","","Cavalier FC","",541,,,0x000B0B5F,,True,False,False,False,False,False,APENAS_SAVE_1
105990,"Tivoli Gardens","","Tivoli Gardens","",542,,,0x000B0C18,,True,False,False,False,False,False,APENAS_SAVE_1
105991,"Boys Town","","Boys Town","",543,,,0x000B0CB6,,True,False,False,False,False,False,APENAS_SAVE_1
105992,"Waddadah","","Waddadah","",544,,,0x000B0D57,,True,False,False,False,False,False,APENAS_SAVE_1
105993,"Seba United","","Seba United","",545,,,0x000B0DFD,,True,False,False,False,False,False,APENAS_SAVE_1
105994,"Reno","","Reno","",546,,,0x000B0E87,,True,False,False,False,False,False,APENAS_SAVE_1
105995,"Hazard County","","Hazard County","",547,,,0x000B0F35,,True,False,False,False,False,False,APENAS_SAVE_1
106027,"Atlas","","ｰտ瀀","",548,,,0x000B1016,,True,False,False,False,False,False,APENAS_SAVE_1
106071,"Guaraní (PAR)","","","",552,,,0x000B1358,,True,False,False,False,False,False,APENAS_SAVE_1
106072,"C Sportivo Luqueño","","Sportivo Luqueño","",553,,,0x000B1424,,True,False,False,False,False,False,APENAS_SAVE_1
106578,"","Hayes","","Hayes",,767,,,0x000C9F3E,False,True,False,False,False,False,APENAS_SAVE_2
106580,"","Hednesford Town","","Hednesford",,768,,,0x000CA018,False,True,False,False,False,False,APENAS_SAVE_2
106583,"","Rushden & Diamonds","","Rushden",,769,,,0x000CA318,False,True,False,False,False,False,APENAS_SAVE_2
107201,"América FC (MG)","","América (MG)","",565,,,0x000B1FD2,,True,False,False,False,False,False,APENAS_SAVE_1
107203,"América FC (RN)","","América (RN)","",566,,,0x000B229B,,True,False,False,False,False,False,APENAS_SAVE_1
107205,"ABC FC","","ABC","",567,,,0x000B2371,,True,False,False,False,False,False,APENAS_SAVE_1
107208,"Avaí FC","","Avaí","",569,,,0x000B2947,,True,False,False,False,False,False,APENAS_SAVE_1
107212,"Friburguense AC","","Friburguense","",571,,,0x000B2B05,,True,False,False,False,False,False,APENAS_SAVE_1
107214,"Itaperuna EC","","Itaperuna","",572,,,0x000B2BBF,,True,False,False,False,False,False,APENAS_SAVE_1
107216,"Ituano SCF","","Ituano","",573,,,0x000B2E56,,True,False,False,False,False,False,APENAS_SAVE_1
107218,"Juventus (SP)","","","",574,,,0x000B2F16,,True,False,False,False,False,False,APENAS_SAVE_1
107222,"Mogi Mirim EC","","Mogi Mirim","",576,,,0x000B32B9,,True,False,False,False,False,False,APENAS_SAVE_1
107226,"Rio Branco (SP)","","","",578,,,0x000B3495,,True,False,False,False,False,False,APENAS_SAVE_1
107228,"CF Zico (RJ)","","CFZ (RJ)","",579,,,0x000B3571,,True,False,False,False,False,False,APENAS_SAVE_1
107230,"Sampaio Corrêa FC","","Sampaio Corrêa","",580,,,0x000B366F,,True,False,False,False,False,False,APENAS_SAVE_1
107232,"Santa Cruz FC","","Santa Cruz","",581,,,0x000B3930,,True,False,False,False,False,False,APENAS_SAVE_1
107234,"Tuna Luso Brasileira","","Tuna Luso","",582,,,0x000B3A26,,True,False,False,False,False,False,APENAS_SAVE_1
107236,"Vila Nova (GO)","","","",583,,,0x000B3D0C,,True,False,False,False,False,False,APENAS_SAVE_1
107238,"Villa Nova (MG)","","","",584,,,0x000B3E00,,True,False,False,False,False,False,APENAS_SAVE_1
107242,"Operário (MS)","","","",586,,,0x000B3FD6,,True,False,False,False,False,False,APENAS_SAVE_1
107280,"Niitsu Unicorn","","Niitsu Unicorn","",587,,,0x000B409A,,True,False,False,False,False,False,APENAS_SAVE_1
107301,"S.C. Tenri Blues","","S.C. Tenri Blues","",588,,,0x000B4162,,True,False,False,False,False,False,APENAS_SAVE_1
107673,"","Club Esportiu Principat","","CE Principat",,786,,,0x000CB0D3,False,True,False,False,False,False,APENAS_SAVE_2
107675,"","Fútbol Club Encamp","","FC Encamp",,787,,,0x000CB1A9,False,True,False,False,False,False,APENAS_SAVE_2
107680,"","Esportiu La Massana","","La Massana",,790,,,0x000CB42B,False,True,False,False,False,False,APENAS_SAVE_2
107681,"","Inter d'Escaldes","","Inter d'Escaldes",,791,,,0x000CB4EC,False,True,False,False,False,False,APENAS_SAVE_2
108542,"Olimpo de Bahía Blanca","","Olimpo","",591,,,0x000B43DD,,True,False,False,False,False,False,APENAS_SAVE_1
109178,"CD El Nacional","","El Nacional","",596,,,0x000B47C9,,True,False,False,False,False,False,APENAS_SAVE_1
109191,"Universidad de los Andes FC","","Universidad de los Andes","",600,,,0x000B4B28,,True,False,False,False,False,False,APENAS_SAVE_1
109192,"AD Mineros de Guayana","","Mineros de Guayana","",601,,,0x000B4BFE,,True,False,False,False,False,False,APENAS_SAVE_1
109206,"","Forest Green Rovers","","Forest Green",,799,,,0x000CBBAA,False,True,False,False,False,False,APENAS_SAVE_2
109210,"","Accrington Stanley","","Accrington",,800,,,0x000CBCDF,False,True,False,False,False,False,APENAS_SAVE_2
109211,"","Gresley Rovers","","Gresley",,801,,,0x000CBD99,False,True,False,False,False,False,APENAS_SAVE_2
109212,"","Boreham Wood","","Boreham Wood",,802,,,0x000CBE59,False,True,False,False,False,False,APENAS_SAVE_2
112031,"","Weston-super-Mare","","Weston-super-Mare",,803,,,0x000CBF45,False,True,False,False,False,False,APENAS_SAVE_2
113522,"","King's Lynn","","King's Lynn",,804,,,0x000CC005,False,True,False,False,False,False,APENAS_SAVE_2
115039,"CA Rentistas","","Rentistas","",605,,,0x000B4EDC,,True,False,False,False,False,False,APENAS_SAVE_1
115711,"","Horwich","","Horwich",,808,,,0x000CC2FE,False,True,False,False,False,False,APENAS_SAVE_2
115755,"","Bedlington Terriers","","Bedlington",,809,,,0x000CC3C8,False,True,False,False,False,False,APENAS_SAVE_2
115945,"Wuhan Huanghelou","","Wuhan","",606,,,0x000B4FBB,,True,False,False,False,False,False,APENAS_SAVE_1
116156,"","Pribram","","Pribram",,810,,,0x000CC4A1,False,True,False,False,False,False,APENAS_SAVE_2
116164,"CS Herediano","","Herediano","",607,,,0x000B506D,,True,False,False,False,False,False,APENAS_SAVE_1
116194,"","FK Cementarnica 55 Skopje","","Cementarnica 55",,811,,,0x000CC5B7,False,True,False,False,False,False,APENAS_SAVE_2
116403,"","Shandong Luneng","","Shandong",,813,,,0x000CC7A7,False,True,False,False,False,False,APENAS_SAVE_2
117669,"","Ilkeston Town","","Ilkeston",,814,,,0x000CC861,False,True,False,False,False,False,APENAS_SAVE_2
117754,"C Alianza Lima","","Alianza Lima","",609,,,0x000B5219,,True,False,False,False,False,False,APENAS_SAVE_1
119741,"","Wroxham","","Wroxham",,815,,,0x000CC90D,False,True,False,False,False,False,APENAS_SAVE_2
120066,"C Jorge Wilstermann","","Jorge Wilstermann","",611,,,0x000B53AF,,True,False,False,False,False,False,APENAS_SAVE_1
120386,"","Vágs Bóltfelag","","VB",,818,,,0x000CCB85,False,True,False,False,False,False,APENAS_SAVE_2
120533,"","Waterford United","","Waterford Utd",,819,,,0x000CCC6E,False,True,False,False,False,False,APENAS_SAVE_2
120921,"CD Santiago Wanderers","","Santiago Wanderers","",614,,,0x000B567B,,True,False,False,False,False,False,APENAS_SAVE_1
120939,"C Sol de América","","Sol de América","",616,,,0x000B57FC,,True,False,False,False,False,False,APENAS_SAVE_1
120942,"C Atlético Colegiales","","Atlético Colegiales","",617,,,0x000B58DC,,True,False,False,False,False,False,APENAS_SAVE_1
120946,"C Cerro Corá","","Cerro Corá","",618,,,0x000B5990,,True,False,False,False,False,False,APENAS_SAVE_1
120974,"S Deportivo Quito","","Deportivo Quito","",620,,,0x000B5B2D,,True,False,False,False,False,False,APENAS_SAVE_1
120994,"Zulianos FC","","Zulianos","",623,,,0x000B5D89,,True,False,False,False,False,False,APENAS_SAVE_1
120998,"Deportivo Táchira FC","","Deportivo Táchira","",624,,,0x000B5E5B,,True,False,False,False,False,False,APENAS_SAVE_1
121135,"","SK Lelle","","SK Lelle",,826,,,0x000CD208,False,True,False,False,False,False,APENAS_SAVE_2
121183,"","FC Erzgebirge Aue","","Aue",,828,,,0x000CD37F,False,True,False,False,False,False,APENAS_SAVE_2
121197,"","LR Ahlen","","Ahlen",,829,,,0x000CD446,False,True,False,False,False,False,APENAS_SAVE_2
121209,"","SV Wacker Burghausen","","Burghausen",,831,,,0x000CD5ED,False,True,False,False,False,False,APENAS_SAVE_2
121262,"SE Gama","","Gama","",629,,,0x000B624F,,True,False,False,False,False,False,APENAS_SAVE_1
121265,"Botafogo FC (SP)","","Botafogo (SP)","",630,,,0x000B6335,,True,False,False,False,False,False,APENAS_SAVE_1
122986,"","New Zealand Knights FC","","New Zealand Knights",,834,,,0x000CD87C,False,True,False,False,False,False,APENAS_SAVE_2
123001,"","Perth Glory FC","","Perth Glory",,835,,,0x000CD951,False,True,False,False,False,False,APENAS_SAVE_2
127742,"","FK Kapaz Qyanja","","Kapaz",,838,,,0x000CDBD0,False,True,False,False,False,False,APENAS_SAVE_2
127999,"","FK Napredok Kicevo","","Napredok",,840,,,0x000CDD72,False,True,False,False,False,False,APENAS_SAVE_2
128000,"","FK Rabotnicki Kometal Skopje","","Rabotnicki",,841,,,0x000CDE65,False,True,False,False,False,False,APENAS_SAVE_2
128652,"","NK Domzale","","Domzale",,843,,,0x000CE024,False,True,False,False,False,False,APENAS_SAVE_2
129583,"","Cracovia Krakow","","Cracovia",,844,,,0x000CE0E2,False,True,False,False,False,False,APENAS_SAVE_2
129659,"MGS Apollon Kalamarias","","Kalamaria","",637,,,0x000B6925,,True,False,False,False,False,False,APENAS_SAVE_1
130047,"","Matavera","","Matavera",,849,,,0x000CE4DB,False,True,False,False,False,False,APENAS_SAVE_2
130344,"","Konyaspor","","Konyaspor",,852,,,0x000CE6AD,False,True,False,False,False,False,APENAS_SAVE_2
130355,"Büyüksehir Belediye Ankaraspor","","Ankaraspor","",643,,,0x000B6D96,,True,False,False,False,False,False,APENAS_SAVE_1
130379,"","Malatyaspor","","Malatyaspor",,854,,,0x000CE84B,False,True,False,False,False,False,APENAS_SAVE_2
130593,"","Irtysh Pavlodar","","Irtysh Pavlodar",,861,,,0x000CEEF6,False,True,False,False,False,False,APENAS_SAVE_2
130811,"","Leirvíkar Ítróttarfelag","","LÍF",,870,,,0x000CF624,False,True,False,False,False,False,APENAS_SAVE_2
130812,"","Bóltfelagið Royn","","Royn",,871,,,0x000CF6CD,False,True,False,False,False,False,APENAS_SAVE_2
130835,"","FC Kärnten","","Kärnten",,873,,,0x000CF889,False,True,False,False,False,False,APENAS_SAVE_2
130844,"","FK Shafa Baku","","Shafa",,874,,,0x000CF946,False,True,False,False,False,False,APENAS_SAVE_2
130845,"","FK Shahdag Qusar","","Shahdag",,875,,,0x000CF9EE,False,True,False,False,False,False,APENAS_SAVE_2
130846,"","Neftegaz Baku","","Neftegaz",,876,,,0x000CFA92,False,True,False,False,False,False,APENAS_SAVE_2
130859,"Opava","","Opava","",661,,,0x000B7C8B,,True,False,False,False,False,False,APENAS_SAVE_1
130868,"","Metalist Kharkiv","","Metalist",,878,,,0x000CFC0B,False,True,False,False,False,False,APENAS_SAVE_2
130872,"","AS Trencin","","Trencin",,882,,,0x000CFFA7,False,True,False,False,False,False,APENAS_SAVE_2
130873,"","MSK SCP Ruzomberok","","Ruzomberok",,883,,,0x000D008D,False,True,False,False,False,False,APENAS_SAVE_2
130879,"","Slavia Mozyr","","Slavia Mozyr",,885,,,0x000D025B,False,True,False,False,False,False,APENAS_SAVE_2
131108,"CSD Macará","","Macará","",666,,,0x000B80AF,,True,False,False,False,False,False,APENAS_SAVE_1
131111,"CD Olmedo","","Olmedo","",667,,,0x000B8155,,True,False,False,False,False,False,APENAS_SAVE_1
131120,"","FK Zeta Golubovci","","Zeta",,886,,,0x000D0329,False,True,False,False,False,False,APENAS_SAVE_2
131222,"Xi'an Anxinyuan","","Xi'an","",669,,,0x000B82F5,,True,False,False,False,False,False,APENAS_SAVE_1
131289,"","Stare Mesto","","Stare Mesto",,899,,,0x000D0D01,False,True,False,False,False,False,APENAS_SAVE_2
133178,"","Marsa","","Marsa",,900,,,0x000D0DA5,False,True,False,False,False,False,APENAS_SAVE_2
133677,"","Hong Kong Football Club","","HKFC",,902,,,0x000D0F30,False,True,False,False,False,False,APENAS_SAVE_2
134636,"San Juan Jabloteh SL","","Jabloteh","",683,,,0x000B8D73,,True,False,False,False,False,False,APENAS_SAVE_1
134732,"","Braintree Town","","Braintree",,904,,,0x000D10D9,False,True,False,False,False,False,APENAS_SAVE_2
135337,"","Pakistan International Airlines","","P.I.A.",,921,,,0x000D1D29,False,True,False,False,False,False,APENAS_SAVE_2
135377,"","Pahang","","Pahang",,924,,,0x000D1F52,False,True,False,False,False,False,APENAS_SAVE_2
135411,"Al Wakra","","Al Wakra","",707,,,0x000B9E6C,,True,False,False,False,False,False,APENAS_SAVE_1
135449,"Al Khaleej (UAE)","","Al Khaleej (UAE)","",713,,,0x000BA313,,True,False,False,False,False,False,APENAS_SAVE_1
135853,"","Racing de Andorra","","Racing de Andorra",,941,,,0x000D2BCB,False,True,False,False,False,False,APENAS_SAVE_2
137917,"","FC Schaffhausen","","Schaffhausen",,944,,,0x000D2E81,False,True,False,False,False,False,APENAS_SAVE_2
138156,"","Cherno more (Varna)","","Cherno more",,947,,,0x000D311B,False,True,False,False,False,False,APENAS_SAVE_2
138162,"","FC Belasica Geras Cunev Strumica","","Belasica GC",,948,,,0x000D321F,False,True,False,False,False,False,APENAS_SAVE_2
138174,"","Puchov","","pȀ瀀",,949,,,0x000D32FB,False,True,False,False,False,False,APENAS_SAVE_2
138179,"","AE Paphos","","Paphos",,950,,,0x000D33A1,False,True,False,False,False,False,APENAS_SAVE_2
138214,"","Nistru Edinet","","Nistru Edinet",,952,,,0x000D3526,False,True,False,False,False,False,APENAS_SAVE_2
138215,"","Unisport-Auto Chisinau","","Unisport-Auto",,953,,,0x000D35E6,False,True,False,False,False,False,APENAS_SAVE_2
138216,"","FCA Victoria Chisinau","","Victoria Chisinau",,954,,,0x000D36AC,False,True,False,False,False,False,APENAS_SAVE_2
138217,"","Ulim Chisinau","","Ulim",,955,,,0x000D3748,False,True,False,False,False,False,APENAS_SAVE_2
142370,"Guarany de Bagé","","","",726,,,0x000BAD40,,True,False,False,False,False,False,APENAS_SAVE_1
144767,"","Fútbol Club Lusitanos","","FC Lusitanos",,958,,,0x000D39BF,False,True,False,False,False,False,APENAS_SAVE_2
144768,"","Fútbol Club Ranger's","","FC Ranger's",,959,,,0x000D3A7E,False,True,False,False,False,False,APENAS_SAVE_2
144769,"","Sporting d'Escaldes","","Sporting d'Escaldes",,960,,,0x000D3B4B,False,True,False,False,False,False,APENAS_SAVE_2
145751,"Brampton Hitmen","","Brampton","",728,,,0x000BAE8A,,True,False,False,False,False,False,APENAS_SAVE_1
145752,"Durham Storm","","Durham Storm","",729,,,0x000BAF3B,,True,False,False,False,False,False,APENAS_SAVE_1
145756,"North York Astros","","North York Astros","",730,,,0x000BB000,,True,False,False,False,False,False,APENAS_SAVE_1
145759,"Toronto Croatia","","Toronto Croatia","",731,,,0x000BB0BD,,True,False,False,False,False,False,APENAS_SAVE_1
145763,"Toronto Supra","","Toronto Supra","",732,,,0x000BB172,,True,False,False,False,False,False,APENAS_SAVE_1
145766,"Glen Shields Sun Devils","","Glen Shields Sun Devils","",733,,,0x000BB24F,,True,False,False,False,False,False,APENAS_SAVE_1
145767,"Laval Dynamites","","Laval Dynamites","",734,,,0x000BB30C,,True,False,False,False,False,False,APENAS_SAVE_1
149295,"","Portmore United","","Portmore Utd",,964,,,0x000D3E3B,False,True,False,False,False,False,APENAS_SAVE_2
151027,"","Milton Keynes Dons","","MK Dons",,965,,,0x000D4179,False,True,False,False,False,False,APENAS_SAVE_2
151031,"","Village United","","Village United",,966,,,0x000D422B,False,True,False,False,False,False,APENAS_SAVE_2
301100,"AS Arapiraquense","","ASA","",739,,,0x000BB704,,True,False,False,False,False,False,APENAS_SAVE_1
301102,"CR Brasil","","CRB","",740,,,0x000BB9CB,,True,False,False,False,False,False,APENAS_SAVE_1
301103,"CS Miguelense","","Miguelense","",741,,,0x000BBA89,,True,False,False,False,False,False,APENAS_SAVE_1
301105,"CA Aliança","","Aliança","",742,,,0x000BBB6B,,True,False,False,False,False,False,APENAS_SAVE_1
301107,"Santos FC (AP)","","Santos (AP)","",743,,,0x000BBC71,,True,False,False,False,False,False,APENAS_SAVE_1
301108,"Nacional FC (AM)","","Nacional (AM)","",744,,,0x000BBD8B,,True,False,False,False,False,False,APENAS_SAVE_1
301110,"A Rio Negro C (AM)","","Rio Negro (AM)","",745,,,0x000BBEAB,,True,False,False,False,False,False,APENAS_SAVE_1
301111,"São Raimundo EC (AM)","","São Raimundo (AM)","",746,,,0x000BC190,,True,False,False,False,False,False,APENAS_SAVE_1
301113,"Alagoinhas Atlético C","","Atlético (BA)","",747,,,0x000BC264,,True,False,False,False,False,False,APENAS_SAVE_1
301115,"Camaçari FC","","Camaçari","",748,,,0x000BC336,,True,False,False,False,False,False,APENAS_SAVE_1
301117,"Colo-Colo (BA)","","","",749,,,0x000BC416,,True,False,False,False,False,False,APENAS_SAVE_1
301119,"Conquista FC","","Conquista","",750,,,0x000BC4D8,,True,False,False,False,False,False,APENAS_SAVE_1
301121,"Cruzeiro (BA)","","","",751,,,0x000BC598,,True,False,False,False,False,False,APENAS_SAVE_1
301123,"Fluminense de Feira FC","","Fluminense (BA)","",752,,,0x000BC6B2,,True,False,False,False,False,False,APENAS_SAVE_1
301125,"Juazeiro (BA)","","","",753,,,0x000BC78A,,True,False,False,False,False,False,APENAS_SAVE_1
301127,"EC Poções","","Poções","",754,,,0x000BC838,,True,False,False,False,False,False,APENAS_SAVE_1
301129,"Ferroviário AC (CE)","","Ferroviário (CE)","",755,,,0x000BC942,,True,False,False,False,False,False,APENAS_SAVE_1
301131,"Itapipoca EC","","Itapipoca","",756,,,0x000BC9FC,,True,False,False,False,False,False,APENAS_SAVE_1
301133,"Juazeiro (CE)","","","",757,,,0x000BCAC4,,True,False,False,False,False,False,APENAS_SAVE_1
301135,"Brasília FC","","Brasília","",758,,,0x000BCBA2,,True,False,False,False,False,False,APENAS_SAVE_1
301136,"SE Brazlândia","","Brazlândia","",759,,,0x000BCC8C,,True,False,False,False,False,False,APENAS_SAVE_1
301138,"EC Dom Pedro II","","Dom Pedro","",760,,,0x000BCD6C,,True,False,False,False,False,False,APENAS_SAVE_1
301140,"Linhares EC","","Linhares","",761,,,0x000BCE2A,,True,False,False,False,False,False,APENAS_SAVE_1
301142,"Rio Branco (ES)","","","",762,,,0x000BCEFA,,True,False,False,False,False,False,APENAS_SAVE_1
301144,"SD Serra FC","","Serra","",763,,,0x000BCFCA,,True,False,False,False,False,False,APENAS_SAVE_1
301146,"AA Anapolina","","Anapolina","",764,,,0x000BD283,,True,False,False,False,False,False,APENAS_SAVE_1
301148,"Anápolis FC","","Anápolis","",765,,,0x000BD351,,True,False,False,False,False,False,APENAS_SAVE_1
301149,"Aparecida EC","","Aparecida","",766,,,0x000BD40B,,True,False,False,False,False,False,APENAS_SAVE_1
301151,"Atlético C Goianiense","","Atlético Goianiense","",767,,,0x000BD517,,True,False,False,False,False,False,APENAS_SAVE_1
301153,"Caldas EC","","Caldas","",768,,,0x000BD5C5,,True,False,False,False,False,False,APENAS_SAVE_1
301155,"Goianésia EC","","Goianésia","",769,,,0x000BD67F,,True,False,False,False,False,False,APENAS_SAVE_1
301157,"Goiânia EC","","Goiânia","",770,,,0x000BD749,,True,False,False,False,False,False,APENAS_SAVE_1
301159,"Goiatuba EC","","Goiatuba","",771,,,0x000BD7FF,,True,False,False,False,False,False,APENAS_SAVE_1
301161,"UE Inhumas","","Inhumas","",772,,,0x000BD8B9,,True,False,False,False,False,False,APENAS_SAVE_1
301163,"Itumbiara EC","","Itumbiara","",773,,,0x000BD97B,,True,False,False,False,False,False,APENAS_SAVE_1
301165,"Minaçu EC","","Minaçu","",774,,,0x000BDA29,,True,False,False,False,False,False,APENAS_SAVE_1
301167,"AA Rioverdense","","Rioverdense","",775,,,0x000BDAEB,,True,False,False,False,False,False,APENAS_SAVE_1
301169,"S Imperatriz D","","Imperatriz","",776,,,0x000BDBB3,,True,False,False,False,False,False,APENAS_SAVE_1
301171,"Maranhão AC","","Maranhão","",777,,,0x000BDC99,,True,False,False,False,False,False,APENAS_SAVE_1
301172,"Moto Clube de São Luís","","Moto Clube","",778,,,0x000BDDA1,,True,False,False,False,False,False,APENAS_SAVE_1
301173,"Juventude (MT)","","","",779,,,0x000BDE83,,True,False,False,False,False,False,APENAS_SAVE_1
301175,"AA Sinop","","Sinop","",780,,,0x000BDF49,,True,False,False,False,False,False,APENAS_SAVE_1
301177,"Ubiratan EC","","Ubiratan","",781,,,0x000BE007,,True,False,False,False,False,False,APENAS_SAVE_1
301179,"União Rondonópolis","","","",782,,,0x000BE0EF,,True,False,False,False,False,False,APENAS_SAVE_1
301181,"EC Comercial (MS)","","Comercial (MS)","",783,,,0x000BE1E1,,True,False,False,False,False,False,APENAS_SAVE_1
301182,"AA Caldense","","Caldense","",784,,,0x000BE2AF,,True,False,False,False,False,False,APENAS_SAVE_1
301184,"EC Democrata","","Democrata","",785,,,0x000BE369,,True,False,False,False,False,False,APENAS_SAVE_1
301186,"Fabril (MG)","","","",786,,,0x000BE421,,True,False,False,False,False,False,APENAS_SAVE_1
301188,"Guarani EC (MG)","","Guarani (MG)","",787,,,0x000BE4E7,,True,False,False,False,False,False,APENAS_SAVE_1
301190,"Ipatinga FC","","Ipatinga","",788,,,0x000BE5B5,,True,False,False,False,False,False,APENAS_SAVE_1
301192,"Ipiranga (MG)","","","",789,,,0x000BE675,,True,False,False,False,False,False,APENAS_SAVE_1
301194,"Mamoré EC","","Mamoré","",790,,,0x000BE73B,,True,False,False,False,False,False,APENAS_SAVE_1
301196,"Rio Branco (MG)","","","",791,,,0x000BE801,,True,False,False,False,False,False,APENAS_SAVE_1
301198,"Tupi FC","","Tupi","",792,,,0x000BE8B3,,True,False,False,False,False,False,APENAS_SAVE_1
301200,"Uberlândia EC","","Uberlândia","",793,,,0x000BE971,,True,False,False,False,False,False,APENAS_SAVE_1
301202,"URT","","URT","",794,,,0x000BEA15,,True,False,False,False,False,False,APENAS_SAVE_1
301204,"Valeriodoce EC","","Valério","",795,,,0x000BEACF,,True,False,False,False,False,False,APENAS_SAVE_1
301206,"Castanhal EC","","Castanhal","",796,,,0x000BEBA5,,True,False,False,False,False,False,APENAS_SAVE_1
301208,"Botafogo FC (PB)","","Botafogo (PB)","",797,,,0x000BECB3,,True,False,False,False,False,False,APENAS_SAVE_1
301210,"Campinense C","","Campinense","",798,,,0x000BED9B,,True,False,False,False,False,False,APENAS_SAVE_1
301212,"Treze FC","","Treze","",799,,,0x000BEE75,,True,False,False,False,False,False,APENAS_SAVE_1
301214,"AA Batel","","Batel","",800,,,0x000BEF2F,,True,False,False,False,False,False,APENAS_SAVE_1
301216,"Francisco Beltrão FC","","Francisco Beltrão","",801,,,0x000BF009,,True,False,False,False,False,False,APENAS_SAVE_1
301218,"Malutrom SA","","Malutrom","",802,,,0x000BF0E7,,True,False,False,False,False,False,APENAS_SAVE_1
301220,"Ponta Grossa EC","","Ponta Grossa","",803,,,0x000BF1B5,,True,False,False,False,False,False,APENAS_SAVE_1
301222,"A Portuguesa Londrinense","","Portuguesa Londrinense","",804,,,0x000BF2B1,,True,False,False,False,False,False,APENAS_SAVE_1
301224,"Prudentópolis EC","","Prudentópolis","",805,,,0x000BF397,,True,False,False,False,False,False,APENAS_SAVE_1
301226,"Rio Branco (PR)","","","",806,,,0x000BF45F,,True,False,False,False,False,False,APENAS_SAVE_1
301228,"União Bandeirante FC","","União Bandeirante","",807,,,0x000BF55D,,True,False,False,False,False,False,APENAS_SAVE_1
301230,"Central (PE)","","","",808,,,0x000BF621,,True,False,False,False,False,False,APENAS_SAVE_1
301232,"Ferroviário EC de Serra Talhada","","Ferroviário ST","",809,,,0x000BF70B,,True,False,False,False,False,False,APENAS_SAVE_1
301234,"Íbis SC","","Íbis","",810,,,0x000BF7B1,,True,False,False,False,False,False,APENAS_SAVE_1
301235,"Porto (PE)","","","",811,,,0x000BF871,,True,False,False,False,False,False,APENAS_SAVE_1
301237,"Manchete FC","","Manchete","",812,,,0x000BF937,,True,False,False,False,False,False,APENAS_SAVE_1
301239,"U Pernambuco FC","","Unibol","",813,,,0x000BFA01,,True,False,False,False,False,False,APENAS_SAVE_1
301240,"Vitória (PE)","","","",814,,,0x000BFABD,,True,False,False,False,False,False,APENAS_SAVE_1
301242,"4 de Julho EC","","4 de Julho","",815,,,0x000BFB83,,True,False,False,False,False,False,APENAS_SAVE_1
301244,"SE Picos","","Picos","",816,,,0x000BFC3D,,True,False,False,False,False,False,APENAS_SAVE_1
301245,"River (PI)","","","",817,,,0x000BFD1D,,True,False,False,False,False,False,APENAS_SAVE_1
301247,"AD Cabofriense","","Cabofriense","",818,,,0x000BFE03,,True,False,False,False,False,False,APENAS_SAVE_1
301249,"Campo Grande AC","","Campo Grande","",819,,,0x000BFED1,,True,False,False,False,False,False,APENAS_SAVE_1
301251,"AA Portuguesa (RJ)","","Portuguesa (RJ)","",820,,,0x000BFFCF,,True,False,False,False,False,False,APENAS_SAVE_1
301253,"São Cristóvão (RJ)","","","",821,,,0x000C00AB,,True,False,False,False,False,False,APENAS_SAVE_1
301255,"Serrano FC (RJ)","","Serrano (RJ)","",822,,,0x000C0179,,True,False,False,False,False,False,APENAS_SAVE_1
301257,"Alecrim FC","","Alecrim","",823,,,0x000C023B,,True,False,False,False,False,False,APENAS_SAVE_1
301258,"ACD Potiguar","","Potiguar","",824,,,0x000C0317,,True,False,False,False,False,False,APENAS_SAVE_1
301260,"C 15 de Novembro","","15 de Campo Bom","",825,,,0x000C0409,,True,False,False,False,False,False,APENAS_SAVE_1
301262,"EC Avenida","","Avenida","",826,,,0x000C04C3,,True,False,False,False,False,False,APENAS_SAVE_1
301264,"Brasil de Pelotas","","","",827,,,0x000C05AB,,True,False,False,False,False,False,APENAS_SAVE_1
301266,"SER Caxias do Sul","","Caxias","",828,,,0x000C0878,,True,False,False,False,False,False,APENAS_SAVE_1
301268,"C Esportivo Bento Gonçalves","","Esportivo","",829,,,0x000C0968,,True,False,False,False,False,False,APENAS_SAVE_1
301270,"Guarani (RS)","","","",830,,,0x000C0A24,,True,False,False,False,False,False,APENAS_SAVE_1
301272,"Santa Maria (RS)","","","",831,,,0x000C0AF0,,True,False,False,False,False,False,APENAS_SAVE_1
301274,"Passo Fundo SC","","Passo Fundo","",832,,,0x000C0BDE,,True,False,False,False,False,False,APENAS_SAVE_1
301276,"EC Pelotas","","Pelotas","",833,,,0x000C0CAC,,True,False,False,False,False,False,APENAS_SAVE_1
301278,"SC Rio Grande","","Rio Grande","",834,,,0x000C0D7A,,True,False,False,False,False,False,APENAS_SAVE_1
301280,"Santa Cruz (RS)","","","",835,,,0x000C0E4A,,True,False,False,False,False,False,APENAS_SAVE_1
301282,"SE Santo Ângelo","","Santo Ângelo","",836,,,0x000C0F20,,True,False,False,False,False,False,APENAS_SAVE_1
301284,"São José (RS)","","","",837,,,0x000C0FE0,,True,False,False,False,False,False,APENAS_SAVE_1
301286,"EC São Luiz","","São Luiz","",838,,,0x000C1096,,True,False,False,False,False,False,APENAS_SAVE_1
301288,"Veranópolis ECRC","","Veranópolis","",839,,,0x000C115C,,True,False,False,False,False,False,APENAS_SAVE_1
301290,"EC Gênus Rondoniense","","Gênus","",840,,,0x000C1252,,True,False,False,False,False,False,APENAS_SAVE_1
301292,"Ji-Paraná FC","","Ji-Paraná","",841,,,0x000C1328,,True,False,False,False,False,False,APENAS_SAVE_1
301294,"A Pinheiros FC","","Pinheiros","",842,,,0x000C13E6,,True,False,False,False,False,False,APENAS_SAVE_1
301296,"Baré EC","","Baré","",843,,,0x000C14C8,,True,False,False,False,False,False,APENAS_SAVE_1
301298,"GA Sampaio","","GAS","",844,,,0x000C159A,,True,False,False,False,False,False,APENAS_SAVE_1
301299,"A Rio Negro C (RR)","","Rio Negro (RR)","",845,,,0x000C1692,,True,False,False,False,False,False,APENAS_SAVE_1
301300,"CA Alto Vale","","Alto Vale","",846,,,0x000C174C,,True,False,False,False,False,False,APENAS_SAVE_1
301302,"Brusque FC","","Brusque","",847,,,0x000C1806,,True,False,False,False,False,False,APENAS_SAVE_1
301304,"A Chapecoense F","","Chapecoense","",848,,,0x000C18D2,,True,False,False,False,False,False,APENAS_SAVE_1
301308,"CA Fraiburgo","","Fraiburgo","",850,,,0x000C1C68,,True,False,False,False,False,False,APENAS_SAVE_1
301310,"Joinville EC","","Joinville","",851,,,0x000C1F35,,True,False,False,False,False,False,APENAS_SAVE_1
301312,"SE Kindermann","","Kindermann","",852,,,0x000C1FF3,,True,False,False,False,False,False,APENAS_SAVE_1
301314,"EC Próspera","","Próspera","",853,,,0x000C20B1,,True,False,False,False,False,False,APENAS_SAVE_1
301316,"CN Marcílio Dias","","Marcílio Dias","",854,,,0x000C217B,,True,False,False,False,False,False,APENAS_SAVE_1
301318,"Tubarão FC","","Tubarão","",855,,,0x000C222D,,True,False,False,False,False,False,APENAS_SAVE_1
301321,"CS Sergipe","","Sergipe","",856,,,0x000C230B,,True,False,False,False,False,False,APENAS_SAVE_1
301323,"Confiança (SE)","","","",857,,,0x000C23F3,,True,False,False,False,False,False,APENAS_SAVE_1
301325,"AO de Itabaiana","","Itabaiana","",858,,,0x000C24D7,,True,False,False,False,False,False,APENAS_SAVE_1
301327,"Interporto FC","","Interporto","",859,,,0x000C2595,,True,False,False,False,False,False,APENAS_SAVE_1
301329,"Palmas FR","","Palmas","",860,,,0x000C265F,,True,False,False,False,False,False,APENAS_SAVE_1
301331,"Tocantinópolis EC","","Tocantinópolis","",861,,,0x000C2739,,True,False,False,False,False,False,APENAS_SAVE_1
301333,"América FC (SP)","","América (SP)","",862,,,0x000C2823,,True,False,False,False,False,False,APENAS_SAVE_1
301336,"Comercial FC (SP)","","Comercial (SP)","",863,,,0x000C28F9,,True,False,False,False,False,False,APENAS_SAVE_1
301340,"AA Francana","","Francana","",865,,,0x000C2C58,,True,False,False,False,False,False,APENAS_SAVE_1
301342,"SE Matonense","","Matonense","",866,,,0x000C2D32,,True,False,False,False,False,False,APENAS_SAVE_1
301344,"Mirassol FC","","Mirassol","",867,,,0x000C2DF0,,True,False,False,False,False,False,APENAS_SAVE_1
301346,"Olímpia (SP)","","","",868,,,0x000C2EAC,,True,False,False,False,False,False,APENAS_SAVE_1
301348,"EC Paraguaçuense","","Paraguaçuense","",869,,,0x000C2F76,,True,False,False,False,False,False,APENAS_SAVE_1
301350,"Rio Preto EC","","Rio Preto","",870,,,0x000C3040,,True,False,False,False,False,False,APENAS_SAVE_1
301352,"EC Santo André","","Santo André","",871,,,0x000C330B,,True,False,False,False,False,False,APENAS_SAVE_1
301356,"São José (SP)","","","",873,,,0x000C36A6,,True,False,False,False,False,False,APENAS_SAVE_1
301357,"GE Sãocarlense","","Sãocarlense","",874,,,0x000C3768,,True,False,False,False,False,False,APENAS_SAVE_1
301359,"União A Barbarense FC","","União Barbarense","",875,,,0x000C386A,,True,False,False,False,False,False,APENAS_SAVE_1
301361,"Astro (BA)","","","",876,,,0x000C3938,,True,False,False,False,False,False,APENAS_SAVE_1
301363,"EC Galícia","","Galícia","",877,,,0x000C39EA,,True,False,False,False,False,False,APENAS_SAVE_1
301364,"Bom Jesús (GO)","","","",878,,,0x000C3AAE,,True,False,False,False,False,False,APENAS_SAVE_1
301367,"AE Jataiense","","Jataiense","",879,,,0x000C3B74,,True,False,False,False,False,False,APENAS_SAVE_1
301370,"Cascavel CR","","Cascavel","",880,,,0x000C3C2A,,True,False,False,False,False,False,APENAS_SAVE_1
301373,"SE Matsubara","","Matsubara","",881,,,0x000C3CFC,,True,False,False,False,False,False,APENAS_SAVE_1
301374,"Surubim FC","","Surubim","",882,,,0x000C3DAE,,True,False,False,False,False,False,APENAS_SAVE_1
301377,"Guarani de Palhoça","","","",883,,,0x000C3E7A,,True,False,False,False,False,False,APENAS_SAVE_1
301380,"Tiradentes (SC)","","","",884,,,0x000C3F42,,True,False,False,False,False,False,APENAS_SAVE_1
301526,"Berga (MT)","","","",885,,,0x000C3FF6,,True,False,False,False,False,False,APENAS_SAVE_1
301919,"Barreiras EC","","Barreiras","",886,,,0x000C40B0,,True,False,False,False,False,False,APENAS_SAVE_1
302108,"Estrela do Norte FC","","Estrela do Norte","",887,,,0x000C41B2,,True,False,False,False,False,False,APENAS_SAVE_1
302139,"AA das Palmeiras","","AA das Palmeiras","",888,,,0x000C426C,,True,False,False,False,False,False,APENAS_SAVE_1
302141,"Novorizontino","","Novorizontino","",889,,,0x000C431A,,True,False,False,False,False,False,APENAS_SAVE_1
302142,"São Bento (SP)","","","",890,,,0x000C43E6,,True,False,False,False,False,False,APENAS_SAVE_1
302143,"Goytacaz FC","","Goytacaz","",891,,,0x000C44B4,,True,False,False,False,False,False,APENAS_SAVE_1
302144,"Ferroviária (SP)","","","",892,,,0x000C4582,,True,False,False,False,False,False,APENAS_SAVE_1
302146,"Americano Paulista","","Americano Paulista","",893,,,0x000C4644,,True,False,False,False,False,False,APENAS_SAVE_1
302148,"Paissandu","","Paissandu","",894,,,0x000C46E2,,True,False,False,False,False,False,APENAS_SAVE_1
303009,"Joaçaba AC","","Joaçaba","",895,,,0x000C4794,,True,False,False,False,False,False,APENAS_SAVE_1
303010,"Capela EC","","Capela","",896,,,0x000C4842,,True,False,False,False,False,False,APENAS_SAVE_1
303012,"SE São José (AP)","","São José (AP)","",897,,,0x000C4950,,True,False,False,False,False,False,APENAS_SAVE_1
303013,"América FC (PE)","","América (PE)","",898,,,0x000C4A26,,True,False,False,False,False,False,APENAS_SAVE_1
303014,"AD Cabense","","Cabense","",899,,,0x000C4AE0,,True,False,False,False,False,False,APENAS_SAVE_1
303016,"Santa Helena EC","","Santa Helena","",900,,,0x000C4BA6,,True,False,False,False,False,False,APENAS_SAVE_1
303018,"CRA Catalano","","CRAC","",901,,,0x000C4C72,,True,False,False,False,False,False,APENAS_SAVE_1
303020,"Grêmio E Maringá","","Grêmio Maringá","",902,,,0x000C4D3E,,True,False,False,False,False,False,APENAS_SAVE_1
303022,"Iraty SC","","Iraty","",903,,,0x000C4E20,,True,False,False,False,False,False,APENAS_SAVE_1
303612,"EC Noroeste","","Noroeste","",904,,,0x000C4ED6,,True,False,False,False,False,False,APENAS_SAVE_1
303614,"Jaboticabal A","","Jaboticabal","",905,,,0x000C4F96,,True,False,False,False,False,False,APENAS_SAVE_1
303815,"CFBC Melgar","","Melgar","",906,,,0x000C5040,,True,False,False,False,False,False,APENAS_SAVE_1
303816,"C Sport Boys A","","Sport Boys","",907,,,0x000C50F8,,True,False,False,False,False,False,APENAS_SAVE_1
303861,"Bandeirante (DF)","","","",908,,,0x000C5202,,True,False,False,False,False,False,APENAS_SAVE_1
303902,"SC Corinthians Alagoano","","Corinthians (AL)","",909,,,0x000C5308,,True,False,False,False,False,False,APENAS_SAVE_1
304422,"Nacional AC (SP)","","Nacional (SP)","",910,,,0x000C53D2,,True,False,False,False,False,False,APENAS_SAVE_1
308094,"C Real Potosí","","Real Potosí","",912,,,0x000C553B,,True,False,False,False,False,False,APENAS_SAVE_1
308099,"C Mariscal Braun","","Mariscal Braun","",913,,,0x000C560F,,True,False,False,False,False,False,APENAS_SAVE_1
308100,"C Unión Central","","Unión Central","",914,,,0x000C56CF,,True,False,False,False,False,False,APENAS_SAVE_1
308102,"C Independiente Petrolero","","Independiente Petrolero","",915,,,0x000C57B7,,True,False,False,False,False,False,APENAS_SAVE_1
308104,"C Alianza Atlético","","Alianza Atlético","",916,,,0x000C5883,,True,False,False,False,False,False,APENAS_SAVE_1
308183,"Flamengo (PI)","","","",918,,,0x000C5A2F,,True,False,False,False,False,False,APENAS_SAVE_1
308236,"Brasil de Farroupilha","","","",919,,,0x000C5AFD,,True,False,False,False,False,False,APENAS_SAVE_1
308255,"CD Cobán Imperial","","Cobán Imperial","",920,,,0x000C5BC3,,True,False,False,False,False,False,APENAS_SAVE_1
308261,"Atlético Nacional (PAN)","","","",921,,,0x000C5CA9,,True,False,False,False,False,False,APENAS_SAVE_1
308263,"CD Arabe Unido","","Arabe Unido","",922,,,0x000C5D63,,True,False,False,False,False,False,APENAS_SAVE_1
308266,"Chiriquí FC","","Chiriquí","",923,,,0x000C5E11,,True,False,False,False,False,False,APENAS_SAVE_1
308267,"Panamá Viejo FC","","Panamá Viejo","",924,,,0x000C5EDF,,True,False,False,False,False,False,APENAS_SAVE_1
308268,"San Francisco (PAN)","","","",925,,,0x000C5FB5,,True,False,False,False,False,False,APENAS_SAVE_1
308271,"C Sporting Coclé","","Sporting Coclé","",926,,,0x000C6089,,True,False,False,False,False,False,APENAS_SAVE_1
308272,"Tauro FC","","Tauro","",927,,,0x000C613B,,True,False,False,False,False,False,APENAS_SAVE_1
308276,"CD Marathón","","Marathón","",928,,,0x000C61F1,,True,False,False,False,False,False,APENAS_SAVE_1
308277,"CD Motagua","","Motagua","",929,,,0x000C62AB,,True,False,False,False,False,False,APENAS_SAVE_1
308279,"Platense (HON)","","","",930,,,0x000C6365,,True,False,False,False,False,False,APENAS_SAVE_1
308280,"Victoria (HON)","","","",931,,,0x000C641F,,True,False,False,False,False,False,APENAS_SAVE_1
308384,"América FC (AM)","","América (AM)","",932,,,0x000C650D,,True,False,False,False,False,False,APENAS_SAVE_1
308628,"EC Novo Hamburgo","","Novo Hamburgo","",934,,,0x000C66D4,,True,False,False,False,False,False,APENAS_SAVE_1
308938,"AE Araçatuba","","Araçatuba","",935,,,0x000C678E,,True,False,False,False,False,False,APENAS_SAVE_1
308939,"Águia de Marabá FC","","Águia de Marabá","",936,,,0x000C6868,,True,False,False,False,False,False,APENAS_SAVE_1
308940,"Carajás EC","","Carajás","",937,,,0x000C691A,,True,False,False,False,False,False,APENAS_SAVE_1
308941,"Santa Rosa EC","","Santa Rosa","",938,,,0x000C69E0,,True,False,False,False,False,False,APENAS_SAVE_1
308942,"São Francisco FC (PA)","","São Francisco (PA)","",939,,,0x000C6AC6,,True,False,False,False,False,False,APENAS_SAVE_1
308943,"São Raimundo EC (PA)","","São Raimundo (PA)","",940,,,0x000C6BA8,,True,False,False,False,False,False,APENAS_SAVE_1
308944,"São Paulo (RS)","","","",941,,,0x000C6C7C,,True,False,False,False,False,False,APENAS_SAVE_1
308945,"Sport Belém C","","Sport Belém","",942,,,0x000C6D4C,,True,False,False,False,False,False,APENAS_SAVE_1
308946,"Tiradentes (PA)","","","",943,,,0x000C6E14,,True,False,False,False,False,False,APENAS_SAVE_1
308947,"Vênus AC","","Vênus","",944,,,0x000C6EBE,,True,False,False,False,False,False,APENAS_SAVE_1
309137,"Boavista (RJ)","","","",945,,,0x000C6F86,,True,False,False,False,False,False,APENAS_SAVE_1
309138,"Bonsucesso FC","","Bonsucesso","",946,,,0x000C7044,,True,False,False,False,False,False,APENAS_SAVE_1
309139,"Grêmio E Inhumense","","Grêmio Inhumense","",947,,,0x000C7120,,True,False,False,False,False,False,APENAS_SAVE_1
309140,"Novo Horizonte FC","","Novo Horizonte","",948,,,0x000C71EE,,True,False,False,False,False,False,APENAS_SAVE_1
309141,"Real (GO)","","","",949,,,0x000C72A4,,True,False,False,False,False,False,APENAS_SAVE_1
309142,"SE Internacional","","Inter de Lages","",950,,,0x000C7378,,True,False,False,False,False,False,APENAS_SAVE_1
309143,"Náutico (RR)","","","",951,,,0x000C7470,,True,False,False,False,False,False,APENAS_SAVE_1
309144,"Progresso (RR)","","","",952,,,0x000C754E,,True,False,False,False,False,False,APENAS_SAVE_1
309145,"A Roraima C","","Roraima","",953,,,0x000C7646,,True,False,False,False,False,False,APENAS_SAVE_1
309146,"São Raimundo EC (RR)","","São Raimundo (RR)","",954,,,0x000C774C,,True,False,False,False,False,False,APENAS_SAVE_1
309358,"Murici FC","","Murici","",957,,,0x000C79A2,,True,False,False,False,False,False,APENAS_SAVE_1
309361,"SC Penedense","","Penedense","",958,,,0x000C7A64,,True,False,False,False,False,False,APENAS_SAVE_1
309614,"Centro Limoeirense","","Centro Limoeirense","",959,,,0x000C7B3C,,True,False,False,False,False,False,APENAS_SAVE_1
309616,"A Garanhuense A","","AGA","",960,,,0x000C7BF8,,True,False,False,False,False,False,APENAS_SAVE_1
309618,"Guajará EC","","Guajará","",961,,,0x000C7CC2,,True,False,False,False,False,False,APENAS_SAVE_1
309619,"SE União Cacoalense","","União Cacoalense","",962,,,0x000C7DB4,,True,False,False,False,False,False,APENAS_SAVE_1
309621,"Itabaiana Coritiba EC","","Coritiba (SE)","",963,,,0x000C7E90,,True,False,False,False,False,False,APENAS_SAVE_1
309622,"AC Lagartense","","Lagartense","",964,,,0x000C7F4E,,True,False,False,False,False,False,APENAS_SAVE_1
309624,"Gurupi EC","","Gurupi","",965,,,0x000C8018,,True,False,False,False,False,False,APENAS_SAVE_1
309626,"Intercap EC","","Intercap","",966,,,0x000C80EA,,True,False,False,False,False,False,APENAS_SAVE_1
309628,"AEC Baraúnas","","Baraúnas","",967,,,0x000C81B2,,True,False,False,False,False,False,APENAS_SAVE_1
309629,"Coríntians (RN)","","","",968,,,0x000C82A6,,True,False,False,False,False,False,APENAS_SAVE_1
309631,"SE Pauferrense","","Pauferrense","",969,,,0x000C8368,,True,False,False,False,False,False,APENAS_SAVE_1
309633,"ASSU","","ASSU","",970,,,0x000C8408,,True,False,False,False,False,False,APENAS_SAVE_1
309635,"São Gonçalo FC","","São Gonçalo","",971,,,0x000C84EE,,True,False,False,False,False,False,APENAS_SAVE_1
309637,"Andirá EC","","Andirá","",972,,,0x000C85C0,,True,False,False,False,False,False,APENAS_SAVE_1
309638,"C Atlético Acreano","","Atlético Acreano","",973,,,0x000C86BC,,True,False,False,False,False,False,APENAS_SAVE_1
309639,"Mazagão AC","","Mazagão","",974,,,0x000C8796,,True,False,False,False,False,False,APENAS_SAVE_1
309640,"Piauí EC","","Piauí","",975,,,0x000C886C,,True,False,False,False,False,False,APENAS_SAVE_1
309641,"Sousa EC","","Sousa","",976,,,0x000C8916,,True,False,False,False,False,False,APENAS_SAVE_1
309643,"Auto Esporte C (PB)","","Auto Esporte (PB)","",977,,,0x000C89F6,,True,False,False,False,False,False,APENAS_SAVE_1
309644,"Mixto (MT)","","","",978,,,0x000C8ABA,,True,False,False,False,False,False,APENAS_SAVE_1
309646,"Misto (MS)","","","",979,,,0x000C8B6E,,True,False,False,False,False,False,APENAS_SAVE_1
309648,"SE Nova Andradina","","Nova Andradina","",980,,,0x000C8C3C,,True,False,False,False,False,False,APENAS_SAVE_1
309650,"A Clíper C","","Clíper","",981,,,0x000C8D14,,True,False,False,False,False,False,APENAS_SAVE_1
309651,"Nacional Fast Club","","Fast Club","",982,,,0x000C8DE2,,True,False,False,False,False,False,APENAS_SAVE_1
309652,"Libermorro FC","","Libermorro","",983,,,0x000C8EC8,,True,False,False,False,False,False,APENAS_SAVE_1
309653,"Sul América EC","","Sul América","",984,,,0x000C8FB2,,True,False,False,False,False,False,APENAS_SAVE_1
309654,"Bacabal EC","","Bacabal","",985,,,0x000C906C,,True,False,False,False,False,False,APENAS_SAVE_1
309656,"Americano FC (MA)","","Americano (MA)","",986,,,0x000C9142,,True,False,False,False,False,False,APENAS_SAVE_1
309670,"Brasiliense FC","","Brasiliense","",987,,,0x000C941B,,True,False,False,False,False,False,APENAS_SAVE_1
309673,"Bandeirante (SP)","","","",988,,,0x000C94E7,,True,False,False,False,False,False,APENAS_SAVE_1
309735,"Grêmio E Bagé","","Grêmio Bagé","",989,,,0x000C95AF,,True,False,False,False,False,False,APENAS_SAVE_1
309736,"Cruzeiro (RS)","","Cruzeiro (RS)","",990,,,0x000C965D,,True,False,False,False,False,False,APENAS_SAVE_1
309737,"Americano (RS)","","Americano (RS)","",991,,,0x000C970F,,True,False,False,False,False,False,APENAS_SAVE_1
309738,"9 Reg. Infantaria","","9 Reg. Infantaria","",992,,,0x000C97CD,,True,False,False,False,False,False,APENAS_SAVE_1
309739,"Grêmio FB Santanense","","Grêmio Santanense","",993,,,0x000C98A7,,True,False,False,False,False,False,APENAS_SAVE_1
309740,"FBC Riograndense","","Riograndense","",994,,,0x000C997F,,True,False,False,False,False,False,APENAS_SAVE_1
309741,"Floriano","","Floriano","",995,,,0x000C9A19,,True,False,False,False,False,False,APENAS_SAVE_1
309743,"Hercílio Luz","","Hercílio Luz","",996,,,0x000C9AC3,,True,False,False,False,False,False,APENAS_SAVE_1
309744,"Caxias (SC)","","","",997,,,0x000C9B83,,True,False,False,False,False,False,APENAS_SAVE_1
309745,"Operário (SC)","","Operário (SC)","",998,,,0x000C9C31,,True,False,False,False,False,False,APENAS_SAVE_1
309746,"São Salvador","","São Salvador","",999,,,0x000C9CDB,,True,False,False,False,False,False,APENAS_SAVE_1
309747,"Santos Dumont","","Santos Dumont","",1000,,,0x000C9D89,,True,False,False,False,False,False,APENAS_SAVE_1
309748,"Internacional (BA)","","Internacional (BA)","",1001,,,0x000C9E4B,,True,False,False,False,False,False,APENAS_SAVE_1
309749,"República","","República","",1002,,,0x000C9EE9,,True,False,False,False,False,False,APENAS_SAVE_1
309750,"EC Ypiranga (BA)","","Ypiranga (BA)","",1003,,,0x000C9FB3,,True,False,False,False,False,False,APENAS_SAVE_1
309751,"Botafogo (BA)","","","",1004,,,0x000CA07B,,True,False,False,False,False,False,APENAS_SAVE_1
309752,"AA da Bahia","","AA da Bahia","",1005,,,0x000CA121,,True,False,False,False,False,False,APENAS_SAVE_1
309753,"Baiano de Tênis","","Baiano de Tênis","",1006,,,0x000CA1D7,,True,False,False,False,False,False,APENAS_SAVE_1
309754,"Perdigão","","Perdigão","",1007,,,0x000CA271,,True,False,False,False,False,False,APENAS_SAVE_1
309755,"Guarany (BA)","","Guarany (BA)","",1008,,,0x000CA31B,,True,False,False,False,False,False,APENAS_SAVE_1
309756,"Paula Ramos","","Paula Ramos","",1009,,,0x000CA3C1,,True,False,False,False,False,False,APENAS_SAVE_1
309757,"América Catarinense","","América Catarinense","",1010,,,0x000CA487,,True,False,False,False,False,False,APENAS_SAVE_1
309758,"Ferroviário (SC)","","Ferroviário (SC)","",1011,,,0x000CA541,,True,False,False,False,False,False,APENAS_SAVE_1
309759,"AD Leônico","","Leônico","",1012,,,0x000CA5F3,,True,False,False,False,False,False,APENAS_SAVE_1
309760,"Yale","","Yale","",1013,,,0x000CA67D,,True,False,False,False,False,False,APENAS_SAVE_1
309761,"Olimpic","","Olimpic","",1014,,,0x000CA713,,True,False,False,False,False,False,APENAS_SAVE_1
309762,"Siderúrgica","","Siderúrgica","",1015,,,0x000CA7B9,,True,False,False,False,False,False,APENAS_SAVE_1
309764,"Externato","","Externato","",1016,,,0x000CA857,,True,False,False,False,False,False,APENAS_SAVE_1
309765,"Lauro Müller","","Lauro Müller","",1017,,,0x000CA901,,True,False,False,False,False,False,APENAS_SAVE_1
309766,"Atlético Catarinense","","Atlético Catarinense","",1018,,,0x000CA9CB,,True,False,False,False,False,False,APENAS_SAVE_1
309767,"CIP","","CIP","",1019,,,0x000CAA51,,True,False,False,False,False,False,APENAS_SAVE_1
309768,"Ypiranga (SC)","","Ypiranga (SC)","",1020,,,0x000CAAFF,,True,False,False,False,False,False,APENAS_SAVE_1
309769,"Metropol","","Metropol","",1021,,,0x000CAB99,,True,False,False,False,False,False,APENAS_SAVE_1
309770,"CA Carlos Renaux","","Carlos Renaux","",1022,,,0x000CAC6B,,True,False,False,False,False,False,APENAS_SAVE_1
309771,"Flamengo (PE)","","","",1023,,,0x000CAD2B,,True,False,False,False,False,False,APENAS_SAVE_1
309772,"Torre","","Torre","",1024,,,0x000CADB9,,True,False,False,False,False,False,APENAS_SAVE_1
309773,"Tramways","","Tramways","",1025,,,0x000CAE53,,True,False,False,False,False,False,APENAS_SAVE_1
309774,"Íris","","Íris","",1026,,,0x000CAEDD,,True,False,False,False,False,False,APENAS_SAVE_1
309775,"Varzeano","","Varzeano","",1027,,,0x000CAF77,,True,False,False,False,False,False,APENAS_SAVE_1
309776,"Pinheiros (PR)","","Pinheiros (PR)","",1028,,,0x000CB029,,True,False,False,False,False,False,APENAS_SAVE_1
309777,"Colorado (PR)","","Colorado (PR)","",1029,,,0x000CB0D7,,True,False,False,False,False,False,APENAS_SAVE_1
309778,"Água Verde","","Água Verde","",1030,,,0x000CB179,,True,False,False,False,False,False,APENAS_SAVE_1
309780,"Internacional (PR)","","Internacional (PR)","",1031,,,0x000CB23B,,True,False,False,False,False,False,APENAS_SAVE_1
309781,"Britânia","","Britânia","",1032,,,0x000CB2D5,,True,False,False,False,False,False,APENAS_SAVE_1
309782,"América Paranaense","","América Paranaense","",1033,,,0x000CB397,,True,False,False,False,False,False,APENAS_SAVE_1
309783,"Palestra Itália","","Palestra Itália","",1034,,,0x000CB44D,,True,False,False,False,False,False,APENAS_SAVE_1
309784,"Ferroviário (PR)","","Ferroviário (PR)","",1035,,,0x000CB507,,True,False,False,False,False,False,APENAS_SAVE_1
309785,"Monte Alegre","","Monte Alegre","",1036,,,0x000CB5B1,,True,False,False,False,False,False,APENAS_SAVE_1
309786,"EC Comercial (PR)","","Comercial (PR)","",1037,,,0x000CB67F,,True,False,False,False,False,False,APENAS_SAVE_1
310299,"Olímpico (SC)","","Olímpico (SC)","",1038,,,0x000CB72D,,True,False,False,False,False,False,APENAS_SAVE_1
310351,"Internacional (SC)","","Internacional (SC)","",1039,,,0x000CB7EF,,True,False,False,False,False,False,APENAS_SAVE_1
310357,"EC XV de Novembro de Jaú","","XV de Jaú","",1040,,,0x000CB8C1,,True,False,False,False,False,False,APENAS_SAVE_1
310384,"AA São Mateus","","São Mateus","",1041,,,0x000CB97F,,True,False,False,False,False,False,APENAS_SAVE_1
310389,"Alegrense FC","","Alegrense","",1042,,,0x000CBA51,,True,False,False,False,False,False,APENAS_SAVE_1
310392,"CT Uniclinic","","Uniclinic","",1043,,,0x000CBB0B,,True,False,False,False,False,False,APENAS_SAVE_1
310636,"Boa Viagem EC","","Boa Viagem","",1044,,,0x000CBBC9,,True,False,False,False,False,False,APENAS_SAVE_1
310639,"Itapajé FC","","Itapajé","",1045,,,0x000CBC7B,,True,False,False,False,False,False,APENAS_SAVE_1
310642,"Guarany de Sobral","","","",1046,,,0x000CBD41,,True,False,False,False,False,False,APENAS_SAVE_1
310645,"Tiradentes (CE)","","","",1047,,,0x000CBE09,,True,False,False,False,False,False,APENAS_SAVE_1
310700,"Ituiutaba EC","","Ituiutaba","",1048,,,0x000CBECB,,True,False,False,False,False,False,APENAS_SAVE_1
310898,"Uberaba SC","","Uberaba","",1049,,,0x000CBF85,,True,False,False,False,False,False,APENAS_SAVE_1
310899,"Nacional FC (MG)","","Nacional (MG)","",1050,,,0x000CC057,,True,False,False,False,False,False,APENAS_SAVE_1
310900,"Social FC","","Social","",1051,,,0x000CC105,,True,False,False,False,False,False,APENAS_SAVE_1
310901,"CA Patrocinense","","Patrocinense","",1052,,,0x000CC1CB,,True,False,False,False,False,False,APENAS_SAVE_1
310902,"Atlético C de Três Corações","","Atlético de Três Corações","",1053,,,0x000CC2C3,,True,False,False,False,False,False,APENAS_SAVE_1
310903,"América FC de Alfenas","","América de Alfenas","",1054,,,0x000CC3A1,,True,False,False,False,False,False,APENAS_SAVE_1
310904,"AD Ateneu","","Ateneu","",1055,,,0x000CC457,,True,False,False,False,False,False,APENAS_SAVE_1
310905,"S Esportiva Guaxupé","","Esportiva","",1056,,,0x000CC51F,,True,False,False,False,False,False,APENAS_SAVE_1
310908,"SC Parnamirim","","Parnamirim","",1057,,,0x000CC5ED,,True,False,False,False,False,False,APENAS_SAVE_1
311000,"Ceilândia EC","","Ceilândia","",1058,,,0x000CC6B7,,True,False,False,False,False,False,APENAS_SAVE_1
311002,"CR Guará","","Guará","",1059,,,0x000CC761,,True,False,False,False,False,False,APENAS_SAVE_1
311004,"Sobradinho EC","","Sobradinho","",1060,,,0x000CC81F,,True,False,False,False,False,False,APENAS_SAVE_1
311020,"Flamengo (SP)","","","",1061,,,0x000CC8F3,,True,False,False,False,False,False,APENAS_SAVE_1
311022,"Garça FC","","Garça","",1062,,,0x000CC99D,,True,False,False,False,False,False,APENAS_SAVE_1
311024,"Independente (SP)","","","",1063,,,0x000CCA77,,True,False,False,False,False,False,APENAS_SAVE_1
311028,"Oeste FC","","Oeste","",1065,,,0x000CCDBE,,True,False,False,False,False,False,APENAS_SAVE_1
311030,"C Atlético Sorocaba","","Atlético Sorocaba","",1066,,,0x000CCE9E,,True,False,False,False,False,False,APENAS_SAVE_1
311032,"União Mogi das Cruzes FC","","União Mogi","",1067,,,0x000CCF72,,True,False,False,False,False,False,APENAS_SAVE_1
311034,"CA Taquaritinga","","Taquaritinga","",1068,,,0x000CD038,,True,False,False,False,False,False,APENAS_SAVE_1
311036,"EC Taubaté","","Taubaté","",1069,,,0x000CD0EA,,True,False,False,False,False,False,APENAS_SAVE_1
311038,"EC Palmeirense","","Palmeirense","",1070,,,0x000CD1AC,,True,False,False,False,False,False,APENAS_SAVE_1
311040,"SE São Gabriel","","São Gabriel","",1071,,,0x000CD28A,,True,False,False,False,False,False,APENAS_SAVE_1
311042,"AA Internacional de Bebedouro","","Inter de Bebedouro","",1072,,,0x000CD378,,True,False,False,False,False,False,APENAS_SAVE_1
311082,"Cataratas AC","","Cataratas","",1073,,,0x000CD432,,True,False,False,False,False,False,APENAS_SAVE_1
311085,"Copacabana SC","","Copacabana","",1074,,,0x000CD4F0,,True,False,False,False,False,False,APENAS_SAVE_1
311086,"Operário Ferroviário FC","","Operário (PR)","",1075,,,0x000CD5D0,,True,False,False,False,False,False,APENAS_SAVE_1
311097,"Duquecaxiense FC","","Duquecaxiense","",1076,,,0x000CD69A,,True,False,False,False,False,False,APENAS_SAVE_1
311103,"CE Arraial do Cabo","","Arraial do Cabo","",1077,,,0x000CD76C,,True,False,False,False,False,False,APENAS_SAVE_1
311105,"Mesquita FC","","Mesquita","",1078,,,0x000CD822,,True,False,False,False,False,False,APENAS_SAVE_1
311107,"Nova Iguaçu FC","","Nova Iguaçu","",1079,,,0x000CD8E4,,True,False,False,False,False,False,APENAS_SAVE_1
311108,"América FC de Três Rios","","América de Três Rios","",1080,,,0x000CD9D2,,True,False,False,False,False,False,APENAS_SAVE_1
311110,"Barra da Tijuca FC","","Barra da Tijuca","",1081,,,0x000CDAA4,,True,False,False,False,False,False,APENAS_SAVE_1
311112,"Canto do Rio FC","","Canto do Rio","",1082,,,0x000CDB6A,,True,False,False,False,False,False,APENAS_SAVE_1
311113,"Entrerriense FC","","Entrerriense","",1083,,,0x000CDC38,,True,False,False,False,False,False,APENAS_SAVE_1
311115,"EC Nova Cidade","","Nova Cidade","",1084,,,0x000CDCFA,,True,False,False,False,False,False,APENAS_SAVE_1
311519,"C Esportivo Passense FC","","Esportivo Passense","",1085,,,0x000CDDDC,,True,False,False,False,False,False,APENAS_SAVE_1
311841,"AA São Bento","","AA São Bento","",1086,,,0x000CDE86,,True,False,False,False,False,False,APENAS_SAVE_1
311842,"Renner","","Renner","",1087,,,0x000CDF18,,True,False,False,False,False,False,APENAS_SAVE_1
311867,"Farroupilha","","Farroupilha","",1088,,,0x000CDFBE,,True,False,False,False,False,False,APENAS_SAVE_1
311868,"Guarany de Cachoeira","","Guarany de Cachoeira","",1089,,,0x000CE088,,True,False,False,False,False,False,APENAS_SAVE_1
311869,"Democrata de Sete Lagoas FC","","Democrata SL","",1090,,,0x000CE150,,True,False,False,False,False,False,APENAS_SAVE_1
311870,"Retiro","","Retiro","",1091,,,0x000CE1E2,,True,False,False,False,False,False,APENAS_SAVE_1
311949,"AE Caxiense","","Caxiense","",1092,,,0x000CE2B4,,True,False,False,False,False,False,APENAS_SAVE_1
311951,"Atlético Cajazeirense D","","Atlético Cajazeirense","",1093,,,0x000CE3B8,,True,False,False,False,False,False,APENAS_SAVE_1
311953,"Guarabira EC","","Guarabira","",1094,,,0x000CE472,,True,False,False,False,False,False,APENAS_SAVE_1
311955,"CE Nova Esperança","","CENE","",1095,,,0x000CE557,,True,False,False,False,False,False,APENAS_SAVE_1
311957,"Cachoeiro FC","","Cachoeiro","",1096,,,0x000CE63D,,True,False,False,False,False,False,APENAS_SAVE_1
311959,"Palmeiras do Nordeste","","","",1097,,,0x000CE737,,True,False,False,False,False,False,APENAS_SAVE_1
311960,"AE Catuense","","Catuense","",1098,,,0x000CE7FD,,True,False,False,False,False,False,APENAS_SAVE_1
311962,"Casimiro de Abreu EC","","Casimiro de Abreu","",1099,,,0x000CE8D7,,True,False,False,False,False,False,APENAS_SAVE_1
311964,"Ceres FC","","Ceres","",1100,,,0x000CE981,,True,False,False,False,False,False,APENAS_SAVE_1
311968,"Rodoviário Piraí FC","","Rodoviário","",1101,,,0x000CEA4B,,True,False,False,False,False,False,APENAS_SAVE_1
311970,"Sete de Setembro (PE)","","","",1102,,,0x000CEB33,,True,False,False,False,False,False,APENAS_SAVE_1
311971,"Macaé EFC","","Macaé","",1103,,,0x000CEBE7,,True,False,False,False,False,False,APENAS_SAVE_1
311973,"Independente (RJ)","","","",1104,,,0x000CECBF,,True,False,False,False,False,False,APENAS_SAVE_1
312062,"Rubro Social EC","","Rubro Social","",1105,,,0x000CED85,,True,False,False,False,False,False,APENAS_SAVE_1
312064,"Everest (RJ)","","","",1106,,,0x000CEE41,,True,False,False,False,False,False,APENAS_SAVE_1
312292,"Ipiranga (SP)","","Ipiranga (SP)","",1107,,,0x000CEEEF,,True,False,False,False,False,False,APENAS_SAVE_1
312293,"AA do Mackenzie College","","AA do Mackenzie College","",1108,,,0x000CEFC5,,True,False,False,False,False,False,APENAS_SAVE_1
312294,"Campos Elísios","","Campos Elísios","",1109,,,0x000CF077,,True,False,False,False,False,False,APENAS_SAVE_1
312295,"Auto EC","","Auto EC","",1110,,,0x000CF10D,,True,False,False,False,False,False,APENAS_SAVE_1
312296,"Hespanha","","Hespanha","",1111,,,0x000CF1A7,,True,False,False,False,False,False,APENAS_SAVE_1
312297,"Savóia","","Savóia","",1112,,,0x000CF239,,True,False,False,False,False,False,APENAS_SAVE_1
312298,"Jacarezinho","","Jacarezinho","",1113,,,0x000CF2DF,,True,False,False,False,False,False,APENAS_SAVE_1
312299,"Cambaraense","","Cambaraense","",1114,,,0x000CF385,,True,False,False,False,False,False,APENAS_SAVE_1
312300,"Mandaguari","","Mandaguari","",1115,,,0x000CF427,,True,False,False,False,False,False,APENAS_SAVE_1
312301,"Seleto","","Seleto","",1116,,,0x000CF4B9,,True,False,False,False,False,False,APENAS_SAVE_1
312302,"Guarani (PR)","","Guarani (PR)","",1117,,,0x000CF563,,True,False,False,False,False,False,APENAS_SAVE_1
312303,"EC Paraná","","EC Paraná","",1118,,,0x000CF601,,True,False,False,False,False,False,APENAS_SAVE_1
312305,"São Paulo (BA)","","São Paulo (BA)","",1119,,,0x000CF6B3,,True,False,False,False,False,False,APENAS_SAVE_1
312306,"Energia Circular","","Energia Circular","",1120,,,0x000CF76D,,True,False,False,False,False,False,APENAS_SAVE_1
312309,"Mavilis","","Mavilis","",1121,,,0x000CF803,,True,False,False,False,False,False,APENAS_SAVE_1
312324,"Itabuna EC","","Itabuna","",1122,,,0x000CF8C1,,True,False,False,False,False,False,APENAS_SAVE_1
312326,"Juventus (SC)","","","",1123,,,0x000CF981,,True,False,False,False,False,False,APENAS_SAVE_1
312327,"Comercial de Joaçaba","","Comercial de Joaçaba","",1124,,,0x000CFA4B,,True,False,False,False,False,False,APENAS_SAVE_1
312328,"Almirante Barroso","","Almirante Barroso","",1125,,,0x000CFB09,,True,False,False,False,False,False,APENAS_SAVE_1
312329,"Paysandu (SC)","","Paysandu (SC)","",1126,,,0x000CFBB7,,True,False,False,False,False,False,APENAS_SAVE_1
312330,"Adolfo Konder","","Adolfo Konder","",1127,,,0x000CFC65,,True,False,False,False,False,False,APENAS_SAVE_1
312331,"Trabalhista","","Trabalhista","",1128,,,0x000CFD0B,,True,False,False,False,False,False,APENAS_SAVE_1
312332,"Pery","","Pery","",1129,,,0x000CFD95,,True,False,False,False,False,False,APENAS_SAVE_1
312333,"Palmeiras BH","","Palmeiras BH","",1130,,,0x000CFE3F,,True,False,False,False,False,False,APENAS_SAVE_1
312334,"Guarani de Alegrete","","Guarani de Alegrete","",1131,,,0x000CFF05,,True,False,False,False,False,False,APENAS_SAVE_1
313190,"Barra EC","","Barra","",1132,,,0x000CFFAF,,True,False,False,False,False,False,APENAS_SAVE_1
313222,"Cáceres EC","","Cáceres","",1133,,,0x000D0061,,True,False,False,False,False,False,APENAS_SAVE_1
313224,"CE Dom Bosco","","Dom Bosco","",1134,,,0x000D012B,,True,False,False,False,False,False,APENAS_SAVE_1
313225,"CA Sorriso","","Sorriso","",1135,,,0x000D01E5,,True,False,False,False,False,False,APENAS_SAVE_1
313227,"SE Vila Aurora","","Vila Aurora","",1136,,,0x000D02AF,,True,False,False,False,False,False,APENAS_SAVE_1
313228,"Santa Cruz FC (MT)","","Santa Cruz (MT)","",1137,,,0x000D0389,,True,False,False,False,False,False,APENAS_SAVE_1
313230,"Riachuelo FC (MS)","","Riachuelo (MS)","",1138,,,0x000D0467,,True,False,False,False,False,False,APENAS_SAVE_1
313232,"Ponta Porã SE","","Ponta Porã","",1139,,,0x000D0525,,True,False,False,False,False,False,APENAS_SAVE_1
313234,"CA Cassilandense","","Cassilandense","",1140,,,0x000D05EF,,True,False,False,False,False,False,APENAS_SAVE_1
313236,"EC Taveirópolis","","Taveirópolis","",1141,,,0x000D06C5,,True,False,False,False,False,False,APENAS_SAVE_1
313238,"Operário de Dourados","","","",1142,,,0x000D079B,,True,False,False,False,False,False,APENAS_SAVE_1
313239,"AA das Moreninhas","","Moreninhas","",1143,,,0x000D0871,,True,False,False,False,False,False,APENAS_SAVE_1
313240,"CA Mundo Novo","","Mundo Novo","",1144,,,0x000D092F,,True,False,False,False,False,False,APENAS_SAVE_1
313242,"AD de Senador Guiomard","","ADESG","",1145,,,0x000D09F5,,True,False,False,False,False,False,APENAS_SAVE_1
313244,"Juventus (AC)","","","",1146,,,0x000D0AD5,,True,False,False,False,False,False,APENAS_SAVE_1
313245,"Maracaju AC","","Maracaju","",1147,,,0x000D0B8B,,True,False,False,False,False,False,APENAS_SAVE_1
313247,"Pantanal FC","","Pantanal","",1148,,,0x000D0C51,,True,False,False,False,False,False,APENAS_SAVE_1
313248,"Ivinhema AC","","Ivinhema","",1149,,,0x000D0D07,,True,False,False,False,False,False,APENAS_SAVE_1
313250,"União (MS)","","","",1150,,,0x000D0DCB,,True,False,False,False,False,False,APENAS_SAVE_1
313251,"CSE","","CSE","",1151,,,0x000D0E67,,True,False,False,False,False,False,APENAS_SAVE_1
313253,"Amapá C","","Amapá","",1152,,,0x000D0F4F,,True,False,False,False,False,False,APENAS_SAVE_1
313254,"CA Cristal","","Cristal","",1153,,,0x000D1011,,True,False,False,False,False,False,APENAS_SAVE_1
313255,"Independente (AP)","","","",1154,,,0x000D10F1,,True,False,False,False,False,False,APENAS_SAVE_1
313256,"Oratório RC","","Oratório","",1155,,,0x000D11B7,,True,False,False,False,False,False,APENAS_SAVE_1
313257,"São Paulo FC (AP)","","São Paulo (AP)","",1156,,,0x000D128D,,True,False,False,False,False,False,APENAS_SAVE_1
313258,"EC Macapá","","Macapá","",1157,,,0x000D1373,,True,False,False,False,False,False,APENAS_SAVE_1
313259,"Princesa do Solimões EC","","Princesa","",1158,,,0x000D1441,,True,False,False,False,False,False,APENAS_SAVE_1
313261,"Quixadá FC","","Quixadá","",1159,,,0x000D14F3,,True,False,False,False,False,False,APENAS_SAVE_1
313263,"América FC (CE)","","América (CE)","",1160,,,0x000D15D1,,True,False,False,False,False,False,APENAS_SAVE_1
313264,"ARUC","","ARUC","",1161,,,0x000D1671,,True,False,False,False,False,False,APENAS_SAVE_1
313265,"Samambaia FC","","Samambaia","",1162,,,0x000D172B,,True,False,False,False,False,False,APENAS_SAVE_1
313267,"AA Luziânia","","Luziânia","",1163,,,0x000D17E1,,True,False,False,False,False,False,APENAS_SAVE_1
313269,"Riachuelo (ES)","","","",1164,,,0x000D18A5,,True,False,False,False,False,False,APENAS_SAVE_1
313271,"SE Santa Maria (ES)","","Santa Maria (ES)","",1165,,,0x000D197B,,True,False,False,False,False,False,APENAS_SAVE_1
313273,"Vitória FC (ES)","","Vitória (ES)","",1166,,,0x000D1A41,,True,False,False,False,False,False,APENAS_SAVE_1
313275,"EC Aracruz","","Aracruz","",1167,,,0x000D1AF3,,True,False,False,False,False,False,APENAS_SAVE_1
313277,"Pedreira EC","","Pedreira","",1168,,,0x000D1BA9,,True,False,False,False,False,False,APENAS_SAVE_1
313279,"Bragantino C do Pará","","Bragantino (PA)","",1169,,,0x000D1C7F,,True,False,False,False,False,False,APENAS_SAVE_1
313281,"EC Boa Vontade","","Boa Vontade","",1170,,,0x000D1D51,,True,False,False,False,False,False,APENAS_SAVE_1
313283,"Expressinho FC","","Expressinho","",1171,,,0x000D1E23,,True,False,False,False,False,False,APENAS_SAVE_1
313284,"SE Santa Inês","","Santa Inês","",1172,,,0x000D1EE9,,True,False,False,False,False,False,APENAS_SAVE_1
313286,"São Bento (MA)","","","",1173,,,0x000D1FAD,,True,False,False,False,False,False,APENAS_SAVE_1
313288,"Tocantins EC (MA)","","Tocantins (MA)","",1174,,,0x000D2083,,True,False,False,False,False,False,APENAS_SAVE_1
313289,"EC Viana","","Viana","",1175,,,0x000D212D,,True,False,False,False,False,False,APENAS_SAVE_1
313291,"Santa Cruz (PB)","","","",1176,,,0x000D21F5,,True,False,False,False,False,False,APENAS_SAVE_1
313293,"Nacional de Patos","","","",1177,,,0x000D22CF,,True,False,False,False,False,False,APENAS_SAVE_1
313295,"Serrano (PB)","","","",1178,,,0x000D238B,,True,False,False,False,False,False,APENAS_SAVE_1
313297,"SCR de Monteiro","","Socremo","",1179,,,0x000D2447,,True,False,False,False,False,False,APENAS_SAVE_1
313299,"Caiçara EC","","Caiçara","",1180,,,0x000D2501,,True,False,False,False,False,False,APENAS_SAVE_1
313301,"AA Cori-Sabbá","","Cori-Sabbá","",1181,,,0x000D25BF,,True,False,False,False,False,False,APENAS_SAVE_1
313303,"Oeiras AC","","Oeiras","",1182,,,0x000D266D,,True,False,False,False,False,False,APENAS_SAVE_1
313305,"Parnahyba SC","","Parnahyba","",1183,,,0x000D274B,,True,False,False,False,False,False,APENAS_SAVE_1
313307,"São Paulo FC (RN)","","São Paulo (RN)","",1184,,,0x000D2829,,True,False,False,False,False,False,APENAS_SAVE_1
313308,"Ajax (RO)","","","",1185,,,0x000D28E1,,True,False,False,False,False,False,APENAS_SAVE_1
313310,"SE Ariquemes","","Ariquemes","",1186,,,0x000D299B,,True,False,False,False,False,False,APENAS_SAVE_1
313312,"Cruzeiro EC (RO)","","Cruzeiro (RO)","",1187,,,0x000D2A99,,True,False,False,False,False,False,APENAS_SAVE_1
313313,"SC Shallon","","Shallon","",1188,,,0x000D2B63,,True,False,False,False,False,False,APENAS_SAVE_1
313314,"River (RR)","","","",1189,,,0x000D2C17,,True,False,False,False,False,False,APENAS_SAVE_1
313315,"Amadense EC","","Amadense","",1190,,,0x000D2CE9,,True,False,False,False,False,False,APENAS_SAVE_1
313317,"Dorense FC","","Dorense","",1191,,,0x000D2D9B,,True,False,False,False,False,False,APENAS_SAVE_1
313319,"SC Gararu","","Gararu","",1192,,,0x000D2E49,,True,False,False,False,False,False,APENAS_SAVE_1
313321,"CS Maruinense","","Maruinense","",1193,,,0x000D2F07,,True,False,False,False,False,False,APENAS_SAVE_1
313323,"São Cristóvão (SE)","","","",1194,,,0x000D2FDB,,True,False,False,False,False,False,APENAS_SAVE_1
313325,"Cotingüiba EC","","Cotingüiba","",1195,,,0x000D3099,,True,False,False,False,False,False,APENAS_SAVE_1
313327,"Estanciano EC","","Estanciano","",1196,,,0x000D3157,,True,False,False,False,False,False,APENAS_SAVE_1
313329,"EC Propriá","","Propriá","",1197,,,0x000D3211,,True,False,False,False,False,False,APENAS_SAVE_1
313331,"Olímpico (SE)","","","",1198,,,0x000D32D1,,True,False,False,False,False,False,APENAS_SAVE_1
313333,"AA Alvorada","","Alvorada","",1199,,,0x000D3387,,True,False,False,False,False,False,APENAS_SAVE_1
313335,"Clube dos XXX","","Clube dos XXX","",1200,,,0x000D345B,,True,False,False,False,False,False,APENAS_SAVE_1
313337,"Colinas EC","","Colinas","",1201,,,0x000D3515,,True,False,False,False,False,False,APENAS_SAVE_1
313339,"Tocantins EC (TO)","","Tocantins (TO)","",1202,,,0x000D35EB,,True,False,False,False,False,False,APENAS_SAVE_1
313341,"Araguaína FR","","Araguaína","",1203,,,0x000D36B5,,True,False,False,False,False,False,APENAS_SAVE_1
313342,"Miracema EC","","Miracema","",1204,,,0x000D3773,,True,False,False,False,False,False,APENAS_SAVE_1
313343,"União A Araguainense","","União Araguainense","",1205,,,0x000D385F,,True,False,False,False,False,False,APENAS_SAVE_1
313344,"Grêmio E Acreano","","Grêmio Acreano","",1206,,,0x000D392B,,True,False,False,False,False,False,APENAS_SAVE_1
313347,"Floresta FC","","Floresta","",1207,,,0x000D39E1,,True,False,False,False,False,False,APENAS_SAVE_1
313348,"Dínamo (AL)","","","",1208,,,0x000D3A99,,True,False,False,False,False,False,APENAS_SAVE_1
313350,"Trem Desportivo C","","Trem Desportivo","",1209,,,0x000D3B79,,True,False,False,False,False,False,APENAS_SAVE_1
313351,"SE Ceilandense","","Ceilandense","",1210,,,0x000D3C4B,,True,False,False,False,False,False,APENAS_SAVE_1
313352,"CF Zico de Brasília SE (DF)","","CFZ (DF)","",1211,,,0x000D3D3D,,True,False,False,False,False,False,APENAS_SAVE_1
313354,"26 de Outubro FC","","26 de Outubro","",1212,,,0x000D3E17,,True,False,False,False,False,False,APENAS_SAVE_1
313355,"Castelo FC","","Castelo","",1213,,,0x000D3EC9,,True,False,False,False,False,False,APENAS_SAVE_1
313357,"Vilavelhense FC","","Vilavelhense","",1214,,,0x000D3F8F,,True,False,False,False,False,False,APENAS_SAVE_1
313359,"Uruburetama FC","","Uruburetama","",1215,,,0x000D4051,,True,False,False,False,False,False,APENAS_SAVE_1
313361,"Ferroviário EC (MA)","","Ferroviário (MA)","",1216,,,0x000D4137,,True,False,False,False,False,False,APENAS_SAVE_1
313362,"Açailândia FC","","Açailândia","",1217,,,0x000D41F5,,True,False,False,False,False,False,APENAS_SAVE_1
313364,"SE Palmeiras (MT)","","Palmeiras (MT)","",1218,,,0x000D42CB,,True,False,False,False,False,False,APENAS_SAVE_1
313365,"AD Perilima","","Perilima","",1219,,,0x000D4391,,True,False,False,False,False,False,APENAS_SAVE_1
313366,"Comercial AC (PI)","","Comercial (PI)","",1220,,,0x000D4467,,True,False,False,False,False,False,APENAS_SAVE_1
313367,"Auto Esporte C (PI)","","Auto Esporte (PI)","",1221,,,0x000D454F,,True,False,False,False,False,False,APENAS_SAVE_1
313368,"Mossoró EC","","Mossoró","",1222,,,0x000D4611,,True,False,False,False,False,False,APENAS_SAVE_1
313369,"Caicó EC","","Caicó","",1223,,,0x000D46C3,,True,False,False,False,False,False,APENAS_SAVE_1
313370,"Macau EC","","Macau","",1224,,,0x000D476D,,True,False,False,False,False,False,APENAS_SAVE_1
313372,"Porto Velho FC","","Porto Velho","",1225,,,0x000D482F,,True,False,False,False,False,False,APENAS_SAVE_1
313373,"Vilhena EC","","Vilhena","",1226,,,0x000D48E9,,True,False,False,False,False,False,APENAS_SAVE_1
313374,"EC Osasco","","Osasco","",1227,,,0x000D4997,,True,False,False,False,False,False,APENAS_SAVE_1
313377,"SE Veneciano","","Veneciano","",1228,,,0x000D4A51,,True,False,False,False,False,False,APENAS_SAVE_1
313380,"América FC (AC)","","América Acreano","",1229,,,0x000D4B1D,,True,False,False,False,False,False,APENAS_SAVE_1
313415,"Sampaio","","Sampaio","",1230,,,0x000D4BB3,,True,False,False,False,False,False,APENAS_SAVE_1
313438,"Santa Cruz (AL)","","Santa Cruz (AL)","",1231,,,0x000D4C69,,True,False,False,False,False,False,APENAS_SAVE_1
313439,"Barroso","","Barroso","",1232,,,0x000D4CFF,,True,False,False,False,False,False,APENAS_SAVE_1
313440,"Alexandria","","Alexandria","",1233,,,0x000D4DA1,,True,False,False,False,False,False,APENAS_SAVE_1
313441,"Ferroviário AC (AL)","","Ferroviário (AL)","",1234,,,0x000D4E77,,True,False,False,False,False,False,APENAS_SAVE_1
313442,"Capelense","","Capelense","",1235,,,0x000D4F15,,True,False,False,False,False,False,APENAS_SAVE_1
313514,"Santana EC","","Santana","",1236,,,0x000D4FD7,,True,False,False,False,False,False,APENAS_SAVE_1
313515,"CEA","","CEA","",1237,,,0x000D505D,,True,False,False,False,False,False,APENAS_SAVE_1
313516,"Guarany (AP)","","Guarany (AP)","",1238,,,0x000D5107,,True,False,False,False,False,False,APENAS_SAVE_1
313517,"Juventus (AP)","","Juventus (AP)","",1239,,,0x000D51B5,,True,False,False,False,False,False,APENAS_SAVE_1
313574,"Manaus Athletic","","Manaus Athletic","",1240,,,0x000D526B,,True,False,False,False,False,False,APENAS_SAVE_1
313575,"Cruzeiro do Sul","","Cruzeiro do Sul","",1241,,,0x000D5321,,True,False,False,False,False,False,APENAS_SAVE_1
313576,"União Esportiva","","União Esportiva","",1242,,,0x000D53D7,,True,False,False,False,False,False,APENAS_SAVE_1
313577,"Olímpico (AM)","","Olímpico (AM)","",1243,,,0x000D5485,,True,False,False,False,False,False,APENAS_SAVE_1
313578,"Maguari","","Maguari","",1244,,,0x000D551B,,True,False,False,False,False,False,APENAS_SAVE_1
313579,"Santos (AM)","","Santos (AM)","",1245,,,0x000D55C1,,True,False,False,False,False,False,APENAS_SAVE_1
313580,"Manaus Sporting","","Manaus Sporting","",1246,,,0x000D5677,,True,False,False,False,False,False,APENAS_SAVE_1
313581,"AA Rodoviária","","AA Rodoviária","",1247,,,0x000D5725,,True,False,False,False,False,False,APENAS_SAVE_1
313669,"São Domingos (AL)","","","",1248,,,0x000D57FD,,True,False,False,False,False,False,APENAS_SAVE_1
313670,"Zumbi EC","","Zumbi","",1249,,,0x000D58A7,,True,False,False,False,False,False,APENAS_SAVE_1
313673,"Orion","","Orion","",1250,,,0x000D5935,,True,False,False,False,False,False,APENAS_SAVE_1
313674,"Gentilândia","","Gentilândia","",1251,,,0x000D59DB,,True,False,False,False,False,False,APENAS_SAVE_1
313675,"Calouros do Ar FC","","Calouros do Ar","",1252,,,0x000D5AA9,,True,False,False,False,False,False,APENAS_SAVE_1
313749,"ADRC Icasa","","Icasa","",1253,,,0x000D5B5F,,True,False,False,False,False,False,APENAS_SAVE_1
313773,"Kaburé EC","","Kaburé","",1254,,,0x000D5C15,,True,False,False,False,False,False,APENAS_SAVE_1
313780,"Fênix","","Fênix","",1255,,,0x000D5CA3,,True,False,False,False,False,False,APENAS_SAVE_1
313781,"Luso Brasileiro","","Luso Brasileiro","",1256,,,0x000D5D59,,True,False,False,False,False,False,APENAS_SAVE_1
313782,"Football AC","","Football AC","",1257,,,0x000D5DFF,,True,False,False,False,False,False,APENAS_SAVE_1
313783,"Vasco (MA)","","Vasco (MA)","",1258,,,0x000D5EA1,,True,False,False,False,False,False,APENAS_SAVE_1
313784,"Sírio","","Sírio","",1259,,,0x000D5F2F,,True,False,False,False,False,False,APENAS_SAVE_1
313785,"Tupan","","Tupan","",1260,,,0x000D5FBD,,True,False,False,False,False,False,APENAS_SAVE_1
313786,"Vitória do Mar FC","","Vitória do Mar","",1261,,,0x000D608B,,True,False,False,False,False,False,APENAS_SAVE_1
313787,"Coroatá FC","","Coroatá","",1262,,,0x000D613D,,True,False,False,False,False,False,APENAS_SAVE_1
313788,"Taguatinga EC","","Taguatinga","",1263,,,0x000D6203,,True,False,False,False,False,False,APENAS_SAVE_1
313789,"Tiradentes (DF)","","","",1264,,,0x000D62CB,,True,False,False,False,False,False,APENAS_SAVE_1
313900,"SER Chapadão","","Chapadão","",1265,,,0x000D639B,,True,False,False,False,False,False,APENAS_SAVE_1
313901,"Corumbaense FC","","Corumbaense","",1266,,,0x000D646D,,True,False,False,False,False,False,APENAS_SAVE_1
313902,"CE Operário VG","","Operário (MT)","",1267,,,0x000D6543,,True,False,False,False,False,False,APENAS_SAVE_1
313903,"Matogrossense","","Matogrossense","",1268,,,0x000D65F1,,True,False,False,False,False,False,APENAS_SAVE_1
313904,"Americano (MT)","","Americano (MT)","",1269,,,0x000D66A3,,True,False,False,False,False,False,APENAS_SAVE_1
314078,"Ferroviário AC (RO)","","Ferroviário (RO)","",1270,,,0x000D6779,,True,False,False,False,False,False,APENAS_SAVE_1
314082,"Grêmio Rondoniense","","","",1271,,,0x000D683F,,True,False,False,False,False,False,APENAS_SAVE_1
314089,"Ouro Preto EC","","Ouro Preto","",1272,,,0x000D68FD,,True,False,False,False,False,False,APENAS_SAVE_1
314096,"Militar","","Militar","",1273,,,0x000D6993,,True,False,False,False,False,False,APENAS_SAVE_1
314097,"Artístico","","Artístico","",1274,,,0x000D6A31,,True,False,False,False,False,False,APENAS_SAVE_1
314098,"Botafogo (PI)","","","",1275,,,0x000D6B01,,True,False,False,False,False,False,APENAS_SAVE_1
314099,"Teresinense","","Teresinense","",1276,,,0x000D6BA7,,True,False,False,False,False,False,APENAS_SAVE_1
314100,"Palmeiras (PI)","","Palmeiras (PI)","",1277,,,0x000D6C59,,True,False,False,False,False,False,APENAS_SAVE_1
314101,"Tiradentes (PI)","","","",1278,,,0x000D6D31,,True,False,False,False,False,False,APENAS_SAVE_1
314102,"Paysandu (PI)","","","",1279,,,0x000D6DF9,,True,False,False,False,False,False,APENAS_SAVE_1
314193,"CA Camponovense","","Camponovense","",1280,,,0x000D6EBF,,True,False,False,False,False,False,APENAS_SAVE_1
314195,"CA Catarinense","","Catarinense","",1281,,,0x000D6F81,,True,False,False,False,False,False,APENAS_SAVE_1
314197,"Atlético C Chapecó","","Atlético Chapecó","",1282,,,0x000D705D,,True,False,False,False,False,False,APENAS_SAVE_1
314198,"Santos FC (PB)","","Santos (PB)","",1283,,,0x000D711F,,True,False,False,False,False,False,APENAS_SAVE_1
314199,"AC Izabelense","","Izabelense","",1284,,,0x000D71DD,,True,False,False,False,False,False,APENAS_SAVE_1
314201,"CA Vila Rica","","Vila Rica","",1285,,,0x000D729F,,True,False,False,False,False,False,APENAS_SAVE_1
314202,"AA Teixeira de Freitas","","Teixeira de Freitas","",1286,,,0x000D7381,,True,False,False,False,False,False,APENAS_SAVE_1
314204,"Grapiúna AC","","Grapiúna","",1287,,,0x000D743F,,True,False,False,False,False,False,APENAS_SAVE_1
314206,"AD Jequié","","Jequié","",1288,,,0x000D74ED,,True,False,False,False,False,False,APENAS_SAVE_1
314208,"Desportiva (RN)","","Desportiva (RN)","",1289,,,0x000D75A3,,True,False,False,False,False,False,APENAS_SAVE_1
314235,"Santa Cruz (RN)","","Santa Cruz (RN)","",1290,,,0x000D7659,,True,False,False,False,False,False,APENAS_SAVE_1
314291,"Confiança (PB)","","","",1291,,,0x000D771D,,True,False,False,False,False,False,APENAS_SAVE_1
314293,"Vasco (SE)","","","",1292,,,0x000D77D1,,True,False,False,False,False,False,APENAS_SAVE_1
314294,"Riachuelo FC (SE)","","Riachuelo (SE)","",1293,,,0x000D789F,,True,False,False,False,False,False,APENAS_SAVE_1
314297,"América FC (SE)","","América (SE)","",1294,,,0x000D796D,,True,False,False,False,False,False,APENAS_SAVE_1
314299,"Industrial","","Industrial","",1295,,,0x000D7A0F,,True,False,False,False,False,False,APENAS_SAVE_1
314300,"Palestra","","Palestra","",1296,,,0x000D7AA9,,True,False,False,False,False,False,APENAS_SAVE_1
314301,"Ipiranga (SE)","","Ipiranga (SE)","",1297,,,0x000D7B57,,True,False,False,False,False,False,APENAS_SAVE_1
314302,"Passagem","","Passagem","",1298,,,0x000D7BF1,,True,False,False,False,False,False,APENAS_SAVE_1
314303,"Santa Cruz (SE)","","Santa Cruz (SE)","",1299,,,0x000D7CA7,,True,False,False,False,False,False,APENAS_SAVE_1
314304,"Lagarto","","Lagarto","",1300,,,0x000D7D3D,,True,False,False,False,False,False,APENAS_SAVE_1
314305,"Olímpico Itabaianinha","","","",1301,,,0x000D7E0D,,True,False,False,False,False,False,APENAS_SAVE_1
314308,"Colégio Pio X","","Colégio Pio X","",1302,,,0x000D7EBB,,True,False,False,False,False,False,APENAS_SAVE_1
314309,"Cabo Branco","","Cabo Branco","",1303,,,0x000D7F61,,True,False,False,False,False,False,APENAS_SAVE_1
314310,"Palmeiras (PB)","","Palmeiras (PB)","",1304,,,0x000D8013,,True,False,False,False,False,False,APENAS_SAVE_1
314311,"Pytaguares","","Pytaguares","",1305,,,0x000D80B5,,True,False,False,False,False,False,APENAS_SAVE_1
314312,"América Paraíbano","","América Paraíbano","",1306,,,0x000D8173,,True,False,False,False,False,False,APENAS_SAVE_1
314313,"Clube Ástrea","","Clube Ástrea","",1307,,,0x000D821D,,True,False,False,False,False,False,APENAS_SAVE_1
314314,"Felipéia","","Felipéia","",1308,,,0x000D82B7,,True,False,False,False,False,False,APENAS_SAVE_1
314315,"Red Cross","","Red Cross","",1309,,,0x000D8355,,True,False,False,False,False,False,APENAS_SAVE_1
314316,"Estrela do Mar","","Estrela do Mar","",1310,,,0x000D8407,,True,False,False,False,False,False,APENAS_SAVE_1
314317,"América Capixaba","","América Capixaba","",1311,,,0x000D84C1,,True,False,False,False,False,False,APENAS_SAVE_1
314318,"Santo Antônio","","Santo Antônio","",1312,,,0x000D856F,,True,False,False,False,False,False,APENAS_SAVE_1
314319,"Americano (ES)","","Americano (ES)","",1313,,,0x000D8621,,True,False,False,False,False,False,APENAS_SAVE_1
314320,"Caxias (ES)","","Caxias (ES)","",1314,,,0x000D86C7,,True,False,False,False,False,False,APENAS_SAVE_1
314321,"Valeriodoce","","Valeriodoce","",1315,,,0x000D876D,,True,False,False,False,False,False,APENAS_SAVE_1
314322,"Santos (ES)","","Santos (ES)","",1316,,,0x000D8813,,True,False,False,False,False,False,APENAS_SAVE_1
314328,"AA Colatina","","Colatina","",1317,,,0x000D88D1,,True,False,False,False,False,False,APENAS_SAVE_1
314330,"Muniz Freire FC","","Muniz Freire","",1318,,,0x000D8997,,True,False,False,False,False,False,APENAS_SAVE_1
314332,"Rio Branco FC de Venda Nova","","Rio Branco VN","",1319,,,0x000D8A77,,True,False,False,False,False,False,APENAS_SAVE_1
314334,"Ibiraçú EC","","Ibiraçú","",1320,,,0x000D8B29,,True,False,False,False,False,False,APENAS_SAVE_1
314336,"Guarapari EC","","Guarapari","",1321,,,0x000D8BE3,,True,False,False,False,False,False,APENAS_SAVE_1
314592,"Primeiro de Maio EC","","Primeiro de Maio","",1322,,,0x000D8CC1,,True,False,False,False,False,False,APENAS_SAVE_1
314594,"Petrolina FC","","Petrolina","",1323,,,0x000D8D83,,True,False,False,False,False,False,APENAS_SAVE_1
314598,"Limoeiro FC","","Limoeiro","",1324,,,0x000D8E3D,,True,False,False,False,False,False,APENAS_SAVE_1
314600,"Cianorte FC","","Cianorte","",1325,,,0x000D8EF7,,True,False,False,False,False,False,APENAS_SAVE_1
314602,"Nacional AC (PR)","","Nacional (PR)","",1326,,,0x000D8FC5,,True,False,False,False,False,False,APENAS_SAVE_1
314604,"AC Paranavaí","","Paranavaí","",1327,,,0x000D908B,,True,False,False,False,False,False,APENAS_SAVE_1
314607,"Guarani EC (CE)","","Guarani (CE)","",1328,,,0x000D9151,,True,False,False,False,False,False,APENAS_SAVE_1
314611,"Usina Ceará","","Usina Ceará","",1329,,,0x000D91F7,,True,False,False,False,False,False,APENAS_SAVE_1
314612,"Brasil (CE)","","Brasil (CE)","",1330,,,0x000D929D,,True,False,False,False,False,False,APENAS_SAVE_1
314614,"CEUB","","CEUB","",1331,,,0x000D9327,,True,False,False,False,False,False,APENAS_SAVE_1
314616,"CR Flamengo (RO)","","Flamengo (RO)","",1332,,,0x000D93F1,,True,False,False,False,False,False,APENAS_SAVE_1
314617,"Ypiranga (RO)","","Ypiranga (RO)","",1333,,,0x000D949F,,True,False,False,False,False,False,APENAS_SAVE_1
314618,"Moto Clube (RO)","","Moto Clube (RO)","",1334,,,0x000D9555,,True,False,False,False,False,False,APENAS_SAVE_1
314619,"São Domingos (RO)","","São Domingos (RO)","",1335,,,0x000D9613,,True,False,False,False,False,False,APENAS_SAVE_1
314620,"Botafogo (RO)","","Botafogo (RO)","",1336,,,0x000D96C1,,True,False,False,False,False,False,APENAS_SAVE_1
314684,"Ipanema AC","","Ipanema","",1337,,,0x000D9773,,True,False,False,False,False,False,APENAS_SAVE_1
314686,"Comercial FC (AL)","","Comercial (AL)","",1338,,,0x000D9841,,True,False,False,False,False,False,APENAS_SAVE_1
314688,"Comercial AC (ES)","","Comercial (ES)","",1339,,,0x000D9917,,True,False,False,False,False,False,APENAS_SAVE_1
314690,"Norte Clube","","Norte Clube","",1340,,,0x000D99BD,,True,False,False,False,False,False,APENAS_SAVE_1
314691,"Nacional (PA)","","Nacional (PA)","",1341,,,0x000D9A6B,,True,False,False,False,False,False,APENAS_SAVE_1
314692,"Guarany (PA)","","Guarany (PA)","",1342,,,0x000D9B15,,True,False,False,False,False,False,APENAS_SAVE_1
314694,"Sino-Brasileiro","","Sino-Brasileiro","",1343,,,0x000D9BCB,,True,False,False,False,False,False,APENAS_SAVE_1
314695,"São Francisco FC (RR)","","São Francisco (RR)","",1344,,,0x000D9CA9,,True,False,False,False,False,False,APENAS_SAVE_1
314718,"SE Naviraiense","","Naviraiense","",1345,,,0x000D9D6B,,True,False,False,False,False,False,APENAS_SAVE_1
314721,"Douradense","","Douradense","",1346,,,0x000D9E0D,,True,False,False,False,False,False,APENAS_SAVE_1
314730,"Rio Branco (RJ)","","","",1347,,,0x000D9EE5,,True,False,False,False,False,False,APENAS_SAVE_1
314734,"CA Piranhas","","CAP","",1348,,,0x000D9F91,,True,False,False,False,False,False,APENAS_SAVE_1
314735,"CF Amazônia","","CFA","",1349,,,0x000DA03D,,True,False,False,False,False,False,APENAS_SAVE_1
314744,"CM Ananindeua","","Ananindeua","",1350,,,0x000DA0FB,,True,False,False,False,False,False,APENAS_SAVE_1
314746,"Bom Jesús (AL)","","","",1351,,,0x000DA1BF,,True,False,False,False,False,False,APENAS_SAVE_1
314748,"Arsenal (MT)","","","",1352,,,0x000DA283,,True,False,False,False,False,False,APENAS_SAVE_1
314749,"Diamantino EC","","Diamantino","",1353,,,0x000DA341,,True,False,False,False,False,False,APENAS_SAVE_1
314751,"Nova Xavantina EC","","Nova Xavantina","",1354,,,0x000DA40F,,True,False,False,False,False,False,APENAS_SAVE_1
314753,"CA Paranaibense","","Paranaibense","",1355,,,0x000DA4D5,,True,False,False,False,False,False,APENAS_SAVE_1
314755,"ACD Potyguar S","","Potyguar","",1356,,,0x000DA591,,True,False,False,False,False,False,APENAS_SAVE_1
314757,"C Atlético Hermann Aichinger","","Hermann Aichinger","",1357,,,0x000DA68B,,True,False,False,False,False,False,APENAS_SAVE_1
314759,"Águia do Vale AC","","Águia do Vale","",1358,,,0x000DA755,,True,False,False,False,False,False,APENAS_SAVE_1
314761,"C Atlético Tocantinense","","Atlético Tocantinense","",1359,,,0x000DA83D,,True,False,False,False,False,False,APENAS_SAVE_1
314765,"Saquarema FC","","Saquarema","",1360,,,0x000DA8FF,,True,False,False,False,False,False,APENAS_SAVE_1
314767,"EC Costeira","","Costeira","",1361,,,0x000DA9B5,,True,False,False,False,False,False,APENAS_SAVE_1
314769,"União Fluminense","","União Fluminense","",1362,,,0x000DAA6F,,True,False,False,False,False,False,APENAS_SAVE_1
314770,"Rodolfo Crespi","","Rodolfo Crespi","",1363,,,0x000DAB21,,True,False,False,False,False,False,APENAS_SAVE_1
314771,"Radium","","Radium","",1364,,,0x000DABB3,,True,False,False,False,False,False,APENAS_SAVE_1
314772,"Linense (SP)","","","",1365,,,0x000DAC6F,,True,False,False,False,False,False,APENAS_SAVE_1
314773,"Corinthians PP","","Corinthians PP","",1366,,,0x000DAD21,,True,False,False,False,False,False,APENAS_SAVE_1
314774,"Guaratinguetá EC","","Guaratinguetá","",1367,,,0x000DADEB,,True,False,False,False,False,False,APENAS_SAVE_1
314775,"Prudentina","","Prudentina","",1368,,,0x000DAE8D,,True,False,False,False,False,False,APENAS_SAVE_1
314776,"Catanduvense","","Catanduvense","",1369,,,0x000DAF37,,True,False,False,False,False,False,APENAS_SAVE_1
314777,"Barra de Teresópolis","","","",1370,,,0x000DAFFF,,True,False,False,False,False,False,APENAS_SAVE_1
314778,"Porto Alegre","","Porto Alegre","",1371,,,0x000DB0A9,,True,False,False,False,False,False,APENAS_SAVE_1
314779,"Bayer EC","","Bayer EC","",1372,,,0x000DB143,,True,False,False,False,False,False,APENAS_SAVE_1
314780,"Riachuelo (RJ)","","Riachuelo (RJ)","",1373,,,0x000DB1F5,,True,False,False,False,False,False,APENAS_SAVE_1
314781,"Guanabara","","Guanabara","",1374,,,0x000DB293,,True,False,False,False,False,False,APENAS_SAVE_1
314782,"Carioca EC","","Carioca EC","",1375,,,0x000DB335,,True,False,False,False,False,False,APENAS_SAVE_1
314783,"Andaraí","","Andaraí","",1376,,,0x000DB3CB,,True,False,False,False,False,False,APENAS_SAVE_1
314784,"Catete","","Catete","",1377,,,0x000DB45D,,True,False,False,False,False,False,APENAS_SAVE_1
314785,"SC Americano","","SC Americano","",1378,,,0x000DB507,,True,False,False,False,False,False,APENAS_SAVE_1
314786,"Palmeiras AC","","Palmeiras AC","",1379,,,0x000DB5B1,,True,False,False,False,False,False,APENAS_SAVE_1
314787,"Vila Izabel","","Vila Izabel","",1380,,,0x000DB657,,True,False,False,False,False,False,APENAS_SAVE_1
314788,"Ríver FC","","Ríver FC","",1381,,,0x000DB6F1,,True,False,False,False,False,False,APENAS_SAVE_1
314789,"Helênico","","Helênico","",1382,,,0x000DB78B,,True,False,False,False,False,False,APENAS_SAVE_1
314893,"Juventus FC","","Juventus FC","",1383,,,0x000DB83F,,True,False,False,False,False,False,APENAS_SAVE_1
314894,"Kulture Yabra SC","","Kulture Yabra","",1384,,,0x000DB901,,True,False,False,False,False,False,APENAS_SAVE_1
314895,"Acros Brown Bombers","","Acros Bombers","",1385,,,0x000DB9C9,,True,False,False,False,False,False,APENAS_SAVE_1
314898,"Acros Real Verdes FC","","Acros Verdes","",1386,,,0x000DBA91,,True,False,False,False,False,False,APENAS_SAVE_1
314899,"Builders Hardware Bandits FC","","Hardware Bandits","",1387,,,0x000DBB71,,True,False,False,False,False,False,APENAS_SAVE_1
314901,"Dangriga United FC","","Griga United","",1388,,,0x000DBC35,,True,False,False,False,False,False,APENAS_SAVE_1
314905,"Lazio Jumex FC","","Lazio FC","",1389,,,0x000DBCE9,,True,False,False,False,False,False,APENAS_SAVE_1
314911,"CE Lajeadense","","Lajeadense","",1391,,,0x000DBE73,,True,False,False,False,False,False,APENAS_SAVE_1
314936,"GE Glória","","Glória","",1392,,,0x000DBF21,,True,False,False,False,False,False,APENAS_SAVE_1
314938,"SC Gaúcho","","Gaúcho","",1393,,,0x000DBFD7,,True,False,False,False,False,False,APENAS_SAVE_1
314942,"América de Morrinhos","","","",1394,,,0x000DC0AD,,True,False,False,False,False,False,APENAS_SAVE_1
314944,"AA Arapongas","","Arapongas","",1395,,,0x000DC167,,True,False,False,False,False,False,APENAS_SAVE_1
314946,"AA Paraisense","","Paraisense","",1396,,,0x000DC225,,True,False,False,False,False,False,APENAS_SAVE_1
314956,"Maranguape FC","","Maranguape","",1397,,,0x000DC2E3,,True,False,False,False,False,False,APENAS_SAVE_1
314958,"Vila Branca SC","","Vila Branca","",1398,,,0x000DC3A5,,True,False,False,False,False,False,APENAS_SAVE_1
314960,"Corinthians (MS)","","","",1399,,,0x000DC471,,True,False,False,False,False,False,APENAS_SAVE_1
314962,"Esporte C de Patos","","Esporte","",1400,,,0x000DC53B,,True,False,False,False,False,False,APENAS_SAVE_1
314963,"EC Águia Negra","","Águia Negra","",1401,,,0x000DC5FD,,True,False,False,False,False,False,APENAS_SAVE_1
314965,"Miramar EC","","Miramar","",1402,,,0x000DC6AF,,True,False,False,False,False,False,APENAS_SAVE_1
314967,"Intercontinental FC do Recife","","Intercontinental","",1403,,,0x000DC799,,True,False,False,False,False,False,APENAS_SAVE_1
314969,"Guarany (SE)","","","",1404,,,0x000DC855,,True,False,False,False,False,False,APENAS_SAVE_1
314971,"América FC de Caaporã","","América de Caaporã","",1405,,,0x000DC933,,True,False,False,False,False,False,APENAS_SAVE_1
314973,"Coxim AC","","Coxim","",1406,,,0x000DC9DD,,True,False,False,False,False,False,APENAS_SAVE_1
314976,"SC Ulbra","","Ulbra","",1407,,,0x000DCA93,,True,False,False,False,False,False,APENAS_SAVE_1
314979,"SE Ypiranga FC","","Ypiranga (PE)","",1408,,,0x000DCB59,,True,False,False,False,False,False,APENAS_SAVE_1
316733,"Potiguar de Parnamirim","","","",1409,,,0x000DCC3B,,True,False,False,False,False,False,APENAS_SAVE_1
316773,"Blumenau SC","","Blumenau","",1410,,,0x000DCCDB,,True,False,False,False,False,False,APENAS_SAVE_1
316775,"Miranorte EC","","Miranorte","",1411,,,0x000DCD95,,True,False,False,False,False,False,APENAS_SAVE_1
316778,"SE Ruy Barbosa","","SERB","",1412,,,0x000DCE49,,True,False,False,False,False,False,APENAS_SAVE_1
316781,"Sertãozinho FC","","Sertãozinho","",1413,,,0x000DCF0B,,True,False,False,False,False,False,APENAS_SAVE_1
316785,"Barretos EC","","Barretos","",1414,,,0x000DCFC1,,True,False,False,False,False,False,APENAS_SAVE_1
316792,"Montes Claros FC","","Montes Claros","",1415,,,0x000DD093,,True,False,False,False,False,False,APENAS_SAVE_1
317189,"Rio das Ostras FC","","Rio das Ostras","",1416,,,0x000DD161,,True,False,False,False,False,False,APENAS_SAVE_1
317242,"Itacuruba SC","","Itacuruba","",1417,,,0x000DD21F,,True,False,False,False,False,False,APENAS_SAVE_1
317346,"CA Lages","","Lages","",1418,,,0x000DD2D9,,True,False,False,False,False,False,APENAS_SAVE_1
317347,"Serrano (BA)","","","",1419,,,0x000DD39D,,True,False,False,False,False,False,APENAS_SAVE_1
317355,"Roma Apucarana","","","",1420,,,0x000DD483,,True,False,False,False,False,False,APENAS_SAVE_1
317943,"Grêmio E Jaciarense","","Grêmio Jaciarense","",1421,,,0x000DD55B,,True,False,False,False,False,False,APENAS_SAVE_1
317946,"SE Unaí Itapuã","","Unaí","",1422,,,0x000DD60F,,True,False,False,False,False,False,APENAS_SAVE_1
317949,"GE São José","","São José CS","",1423,,,0x000DD6CB,,True,False,False,False,False,False,APENAS_SAVE_1
318860,"Tombense FC","","Tombense","",1424,,,0x000DD781,,True,False,False,False,False,False,APENAS_SAVE_1
318862,"União do Araxá","","","",1425,,,0x000DD847,,True,False,False,False,False,False,APENAS_SAVE_1
318864,"Crato EC","","Crato","",1426,,,0x000DD8F1,,True,False,False,False,False,False,APENAS_SAVE_1
318866,"Bosque FC","","Bosque","",1427,,,0x000DD9A7,,True,False,False,False,False,False,APENAS_SAVE_1
318868,"CTE Colatina FC","","CTE Colatina","",1428,,,0x000DDA91,,True,False,False,False,False,False,APENAS_SAVE_1
318869,"Mimosense FC","","Mimosense","",1429,,,0x000DDB4B,,True,False,False,False,False,False,APENAS_SAVE_1
318871,"AA Alexianense","","Alexianense","",1430,,,0x000DDC0D,,True,False,False,False,False,False,APENAS_SAVE_1
318873,"Ouro Velho EC","","Ouro Velho","",1431,,,0x000DDCCB,,True,False,False,False,False,False,APENAS_SAVE_1
318875,"ADA do Paraná","","ADAP","",1432,,,0x000DDD7D,,True,False,False,False,False,False,APENAS_SAVE_1
318877,"SE Platinense","","Platinense","",1433,,,0x000DDE3B,,True,False,False,False,False,False,APENAS_SAVE_1
318879,"Marechal EC","","Marechal","",1434,,,0x000DDEF1,,True,False,False,False,False,False,APENAS_SAVE_1
318881,"Real Sport AC","","Real Sport","",1435,,,0x000DDFAF,,True,False,False,False,False,False,APENAS_SAVE_1
318883,"Rio Claro FC","","Rio Claro","",1436,,,0x000DE071,,True,False,False,False,False,False,APENAS_SAVE_1
318885,"SE Palmeiras B","","Palmeiras B","",1437,,,0x000DE127,,True,False,False,False,False,False,APENAS_SAVE_1
318889,"Batatais FC","","Batatais","",1438,,,0x000DE1DD,,True,False,False,False,False,False,APENAS_SAVE_1
318891,"Capivariano FC","","Capivariano","",1439,,,0x000DE29F,,True,False,False,False,False,False,APENAS_SAVE_1
318893,"ECU Suzano","","ECUS","",1440,,,0x000DE34B,,True,False,False,False,False,False,APENAS_SAVE_1
318895,"Fernandópolis FC","","Fernandópolis","",1441,,,0x000DE415,,True,False,False,False,False,False,APENAS_SAVE_1
318897,"CCAA Guapira","","Guapira","",1442,,,0x000DE4CB,,True,False,False,False,False,False,APENAS_SAVE_1
318899,"EC Lemense","","Lemense","",1443,,,0x000DE57D,,True,False,False,False,False,False,APENAS_SAVE_1
318901,"GE Mauaense","","Mauaense","",1444,,,0x000DE633,,True,False,False,False,False,False,APENAS_SAVE_1
318903,"A Monte Azul","","Monte Azul","",1445,,,0x000DE6EF,,True,False,False,False,False,False,APENAS_SAVE_1
318905,"PSB","","PSB","",1446,,,0x000DE78B,,True,False,False,False,False,False,APENAS_SAVE_1
318907,"EC Primavera","","Primavera","",1447,,,0x000DE845,,True,False,False,False,False,False,APENAS_SAVE_1
318909,"AA Santa Ritense","","Santa Ritense","",1448,,,0x000DE90F,,True,False,False,False,False,False,APENAS_SAVE_1
318911,"Tupã FC","","Tupã","",1449,,,0x000DE9B5,,True,False,False,False,False,False,APENAS_SAVE_1
318913,"AE Velo Clube","","Velo Clube","",1450,,,0x000DEA7B,,True,False,False,False,False,False,APENAS_SAVE_1
318915,"Cuiabá EC","","Cuiabá","",1451,,,0x000DEB2D,,True,False,False,False,False,False,APENAS_SAVE_1
318917,"EC Falcão","","Falcão","",1452,,,0x000DEBDB,,True,False,False,False,False,False,APENAS_SAVE_1
318918,"Chapadinha FC","","Chapadinha","",1453,,,0x000DEC99,,True,False,False,False,False,False,APENAS_SAVE_1
318920,"C Atlético Potengi","","Atlético Potengi","",1454,,,0x000DED6D,,True,False,False,False,False,False,APENAS_SAVE_1
318922,"Independente (PA)","","","",1455,,,0x000DEE3D,,True,False,False,False,False,False,APENAS_SAVE_1
318923,"Pinheirense EC","","Pinheirense","",1456,,,0x000DEF07,,True,False,False,False,False,False,APENAS_SAVE_1
318924,"Marituba EC","","Marituba","",1457,,,0x000DEFC5,,True,False,False,False,False,False,APENAS_SAVE_1
319088,"São Borja","","São Borja","",1458,,,0x000DF063,,True,False,False,False,False,False,APENAS_SAVE_1
319111,"Serrinha EC","","Serrinha","",1459,,,0x000DF119,,True,False,False,False,False,False,APENAS_SAVE_1
319113,"EC Paulo Afonso","","Paulo Afonso","",1460,,,0x000DF1DF,,True,False,False,False,False,False,APENAS_SAVE_1
319115,"EC Jacuipense","","Jacuipense","",1461,,,0x000DF29D,,True,False,False,False,False,False,APENAS_SAVE_1
319117,"Atlântico EC","","Atlântico","",1462,,,0x000DF357,,True,False,False,False,False,False,APENAS_SAVE_1
319119,"A Desportiva Penedense","","Desportiva Penedense","",1463,,,0x000DF443,,True,False,False,False,False,False,APENAS_SAVE_1
319121,"AA Dimensão Saúde","","Dimensão Saúde","",1464,,,0x000DF511,,True,False,False,False,False,False,APENAS_SAVE_1
319122,"Sete de Setembro (AL)","","","",1465,,,0x000DF5F1,,True,False,False,False,False,False,APENAS_SAVE_1
319124,"Barbalha FC","","Barbalha","",1466,,,0x000DF6A7,,True,False,False,False,False,False,APENAS_SAVE_1
319126,"SEC Terra e Mar C","","Terra e Mar","",1467,,,0x000DF76F,,True,False,False,False,False,False,APENAS_SAVE_1
319128,"AD Armagedon Metropolitana","","Metropolitana (DF)","",1468,,,0x000DF857,,True,False,False,False,False,False,APENAS_SAVE_1
319129,"SE Planaltina","","Planaltina","",1469,,,0x000DF915,,True,False,False,False,False,False,APENAS_SAVE_1
319131,"Planaltinense AC","","Planaltinense","",1470,,,0x000DF9DF,,True,False,False,False,False,False,APENAS_SAVE_1
319132,"SE Santa Maria (DF)","","Santa Maria (DF)","",1471,,,0x000DFAB5,,True,False,False,False,False,False,APENAS_SAVE_1
319133,"AA Canário","","Canário","",1472,,,0x000DFB67,,True,False,False,False,False,False,APENAS_SAVE_1
319135,"A Jaguaré EC","","Jaguaré","",1473,,,0x000DFC1D,,True,False,False,False,False,False,APENAS_SAVE_1
319137,"AA Santa Tereza","","Santa Tereza","",1474,,,0x000DFCE3,,True,False,False,False,False,False,APENAS_SAVE_1
319139,"EC Ypiranga (ES)","","Ypiranga (ES)","",1475,,,0x000DFDAD,,True,False,False,False,False,False,APENAS_SAVE_1
319141,"AA Aparecidense","","Aparecidense","",1476,,,0x000DFE73,,True,False,False,False,False,False,APENAS_SAVE_1
319142,"Formosa EC","","Formosa","",1477,,,0x000DFF2D,,True,False,False,False,False,False,APENAS_SAVE_1
319143,"Jataí AC","","Jataí","",1478,,,0x000DFFDF,,True,False,False,False,False,False,APENAS_SAVE_1
319144,"AE Ituiutabana","","Ituiutabana","",1479,,,0x000E00A9,,True,False,False,False,False,False,APENAS_SAVE_1
319146,"Araucária FC","","Araucária","",1480,,,0x000E0163,,True,False,False,False,False,False,APENAS_SAVE_1
319148,"Dois Vizinhos EC","","Dois Vizinhos","",1481,,,0x000E022D,,True,False,False,False,False,False,APENAS_SAVE_1
319150,"Telêmaco Borba EC","","Telêmaco Borba","",1482,,,0x000E02FB,,True,False,False,False,False,False,APENAS_SAVE_1
319152,"C Ferroviário do Recife","","Ferroviário do Recife","",1483,,,0x000E03E3,,True,False,False,False,False,False,APENAS_SAVE_1
319154,"Ferroviário EC de Cabo","","Ferroviário de Cabo","",1484,,,0x000E04CD,,True,False,False,False,False,False,APENAS_SAVE_1
319156,"Ramalat SC","","Ramalat","",1485,,,0x000E057F,,True,False,False,False,False,False,APENAS_SAVE_1
319158,"Fluminense (PI)","","","",1486,,,0x000E0647,,True,False,False,False,False,False,APENAS_SAVE_1
319159,"Cachoeira FC","","Cachoeira","",1487,,,0x000E0701,,True,False,False,False,False,False,APENAS_SAVE_1
319160,"Ypiranga (RS)","","","",1488,,,0x000E07C1,,True,False,False,False,False,False,APENAS_SAVE_1
319162,"CA Camboriú","","Camboriú","",1489,,,0x000E087F,,True,False,False,False,False,False,APENAS_SAVE_1
319164,"Metropolitano (SC)","","","",1490,,,0x000E0953,,True,False,False,False,False,False,APENAS_SAVE_1
319165,"Santa Catarina C","","Santa Catarina","",1491,,,0x000E0A1F,,True,False,False,False,False,False,APENAS_SAVE_1
319166,"SE São José (SC)","","São José (SC)","",1492,,,0x000E0AE9,,True,False,False,False,False,False,APENAS_SAVE_1
319168,"Jabaquara AC","","Jabaquara","",1493,,,0x000E0BA3,,True,False,False,False,False,False,APENAS_SAVE_1
319170,"Guarani FC de Pouso Alegre","","Guarani de Pouso Alegre","",1494,,,0x000E0C95,,True,False,False,False,False,False,APENAS_SAVE_1
319172,"Internacional (AL)","","","",1495,,,0x000E0D69,,True,False,False,False,False,False,APENAS_SAVE_1
319174,"CS Batalhense","","Batalhense","",1496,,,0x000E0E27,,True,False,False,False,False,False,APENAS_SAVE_1
319175,"Jacarepaguá FC","","Jacarepaguá","",1497,,,0x000E0EE9,,True,False,False,False,False,False,APENAS_SAVE_1
319620,"Angra dos Reis EC","","Angra dos Reis","",1498,,,0x000E0FB7,,True,False,False,False,False,False,APENAS_SAVE_1
319623,"CA Joseense","","Joseense","",1499,,,0x000E1075,,True,False,False,False,False,False,APENAS_SAVE_1
320262,"AD Bahia de Feira","","Bahia de Feira","",1500,,,0x000E115B,,True,False,False,False,False,False,APENAS_SAVE_1
320368,"CA Marabá","","Marabá","",1501,,,0x000E1211,,True,False,False,False,False,False,APENAS_SAVE_1
320371,"Igaci EC","","Igaci","",1502,,,0x000E12BB,,True,False,False,False,False,False,APENAS_SAVE_1
320373,"Peñarol (AM)","","","",1503,,,0x000E1377,,True,False,False,False,False,False,APENAS_SAVE_1
320379,"Codô FC","","Codô","",1504,,,0x000E141D,,True,False,False,False,False,False,APENAS_SAVE_1
320381,"SC Pindaré","","Pindaré","",1505,,,0x000E14CF,,True,False,False,False,False,False,APENAS_SAVE_1
320388,"Manufatura","","Manufatura","",1506,,,0x000E1571,,True,False,False,False,False,False,APENAS_SAVE_1
320389,"Fonseca","","Fonseca","",1507,,,0x000E1607,,True,False,False,False,False,False,APENAS_SAVE_1
320390,"Central de Barra","","Central de Barra","",1508,,,0x000E16C1,,True,False,False,False,False,False,APENAS_SAVE_1
320391,"Barbará","","Barbará","",1509,,,0x000E1757,,True,False,False,False,False,False,APENAS_SAVE_1
320392,"Sapucaia","","Sapucaia","",1510,,,0x000E17F1,,True,False,False,False,False,False,APENAS_SAVE_1
320675,"Rio Cricket","","Rio Cricket","",1511,,,0x000E1897,,True,False,False,False,False,False,APENAS_SAVE_1
320676,"Engenho de Dentro","","Engenho de Dentro","",1512,,,0x000E1955,,True,False,False,False,False,False,APENAS_SAVE_1
320677,"Minas Gerais","","Minas Gerais","",1513,,,0x000E19FF,,True,False,False,False,False,False,APENAS_SAVE_1
320678,"Alumni","","Alumni","",1514,,,0x000E1A91,,True,False,False,False,False,False,APENAS_SAVE_1
320679,"Independência (SP)","","Independência (SP)","",1515,,,0x000E1B53,,True,False,False,False,False,False,APENAS_SAVE_1
320680,"Estudantes","","Estudantes","",1516,,,0x000E1BF5,,True,False,False,False,False,False,APENAS_SAVE_1
454194,"","Ankara Demirspor","","Ankara D.S.",,981,,,0x000D4DAB,False,True,False,False,False,False,APENAS_SAVE_2
483066,"","Jenis Astana","","Jenis",,987,,,0x000D52C2,False,True,False,False,False,False,APENAS_SAVE_2
483869,"","FK Riga","","FK Riga",,991,,,0x000D566F,False,True,False,False,False,False,APENAS_SAVE_2
483870,"","Gauja Valmiera","","Valmiera",,992,,,0x000D5724,False,True,False,False,False,False,APENAS_SAVE_2
483911,"","Lokomotivi Tbilisi","","Lokomotivi Tbilisi",,993,,,0x000D5814,False,True,False,False,False,False,APENAS_SAVE_2
483913,"","Zwartnots Echmiadzin","","Zwartnots",,994,,,0x000D58E7,False,True,False,False,False,False,APENAS_SAVE_2
483915,"","Kilikia Yerevan","","Kilikia",,996,,,0x000D5A50,False,True,False,False,False,False,APENAS_SAVE_2
483919,"","Lernagorts Kapan","","Lernagorts",,997,,,0x000D5AFE,False,True,False,False,False,False,APENAS_SAVE_2
484442,"","Kairat Almaty","","Kairat",,1000,,,0x000D5D35,False,True,False,False,False,False,APENAS_SAVE_2
484473,"","Yesil-Bogatyr Petropavlovsk","","Yesil",,1002,,,0x000D5EC9,False,True,False,False,False,False,APENAS_SAVE_2
484474,"","Kaisar Kyzylorda","","Kaisar",,1003,,,0x000D5F7D,False,True,False,False,False,False,APENAS_SAVE_2
484475,"","Vostok Ust-Kamenogorsk","","Vostok Ust-Kamenogorsk",,1004,,,0x000D605D,False,True,False,False,False,False,APENAS_SAVE_2
484476,"","Semey","","Semey",,1005,,,0x000D60F9,False,True,False,False,False,False,APENAS_SAVE_2
484477,"","Shakhter Karagandy","","Shakhter Karagandy",,1006,,,0x000D61C9,False,True,False,False,False,False,APENAS_SAVE_2
484479,"","Okjetpes Kokshetau","","Okjetpes",,1007,,,0x000D6285,False,True,False,False,False,False,APENAS_SAVE_2
484761,"","Tartu Ülikool Fauna","","Fauna",,1008,,,0x000D633D,False,True,False,False,False,False,APENAS_SAVE_2
485281,"","FK Nevezis","","Nevezis",,1009,,,0x000D63F7,False,True,False,False,False,False,APENAS_SAVE_2
485286,"","FK Dainava","","Dainava",,1010,,,0x000D64B1,False,True,False,False,False,False,APENAS_SAVE_2
485305,"","FK Suduva","","Suduva",,1012,,,0x000D660A,False,True,False,False,False,False,APENAS_SAVE_2
485314,"","Venta","","Venta",,1013,,,0x000D6698,False,True,False,False,False,False,APENAS_SAVE_2
485433,"","Araz Nahiçivan","","Araz",,1015,,,0x000D67CA,False,True,False,False,False,False,APENAS_SAVE_2
485665,"","Torpedo Zhodino","","Torpedo Zhodino",,1016,,,0x000D689D,False,True,False,False,False,False,APENAS_SAVE_2
485687,"","RKB-Arma","","RKB-Arma",,1017,,,0x000D6937,False,True,False,False,False,False,APENAS_SAVE_2
485690,"","Multibanka","","Multibanka",,1018,,,0x000D69D9,False,True,False,False,False,False,APENAS_SAVE_2
498455,"","Lori Vanadzor","","Lori",,1020,,,0x000D6B6E,False,True,False,False,False,False,APENAS_SAVE_2
498456,"","Spartak Yerevan","","Spartak Yerevan",,1021,,,0x000D6C51,False,True,False,False,False,False,APENAS_SAVE_2
514345,"","JK Viljandi Tulevik","","Tulevik",,1024,,,0x000D6EBD,False,True,False,False,False,False,APENAS_SAVE_2
514349,"","FC Lootus Alutaguse","","Lootus",,1025,,,0x000D6F77,False,True,False,False,False,False,APENAS_SAVE_2
514350,"","FC Kuressaare","","Kuressaare",,1026,,,0x000D702D,False,True,False,False,False,False,APENAS_SAVE_2
514352,"","FC Valga","","Valga",,1028,,,0x000D71A2,False,True,False,False,False,False,APENAS_SAVE_2
532179,"","FC Nieuwkerken Sint-Niklaas","","Nieuwkerken",,1031,,,0x000D744B,False,True,False,False,False,False,APENAS_SAVE_2
558261,"","Royal Engineers","","Royal Engineers",,1032,,,0x000D7501,False,True,False,False,False,False,APENAS_SAVE_2
652653,"","SV Mattersburg","","Mattersburg",,1039,,,0x000D7B58,False,True,False,False,False,False,APENAS_SAVE_2
652657,"","NK Posusje","","Posusje",,1040,,,0x000D7C02,False,True,False,False,False,False,APENAS_SAVE_2
659403,"","NK Inter (Z)","","Inter (Z)",,1041,,,0x000D7CB7,False,True,False,False,False,False,APENAS_SAVE_2
686771,"AO Messiniakos","","Messiniakos","",1546,,,0x000E34B2,,True,False,False,False,False,False,APENAS_SAVE_1
700206,"Messina","","Messina","",1548,,,0x000E3640,,True,False,False,False,False,False,APENAS_SAVE_1
729458,"Padernense Clube","","Padernense","",1549,,,0x000E36FC,,True,False,False,False,False,False,APENAS_SAVE_1
814741,"","Ciudad de Murcia","","XȀ",,1048,,,0x000D817F,False,True,False,False,False,False,APENAS_SAVE_2
831122,"Valle D'Aosta","","Valle D'Aosta","",1555,,,0x000E3AEA,,True,False,False,False,False,False,APENAS_SAVE_1
834833,"","Palazzolo","","Palazzolo",,1049,,,0x000D822B,False,True,False,False,False,False,APENAS_SAVE_2
876367,"","VfB Admira Wacker Mödling","","Admira Wacker",,1051,,,0x000D83CF,False,True,False,False,False,False,APENAS_SAVE_2
900678,"Londrina EC","","Londrina","",1564,,,0x000E438F,,True,False,False,False,False,False,APENAS_SAVE_1
900996,"América FC (RJ)","","América (RJ)","",1565,,,0x000E448D,,True,False,False,False,False,False,APENAS_SAVE_1
917103,"Club Franciscain","","Club Franciscain","",1566,,,0x000E4555,,True,False,False,False,False,False,APENAS_SAVE_1
919112,"Etoile Filante (Morne-à-l'Eau)","","EF Morne-à-l'Eau","",1567,,,0x000E4632,,True,False,False,False,False,False,APENAS_SAVE_1
919113,"AS Le Gosier","","AS Le Gosier","",1568,,,0x000E46EA,,True,False,False,False,False,False,APENAS_SAVE_1
919114,"Arsenal Club","","Arsenal Club","",1569,,,0x000E47A2,,True,False,False,False,False,False,APENAS_SAVE_1
919115,"Juventus (Sainte-Anne)","","ASG Juventus","",1570,,,0x000E486E,,True,False,False,False,False,False,APENAS_SAVE_1
919116,"AS Racing Club (Basse-Terre)","","RC Basse-Terre","",1571,,,0x000E494A,,True,False,False,False,False,False,APENAS_SAVE_1
919117,"AJ Saint-Georges","","AJ Saint-Georges","",1572,,,0x000E4A12,,True,False,False,False,False,False,APENAS_SAVE_1
919118,"US Sinnamary","","US Sinnamary","",1573,,,0x000E4ACA,,True,False,False,False,False,False,APENAS_SAVE_1
919119,"ASC Geldar Kourou","","ASC Geldar","",1574,,,0x000E4B88,,True,False,False,False,False,False,APENAS_SAVE_1
919120,"US Robert","","US Robert","",1575,,,0x000E4C2D,,True,False,False,False,False,False,APENAS_SAVE_1
919121,"Samaritaine (Sainte-Marie)","","Samaritaine","",1576,,,0x000E4CF1,,True,False,False,False,False,False,APENAS_SAVE_1
919127,"ASC St. Louis Stars","","ASC St. Louis Stars","",1577,,,0x000E4DB7,,True,False,False,False,False,False,APENAS_SAVE_1
919128,"Sporting Club (Saint-Martin)","","Sporting Club SM","",1578,,,0x000E4E89,,True,False,False,False,False,False,APENAS_SAVE_1
919529,"Solidarité Scolaire","","Solidarité Scolaire","",1579,,,0x000E4F56,,True,False,False,False,False,False,APENAS_SAVE_1
919530,"US Ansoise","","US Ansoise","",1580,,,0x000E5006,,True,False,False,False,False,False,APENAS_SAVE_1
932443,"","Football Club Nordsjælland","","FC Nordsjælland",,1059,,,0x000D8A14,False,True,False,False,False,False,APENAS_SAVE_2
951327,"Huracán de Tres Arroyos","","Huracán (TA)","",1582,,,0x000E51A8,,True,False,False,False,False,False,APENAS_SAVE_1
979360,"","Syracuse","","Syracuse",,1061,,,0x000D8B7D,False,True,False,False,False,False,APENAS_SAVE_2
1017390,"","Shanghai Biyun Liangqian","","Biyunliangqian",,1062,,,0x000D8C5E,False,True,False,False,False,False,APENAS_SAVE_2
1024428,"Liaoning Zhongba","","LN Zhongba","",1583,,,0x000E525D,,True,False,False,False,False,False,APENAS_SAVE_1
1026831,"","Al Gharrafa","","Al Gharrafa",,1063,,,0x000D8D1A,False,True,False,False,False,False,APENAS_SAVE_2
1101431,"","AC Bellinzona","","Bellinzona",,1064,,,0x000D8DDB,False,True,False,False,False,False,APENAS_SAVE_2
1101637,"","Víkingur","","Víkingur",,1065,,,0x000D8E83,False,True,False,False,False,False,APENAS_SAVE_2
1102443,"","FK Buducnost Podgorica","","Buducnost",,1066,,,0x000D8F6C,False,True,False,False,False,False,APENAS_SAVE_2
1103726,"","Dulwich Hamlet","","Dulwich Hamlet",,1067,,,0x000D9034,False,True,False,False,False,False,APENAS_SAVE_2
1104133,"","FK Borac Banja Luka","","Borac (BL)",,1068,,,0x000D911D,False,True,False,False,False,False,APENAS_SAVE_2
1106859,"","Policija-Daugava","","",,1071,,,0x000D9389,False,True,False,False,False,False,APENAS_SAVE_2
1200616,"San Salvador FC","","San Salvador","",1590,,,0x000E57C0,,True,False,False,False,False,False,APENAS_SAVE_1
1200689,"Blooming FC","","Blooming","",1591,,,0x000E5876,,True,False,False,False,False,False,APENAS_SAVE_1
1300086,"","KS Lushnja","","Lushnja",,1079,,,0x000D99A3,False,True,False,False,False,False,APENAS_SAVE_2
1300111,"","Belshina Bobruisk","","Belshina",,1081,,,0x000D9B65,False,True,False,False,False,False,APENAS_SAVE_2
1300113,"","Dinamo Brest","","Dinamo Brest",,1082,,,0x000D9C2D,False,True,False,False,False,False,APENAS_SAVE_2
1300153,"","FK Sarajevo","","Sarajevo",,1085,,,0x000D9EED,False,True,False,False,False,False,APENAS_SAVE_2
1300343,"","Sandoyar Ítróttarfelag B71","","",,1091,,,0x000DA4C4,False,True,False,False,False,False,APENAS_SAVE_2
1300378,"","FC International","","Inter Turku",,1093,,,0x000DA673,False,True,False,False,False,False,APENAS_SAVE_2
1300490,"","Sydney FC","","Sydney",,1094,,,0x000DA728,False,True,False,False,False,False,APENAS_SAVE_2
1300518,"","Guria Lanchkhuti","","Guria",,1095,,,0x000DA7D3,False,True,False,False,False,False,APENAS_SAVE_2
1300526,"","Sioni Bolnisi","","Sioni",,1096,,,0x000DA897,False,True,False,False,False,False,APENAS_SAVE_2
1300640,"","Grindavík","","Grindavík",,1097,,,0x000DA96A,False,True,False,False,False,False,APENAS_SAVE_2
1300729,"","FK Inkaras","","Inkaras",,1100,,,0x000DABE8,False,True,False,False,False,False,APENAS_SAVE_2
1300807,"","Agro-Goliador Chisinau","","Agro",,1101,,,0x000DACA4,False,True,False,False,False,False,APENAS_SAVE_2
1300916,"","Bray Wanderers A.F.C.","","Bray Wanderers",,1105,,,0x000DB08A,False,True,False,False,False,False,APENAS_SAVE_2
1300918,"","Finn Harps","","Finn Harps",,1106,,,0x000DB151,False,True,False,False,False,False,APENAS_SAVE_2
1300922,"","Drogheda United","","Drogheda Utd",,1107,,,0x000DB21E,False,True,False,False,False,False,APENAS_SAVE_2
1301121,"","Cailungo","","Cailungo",,1110,,,0x000DB4FB,False,True,False,False,False,False,APENAS_SAVE_2
1301123,"","Cosmos","","Cosmos",,1111,,,0x000DB5C2,False,True,False,False,False,False,APENAS_SAVE_2
1301125,"","Domagnano","","Domagnano",,1112,,,0x000DB695,False,True,False,False,False,False,APENAS_SAVE_2
1301127,"","Faetano","","Faetano",,1113,,,0x000DB741,False,True,False,False,False,False,APENAS_SAVE_2
1301129,"","Fiorita","","Fiorita",,1114,,,0x000DB7ED,False,True,False,False,False,False,APENAS_SAVE_2
1301131,"","Folgore","","Folgore",,1115,,,0x000DB8B8,False,True,False,False,False,False,APENAS_SAVE_2
1301133,"","Murata","","Murata",,1116,,,0x000DB960,False,True,False,False,False,False,APENAS_SAVE_2
1301135,"","San Giovanni","","San Giovanni",,1117,,,0x000DBA20,False,True,False,False,False,False,APENAS_SAVE_2
1301137,"","Tre Fiori","","Tre Fiori",,1118,,,0x000DBAD4,False,True,False,False,False,False,APENAS_SAVE_2
1301139,"","Virtus","","Virtus",,1119,,,0x000DBB7C,False,True,False,False,False,False,APENAS_SAVE_2
1301340,"","Carmarthen Town","","Carmarthen",,1121,,,0x000DBD40,False,True,False,False,False,False,APENAS_SAVE_2
1301344,"","Caernarfon Town","","Caernarfon",,1122,,,0x000DBE1A,False,True,False,False,False,False,APENAS_SAVE_2
1301383,"","FK Hajduk Rodic MB Kula","","Hajduk Rodic MB",,1123,,,0x000DBF11,False,True,False,False,False,False,APENAS_SAVE_2
3503604,"","FC Obilic Belgrade","","Obilic",,1126,,,0x000DC1A6,False,True,False,False,False,False,APENAS_SAVE_2
4000385,"","Oldbury United","","Oldbury Utd",,1129,,,0x000DC3DF,False,True,False,False,False,False,APENAS_SAVE_2
4000389,"","Stourbridge","","Stourbridge",,1130,,,0x000DC49B,False,True,False,False,False,False,APENAS_SAVE_2
4000390,"","Aylesbury United","","Aylesbury",,1131,,,0x000DC571,False,True,False,False,False,False,APENAS_SAVE_2
4000392,"","Dorchester Town","","Dorchester",,1132,,,0x000DC63B,False,True,False,False,False,False,APENAS_SAVE_2
4000398,"","Grantham Town","","Grantham",,1133,,,0x000DC721,False,True,False,False,False,False,APENAS_SAVE_2
4000399,"","Winsford United","","Winsford",,1134,,,0x000DC7DF,False,True,False,False,False,False,APENAS_SAVE_2
4000631,"","Canvey Island","","Canvey Island",,1135,,,0x000DC8E7,False,True,False,False,False,False,APENAS_SAVE_2
4001092,"","Gainsborough Trinity","","Gainsborough",,1136,,,0x000DC9E3,False,True,False,False,False,False,APENAS_SAVE_2
4001704,"","Cambridge City","","Cambridge City",,1137,,,0x000DCAAF,False,True,False,False,False,False,APENAS_SAVE_2
4001706,"","Burton Albion","","Burton",,1138,,,0x000DCBBE,False,True,False,False,False,False,APENAS_SAVE_2
4002009,"","Ashford Town","","Ashford",,1139,,,0x000DCC74,False,True,False,False,False,False,APENAS_SAVE_2
4002011,"","Billericay Town","","Billericay",,1140,,,0x000DCD5A,False,True,False,False,False,False,APENAS_SAVE_2
4002013,"","Bradford Park Avenue","","Bradford PA",,1141,,,0x000DCE2C,False,True,False,False,False,False,APENAS_SAVE_2
4002015,"","Wakefield & Emley","","Wakefield & Emley",,1142,,,0x000DCF1C,False,True,False,False,False,False,APENAS_SAVE_2
4002016,"","Hendon","","Hendon",,1143,,,0x000DCFE8,False,True,False,False,False,False,APENAS_SAVE_2
4002283,"","Leigh RMI","","Leigh RMI",,1144,,,0x000DD0D8,False,True,False,False,False,False,APENAS_SAVE_2
4203033,"","Algeciras C.F.","","Algeciras",,1147,,,0x000DD33C,False,True,False,False,False,False,APENAS_SAVE_2
4800008,"","Nuneaton Borough","","Nuneaton",,1152,,,0x000DD742,False,True,False,False,False,False,APENAS_SAVE_2
5100015,"","Alfreton Town","","Alfreton",,1154,,,0x000DD8EB,False,True,False,False,False,False,APENAS_SAVE_2
5100017,"","Bamber Bridge","","Bamber Bridge",,1155,,,0x000DD9CB,False,True,False,False,False,False,APENAS_SAVE_2
5100019,"","Blyth Spartans","","Blyth",,1156,,,0x000DDA95,False,True,False,False,False,False,APENAS_SAVE_2
5100021,"","Lancaster City","","Lancaster",,1157,,,0x000DDB57,False,True,False,False,False,False,APENAS_SAVE_2
5100023,"","Radcliffe Borough","","Radcliffe Boro",,1158,,,0x000DDC2D,False,True,False,False,False,False,APENAS_SAVE_2
5100025,"","Spennymoor United","","Spennymoor",,1159,,,0x000DDD03,False,True,False,False,False,False,APENAS_SAVE_2
5100027,"","Ashton United","","Ashton Utd",,1160,,,0x000DDDC5,False,True,False,False,False,False,APENAS_SAVE_2
5100029,"","Belper Town","","Belper",,1161,,,0x000DDE7F,False,True,False,False,False,False,APENAS_SAVE_2
5100031,"","Buxton","","Buxton",,1162,,,0x000DDF27,False,True,False,False,False,False,APENAS_SAVE_2
5100033,"","Congleton Town","","Congleton",,1163,,,0x000DDFE5,False,True,False,False,False,False,APENAS_SAVE_2
5100035,"","Droylsden","","Droylsden",,1164,,,0x000DE0BD,False,True,False,False,False,False,APENAS_SAVE_2
5100037,"","Eastwood Town","","Eastwood",,1165,,,0x000DE17C,False,True,False,False,False,False,APENAS_SAVE_2
5100039,"","Farsley Celtic","","Farsley",,1166,,,0x000DE236,False,True,False,False,False,False,APENAS_SAVE_2
5100041,"","Flixton","","Flixton",,1167,,,0x000DE2E2,False,True,False,False,False,False,APENAS_SAVE_2
5100043,"","Great Harwood Town","","Great Harwood",,1168,,,0x000DE3B0,False,True,False,False,False,False,APENAS_SAVE_2
5100045,"","Gretna","","Gretna",,1169,,,0x000DE450,False,True,False,False,False,False,APENAS_SAVE_2
5100047,"","Harrogate Town","","Harrogate Town",,1170,,,0x000DE520,False,True,False,False,False,False,APENAS_SAVE_2
5100051,"","Lincoln United","","Lincoln Utd",,1171,,,0x000DE5E2,False,True,False,False,False,False,APENAS_SAVE_2
5100053,"","Matlock Town","","Matlock",,1172,,,0x000DE69C,False,True,False,False,False,False,APENAS_SAVE_2
5100055,"","Kendal Town","","Kendal",,1173,,,0x000DE74E,False,True,False,False,False,False,APENAS_SAVE_2
5100057,"","Stocksbridge Park Steels","","Stocksbridge",,1174,,,0x000DE826,False,True,False,False,False,False,APENAS_SAVE_2
5100059,"","Trafford","","Trafford",,1175,,,0x000DE8D6,False,True,False,False,False,False,APENAS_SAVE_2
5100061,"","Whitby Town","","Whitby",,1176,,,0x000DE9A4,False,True,False,False,False,False,APENAS_SAVE_2
5100063,"","Witton Albion","","Witton",,1177,,,0x000DEA66,False,True,False,False,False,False,APENAS_SAVE_2
5100066,"","Worksop Town","","Worksop",,1178,,,0x000DEB34,False,True,False,False,False,False,APENAS_SAVE_2
5100070,"","Hastings United","","Hastings Utd",,1179,,,0x000DEBFA,False,True,False,False,False,False,APENAS_SAVE_2
5100072,"","Rothwell Town","","Rothwell",,1180,,,0x000DECB4,False,True,False,False,False,False,APENAS_SAVE_2
5100074,"","St. Leonards","","St. Leonards",,1181,,,0x000DED74,False,True,False,False,False,False,APENAS_SAVE_2
5100076,"","Salisbury City","","Salisbury",,1182,,,0x000DEE46,False,True,False,False,False,False,APENAS_SAVE_2
5100078,"","Tamworth","","Tamworth",,1183,,,0x000DEF51,False,True,False,False,False,False,APENAS_SAVE_2
5100080,"","Worcester City","","Worcester",,1184,,,0x000DF03A,False,True,False,False,False,False,APENAS_SAVE_2
5100082,"","Bedworth United","","Bedworth",,1185,,,0x000DF118,False,True,False,False,False,False,APENAS_SAVE_2
5100084,"","Bilston Town","","Bilston",,1186,,,0x000DF1D6,False,True,False,False,False,False,APENAS_SAVE_2
5100088,"","Brackley Town","","Brackley",,1187,,,0x000DF290,False,True,False,False,False,False,APENAS_SAVE_2
5100090,"","Evesham United","","Evesham",,1188,,,0x000DF34A,False,True,False,False,False,False,APENAS_SAVE_2
5100092,"","Hinckley United","","Hinckley",,1189,,,0x000DF424,False,True,False,False,False,False,APENAS_SAVE_2
5100094,"","Moor Green","","Moor Green",,1190,,,0x000DF4E0,False,True,False,False,False,False,APENAS_SAVE_2
5100098,"","Racing Club Warwick","","RC Warwick",,1191,,,0x000DF5C2,False,True,False,False,False,False,APENAS_SAVE_2
5100100,"","Raunds Town","","Raunds",,1192,,,0x000DF674,False,True,False,False,False,False,APENAS_SAVE_2
5100102,"","Redditch United","","Redditch",,1193,,,0x000DF736,False,True,False,False,False,False,APENAS_SAVE_2
5100104,"","Shepshed Dynamo","","Shepshed",,1194,,,0x000DF7F4,False,True,False,False,False,False,APENAS_SAVE_2
5100106,"","Solihull Borough","","Solihull",,1195,,,0x000DF8B8,False,True,False,False,False,False,APENAS_SAVE_2
5100107,"","Sutton Coldfield Town","","Sutton Coldfield",,1196,,,0x000DF992,False,True,False,False,False,False,APENAS_SAVE_2
5100109,"","Rugby United","","Rugby Utd",,1197,,,0x000DFA6C,False,True,False,False,False,False,APENAS_SAVE_2
5100111,"","Wisbech Town","","Wisbech",,1198,,,0x000DFB22,False,True,False,False,False,False,APENAS_SAVE_2
5100115,"","Bashley","","Bashley",,1199,,,0x000DFBCE,False,True,False,False,False,False,APENAS_SAVE_2
5100117,"","Cinderford Town","","Cinderford",,1200,,,0x000DFCA8,False,True,False,False,False,False,APENAS_SAVE_2
5100119,"","Cirencester Town","","Cirencester",,1201,,,0x000DFD8A,False,True,False,False,False,False,APENAS_SAVE_2
5100121,"","Clevedon Town","","Clevedon",,1202,,,0x000DFE5C,False,True,False,False,False,False,APENAS_SAVE_2
5100123,"","Dartford","","Dartford",,1203,,,0x000DFF1B,False,True,False,False,False,False,APENAS_SAVE_2
5100125,"","Erith & Belvedere","","Erith & Belvedere",,1204,,,0x000DFFEF,False,True,False,False,False,False,APENAS_SAVE_2
5100126,"","Fareham Town","","Fareham",,1205,,,0x000E00A5,False,True,False,False,False,False,APENAS_SAVE_2
5100128,"","Fisher Athletic","","Fisher",,1206,,,0x000E015F,False,True,False,False,False,False,APENAS_SAVE_2
5100130,"","Fleet Town","","Fleet Town",,1207,,,0x000E0217,False,True,False,False,False,False,APENAS_SAVE_2
5100132,"","Havant & Waterlooville","","Havant & W",,1208,,,0x000E030F,False,True,False,False,False,False,APENAS_SAVE_2
5100134,"","Margate","","Margate",,1209,,,0x000E03E7,False,True,False,False,False,False,APENAS_SAVE_2
5100138,"","Newport IoW","","Newport IoW",,1210,,,0x000E04A3,False,True,False,False,False,False,APENAS_SAVE_2
5100139,"","Tonbridge Angels","","Tonbridge",,1211,,,0x000E0569,False,True,False,False,False,False,APENAS_SAVE_2
5100145,"","Weymouth","","Weymouth",,1212,,,0x000E0635,False,True,False,False,False,False,APENAS_SAVE_2
5100149,"","Yate Town","","Yate",,1213,,,0x000E06DF,False,True,False,False,False,False,APENAS_SAVE_2
5100151,"","Basingstoke Town","","Basingstoke",,1214,,,0x000E07B1,False,True,False,False,False,False,APENAS_SAVE_2
5100153,"","Bromley","","Bromley",,1215,,,0x000E0875,False,True,False,False,False,False,APENAS_SAVE_2
5100157,"","Gravesend & Northfleet","","Gravesend",,1216,,,0x000E09E6,False,True,False,False,False,False,APENAS_SAVE_2
5100159,"","Harrow Borough","","Harrow Boro",,1217,,,0x000E0ABB,False,True,False,False,False,False,APENAS_SAVE_2
5100161,"","Heybridge Swifts","","Heybridge",,1218,,,0x000E0B91,False,True,False,False,False,False,APENAS_SAVE_2
5100163,"","Oxford City","","Oxford City",,1219,,,0x000E0C4D,False,True,False,False,False,False,APENAS_SAVE_2
5100167,"","Walton & Hersham","","Walton & Hersham",,1220,,,0x000E0D1D,False,True,False,False,False,False,APENAS_SAVE_2
5100169,"","Yeading","","Yeading",,1221,,,0x000E0DCD,False,True,False,False,False,False,APENAS_SAVE_2
5100171,"","Abingdon Town","","Abingdon Town",,1222,,,0x000E0E91,False,True,False,False,False,False,APENAS_SAVE_2
5100173,"","Barton Rovers","","Barton Rovers",,1223,,,0x000E0F55,False,True,False,False,False,False,APENAS_SAVE_2
5100176,"","Berkhamsted Town","","Berkhamsted",,1224,,,0x000E101B,False,True,False,False,False,False,APENAS_SAVE_2
5100178,"","Bognor Regis Town","","Bognor Regis",,1225,,,0x000E10E9,False,True,False,False,False,False,APENAS_SAVE_2
5100180,"","Chertsey Town","","Chertsey",,1226,,,0x000E11A3,False,True,False,False,False,False,APENAS_SAVE_2
5100182,"","Croydon","","Croydon",,1227,,,0x000E124F,False,True,False,False,False,False,APENAS_SAVE_2
5100184,"","Grays Athletic","","Grays",,1228,,,0x000E1314,False,True,False,False,False,False,APENAS_SAVE_2
5100186,"","Hampton & Richmond Borough","","Hampton & Richmond",,1229,,,0x000E1418,False,True,False,False,False,False,APENAS_SAVE_2
5100188,"","Leatherhead","","Leatherhead",,1230,,,0x000E14DC,False,True,False,False,False,False,APENAS_SAVE_2
5100192,"","Maidenhead United","","Maidenhead",,1231,,,0x000E15A6,False,True,False,False,False,False,APENAS_SAVE_2
5100194,"","Molesey","","Molesey",,1232,,,0x000E1652,False,True,False,False,False,False,APENAS_SAVE_2
5100196,"","Romford","","Romford",,1233,,,0x000E16FE,False,True,False,False,False,False,APENAS_SAVE_2
5100198,"","Staines Town","","Staines",,1234,,,0x000E17B8,False,True,False,False,False,False,APENAS_SAVE_2
5100200,"","Thame United","","Thame",,1235,,,0x000E186A,False,True,False,False,False,False,APENAS_SAVE_2
5100202,"","Uxbridge","","Uxbridge",,1236,,,0x000E191A,False,True,False,False,False,False,APENAS_SAVE_2
5100204,"","Wembley","","Wembley",,1237,,,0x000E19C6,False,True,False,False,False,False,APENAS_SAVE_2
5100206,"","Whyteleafe","","Whyteleafe",,1238,,,0x000E1A7E,False,True,False,False,False,False,APENAS_SAVE_2
5100208,"","Wokingham Town","","Wokingham",,1239,,,0x000E1B44,False,True,False,False,False,False,APENAS_SAVE_2
5100210,"","Worthing","","Worthing",,1240,,,0x000E1BF8,False,True,False,False,False,False,APENAS_SAVE_2
5100214,"","Metropolitan Police","","Met Police",,1241,,,0x000E1CC2,False,True,False,False,False,False,APENAS_SAVE_2
5100216,"","Northwood","","Northwood",,1242,,,0x000E1D76,False,True,False,False,False,False,APENAS_SAVE_2
5100217,"","Wealdstone","","Wealdstone",,1243,,,0x000E1E52,False,True,False,False,False,False,APENAS_SAVE_2
5100219,"","Wivenhoe Town","","Wivenhoe",,1244,,,0x000E1F0C,False,True,False,False,False,False,APENAS_SAVE_2
5100221,"","Clapton","","Clapton",,1245,,,0x000E1FB8,False,True,False,False,False,False,APENAS_SAVE_2
5100223,"","Harlow Town","","Harlow",,1246,,,0x000E206A,False,True,False,False,False,False,APENAS_SAVE_2
5100225,"","Hemel Hempstead Town","","Hemel Hempstead",,1247,,,0x000E2140,False,True,False,False,False,False,APENAS_SAVE_2
5100227,"","Tooting & Mitcham United","","Tooting & Mitcham",,1248,,,0x000E2222,False,True,False,False,False,False,APENAS_SAVE_2
5101221,"","Windsor & Eton","","Windsor & Eton",,1250,,,0x000E23FA,False,True,False,False,False,False,APENAS_SAVE_2
5101462,"","Bracknell Town","","Bracknell",,1251,,,0x000E24C0,False,True,False,False,False,False,APENAS_SAVE_2
5101516,"","Garforth Town","","Garforth",,1252,,,0x000E257A,False,True,False,False,False,False,APENAS_SAVE_2
5101707,"","Folkestone Invicta","","Folkestone",,1253,,,0x000E266E,False,True,False,False,False,False,APENAS_SAVE_2
5103188,"","Ossett Town","","Ossett Town",,1254,,,0x000E2746,False,True,False,False,False,False,APENAS_SAVE_2
5103608,"","Hucknall Town","","Hucknall",,1255,,,0x000E2804,False,True,False,False,False,False,APENAS_SAVE_2
5103610,"","Biddulph Victoria","","Biddulph",,1256,,,0x000E28C6,False,True,False,False,False,False,APENAS_SAVE_2
5103611,"","Newcastle Town","","Newcastle Town",,1257,,,0x000E298E,False,True,False,False,False,False,APENAS_SAVE_2
5103612,"","Spalding United","","Spalding",,1258,,,0x000E2A4C,False,True,False,False,False,False,APENAS_SAVE_2
5103616,"","North Ferriby United","","North Ferriby",,1259,,,0x000E2B1E,False,True,False,False,False,False,APENAS_SAVE_2
5103634,"","Burscough","","Burscough",,1260,,,0x000E2BD6,False,True,False,False,False,False,APENAS_SAVE_2
5103635,"","Bedford Town","","Bedford",,1261,,,0x000E2C90,False,True,False,False,False,False,APENAS_SAVE_2
5103637,"","Mangotsfield United","","Mangotsfield",,1262,,,0x000E2D5E,False,True,False,False,False,False,APENAS_SAVE_2
5103638,"","Rocester","","Rocester",,1263,,,0x000E2E0E,False,True,False,False,False,False,APENAS_SAVE_2
5103639,"","Tiverton Town","","Tiverton",,1264,,,0x000E2EDC,False,True,False,False,False,False,APENAS_SAVE_2
5103640,"","Banbury United","","Banbury",,1265,,,0x000E2F96,False,True,False,False,False,False,APENAS_SAVE_2
5103641,"","Burnham","","Burnham",,1266,,,0x000E3042,False,True,False,False,False,False,APENAS_SAVE_2
5103642,"","Histon","","Histon",,1267,,,0x000E30EA,False,True,False,False,False,False,APENAS_SAVE_2
5103643,"","Eastbourne Borough","","Eastbourne Boro",,1268,,,0x000E31C0,False,True,False,False,False,False,APENAS_SAVE_2
5103644,"","Stamford","","Stamford",,1269,,,0x000E3274,False,True,False,False,False,False,APENAS_SAVE_2
5103645,"","Banstead Athletic","","Banstead",,1270,,,0x000E3336,False,True,False,False,False,False,APENAS_SAVE_2
5103646,"","Barking & East Ham United","","Barking & East Ham",,1271,,,0x000E341C,False,True,False,False,False,False,APENAS_SAVE_2
5103647,"","Cheshunt","","Cheshunt",,1272,,,0x000E34CC,False,True,False,False,False,False,APENAS_SAVE_2
5103648,"","East Thurrock United","","East Thurrock",,1273,,,0x000E359E,False,True,False,False,False,False,APENAS_SAVE_2
5103649,"","Edgware Town","","Edgware",,1274,,,0x000E3654,False,True,False,False,False,False,APENAS_SAVE_2
5103650,"","Great Wakering Rovers","","Great Wakering",,1275,,,0x000E372A,False,True,False,False,False,False,APENAS_SAVE_2
5103651,"","Horsham","","Horsham",,1276,,,0x000E37D6,False,True,False,False,False,False,APENAS_SAVE_2
5103652,"","Hungerford Town","","Hungerford",,1277,,,0x000E3898,False,True,False,False,False,False,APENAS_SAVE_2
5103653,"","Leighton Town","","Leighton",,1278,,,0x000E3952,False,True,False,False,False,False,APENAS_SAVE_2
5103654,"","Tilbury","","Tilbury",,1279,,,0x000E39FE,False,True,False,False,False,False,APENAS_SAVE_2
5103655,"","Backwell United","","Backwell",,1280,,,0x000E3ABC,False,True,False,False,False,False,APENAS_SAVE_2
5103656,"","Barnstaple Town","","Barnstaple",,1281,,,0x000E3B7E,False,True,False,False,False,False,APENAS_SAVE_2
5103657,"","Bideford","","Bideford",,1282,,,0x000E3C2E,False,True,False,False,False,False,APENAS_SAVE_2
5103658,"","Bishop Sutton","","Bishop Sutton",,1283,,,0x000E3CF2,False,True,False,False,False,False,APENAS_SAVE_2
5103659,"","Bridgwater Town","","Bridgwater",,1284,,,0x000E3DB4,False,True,False,False,False,False,APENAS_SAVE_2
5103660,"","Bridport","","Bridport",,1285,,,0x000E3E64,False,True,False,False,False,False,APENAS_SAVE_2
5103661,"","Brislington","","Brislington",,1286,,,0x000E3F20,False,True,False,False,False,False,APENAS_SAVE_2
5103662,"","Bristol Manor Farm","","Bristol Manor Farm",,1287,,,0x000E3FF8,False,True,False,False,False,False,APENAS_SAVE_2
5103663,"","Chippenham Town","","Chippenham",,1288,,,0x000E40BE,False,True,False,False,False,False,APENAS_SAVE_2
5103664,"","Dawlish Town","","Dawlish",,1289,,,0x000E4174,False,True,False,False,False,False,APENAS_SAVE_2
5103665,"","Devizes Town","","Devizes",,1290,,,0x000E422A,False,True,False,False,False,False,APENAS_SAVE_2
5103666,"","Elmore","","Elmore",,1291,,,0x000E42D2,False,True,False,False,False,False,APENAS_SAVE_2
5103667,"","Melksham Town","","Melksham",,1292,,,0x000E438C,False,True,False,False,False,False,APENAS_SAVE_2
5103668,"","Minehead Town","","Minehead",,1293,,,0x000E4446,False,True,False,False,False,False,APENAS_SAVE_2
5103669,"","Odd Down Athletic","","Odd Down",,1294,,,0x000E4508,False,True,False,False,False,False,APENAS_SAVE_2
5103670,"","Paulton Rovers","","Paulton",,1295,,,0x000E45C2,False,True,False,False,False,False,APENAS_SAVE_2
5103671,"","Taunton Town","","Taunton",,1296,,,0x000E4680,False,True,False,False,False,False,APENAS_SAVE_2
5103672,"","Welton Rovers","","Welton Rovers",,1297,,,0x000E4744,False,True,False,False,False,False,APENAS_SAVE_2
5103673,"","Westbury United","","Westbury",,1298,,,0x000E4802,False,True,False,False,False,False,APENAS_SAVE_2
5103674,"","Abingdon United","","Abingdon Utd",,1299,,,0x000E48C8,False,True,False,False,False,False,APENAS_SAVE_2
5103675,"","Almondsbury Town","","Almondsbury",,1300,,,0x000E498E,False,True,False,False,False,False,APENAS_SAVE_2
5103676,"","Bicester Town","","Bicester",,1301,,,0x000E4A48,False,True,False,False,False,False,APENAS_SAVE_2
5103677,"","Carterton Town","","Carterton",,1302,,,0x000E4B06,False,True,False,False,False,False,APENAS_SAVE_2
5103679,"","Cheltenham Saracens","","Cheltenham Saras",,1303,,,0x000E4BDC,False,True,False,False,False,False,APENAS_SAVE_2
5103680,"","Crockenhill","","Crockenhill",,1304,,,0x000E4C8A,False,True,False,False,False,False,APENAS_SAVE_2
5103681,"","Didcot Town","","Didcot",,1305,,,0x000E4D3C,False,True,False,False,False,False,APENAS_SAVE_2
5103682,"","Fairford Town","","Fairford",,1306,,,0x000E4DF6,False,True,False,False,False,False,APENAS_SAVE_2
5103683,"","Hounslow Borough","","Hounslow",,1307,,,0x000E4EB6,False,True,False,False,False,False,APENAS_SAVE_2
5103684,"","Highworth Town","","Highworth",,1308,,,0x000E4F74,False,True,False,False,False,False,APENAS_SAVE_2
5103685,"","Milton United","","Milton Utd",,1309,,,0x000E5032,False,True,False,False,False,False,APENAS_SAVE_2
5103686,"","North Leigh","","North Leigh",,1310,,,0x000E50EE,False,True,False,False,False,False,APENAS_SAVE_2
5103696,"","Saltash United","","Saltash",,1311,,,0x000E519A,False,True,False,False,False,False,APENAS_SAVE_2
5103697,"","Curzon Ashton","","Curzon Ashton",,1312,,,0x000E525E,False,True,False,False,False,False,APENAS_SAVE_2
5103698,"","Pegasus Juniors","","Pegasus Juniors",,1313,,,0x000E532A,False,True,False,False,False,False,APENAS_SAVE_2
5103699,"","Shortwood United","","Shortwood Utd",,1314,,,0x000E53F4,False,True,False,False,False,False,APENAS_SAVE_2
5103700,"","Swindon Supermarine","","Swindon S",,1315,,,0x000E54C4,False,True,False,False,False,False,APENAS_SAVE_2
5103701,"","Tuffley Rovers","","Tuffley Rovers",,1316,,,0x000E558C,False,True,False,False,False,False,APENAS_SAVE_2
5103702,"","Wantage Town","","Wantage",,1317,,,0x000E5642,False,True,False,False,False,False,APENAS_SAVE_2
5103703,"","Wootton Bassett Town","","Wootton Bassett",,1318,,,0x000E5718,False,True,False,False,False,False,APENAS_SAVE_2
5103706,"","Barwell","","Barwell",,1319,,,0x000E57C4,False,True,False,False,False,False,APENAS_SAVE_2
5103707,"","Bishop's Stortford Swifts","","Bishop's S Swifts",,1320,,,0x000E589A,False,True,False,False,False,False,APENAS_SAVE_2
5103708,"","Boldmere St. Michaels","","Boldmere",,1321,,,0x000E5964,False,True,False,False,False,False,APENAS_SAVE_2
5103709,"","Bridgnorth Town","","Bridgnorth",,1322,,,0x000E5A26,False,True,False,False,False,False,APENAS_SAVE_2
5103710,"","Chasetown","","Chasetown",,1323,,,0x000E5ADA,False,True,False,False,False,False,APENAS_SAVE_2
5103712,"","Cradley Town","","Cradley",,1324,,,0x000E5B90,False,True,False,False,False,False,APENAS_SAVE_2
5103717,"","Oadby Town","","Oadby",,1325,,,0x000E5C3E,False,True,False,False,False,False,APENAS_SAVE_2
5103718,"","Pelsall Villa","","Pelsall",,1326,,,0x000E5CF6,False,True,False,False,False,False,APENAS_SAVE_2
5103719,"","Rushall Olympic","","Rushall",,1327,,,0x000E5DB2,False,True,False,False,False,False,APENAS_SAVE_2
5103721,"","Shifnal Town","","Shifnal",,1328,,,0x000E5E68,False,True,False,False,False,False,APENAS_SAVE_2
5103722,"","Stafford Town","","Stafford Town",,1329,,,0x000E5F2C,False,True,False,False,False,False,APENAS_SAVE_2
5103723,"","Stapenhill","","Stapenhill",,1330,,,0x000E5FD6,False,True,False,False,False,False,APENAS_SAVE_2
5103724,"","Stourport Swifts","","Stourport",,1331,,,0x000E6098,False,True,False,False,False,False,APENAS_SAVE_2
5103725,"","Stratford Town","","Stratford",,1332,,,0x000E6156,False,True,False,False,False,False,APENAS_SAVE_2
5103726,"","Wednesfield","","Wednesfield",,1333,,,0x000E6212,False,True,False,False,False,False,APENAS_SAVE_2
5103727,"","West Midlands Police","","West Mids Police",,1334,,,0x000E62EA,False,True,False,False,False,False,APENAS_SAVE_2
5103728,"","Willenhall Town","","Willenhall",,1335,,,0x000E63AC,False,True,False,False,False,False,APENAS_SAVE_2
5103729,"","Blackstone","","Blackstone",,1336,,,0x000E6464,False,True,False,False,False,False,APENAS_SAVE_2
5103730,"","Boston Town","","Boston Town",,1337,,,0x000E6520,False,True,False,False,False,False,APENAS_SAVE_2
5103731,"","Bourne Town","","Bourne",,1338,,,0x000E65D2,False,True,False,False,False,False,APENAS_SAVE_2
5103732,"","Buckingham Town","","Buckingham",,1339,,,0x000E66A3,False,True,False,False,False,False,APENAS_SAVE_2
5103733,"","Bugbrooke St. Michaels","","Bugbrooke",,1340,,,0x000E6763,False,True,False,False,False,False,APENAS_SAVE_2
5103734,"","Cogenhoe United","","Cogenhoe",,1341,,,0x000E6821,False,True,False,False,False,False,APENAS_SAVE_2
5103735,"","Desborough Town","","Desborough",,1342,,,0x000E68E3,False,True,False,False,False,False,APENAS_SAVE_2
5103736,"","Eynesbury Rovers","","Eynesbury",,1343,,,0x000E6997,False,True,False,False,False,False,APENAS_SAVE_2
5103738,"","Holbeach United","","Holbeach",,1344,,,0x000E6A55,False,True,False,False,False,False,APENAS_SAVE_2
5103739,"","Kempston Rovers","","Kempston",,1345,,,0x000E6B13,False,True,False,False,False,False,APENAS_SAVE_2
5103740,"","Long Buckby","","Long Buckby",,1346,,,0x000E6BCF,False,True,False,False,False,False,APENAS_SAVE_2
5103741,"","Northampton Spencer","","Northampton Spencer",,1347,,,0x000E6CAB,False,True,False,False,False,False,APENAS_SAVE_2
5103742,"","Potton United","","Potton",,1348,,,0x000E6D53,False,True,False,False,False,False,APENAS_SAVE_2
5103743,"","St. Neots Town","","St. Neots",,1349,,,0x000E6E11,False,True,False,False,False,False,APENAS_SAVE_2
5103744,"","Stewarts & Lloyds Corby","","Stewarts & Lloyds",,1350,,,0x000E6EF1,False,True,False,False,False,False,APENAS_SAVE_2
5103745,"","Stotfold","","Stotfold",,1351,,,0x000E6FA1,False,True,False,False,False,False,APENAS_SAVE_2
5103746,"","Wellingborough Town","","Wellingborough",,1352,,,0x000E7065,False,True,False,False,False,False,APENAS_SAVE_2
5103747,"","Wootton Blue Cross","","Wootton",,1353,,,0x000E7127,False,True,False,False,False,False,APENAS_SAVE_2
5103748,"","Yaxley","","Yaxley",,1354,,,0x000E71CF,False,True,False,False,False,False,APENAS_SAVE_2
5103749,"","AFC Newbury","","Newbury",,1355,,,0x000E7283,False,True,False,False,False,False,APENAS_SAVE_2
5103750,"","AFC Totton","","Totton",,1356,,,0x000E7333,False,True,False,False,False,False,APENAS_SAVE_2
5103751,"","Andover","","Andover",,1357,,,0x000E73DF,False,True,False,False,False,False,APENAS_SAVE_2
5103752,"","BAT Sports","","BAT Sports",,1358,,,0x000E7497,False,True,False,False,False,False,APENAS_SAVE_2
5103753,"","Bemerton Heath Harlequins","","Bemerton Heath",,1359,,,0x000E7575,False,True,False,False,False,False,APENAS_SAVE_2
5103754,"","Blackfield & Langley","","Blackfield",,1360,,,0x000E7641,False,True,False,False,False,False,APENAS_SAVE_2
5103755,"","Bournemouth Poppies","","Bournemouth Poppies",,1361,,,0x000E771D,False,True,False,False,False,False,APENAS_SAVE_2
5103756,"","Brockenhurst","","Brockenhurst",,1362,,,0x000E77DD,False,True,False,False,False,False,APENAS_SAVE_2
5103757,"","Christchurch","","Christchurch",,1363,,,0x000E789D,False,True,False,False,False,False,APENAS_SAVE_2
5103758,"","Cowes Sports","","Cowes",,1364,,,0x000E794F,False,True,False,False,False,False,APENAS_SAVE_2
5103759,"","Downton","","Downton",,1365,,,0x000E79FB,False,True,False,False,False,False,APENAS_SAVE_2
5103760,"","Eastleigh","","Eastleigh",,1366,,,0x000E7AB3,False,True,False,False,False,False,APENAS_SAVE_2
5103761,"","Gosport Borough","","Gosport",,1367,,,0x000E7B6F,False,True,False,False,False,False,APENAS_SAVE_2
5103762,"","Hamble ASSC","","Hamble ASSC",,1368,,,0x000E7C2B,False,True,False,False,False,False,APENAS_SAVE_2
5103763,"","Lymington & New Milton","","Lymington & NM",,1369,,,0x000E7D03,False,True,False,False,False,False,APENAS_SAVE_2
5103764,"","Moneyfields","","Moneyfields",,1370,,,0x000E7DBF,False,True,False,False,False,False,APENAS_SAVE_2
5103765,"","Portsmouth Royal Navy","","Portsmouth RN",,1371,,,0x000E7E85,False,True,False,False,False,False,APENAS_SAVE_2
5103766,"","Swanage Town & Herston","","Swanage",,1372,,,0x000E7F41,False,True,False,False,False,False,APENAS_SAVE_2
5103767,"","Thatcham Town","","Thatcham",,1373,,,0x000E7FFB,False,True,False,False,False,False,APENAS_SAVE_2
5103768,"","Whitchurch United","","Whitchurch Utd",,1374,,,0x000E80C9,False,True,False,False,False,False,APENAS_SAVE_2
5103769,"","Wimborne Town","","Wimborne",,1375,,,0x000E8183,False,True,False,False,False,False,APENAS_SAVE_2
5103770,"","Arundel","","Arundel",,1376,,,0x000E822F,False,True,False,False,False,False,APENAS_SAVE_2
5103771,"","Burgess Hill Town","","Burgess Hill",,1377,,,0x000E82F9,False,True,False,False,False,False,APENAS_SAVE_2
5103772,"","Chichester City United","","Chichester",,1378,,,0x000E83C9,False,True,False,False,False,False,APENAS_SAVE_2
5103773,"","East Preston","","East Preston",,1379,,,0x000E8489,False,True,False,False,False,False,APENAS_SAVE_2
5103774,"","Eastbourne Town","","Eastbourne Town",,1380,,,0x000E854E,False,True,False,False,False,False,APENAS_SAVE_2
5103776,"","Hassocks","","Hassocks",,1381,,,0x000E85FE,False,True,False,False,False,False,APENAS_SAVE_2
5103777,"","Horsham YMCA","","Horsham YMCA",,1382,,,0x000E86BE,False,True,False,False,False,False,APENAS_SAVE_2
5103778,"","Lancing","","Lancing",,1383,,,0x000E8763,False,True,False,False,False,False,APENAS_SAVE_2
5103779,"","Littlehampton Town","","Littlehampton",,1384,,,0x000E8831,False,True,False,False,False,False,APENAS_SAVE_2
5103780,"","Pagham","","Pagham",,1385,,,0x000E88D9,False,True,False,False,False,False,APENAS_SAVE_2
5103781,"","Redhill","","Redhill",,1386,,,0x000E8985,False,True,False,False,False,False,APENAS_SAVE_2
5103782,"","Ringmer","","Ringmer",,1387,,,0x000E8A31,False,True,False,False,False,False,APENAS_SAVE_2
5103783,"","Saltdean United","","Saltdean",,1388,,,0x000E8AE8,False,True,False,False,False,False,APENAS_SAVE_2
5103784,"","Selsey","","Selsey",,1389,,,0x000E8B90,False,True,False,False,False,False,APENAS_SAVE_2
5103785,"","Sidlesham","","Sidlesham",,1390,,,0x000E8C44,False,True,False,False,False,False,APENAS_SAVE_2
5103786,"","Sidley United","","Sidley",,1391,,,0x000E8CFA,False,True,False,False,False,False,APENAS_SAVE_2
5103787,"","Three Bridges","","Three Bridges",,1392,,,0x000E8DBE,False,True,False,False,False,False,APENAS_SAVE_2
5103788,"","Whitehawk","","Whitehawk",,1393,,,0x000E8E72,False,True,False,False,False,False,APENAS_SAVE_2
5103789,"","Wick","","Wick",,1394,,,0x000E8F12,False,True,False,False,False,False,APENAS_SAVE_2
5103790,"","Beckenham Town","","Beckenham",,1395,,,0x000E8FC2,False,True,False,False,False,False,APENAS_SAVE_2
5103792,"","Chatham Town","","Chatham",,1396,,,0x000E9078,False,True,False,False,False,False,APENAS_SAVE_2
5103793,"","Cray Wanderers","","Cray",,1397,,,0x000E911E,False,True,False,False,False,False,APENAS_SAVE_2
5103794,"","Deal Town","","Deal",,1398,,,0x000E91C8,False,True,False,False,False,False,APENAS_SAVE_2
5103795,"","Erith Town","","Erith Town",,1399,,,0x000E9272,False,True,False,False,False,False,APENAS_SAVE_2
5103797,"","Greenwich Borough","","Greenwich",,1400,,,0x000E9328,False,True,False,False,False,False,APENAS_SAVE_2
5103798,"","Herne Bay","","Herne Bay",,1401,,,0x000E93CE,False,True,False,False,False,False,APENAS_SAVE_2
5103799,"","Hythe Town","","Hythe Town",,1402,,,0x000E9478,False,True,False,False,False,False,APENAS_SAVE_2
5103800,"","Lordswood","","Lordswood",,1403,,,0x000E952C,False,True,False,False,False,False,APENAS_SAVE_2
5103801,"","Ramsgate","","Ramsgate",,1404,,,0x000E9603,False,True,False,False,False,False,APENAS_SAVE_2
5103803,"","Slade Green","","Slade Green",,1405,,,0x000E96B1,False,True,False,False,False,False,APENAS_SAVE_2
5103804,"","Thamesmead Town","","Thamesmead",,1406,,,0x000E9765,False,True,False,False,False,False,APENAS_SAVE_2
5103805,"","Tunbridge Wells","","Tunbridge Wells",,1407,,,0x000E9823,False,True,False,False,False,False,APENAS_SAVE_2
5103806,"","VCD Athletic","","",,1408,,,0x000E9903,False,True,False,False,False,False,APENAS_SAVE_2
5103807,"","Whitstable Town","","Whitstable",,1409,,,0x000E99B7,False,True,False,False,False,False,APENAS_SAVE_2
5103808,"","AFC Sudbury","","AFC Sudbury",,1410,,,0x000E9A73,False,True,False,False,False,False,APENAS_SAVE_2
5103809,"","Bury Town","","Bury Town",,1411,,,0x000E9B27,False,True,False,False,False,False,APENAS_SAVE_2
5103810,"","Clacton Town","","Clacton",,1412,,,0x000E9BDD,False,True,False,False,False,False,APENAS_SAVE_2
5103811,"","Diss Town","","Diss",,1413,,,0x000E9C87,False,True,False,False,False,False,APENAS_SAVE_2
5103812,"","Ely City","","Ely City",,1414,,,0x000E9D37,False,True,False,False,False,False,APENAS_SAVE_2
5103813,"","Fakenham Town","","Fakenham",,1415,,,0x000E9DF1,False,True,False,False,False,False,APENAS_SAVE_2
5103814,"","Felixstowe & Walton United","","Felixstowe",,1416,,,0x000E9EBB,False,True,False,False,False,False,APENAS_SAVE_2
5103815,"","Gorleston","","Gorleston",,1417,,,0x000E9F6F,False,True,False,False,False,False,APENAS_SAVE_2
5103816,"","Great Yarmouth Town","","Great Yarmouth",,1418,,,0x000EA041,False,True,False,False,False,False,APENAS_SAVE_2
5103817,"","Halstead Town","","Halstead",,1419,,,0x000EA0ED,False,True,False,False,False,False,APENAS_SAVE_2
5103818,"","Harwich & Parkeston","","Harwich",,1420,,,0x000EA1B1,False,True,False,False,False,False,APENAS_SAVE_2
5103819,"","Ipswich Wanderers","","Ipswich Wanderers",,1421,,,0x000EA285,False,True,False,False,False,False,APENAS_SAVE_2
5103820,"","Lowestoft Town","","Lowestoft",,1422,,,0x000EA343,False,True,False,False,False,False,APENAS_SAVE_2
5103821,"","Maldon Town","","Maldon",,1423,,,0x000EA3F5,False,True,False,False,False,False,APENAS_SAVE_2
5103822,"","Mildenhall Town","","Mildenhall",,1424,,,0x000EA4B7,False,True,False,False,False,False,APENAS_SAVE_2
5103823,"","Newmarket Town","","Newmarket",,1425,,,0x000EA575,False,True,False,False,False,False,APENAS_SAVE_2
5103824,"","Soham Town Rangers","","Soham",,1426,,,0x000EA633,False,True,False,False,False,False,APENAS_SAVE_2
5103825,"","Stowmarket Town","","Stowmarket",,1427,,,0x000EA6F5,False,True,False,False,False,False,APENAS_SAVE_2
5103826,"","Tiptree United","","Tiptree",,1428,,,0x000EA7AF,False,True,False,False,False,False,APENAS_SAVE_2
5103827,"","Warboys Town","","Warboys",,1429,,,0x000EA857,False,True,False,False,False,False,APENAS_SAVE_2
5103828,"","Woodbridge Town","","Woodbridge",,1430,,,0x000EA919,False,True,False,False,False,False,APENAS_SAVE_2
5103829,"","Ramsbottom United","","Ramsbottom",,1431,,,0x000EA9DF,False,True,False,False,False,False,APENAS_SAVE_2
5103830,"","Abbey Hey","","Abbey Hey",,1432,,,0x000EAA93,False,True,False,False,False,False,APENAS_SAVE_2
5103831,"","Atherton Collieries","","Atherton Colls",,1433,,,0x000EAB65,False,True,False,False,False,False,APENAS_SAVE_2
5103832,"","Cheadle Town","","Cheadle",,1434,,,0x000EAC1B,False,True,False,False,False,False,APENAS_SAVE_2
5103833,"","Clitheroe","","Clitheroe",,1435,,,0x000EACCF,False,True,False,False,False,False,APENAS_SAVE_2
5103834,"","Fleetwood Town","","Fleetwood",,1436,,,0x000EAD8D,False,True,False,False,False,False,APENAS_SAVE_2
5103835,"","Leek CSOB","","Leek CSOB",,1437,,,0x000EAE41,False,True,False,False,False,False,APENAS_SAVE_2
5103836,"","Kidsgrove Athletic","","Kidsgrove",,1438,,,0x000EAF07,False,True,False,False,False,False,APENAS_SAVE_2
5103837,"","Maine Road","","Maine Road",,1439,,,0x000EAFBF,False,True,False,False,False,False,APENAS_SAVE_2
5103838,"","Mossley","","Mossley",,1440,,,0x000EB06B,False,True,False,False,False,False,APENAS_SAVE_2
5103839,"","Nantwich Town","","Nantwich",,1441,,,0x000EB125,False,True,False,False,False,False,APENAS_SAVE_2
5103840,"","Prescot Cables","","Prescot Cables",,1442,,,0x000EB1ED,False,True,False,False,False,False,APENAS_SAVE_2
5103841,"","Rossendale United","","Rossendale",,1443,,,0x000EB2B3,False,True,False,False,False,False,APENAS_SAVE_2
5103842,"","Salford City","","Salford",,1444,,,0x000EB369,False,True,False,False,False,False,APENAS_SAVE_2
5103843,"","Skelmersdale United","","Skelmersdale",,1445,,,0x000EB437,False,True,False,False,False,False,APENAS_SAVE_2
5103844,"","St. Helens Town","","St. Helens",,1446,,,0x000EB4F9,False,True,False,False,False,False,APENAS_SAVE_2
5103845,"","Woodley Sports","","Woodley Sports",,1447,,,0x000EB5C1,False,True,False,False,False,False,APENAS_SAVE_2
5103846,"","Armthorpe Welfare","","Armthorpe",,1448,,,0x000EB685,False,True,False,False,False,False,APENAS_SAVE_2
5103847,"","Arnold Town","","Arnold",,1449,,,0x000EB737,False,True,False,False,False,False,APENAS_SAVE_2
5103848,"","Brigg Town","","Brigg",,1450,,,0x000EB7E5,False,True,False,False,False,False,APENAS_SAVE_2
5103849,"","Brodsworth Welfare","","Brodsworth Welfare",,1451,,,0x000EB8BD,False,True,False,False,False,False,APENAS_SAVE_2
5103851,"","Eccleshill United","","Eccleshill Utd",,1452,,,0x000EB98B,False,True,False,False,False,False,APENAS_SAVE_2
5103852,"","Glapwell","","Glapwell",,1453,,,0x000EBA3B,False,True,False,False,False,False,APENAS_SAVE_2
5103853,"","Glasshoughton Welfare","","Glasshoughton",,1454,,,0x000EBB0F,False,True,False,False,False,False,APENAS_SAVE_2
5103854,"","Goole","","Goole",,1455,,,0x000EBBB3,False,True,False,False,False,False,APENAS_SAVE_2
5103855,"","Hallam","","Hallam",,1456,,,0x000EBC5B,False,True,False,False,False,False,APENAS_SAVE_2
5103856,"","Harrogate Railway Athletic","","Harrogate Railway",,1457,,,0x000EBD41,False,True,False,False,False,False,APENAS_SAVE_2
5103857,"","Liversedge","","Liversedge",,1458,,,0x000EBDF9,False,True,False,False,False,False,APENAS_SAVE_2
5103858,"","Ossett Albion","","Ossett Albion",,1459,,,0x000EBEBD,False,True,False,False,False,False,APENAS_SAVE_2
5103859,"","Selby Town","","Selby",,1460,,,0x000EBF6B,False,True,False,False,False,False,APENAS_SAVE_2
5103860,"","Sheffield","","Sheffield",,1461,,,0x000EC01F,False,True,False,False,False,False,APENAS_SAVE_2
5103861,"","Staveley Miners Welfare","","Staveley MW",,1462,,,0x000EC0F3,False,True,False,False,False,False,APENAS_SAVE_2
5103862,"","Thackley","","Thackley",,1463,,,0x000EC1A3,False,True,False,False,False,False,APENAS_SAVE_2
5103863,"","Billingham Synthonia","","Billingham Syn",,1464,,,0x000EC277,False,True,False,False,False,False,APENAS_SAVE_2
5103864,"","Billingham Town","","Billingham Town",,1465,,,0x000EC343,False,True,False,False,False,False,APENAS_SAVE_2
5103865,"","Brandon United","","Brandon",,1466,,,0x000EC3FD,False,True,False,False,False,False,APENAS_SAVE_2
5103866,"","Chester-le-Street Town","","Chester-le-Street",,1467,,,0x000EC4DB,False,True,False,False,False,False,APENAS_SAVE_2
5103867,"","Consett","","Consett",,1468,,,0x000EC587,False,True,False,False,False,False,APENAS_SAVE_2
5103868,"","Crook Town","","Crook",,1469,,,0x000EC627,False,True,False,False,False,False,APENAS_SAVE_2
5103869,"","Dunston Federation Brewery","","Dunston",,1470,,,0x000EC6F9,False,True,False,False,False,False,APENAS_SAVE_2
5103870,"","Durham City","","Durham",,1471,,,0x000EC79D,False,True,False,False,False,False,APENAS_SAVE_2
5103871,"","Easington Colliery","","Easington Colliery",,1472,,,0x000EC867,False,True,False,False,False,False,APENAS_SAVE_2
5103872,"","Guisborough Town","","Guisborough",,1473,,,0x000EC91F,False,True,False,False,False,False,APENAS_SAVE_2
5103873,"","Hebburn Town","","Hebburn",,1474,,,0x000EC9C7,False,True,False,False,False,False,APENAS_SAVE_2
5103874,"","Jarrow Roofing Boldon CA","","Jarrow",,1475,,,0x000ECA85,False,True,False,False,False,False,APENAS_SAVE_2
5103875,"","Marske United","","Marske Utd",,1476,,,0x000ECB43,False,True,False,False,False,False,APENAS_SAVE_2
5103876,"","Morpeth Town","","Morpeth",,1477,,,0x000ECBEB,False,True,False,False,False,False,APENAS_SAVE_2
5103877,"","Newcastle Blue Star","","Newcastle Blue Star",,1478,,,0x000ECCB9,False,True,False,False,False,False,APENAS_SAVE_2
5103878,"","Peterlee Newtown","","Peterlee",,1479,,,0x000ECD6B,False,True,False,False,False,False,APENAS_SAVE_2
5103879,"","Seaham Red Star","","Seaham",,1480,,,0x000ECE17,False,True,False,False,False,False,APENAS_SAVE_2
5103880,"","Tow Law Town","","Tow Law",,1481,,,0x000ECEBF,False,True,False,False,False,False,APENAS_SAVE_2
5103881,"","West Auckland Town","","West Auckland",,1482,,,0x000ECF7F,False,True,False,False,False,False,APENAS_SAVE_2
5103900,"","Warrington Town","","Warrington",,1483,,,0x000ED041,False,True,False,False,False,False,APENAS_SAVE_2
5103901,"","Meir KA","","Meir KA",,1484,,,0x000ED0ED,False,True,False,False,False,False,APENAS_SAVE_2
5103905,"","Vauxhall Motors","","Vauxhall Motors",,1485,,,0x000ED1BD,False,True,False,False,False,False,APENAS_SAVE_2
5103927,"","Aveley","","Aveley",,1486,,,0x000ED265,False,True,False,False,False,False,APENAS_SAVE_2
5103947,"","Holwell Sports","","Holwell Sports",,1487,,,0x000ED32D,False,True,False,False,False,False,APENAS_SAVE_2
5103948,"","Nelson","","Nelson",,1488,,,0x000ED3D5,False,True,False,False,False,False,APENAS_SAVE_2
5103984,"","Squires Gate","","Squires Gate",,1489,,,0x000ED495,False,True,False,False,False,False,APENAS_SAVE_2
5104026,"","Pewsey Vale","","Pewsey",,1490,,,0x000ED547,False,True,False,False,False,False,APENAS_SAVE_2
5104027,"","Loughborough Dynamo","","Loughborough",,1491,,,0x000ED615,False,True,False,False,False,False,APENAS_SAVE_2
5104029,"","Frome Town","","Frome",,1492,,,0x000ED6C3,False,True,False,False,False,False,APENAS_SAVE_2
5104133,"","Witham Town","","Witham",,1493,,,0x000ED775,False,True,False,False,False,False,APENAS_SAVE_2
5104134,"","Northallerton Town","","Northallerton",,1494,,,0x000ED835,False,True,False,False,False,False,APENAS_SAVE_2
5104183,"","Arlesey Town","","Arlesey",,1495,,,0x000ED8EB,False,True,False,False,False,False,APENAS_SAVE_2
5104257,"","Chalfont St. Peter","","Chalfont St. Peter",,1496,,,0x000ED9C3,False,True,False,False,False,False,APENAS_SAVE_2
5104713,"","Leyton","","Leyton",,1497,,,0x000EDA6B,False,True,False,False,False,False,APENAS_SAVE_2
5105248,"","Lewes","","Lewes",,1498,,,0x000EDB13,False,True,False,False,False,False,APENAS_SAVE_2
5106121,"","Egham Town","","Egham",,1499,,,0x000EDBC1,False,True,False,False,False,False,APENAS_SAVE_2
5106122,"","Coleshill Town","","Coleshill",,1500,,,0x000EDC7F,False,True,False,False,False,False,APENAS_SAVE_2
5106124,"","Liskeard Athletic","","Liskeard",,1501,,,0x000EDD33,False,True,False,False,False,False,APENAS_SAVE_2
5106125,"","Mickleover Sports","","Mickleover",,1502,,,0x000EDDF9,False,True,False,False,False,False,APENAS_SAVE_2
5106301,"","Louth United","","Louth Utd",,1503,,,0x000EDEB3,False,True,False,False,False,False,APENAS_SAVE_2
5106918,"","Southend Manor","","Southend Manor",,1504,,,0x000EDF7B,False,True,False,False,False,False,APENAS_SAVE_2
5106999,"","Ware","","Ware",,1505,,,0x000EE01B,False,True,False,False,False,False,APENAS_SAVE_2
5107065,"","Highfield Rangers","","Highfield R",,1506,,,0x000EE0E3,False,True,False,False,False,False,APENAS_SAVE_2
5107222,"","Bloxwich Town","","Bloxwich",,1507,,,0x000EE19D,False,True,False,False,False,False,APENAS_SAVE_2
5108728,"","Coventry Marconi","","Coventry Marconi",,1508,,,0x000EE26D,False,True,False,False,False,False,APENAS_SAVE_2
5108729,"","Leamington","","Leamington",,1509,,,0x000EE325,False,True,False,False,False,False,APENAS_SAVE_2
5108784,"","Kingsbury Town","","Kingsbury",,1510,,,0x000EE3E3,False,True,False,False,False,False,APENAS_SAVE_2
5109249,"","Camberley Town","","Camberley",,1511,,,0x000EE4A1,False,True,False,False,False,False,APENAS_SAVE_2
5110138,"","Alsager Town","","Alsager",,1512,,,0x000EE557,False,True,False,False,False,False,APENAS_SAVE_2
5110139,"","Ludlow Town","","Ludlow",,1513,,,0x000EE609,False,True,False,False,False,False,APENAS_SAVE_2
5110140,"","Norton United","","Norton United",,1514,,,0x000EE6CD,False,True,False,False,False,False,APENAS_SAVE_2
5110141,"","Quorn","","Quorn",,1515,,,0x000EE771,False,True,False,False,False,False,APENAS_SAVE_2
5110142,"","Stone Dominoes","","Stone Dominoes",,1516,,,0x000EE839,False,True,False,False,False,False,APENAS_SAVE_2
5110143,"","Studley","","Studley",,1517,,,0x000EE8E5,False,True,False,False,False,False,APENAS_SAVE_2
5110755,"","Hornchurch","","Hornchurch",,1518,,,0x000EE9A6,False,True,False,False,False,False,APENAS_SAVE_2
5114376,"","Old Parmiterians","","Old Parmiterians",,1520,,,0x000EEB3A,False,True,False,False,False,False,APENAS_SAVE_2
5280160,"12 de Octubre FC","","12 de Octubre","",1627,,,0x000E7667,,True,False,False,False,False,False,APENAS_SAVE_1
5290189,"CSD Estudiantes de Medicina","","Estudiantes de Medicina","",1629,,,0x000E77FF,,True,False,False,False,False,False,APENAS_SAVE_1
5300364,"CD Trujillanos","","Trujillanos","",1630,,,0x000E78B9,,True,False,False,False,False,False,APENAS_SAVE_1
5311841,"","FC Zestafoni","","Zestafoni",,1525,,,0x000EEEB1,False,True,False,False,False,False,APENAS_SAVE_2
5321693,"","Karvan Yevlah","","Karvan Yevlah",,1526,,,0x000EEF5F,False,True,False,False,False,False,APENAS_SAVE_2
5323368,"","FC Almaty","","Almaty",,1527,,,0x000EEFF7,False,True,False,False,False,False,APENAS_SAVE_2
5350028,"","Taipei Physical Education College","","Taipei PEC",,1577,,,0x000F156F,False,True,False,False,False,False,APENAS_SAVE_2
5350053,"Monte Carlo","","Monte Carlo","",1681,,,0x000E9EE0,,True,False,False,False,False,False,APENAS_SAVE_1
5375175,"Real Estelí FC","","Real Estelí","",1685,,,0x000EA225,,True,False,False,False,False,False,APENAS_SAVE_1
5375176,"San Marcos FC","","San Marcos","",1686,,,0x000EA2DB,,True,False,False,False,False,False,APENAS_SAVE_1
5375180,"CD Walter Ferreti","","Walter Ferreti","",1687,,,0x000EA3A1,,True,False,False,False,False,False,APENAS_SAVE_1
5375181,"Diriagén FC","","Diriagén","",1688,,,0x000EA44F,,True,False,False,False,False,False,APENAS_SAVE_1
5375187,"Real Madríz FC","","Real Madríz","",1689,,,0x000EA509,,True,False,False,False,False,False,APENAS_SAVE_1
5375190,"Bluefields FC","","Bluefields","",1690,,,0x000EA5BF,,True,False,False,False,False,False,APENAS_SAVE_1
5385098,"ADM Pérez Zeledón","","Pérez Zeledón","",1693,,,0x000EA829,,True,False,False,False,False,False,APENAS_SAVE_1
5385101,"ADM Puntarenas","","Puntarenas","",1694,,,0x000EA8E1,,True,False,False,False,False,False,APENAS_SAVE_1
5385104,"AD San Carlos","","San Carlos","",1695,,,0x000EA997,,True,False,False,False,False,False,APENAS_SAVE_1
5395069,"CD Escuintla","","Escuintla","",1709,,,0x000EB35D,,True,False,False,False,False,False,APENAS_SAVE_1
5395076,"CD Xelajú MC","","Xelajú","",1710,,,0x000EB409,,True,False,False,False,False,False,APENAS_SAVE_1
5395158,"Antigua GFC","","Antigua","",1711,,,0x000EB4B5,,True,False,False,False,False,False,APENAS_SAVE_1
5410577,"","FK RAF Jelgava","","RAF",,1600,,,0x000F2661,False,True,False,False,False,False,APENAS_SAVE_2
5430002,"Parmalat FC","","Parmalat","",1716,,,0x000EB85C,,True,False,False,False,False,False,APENAS_SAVE_1
5430416,"Inter Moengotapoe","","Inter Moengotapoe","",1717,,,0x000EB928,,True,False,False,False,False,False,APENAS_SAVE_1
5430419,"House of Billiards","","HOB","",1718,,,0x000EB9DA,,True,False,False,False,False,False,APENAS_SAVE_1
5430420,"Voorwaarts (SUR)","","","",1719,,,0x000EBA9C,,True,False,False,False,False,False,APENAS_SAVE_1
5430459,"Royal '95","","Royal '95","",1720,,,0x000EBB48,,True,False,False,False,False,False,APENAS_SAVE_1
5430463,"CF Ciudad La Habana","","Ciudad Habana","",1721,,,0x000EBC10,,True,False,False,False,False,False,APENAS_SAVE_1
5430471,"Cienfuegos FC","","Cienfuegos","",1722,,,0x000EBCC6,,True,False,False,False,False,False,APENAS_SAVE_1
5430474,"C Granma FC","","Granma","",1723,,,0x000EBD70,,True,False,False,False,False,False,APENAS_SAVE_1
5430477,"CD Guantánamo","","Guantánamo","",1724,,,0x000EBE26,,True,False,False,False,False,False,APENAS_SAVE_1
5430483,"CD Industriales La Habana","","Industriales","",1725,,,0x000EBEF8,,True,False,False,False,False,False,APENAS_SAVE_1
5430490,"FC Villa Clara","","Villa Clara","",1726,,,0x000EBFB2,,True,False,False,False,False,False,APENAS_SAVE_1
5430566,"CAF Quintana","","Quintana","",1727,,,0x000EC06A,,True,False,False,False,False,False,APENAS_SAVE_1
5430567,"CF Lincoln-Bayamón","","Bayamón","",1728,,,0x000EC124,,True,False,False,False,False,False,APENAS_SAVE_1
5430568,"CF Maunabo","","Maunabo","",1729,,,0x000EC1CE,,True,False,False,False,False,False,APENAS_SAVE_1
5430569,"CF Roosevelt","","Roosevelt","",1730,,,0x000EC280,,True,False,False,False,False,False,APENAS_SAVE_1
5430570,"C Atléticos de Río Piedras","","Atléticos Río Piedras","",1731,,,0x000EC366,,True,False,False,False,False,False,APENAS_SAVE_1
5430571,"CF Nacional de Carolina","","Nacional Carolina","",1732,,,0x000EC43E,,True,False,False,False,False,False,APENAS_SAVE_1
5430572,"C Sporting San Juan","","Sporting San Juan","",1733,,,0x000EC516,,True,False,False,False,False,False,APENAS_SAVE_1
5430606,"UD Banda Abou","","Undeba","",1734,,,0x000EC5CB,,True,False,False,False,False,False,APENAS_SAVE_1
5430607,"CRSKV Jong Holland","","Jong Holland","",1735,,,0x000EC68F,,True,False,False,False,False,False,APENAS_SAVE_1
5430609,"SU Brion Trappers","","SUBT","",1736,,,0x000EC741,,True,False,False,False,False,False,APENAS_SAVE_1
5430610,"RKSV Centro Dominguito","","Centro Dominguito","",1737,,,0x000EC817,,True,False,False,False,False,False,APENAS_SAVE_1
5430611,"RKVFC Sithoc","","Sithoc","",1738,,,0x000EC8C3,,True,False,False,False,False,False,APENAS_SAVE_1
5430612,"CSD Barber","","Barber","",1739,,,0x000EC96B,,True,False,False,False,False,False,APENAS_SAVE_1
5603779,"","FC Wacker Tirol","","Wacker Tirol",,1608,,,0x000F2CBA,False,True,False,False,False,False,APENAS_SAVE_2
5622951,"","FC Ruggell","","Ruggell",,1614,,,0x000F3096,False,True,False,False,False,False,APENAS_SAVE_2
5622952,"","FC Triesen","","Triesen",,1615,,,0x000F3139,False,True,False,False,False,False,APENAS_SAVE_2
5625245,"Football Inter Club Association","","FICA","",1753,,,0x000ED3A7,,True,False,False,False,False,False,APENAS_SAVE_1
5625246,"Baltimore Sportif Club","","Baltimore (HAI)","",1754,,,0x000ED479,,True,False,False,False,False,False,APENAS_SAVE_1
5625247,"Carioca Football Club","","Carioca","",1755,,,0x000ED539,,True,False,False,False,False,False,APENAS_SAVE_1
5625248,"Roulado Football Club","","Roulado","",1756,,,0x000ED5F9,,True,False,False,False,False,False,APENAS_SAVE_1
5625249,"Association Sportive Capoise","","AS Capoise","",1757,,,0x000ED6CD,,True,False,False,False,False,False,APENAS_SAVE_1
5625306,"Caledonia AIA","","Caledonia AIA","",1758,,,0x000ED789,,True,False,False,False,False,False,APENAS_SAVE_1
5625308,"Doc's Khelwalaas FC","","Doc's Khelwalaas","",1759,,,0x000ED850,,True,False,False,False,False,False,APENAS_SAVE_1
5625309,"Joe Public FC","","Joe Public","",1760,,,0x000ED906,,True,False,False,False,False,False,APENAS_SAVE_1
5625310,"W Connection FC","","W Connection","",1761,,,0x000ED9BD,,True,False,False,False,False,False,APENAS_SAVE_1
5625939,"Surinaams Nationaal Leger","","SNL","",1762,,,0x000EDA7D,,True,False,False,False,False,False,APENAS_SAVE_1
5627593,"Al Khor","","Al Khor","",1767,,,0x000EDE0F,,True,False,False,False,False,False,APENAS_SAVE_1
5634153,"","National Public Security","","Public Security",,1623,,,0x000F3730,False,True,False,False,False,False,APENAS_SAVE_2
5666338,"Club Dorados de Culiacán","","Culiacán","",1770,,,0x000EE066,,True,False,False,False,False,False,APENAS_SAVE_1
5666372,"Club Colima","","Colima","",1771,,,0x000EE110,,True,False,False,False,False,False,APENAS_SAVE_1
5680079,"","City Sharks","","City Sharks",,1624,,,0x000F37E9,False,True,False,False,False,False,APENAS_SAVE_2
5705626,"Daegu FC","","Daegu","",1774,,,0x000EE304,,True,False,False,False,False,False,APENAS_SAVE_1
5742029,"","NK Orasje","","Orasje",,1628,,,0x000F3AC4,False,True,False,False,False,False,APENAS_SAVE_2
5746828,"","FK Rudar Ugljevik","","Rudar (U)",,1629,,,0x000F3B97,False,True,False,False,False,False,APENAS_SAVE_2
5747925,"","FK Leotar Trebinje","","Leotar",,1630,,,0x000F3C76,False,True,False,False,False,False,APENAS_SAVE_2
5774914,"","FK Madzari Solidarnost 92 Skopje","","Madzari",,1632,,,0x000F3E40,False,True,False,False,False,False,APENAS_SAVE_2
6400243,"","Gårda BK","","Gårda",,1636,,,0x000F411F,False,True,False,False,False,False,APENAS_SAVE_2
7400204,"","Hong Kong Institute of Education","","HKIE",,1639,,,0x000F4412,False,True,False,False,False,False,APENAS_SAVE_2
7481154,"","MTZ-Ripo Minsk","","MTZ-Ripo",,1640,,,0x000F44C6,False,True,False,False,False,False,APENAS_SAVE_2
7540033,"","Inter Gaz Bucharest","","Inter Gaz",,1641,,,0x000F458B,False,True,False,False,False,False,APENAS_SAVE_2
7580043,"","NK Drava","","Drava",,1642,,,0x000F462D,False,True,False,False,False,False,APENAS_SAVE_2
7600156,"Union Sportive Madinet Bel Abbès","","USM Bel Abbès","",1782,,,0x000EE9D3,,True,False,False,False,False,False,APENAS_SAVE_1
7720037,"CD Honduras Salzburgo","","Honduras Salzburgo","",1785,,,0x000EEC32,,True,False,False,False,False,False,APENAS_SAVE_1
7800917,"","Singapore Under 23s","","Singapore U23s",,1645,,,0x000F4880,False,True,False,False,False,False,APENAS_SAVE_2
7940103,"","Ettingshall Holy Trinity","","Ettingshall",,1647,,,0x000F4A42,False,True,False,False,False,False,APENAS_SAVE_2
7940149,"","Ashington","","Ashington",,1648,,,0x000F4AF6,False,True,False,False,False,False,APENAS_SAVE_2
7940162,"","Hamworthy Recreation","","Hamworthy Rec",,1649,,,0x000F4BC8,False,True,False,False,False,False,APENAS_SAVE_2
7940186,"","Keynsham Town","","Keynsham",,1650,,,0x000F4C82,False,True,False,False,False,False,APENAS_SAVE_2
7940193,"","Team Bath","","Team Bath",,1651,,,0x000F4D36,False,True,False,False,False,False,APENAS_SAVE_2
7940199,"","Bitton","","Bitton",,1652,,,0x000F4DDE,False,True,False,False,False,False,APENAS_SAVE_2
7940201,"","Cadbury Heath","","Cadbury Heath",,1653,,,0x000F4EA2,False,True,False,False,False,False,APENAS_SAVE_2
7940203,"","Calne Town","","Calne",,1654,,,0x000F4F50,False,True,False,False,False,False,APENAS_SAVE_2
7940206,"","Chard Town","","Chard",,1655,,,0x000F4FFE,False,True,False,False,False,False,APENAS_SAVE_2
7940210,"","Clyst Rovers","","Clyst Rovers",,1656,,,0x000F50BE,False,True,False,False,False,False,APENAS_SAVE_2
7940212,"","Corsham Town","","Corsham",,1657,,,0x000F5174,False,True,False,False,False,False,APENAS_SAVE_2
7940214,"","Exmouth Town","","Exmouth",,1658,,,0x000F522A,False,True,False,False,False,False,APENAS_SAVE_2
7940217,"","Hallen","","Hallen",,1659,,,0x000F52D2,False,True,False,False,False,False,APENAS_SAVE_2
7940219,"","Ilfracombe Town","","Ilfracombe",,1660,,,0x000F5394,False,True,False,False,False,False,APENAS_SAVE_2
7940222,"","Larkhall Athletic","","Larkhall",,1661,,,0x000F5456,False,True,False,False,False,False,APENAS_SAVE_2
7940226,"","Shepton Mallet","","Shepton Mallet",,1662,,,0x000F551E,False,True,False,False,False,False,APENAS_SAVE_2
7940229,"","Street","","Street",,1663,,,0x000F55C6,False,True,False,False,False,False,APENAS_SAVE_2
7940232,"","Torrington","","Torrington",,1664,,,0x000F567E,False,True,False,False,False,False,APENAS_SAVE_2
7940235,"","Wellington (S)","","",,1665,,,0x000F5752,False,True,False,False,False,False,APENAS_SAVE_2
7940240,"","Willand Rovers","","Willand",,1666,,,0x000F580C,False,True,False,False,False,False,APENAS_SAVE_2
7940242,"","Weston St. Johns","","Weston St. Johns",,1667,,,0x000F58DC,False,True,False,False,False,False,APENAS_SAVE_2
7940245,"","Warminster Town","","Warminster",,1668,,,0x000F599E,False,True,False,False,False,False,APENAS_SAVE_2
7940248,"","Trowbridge Town","","Trowbridge",,1669,,,0x000F5A60,False,True,False,False,False,False,APENAS_SAVE_2
7940256,"","Bishop's Cleeve","","Bishop's Cleeve",,1670,,,0x000F5B2C,False,True,False,False,False,False,APENAS_SAVE_2
7940266,"","Henley Town","","Henley",,1671,,,0x000F5BDE,False,True,False,False,False,False,APENAS_SAVE_2
7940269,"","Hook Norton","","Hook Norton",,1672,,,0x000F5C9A,False,True,False,False,False,False,APENAS_SAVE_2
7940276,"","Southall Town","","Southall Town",,1673,,,0x000F5D5E,False,True,False,False,False,False,APENAS_SAVE_2
7940281,"","Ardley United","","Ardley",,1674,,,0x000F5E14,False,True,False,False,False,False,APENAS_SAVE_2
7940284,"","Chipping Norton Town","","Chipping Norton",,1675,,,0x000F5EEA,False,True,False,False,False,False,APENAS_SAVE_2
7940286,"","Cirencester United","","Cirencester Utd",,1676,,,0x000F5FBC,False,True,False,False,False,False,APENAS_SAVE_2
7940287,"","Clanfield","","Clanfield",,1677,,,0x000F6070,False,True,False,False,False,False,APENAS_SAVE_2
7940288,"","Easington Sports","","Easington Sports",,1678,,,0x000F6140,False,True,False,False,False,False,APENAS_SAVE_2
7940289,"","Harrow Hill","","Harrow Hill",,1679,,,0x000F61FC,False,True,False,False,False,False,APENAS_SAVE_2
7940290,"","Headington Amateurs","","Headington A's",,1680,,,0x000F62CE,False,True,False,False,False,False,APENAS_SAVE_2
7940292,"","Kidlington","","Kidlington",,1681,,,0x000F6386,False,True,False,False,False,False,APENAS_SAVE_2
7940294,"","Letcombe","","Letcombe",,1682,,,0x000F6436,False,True,False,False,False,False,APENAS_SAVE_2
7940296,"","Malmesbury Victoria","","Malmesbury",,1683,,,0x000F6500,False,True,False,False,False,False,APENAS_SAVE_2
7940299,"","Middle Barton","","Middle Barton",,1684,,,0x000F65C4,False,True,False,False,False,False,APENAS_SAVE_2
7940301,"","Old Woodstock Town","","Old Woodstock",,1685,,,0x000F6692,False,True,False,False,False,False,APENAS_SAVE_2
7940304,"","Purton","","Purton",,1686,,,0x000F673A,False,True,False,False,False,False,APENAS_SAVE_2
7940306,"","Ross Town","","Ross Town",,1687,,,0x000F67EE,False,True,False,False,False,False,APENAS_SAVE_2
7940309,"","Shrivenham","","Shrivenham",,1688,,,0x000F68A6,False,True,False,False,False,False,APENAS_SAVE_2
7940311,"","Winterbourne United","","Winterbourne",,1689,,,0x000F6974,False,True,False,False,False,False,APENAS_SAVE_2
7940315,"","Binfield","","Binfield",,1690,,,0x000F6A24,False,True,False,False,False,False,APENAS_SAVE_2
7940318,"","Bisley Sports","","Bisley",,1691,,,0x000F6ADA,False,True,False,False,False,False,APENAS_SAVE_2
7940320,"","Chalfont Wasps","","Chalfont Wasps",,1692,,,0x000F6BA2,False,True,False,False,False,False,APENAS_SAVE_2
7940323,"","Drayton Wanderers","","Drayton",,1693,,,0x000F6C62,False,True,False,False,False,False,APENAS_SAVE_2
7940326,"","Englefield Green Rovers","","Englefield Green",,1694,,,0x000F6D40,False,True,False,False,False,False,APENAS_SAVE_2
7940329,"","Eton Wick","","Eton Wick",,1695,,,0x000F6DF4,False,True,False,False,False,False,APENAS_SAVE_2
7940331,"","Finchampstead","","Finchampstead",,1696,,,0x000F6EB8,False,True,False,False,False,False,APENAS_SAVE_2
7940336,"","Martin Baker Sports","","Martin Baker",,1697,,,0x000F6F8D,False,True,False,False,False,False,APENAS_SAVE_2
7940339,"","Penn & Tylers Green","","Penn",,1698,,,0x000F704B,False,True,False,False,False,False,APENAS_SAVE_2
7940342,"","Prestwood","","Prestwood",,1699,,,0x000F70FF,False,True,False,False,False,False,APENAS_SAVE_2
7940344,"","Quarry Nomads","","Quarry Nomads",,1700,,,0x000F71CA,False,True,False,False,False,False,APENAS_SAVE_2
7940346,"","RS Basingstoke","","RS Basingstoke",,1701,,,0x000F7292,False,True,False,False,False,False,APENAS_SAVE_2
7940349,"","Rayners Lane","","Rayners Lane",,1702,,,0x000F7352,False,True,False,False,False,False,APENAS_SAVE_2
7940357,"","Causeway United","","Causeway Utd",,1703,,,0x000F7418,False,True,False,False,False,False,APENAS_SAVE_2
7940361,"","Grosvenor Park","","Grosvenor Park",,1704,,,0x000F74E0,False,True,False,False,False,False,APENAS_SAVE_2
7940381,"","Alvechurch","","Alvechurch",,1705,,,0x000F7598,False,True,False,False,False,False,APENAS_SAVE_2
7940383,"","Alveston","","Alveston",,1706,,,0x000F7648,False,True,False,False,False,False,APENAS_SAVE_2
7940385,"","Bolehall Swifts","","Bolehall",,1707,,,0x000F7706,False,True,False,False,False,False,APENAS_SAVE_2
7940389,"","Coventry Sphinx","","Coventry Sphinx",,1708,,,0x000F77D2,False,True,False,False,False,False,APENAS_SAVE_2
7940391,"","Feckenham","","Feckenham",,1709,,,0x000F7886,False,True,False,False,False,False,APENAS_SAVE_2
7940395,"","Continental Star","","Continental Star",,1710,,,0x000F7956,False,True,False,False,False,False,APENAS_SAVE_2
7940399,"","Highgate United","","Highgate",,1711,,,0x000F7A14,False,True,False,False,False,False,APENAS_SAVE_2
7940404,"","Massey Ferguson","","Massey Ferguson",,1712,,,0x000F7AE0,False,True,False,False,False,False,APENAS_SAVE_2
7940407,"","Nuneaton Griff","","Nuneaton Griff",,1713,,,0x000F7BA8,False,True,False,False,False,False,APENAS_SAVE_2
7940409,"","Pershore Town","","Pershore",,1714,,,0x000F7C62,False,True,False,False,False,False,APENAS_SAVE_2
7940410,"","Romulus","","Romulus",,1715,,,0x000F7D0E,False,True,False,False,False,False,APENAS_SAVE_2
7940412,"","Rugby Town","","Rugby Town",,1716,,,0x000F7DC6,False,True,False,False,False,False,APENAS_SAVE_2
7940415,"","Southam United","","Southam",,1717,,,0x000F7E80,False,True,False,False,False,False,APENAS_SAVE_2
7940418,"","Brierley & Hagley Alliance","","Brierley & Hagley",,1718,,,0x000F7F66,False,True,False,False,False,False,APENAS_SAVE_2
7940419,"","Bromyard Town","","Bromyard",,1719,,,0x000F8020,False,True,False,False,False,False,APENAS_SAVE_2
7940421,"","Bustleholme","","Bustleholme",,1720,,,0x000F80DC,False,True,False,False,False,False,APENAS_SAVE_2
7940423,"","Dudley Town","","Dudley",,1721,,,0x000F8195,False,True,False,False,False,False,APENAS_SAVE_2
7940425,"","Gornal Athletic","","Gornal",,1722,,,0x000F8257,False,True,False,False,False,False,APENAS_SAVE_2
7940427,"","Heath Hayes","","Heath Hayes",,1723,,,0x000F8313,False,True,False,False,False,False,APENAS_SAVE_2
7940429,"","Kington Town","","Kington",,1724,,,0x000F83C9,False,True,False,False,False,False,APENAS_SAVE_2
7940432,"","Ledbury Town","","Ledbury",,1725,,,0x000F847F,False,True,False,False,False,False,APENAS_SAVE_2
7940435,"","Market Drayton Town","","Market Drayton",,1726,,,0x000F8551,False,True,False,False,False,False,APENAS_SAVE_2
7940438,"","Lye Town","","Lye",,1727,,,0x000F85F7,False,True,False,False,False,False,APENAS_SAVE_2
7940440,"","Malvern Town","","Malvern",,1728,,,0x000F86AD,False,True,False,False,False,False,APENAS_SAVE_2
7940443,"","Shawbury United","","Shawbury Utd",,1729,,,0x000F8773,False,True,False,False,False,False,APENAS_SAVE_2
7940445,"","Smethwick Sikh Temple","","Smethwick ST",,1730,,,0x000F8845,False,True,False,False,False,False,APENAS_SAVE_2
7940447,"","Tipton Town","","Tipton",,1731,,,0x000F88F7,False,True,False,False,False,False,APENAS_SAVE_2
7940448,"","Tividale","","Tividale",,1732,,,0x000F89A7,False,True,False,False,False,False,APENAS_SAVE_2
7940449,"","Walsall Wood","","Walsall Wood",,1733,,,0x000F8A67,False,True,False,False,False,False,APENAS_SAVE_2
7940451,"","Wellington (H)","","",,1734,,,0x000F8B3B,False,True,False,False,False,False,APENAS_SAVE_2
7940453,"","Westfields","","Westfields",,1735,,,0x000F8BF3,False,True,False,False,False,False,APENAS_SAVE_2
7940455,"","Wolverhampton Casuals","","Wolves Casuals",,1736,,,0x000F8CC9,False,True,False,False,False,False,APENAS_SAVE_2
7940457,"","Wolverhampton United","","Wolves Utd",,1737,,,0x000F8D95,False,True,False,False,False,False,APENAS_SAVE_2
7940458,"","Darlaston Town","","Darlaston",,1738,,,0x000F8E53,False,True,False,False,False,False,APENAS_SAVE_2
7940460,"","Anstey Nomads","","Anstey Nomads",,1739,,,0x000F8F17,False,True,False,False,False,False,APENAS_SAVE_2
7940462,"","Aylestone Park Old Boys","","Aylestone Park",,1740,,,0x000F8FF1,False,True,False,False,False,False,APENAS_SAVE_2
7940465,"","Barrow Town","","Barrow Town",,1741,,,0x000F90AD,False,True,False,False,False,False,APENAS_SAVE_2
7940467,"","Birstall United","","Birstall",,1742,,,0x000F916B,False,True,False,False,False,False,APENAS_SAVE_2
7940469,"","Blaby & Whetstone Athletic","","Blaby & Whetstone",,1743,,,0x000F9251,False,True,False,False,False,False,APENAS_SAVE_2
7940471,"","Coalville Town","","Coalville",,1744,,,0x000F930F,False,True,False,False,False,False,APENAS_SAVE_2
7940474,"","Downes Sports","","Downes Sports",,1745,,,0x000F93D3,False,True,False,False,False,False,APENAS_SAVE_2
7940476,"","Ellistown","","Ellistown",,1746,,,0x000F9487,False,True,False,False,False,False,APENAS_SAVE_2
7940478,"","Friar Lane Old Boys","","Friar Lane",,1747,,,0x000F9551,False,True,False,False,False,False,APENAS_SAVE_2
7940482,"","Ibstock Welfare","","Ibstock",,1748,,,0x000F960D,False,True,False,False,False,False,APENAS_SAVE_2
7940484,"","Kirby Muxloe SC","","Kirby Muxloe",,1749,,,0x000F96D3,False,True,False,False,False,False,APENAS_SAVE_2
7940486,"","Leicester YMCA","","Leicester YMCA",,1750,,,0x000F979B,False,True,False,False,False,False,APENAS_SAVE_2
7940489,"","Ratby Sports","","Ratby",,1751,,,0x000F984D,False,True,False,False,False,False,APENAS_SAVE_2
7940491,"","St. Andrews Social Club","","St. Andrews SC",,1752,,,0x000F9927,False,True,False,False,False,False,APENAS_SAVE_2
7940493,"","Thurmaston Town","","Thurmaston",,1753,,,0x000F99E9,False,True,False,False,False,False,APENAS_SAVE_2
7940495,"","Thurnby Rangers","","Thurnby Rangers",,1754,,,0x000F9AB5,False,True,False,False,False,False,APENAS_SAVE_2
7940497,"","Thringstone Miners Welfare","","Thringstone",,1755,,,0x000F9B8F,False,True,False,False,False,False,APENAS_SAVE_2
7940500,"","Adderbury Park","","Adderbury Park",,1756,,,0x000F9C57,False,True,False,False,False,False,APENAS_SAVE_2
7940502,"","Slimbridge","","Slimbridge",,1757,,,0x000F9D0F,False,True,False,False,False,False,APENAS_SAVE_2
7940504,"","Witney United","","Witney",,1758,,,0x000F9DC5,False,True,False,False,False,False,APENAS_SAVE_2
7940505,"","Holyport","","Holyport",,1759,,,0x000F9E75,False,True,False,False,False,False,APENAS_SAVE_2
7940508,"","Sedgley White Lions","","Sedgley",,1760,,,0x000F9F39,False,True,False,False,False,False,APENAS_SAVE_2
7940509,"","Riverway Stafford","","Riverway",,1761,,,0x000F9FFB,False,True,False,False,False,False,APENAS_SAVE_2
7940520,"","Winchester City","","Winchester",,1762,,,0x000FA0B6,False,True,False,False,False,False,APENAS_SAVE_2
7940869,"","Ashford Town (Middlesex)","","Ashford (Middx)",,1763,,,0x000FA194,False,True,False,False,False,False,APENAS_SAVE_2
7940962,"","Hertford Town","","Hertford",,1764,,,0x000FA24E,False,True,False,False,False,False,APENAS_SAVE_2
7941157,"","Poulton Victoria","","Poulton Victoria",,1765,,,0x000FA310,False,True,False,False,False,False,APENAS_SAVE_2
7941254,"","Eccleshall","","Eccleshall",,1766,,,0x000FA3C1,False,True,False,False,False,False,APENAS_SAVE_2
7961091,"","FK Baskimi Kumanovo","","Baskimi",,1767,,,0x000FA47D,False,True,False,False,False,False,APENAS_SAVE_2
8325003,"","Alnwick Town","","Alnwick",,1768,,,0x000FA525,False,True,False,False,False,False,APENAS_SAVE_2
8325004,"","Eppleton Colliery Welfare","","Eppleton Colliery Welfare",,1769,,,0x000FA60B,False,True,False,False,False,False,APENAS_SAVE_2
8325005,"","Evenwood Town","","Evenwood",,1770,,,0x000FA6B7,False,True,False,False,False,False,APENAS_SAVE_2
8325006,"","Horden Colliery Welfare","","Horden Colliery Welfare",,1771,,,0x000FA795,False,True,False,False,False,False,APENAS_SAVE_2
8325007,"","Kennek Ryhope CA","","Kennek Ryhope CA",,1772,,,0x000FA857,False,True,False,False,False,False,APENAS_SAVE_2
8325008,"","Murton","","Murton",,1773,,,0x000FA8F1,False,True,False,False,False,False,APENAS_SAVE_2
8325009,"","Norton & Stockton Ancients","","Norton & Stockton Ancients",,1774,,,0x000FA9DB,False,True,False,False,False,False,APENAS_SAVE_2
8325010,"","Penrith","","Penrith",,1775,,,0x000FAA79,False,True,False,False,False,False,APENAS_SAVE_2
8325011,"","Shotton Comrades","","Shotton Comrades",,1776,,,0x000FAB3B,False,True,False,False,False,False,APENAS_SAVE_2
8325012,"","South Shields","","South Shields",,1777,,,0x000FABF1,False,True,False,False,False,False,APENAS_SAVE_2
8325013,"","Thornaby","","Thornaby",,1778,,,0x000FAC93,False,True,False,False,False,False,APENAS_SAVE_2
8325014,"","Washington Nissan","","Washington Nissan",,1779,,,0x000FAD59,False,True,False,False,False,False,APENAS_SAVE_2
8325015,"","Whickham","","Whickham",,1780,,,0x000FADFB,False,True,False,False,False,False,APENAS_SAVE_2
8325016,"","Willington","","Willington",,1781,,,0x000FAEA5,False,True,False,False,False,False,APENAS_SAVE_2
8325017,"","Gedling Town","","Gedling",,1782,,,0x000FAF4D,False,True,False,False,False,False,APENAS_SAVE_2
8325018,"","Hall Road Rangers","","Hall Road Rangers",,1783,,,0x000FB013,False,True,False,False,False,False,APENAS_SAVE_2
8325019,"","Hatfield Main","","Hatfield Main",,1784,,,0x000FB0C9,False,True,False,False,False,False,APENAS_SAVE_2
8325020,"","Lincoln Moorlands","","Lincoln Moorlands",,1785,,,0x000FB18F,False,True,False,False,False,False,APENAS_SAVE_2
8325021,"","Long Eaton United","","Long Eaton",,1786,,,0x000FB247,False,True,False,False,False,False,APENAS_SAVE_2
8325022,"","Maltby Main","","Maltby Main",,1787,,,0x000FB2F5,False,True,False,False,False,False,APENAS_SAVE_2
8325023,"","Parkgate","","Parkgate",,1788,,,0x000FB397,False,True,False,False,False,False,APENAS_SAVE_2
8325024,"","Pontefract Collieries","","Pontefract Collieries",,1789,,,0x000FB46D,False,True,False,False,False,False,APENAS_SAVE_2
8325025,"","Rossington Main","","Rossington Main",,1790,,,0x000FB52B,False,True,False,False,False,False,APENAS_SAVE_2
8325026,"","Shirebrook Town","","Shirebrook",,1791,,,0x000FB5DF,False,True,False,False,False,False,APENAS_SAVE_2
8325027,"","Tadcaster Albion","","Tadcaster",,1792,,,0x000FB693,False,True,False,False,False,False,APENAS_SAVE_2
8325028,"","Winterton Rangers","","Winterton",,1793,,,0x000FB749,False,True,False,False,False,False,APENAS_SAVE_2
8325029,"","Worsborough Bridge MW","","Worsborough Bridge MW",,1794,,,0x000FB81F,False,True,False,False,False,False,APENAS_SAVE_2
8325030,"","Yorkshire Amateur","","Yorkshire Amateur",,1795,,,0x000FB8E5,False,True,False,False,False,False,APENAS_SAVE_2
8325031,"","Esh Winning","","Esh Winning",,1796,,,0x000FB993,False,True,False,False,False,False,APENAS_SAVE_2
8325032,"","Prudhoe Town","","Prudhoe Town",,1797,,,0x000FBA45,False,True,False,False,False,False,APENAS_SAVE_2
8325033,"","Shildon","","Shildon",,1798,,,0x000FBAF1,False,True,False,False,False,False,APENAS_SAVE_2
8325034,"","Broadbridge Heath","","Broadbridge Heath",,1799,,,0x000FBBB7,False,True,False,False,False,False,APENAS_SAVE_2
8325035,"","Crawley Down Village","","Crawley Down Village",,1800,,,0x000FBC89,False,True,False,False,False,False,APENAS_SAVE_2
8325036,"","East Grinstead Town","","East Grinstead Town",,1801,,,0x000FBD57,False,True,False,False,False,False,APENAS_SAVE_2
8325037,"","Mile Oak","","Mile Oak",,1802,,,0x000FBDF9,False,True,False,False,False,False,APENAS_SAVE_2
8325038,"","Oakwood","","Oakwood",,1803,,,0x000FBE97,False,True,False,False,False,False,APENAS_SAVE_2
8325039,"","Oving","","Oving",,1804,,,0x000FBF2D,False,True,False,False,False,False,APENAS_SAVE_2
8325040,"","Pease Pottage Village","","Pease Pottage Village",,1805,,,0x000FC003,False,True,False,False,False,False,APENAS_SAVE_2
8325041,"","Rye & Iden United","","Rye & Iden",,1806,,,0x000FC0BB,False,True,False,False,False,False,APENAS_SAVE_2
8325042,"","Seaford Town","","Seaford Town",,1807,,,0x000FC16D,False,True,False,False,False,False,APENAS_SAVE_2
8325044,"","Steyning Town","","Steyning",,1808,,,0x000FC219,False,True,False,False,False,False,APENAS_SAVE_2
8325045,"","Wealden","","Wealden",,1809,,,0x000FC2B7,False,True,False,False,False,False,APENAS_SAVE_2
8325046,"","Westfield (Woking)","","Westfield (Woking)",,1810,,,0x000FC38F,False,True,False,False,False,False,APENAS_SAVE_2
8325047,"","Worthing United","","Worthing United",,1811,,,0x000FC44D,False,True,False,False,False,False,APENAS_SAVE_2
8325048,"","Norwich United","","Norwich Utd",,1812,,,0x000FC50F,False,True,False,False,False,False,APENAS_SAVE_2
8325049,"","Maidstone United","","Maidstone",,1813,,,0x000FC5C3,False,True,False,False,False,False,APENAS_SAVE_2
8325050,"","Hailsham Town","","Hailsham",,1814,,,0x000FC67D,False,True,False,False,False,False,APENAS_SAVE_2
8325051,"","Peacehaven & Telscombe","","Peacehaven",,1815,,,0x000FC74D,False,True,False,False,False,False,APENAS_SAVE_2
8325052,"","Shoreham","","Shoreham",,1816,,,0x000FC7FD,False,True,False,False,False,False,APENAS_SAVE_2
8325053,"","Southwick","","Southwick",,1817,,,0x000FC8B1,False,True,False,False,False,False,APENAS_SAVE_2
8325054,"","Alton Town","","Alton",,1818,,,0x000FC95F,False,True,False,False,False,False,APENAS_SAVE_2
8325055,"","Portland United","","Portland Utd",,1819,,,0x000FCA25,False,True,False,False,False,False,APENAS_SAVE_2
8325056,"","Blisworth","","Blisworth",,1820,,,0x000FCACB,False,True,False,False,False,False,APENAS_SAVE_2
8325057,"","Burton Park Wanderers","","Burton Park",,1821,,,0x000FCB8D,False,True,False,False,False,False,APENAS_SAVE_2
8325058,"","Cottingham","","Cottingham",,1822,,,0x000FCC37,False,True,False,False,False,False,APENAS_SAVE_2
8325059,"","Harrowby United","","Harrowby",,1823,,,0x000FCCE7,False,True,False,False,False,False,APENAS_SAVE_2
8325060,"","Higham Town","","Higham Town",,1824,,,0x000FCD95,False,True,False,False,False,False,APENAS_SAVE_2
8325061,"","Irchester United","","Irchester",,1825,,,0x000FCE49,False,True,False,False,False,False,APENAS_SAVE_2
8325062,"","Northampton ON Chenecks","","Northampton ON Chenecks",,1826,,,0x000FCF27,False,True,False,False,False,False,APENAS_SAVE_2
8325063,"","Olney Town","","Olney Town",,1827,,,0x000FCFD1,False,True,False,False,False,False,APENAS_SAVE_2
8325064,"","Rothwell Corinthians","","Rothwell Corinthians",,1828,,,0x000FD0A3,False,True,False,False,False,False,APENAS_SAVE_2
8325065,"","Sileby Rangers","","Sileby Rangers",,1829,,,0x000FD15D,False,True,False,False,False,False,APENAS_SAVE_2
8325066,"","St. Ives Town","","St. Ives Town",,1830,,,0x000FD213,False,True,False,False,False,False,APENAS_SAVE_2
8325067,"","Thrapston Town","","Thrapston",,1831,,,0x000FD2C3,False,True,False,False,False,False,APENAS_SAVE_2
8325068,"","Wellingborough Whitworths","","Wellingborough Whitworths",,1832,,,0x000FD3A9,False,True,False,False,False,False,APENAS_SAVE_2
8325069,"","Beaconsfield SYCOB","","Beaconsfield",,1833,,,0x000FD467,False,True,False,False,False,False,APENAS_SAVE_2
8325070,"","Bedford United & Valerio","","Bedford & Valerio",,1834,,,0x000FD53B,False,True,False,False,False,False,APENAS_SAVE_2
8325071,"","Biggleswade Town","","Biggleswade Town",,1835,,,0x000FD5FD,False,True,False,False,False,False,APENAS_SAVE_2
8325072,"","Brook House","","Brook House",,1836,,,0x000FD6AB,False,True,False,False,False,False,APENAS_SAVE_2
8325073,"","Broxbourne Borough V & E","","Broxbourne Boro",,1837,,,0x000FD77B,False,True,False,False,False,False,APENAS_SAVE_2
8325074,"","Dunstable Town","","Dunstable",,1838,,,0x000FD83D,False,True,False,False,False,False,APENAS_SAVE_2
8325075,"","Greenacres (Hemel)","","Greenacres (Hemel)",,1839,,,0x000FD907,False,True,False,False,False,False,APENAS_SAVE_2
8325076,"","Hanwell Town","","Hanwell",,1840,,,0x000FD9AF,False,True,False,False,False,False,APENAS_SAVE_2
8325077,"","Harefield United","","Harefield",,1841,,,0x000FDA63,False,True,False,False,False,False,APENAS_SAVE_2
8325078,"","Haringey Borough","","Haringey Borough",,1842,,,0x000FDB25,False,True,False,False,False,False,APENAS_SAVE_2
8325079,"","Hillingdon Borough","","Hillingdon Borough",,1843,,,0x000FDBEF,False,True,False,False,False,False,APENAS_SAVE_2
8325080,"","Hoddesdon Town","","Hoddesdon Town",,1844,,,0x000FDCA9,False,True,False,False,False,False,APENAS_SAVE_2
8325081,"","Holmer Green","","Holmer Green",,1845,,,0x000FDD5B,False,True,False,False,False,False,APENAS_SAVE_2
8325082,"","London Colney","","London Colney",,1846,,,0x000FDE11,False,True,False,False,False,False,APENAS_SAVE_2
8325083,"","Milton Keynes City","","Milton Keynes City",,1847,,,0x000FDEDB,False,True,False,False,False,False,APENAS_SAVE_2
8325084,"","Potters Bar Town","","Potters Bar",,1848,,,0x000FDF93,False,True,False,False,False,False,APENAS_SAVE_2
8325085,"","Royston Town","","Royston",,1849,,,0x000FE03B,False,True,False,False,False,False,APENAS_SAVE_2
8325086,"","Ruislip Manor","","Ruislip Manor",,1850,,,0x000FE0F1,False,True,False,False,False,False,APENAS_SAVE_2
8325087,"","St. Margaretsbury","","St. Margaretsbury",,1851,,,0x000FE1B7,False,True,False,False,False,False,APENAS_SAVE_2
8325088,"","AFC Wallingford","","Wallingford",,1852,,,0x000FE27B,False,True,False,False,False,False,APENAS_SAVE_2
8325089,"","Ash United","","Ash",,1853,,,0x000FE325,False,True,False,False,False,False,APENAS_SAVE_2
8325090,"","Bedfont","","Bedfont",,1854,,,0x000FE3D1,False,True,False,False,False,False,APENAS_SAVE_2
8325091,"","Chessington United","","Chessington Utd",,1855,,,0x000FE4A3,False,True,False,False,False,False,APENAS_SAVE_2
8325092,"","Chessington & Hook United","","Chessington & Hook",,1856,,,0x000FE589,False,True,False,False,False,False,APENAS_SAVE_2
8325093,"","Chipstead","","Chipstead",,1857,,,0x000FE63D,False,True,False,False,False,False,APENAS_SAVE_2
8325094,"","Cobham","","Cobham",,1858,,,0x000FE6E5,False,True,False,False,False,False,APENAS_SAVE_2
8325095,"","Cove","","Cove",,1859,,,0x000FE785,False,True,False,False,False,False,APENAS_SAVE_2
8325096,"","Farnham Town","","Farnham",,1860,,,0x000FE83B,False,True,False,False,False,False,APENAS_SAVE_2
8325097,"","Feltham","","Feltham",,1861,,,0x000FE8E7,False,True,False,False,False,False,APENAS_SAVE_2
8325098,"","Frimley Green","","Frimley Green",,1862,,,0x000FE9AB,False,True,False,False,False,False,APENAS_SAVE_2
8325099,"","Godalming & Guildford","","Godalming & G",,1863,,,0x000FEA7F,False,True,False,False,False,False,APENAS_SAVE_2
8325100,"","Hartley Wintney","","Hartley Wintney",,1864,,,0x000FEB4B,False,True,False,False,False,False,APENAS_SAVE_2
8325101,"","Merstham","","Merstham",,1865,,,0x000FEBFB,False,True,False,False,False,False,APENAS_SAVE_2
8325102,"","North Greenford United","","North Greenford",,1866,,,0x000FECD5,False,True,False,False,False,False,APENAS_SAVE_2
8325103,"","Raynes Park Vale","","Raynes Park",,1867,,,0x000FED9B,False,True,False,False,False,False,APENAS_SAVE_2
8325104,"","Reading Town","","Reading Town",,1868,,,0x000FEE5B,False,True,False,False,False,False,APENAS_SAVE_2
8325105,"","Sandhurst Town","","Sandhurst",,1869,,,0x000FEF19,False,True,False,False,False,False,APENAS_SAVE_2
8325106,"","Southall","","Southall",,1870,,,0x000FEFC9,False,True,False,False,False,False,APENAS_SAVE_2
8325107,"","Viking Greenford","","Viking Greenford",,1871,,,0x000FF099,False,True,False,False,False,False,APENAS_SAVE_2
8325108,"","Walton Casuals","","Walton Casuals",,1872,,,0x000FF161,False,True,False,False,False,False,APENAS_SAVE_2
8325109,"","Westfield (Hastings)","","Westfield (Hastings)",,1873,,,0x000FF241,False,True,False,False,False,False,APENAS_SAVE_2
8325110,"","Withdean","","Withdean",,1874,,,0x000FF2F1,False,True,False,False,False,False,APENAS_SAVE_2
8325111,"","AFC Guildford","","Guildford",,1875,,,0x000FF39F,False,True,False,False,False,False,APENAS_SAVE_2
8325112,"","Bookham","","Bookham",,1876,,,0x000FF43D,False,True,False,False,False,False,APENAS_SAVE_2
8325113,"","Chobham & Ottershaw","","Chobham",,1877,,,0x000FF4F3,False,True,False,False,False,False,APENAS_SAVE_2
8325114,"","Colliers Wood United","","Colliers Wood",,1878,,,0x000FF5B7,False,True,False,False,False,False,APENAS_SAVE_2
8325115,"","Cranleigh","","Cranleigh",,1879,,,0x000FF66B,False,True,False,False,False,False,APENAS_SAVE_2
8325116,"","Crescent Rovers","","Crescent Rovers",,1880,,,0x000FF729,False,True,False,False,False,False,APENAS_SAVE_2
8325118,"","Ditton","","Ditton",,1881,,,0x000FF7C3,False,True,False,False,False,False,APENAS_SAVE_2
8325119,"","Farleigh Rovers","","Farleigh",,1882,,,0x000FF873,False,True,False,False,False,False,APENAS_SAVE_2
8325120,"","Hersham RBL","","Hersham RBL",,1883,,,0x000FF921,False,True,False,False,False,False,APENAS_SAVE_2
8325121,"","Horley Town","","Horley",,1884,,,0x000FF9C5,False,True,False,False,False,False,APENAS_SAVE_2
8325122,"","Netherne Village","","Netherne Village",,1885,,,0x000FFA87,False,True,False,False,False,False,APENAS_SAVE_2
8325123,"","Seelec Delta","","Seelec Delta",,1886,,,0x000FFB39,False,True,False,False,False,False,APENAS_SAVE_2
8325124,"","Sheerwater","","Sheerwater",,1887,,,0x000FFBE3,False,True,False,False,False,False,APENAS_SAVE_2
8325125,"","Shottermill & Haslemere","","Shottermill & H",,1888,,,0x000FFCB1,False,True,False,False,False,False,APENAS_SAVE_2
8325126,"","Staines Lammas","","Staines Lammas",,1889,,,0x000FFD6B,False,True,False,False,False,False,APENAS_SAVE_2
8325127,"","Worcester Park","","Worcester Park",,1890,,,0x000FFE25,False,True,False,False,False,False,APENAS_SAVE_2
8325128,"","Barkingside","","Barkingside",,1891,,,0x000FFEE1,False,True,False,False,False,False,APENAS_SAVE_2
8325129,"","Basildon United","","Basildon",,1892,,,0x000FFF9F,False,True,False,False,False,False,APENAS_SAVE_2
8325130,"","Bowers United","","Bowers Utd",,1893,,,0x0010005D,False,True,False,False,False,False,APENAS_SAVE_2
8325131,"","Brentwood","","Brentwood",,1894,,,0x00100111,False,True,False,False,False,False,APENAS_SAVE_2
8325132,"","Burnham Ramblers","","Burnham Ramblers",,1895,,,0x001001E1,False,True,False,False,False,False,APENAS_SAVE_2
8325133,"","Concord Rangers","","Concord Rangers",,1896,,,0x001002AD,False,True,False,False,False,False,APENAS_SAVE_2
8325134,"","Enfield Town","","Enfield Town",,1897,,,0x0010036D,False,True,False,False,False,False,APENAS_SAVE_2
8325135,"","Eton Manor","","Eton Manor",,1898,,,0x00100425,False,True,False,False,False,False,APENAS_SAVE_2
8325136,"","Hullbridge Sports","","Hullbridge",,1899,,,0x001004EB,False,True,False,False,False,False,APENAS_SAVE_2
8325137,"","Ilford","","Ilford",,1900,,,0x00100593,False,True,False,False,False,False,APENAS_SAVE_2
8325139,"","Stansted","","Stansted",,1901,,,0x00100643,False,True,False,False,False,False,APENAS_SAVE_2
8325140,"","Waltham Abbey","","Waltham Abbey",,1902,,,0x00100707,False,True,False,False,False,False,APENAS_SAVE_2
8325142,"","Dorking","","Dorking",,1903,,,0x001007B3,False,True,False,False,False,False,APENAS_SAVE_2
8325143,"","Flackwell Heath","","Flackwell Heath",,1904,,,0x0010087F,False,True,False,False,False,False,APENAS_SAVE_2
8325145,"","Ampthill Town","","Ampthill",,1905,,,0x0010092B,False,True,False,False,False,False,APENAS_SAVE_2
8325146,"","Biggleswade United","","Biggleswade Utd",,1906,,,0x001009EF,False,True,False,False,False,False,APENAS_SAVE_2
8325147,"","Brache Sparta","","Brache Sparta",,1907,,,0x00100AA5,False,True,False,False,False,False,APENAS_SAVE_2
8325148,"","Brimsdown Rovers","","Brimsdown Rovers",,1908,,,0x00100B67,False,True,False,False,False,False,APENAS_SAVE_2
8325149,"","Cockfosters","","Cockfosters",,1909,,,0x00100C15,False,True,False,False,False,False,APENAS_SAVE_2
8325150,"","Colney Heath","","Colney Heath",,1910,,,0x00100CC7,False,True,False,False,False,False,APENAS_SAVE_2
8325151,"","Harpenden Town","","Harpenden",,1911,,,0x00100D77,False,True,False,False,False,False,APENAS_SAVE_2
8325152,"","Haywood United","","Haywood United",,1912,,,0x00100E31,False,True,False,False,False,False,APENAS_SAVE_2
8325153,"","Kings Langley","","Kings Langley",,1913,,,0x00100EE7,False,True,False,False,False,False,APENAS_SAVE_2
8325154,"","Langford","","Langford",,1914,,,0x00100F89,False,True,False,False,False,False,APENAS_SAVE_2
8325156,"","Leverstock Green","","Leverstock Green",,1915,,,0x0010104B,False,True,False,False,False,False,APENAS_SAVE_2
8325157,"","New Bradwell St. Peter","","New Bradwell St. Peter",,1916,,,0x00101125,False,True,False,False,False,False,APENAS_SAVE_2
8325158,"","Pitstone & Ivinghoe","","Pitstone & Ivinghoe",,1917,,,0x001011F3,False,True,False,False,False,False,APENAS_SAVE_2
8325159,"","Risborough Rangers","","Risborough Rangers",,1918,,,0x001012BD,False,True,False,False,False,False,APENAS_SAVE_2
8325160,"","Shillington","","Shillington",,1919,,,0x0010136B,False,True,False,False,False,False,APENAS_SAVE_2
8325161,"","Stony Stratford Town","","Stony Stratford Town",,1920,,,0x0010143D,False,True,False,False,False,False,APENAS_SAVE_2
8325162,"","The 61","","The 61",,1921,,,0x001014D7,False,True,False,False,False,False,APENAS_SAVE_2
8325163,"","Tring Athletic","","Tring",,1922,,,0x0010157F,False,True,False,False,False,False,APENAS_SAVE_2
8325164,"","Welwyn Garden City","","Welwyn Garden City",,1923,,,0x00101649,False,True,False,False,False,False,APENAS_SAVE_2
8325165,"","Blandford United","","Blandford Utd",,1924,,,0x00101705,False,True,False,False,False,False,APENAS_SAVE_2
8325166,"","Bournemouth Sports","","Bournemouth Sports",,1925,,,0x001017CF,False,True,False,False,False,False,APENAS_SAVE_2
8325167,"","Cobham Sports","","Cobham Sports",,1926,,,0x00101885,False,True,False,False,False,False,APENAS_SAVE_2
8325168,"","Gillingham Town","","Gillingham Town",,1927,,,0x00101943,False,True,False,False,False,False,APENAS_SAVE_2
8325169,"","Hamworthy United","","Hamworthy United",,1928,,,0x00101A05,False,True,False,False,False,False,APENAS_SAVE_2
8325170,"","Holt United","","Holt United",,1929,,,0x00101AB3,False,True,False,False,False,False,APENAS_SAVE_2
8325171,"","Poole Borough","","Poole Borough",,1930,,,0x00101B69,False,True,False,False,False,False,APENAS_SAVE_2
8325172,"","Shaftesbury","","Shaftesbury",,1931,,,0x00101C17,False,True,False,False,False,False,APENAS_SAVE_2
8325173,"","Sherborne Town","","Sherborne Town",,1932,,,0x00101CD1,False,True,False,False,False,False,APENAS_SAVE_2
8325174,"","Stourpaine","","Stourpaine",,1933,,,0x00101D7B,False,True,False,False,False,False,APENAS_SAVE_2
8325175,"","Sturminster Newton United","","Sturminster Newton United",,1934,,,0x00101E61,False,True,False,False,False,False,APENAS_SAVE_2
8325176,"","Wareham Rangers","","Wareham Rangers",,1935,,,0x00101F1F,False,True,False,False,False,False,APENAS_SAVE_2
8325177,"","Westland Sports","","Westland Sports",,1936,,,0x00101FDD,False,True,False,False,False,False,APENAS_SAVE_2
8325178,"","Weymouth Sports","","Weymouth Sports",,1937,,,0x0010209B,False,True,False,False,False,False,APENAS_SAVE_2
8325179,"","Cornard United","","Cornard Utd",,1938,,,0x0010214F,False,True,False,False,False,False,APENAS_SAVE_2
8325180,"","Downham Town","","Downham",,1939,,,0x001021F7,False,True,False,False,False,False,APENAS_SAVE_2
8325181,"","Godmanchester Rovers","","Godmanchester",,1940,,,0x001022BB,False,True,False,False,False,False,APENAS_SAVE_2
8325182,"","Hadleigh United","","Hadleigh",,1941,,,0x0010236B,False,True,False,False,False,False,APENAS_SAVE_2
8325183,"","Haverhill Rovers","","Haverhill",,1942,,,0x0010242D,False,True,False,False,False,False,APENAS_SAVE_2
8325184,"","Leiston","","Leiston",,1943,,,0x001024CB,False,True,False,False,False,False,APENAS_SAVE_2
8325185,"","Long Melford","","Long Melford",,1944,,,0x0010257D,False,True,False,False,False,False,APENAS_SAVE_2
8325186,"","March Town United","","March Town United",,1945,,,0x00102643,False,True,False,False,False,False,APENAS_SAVE_2
8325187,"","Needham Market","","Needham Market",,1946,,,0x001026FD,False,True,False,False,False,False,APENAS_SAVE_2
8325188,"","Somersham Town","","Somersham Town",,1947,,,0x001027B7,False,True,False,False,False,False,APENAS_SAVE_2
8325189,"","Stanway Rovers","","Stanway Rovers",,1948,,,0x00102871,False,True,False,False,False,False,APENAS_SAVE_2
8325190,"","Swaffham Town","","Swaffham",,1949,,,0x0010291D,False,True,False,False,False,False,APENAS_SAVE_2
8325191,"","Thetford Town","","Thetford",,1950,,,0x001029C9,False,True,False,False,False,False,APENAS_SAVE_2
8325192,"","Whitton United","","Whitton",,1951,,,0x00102A75,False,True,False,False,False,False,APENAS_SAVE_2
8325193,"","Amesbury Town","","Amesbury",,1952,,,0x00102B21,False,True,False,False,False,False,APENAS_SAVE_2
8325194,"","Andover New Street","","Andover New Street",,1953,,,0x00102BEB,False,True,False,False,False,False,APENAS_SAVE_2
8325195,"","Bishops Waltham Town","","Bishops Waltham",,1954,,,0x00102CB3,False,True,False,False,False,False,APENAS_SAVE_2
8325196,"","Brading Town","","Brading Town",,1955,,,0x00102D65,False,True,False,False,False,False,APENAS_SAVE_2
8325197,"","East Cowes Victoria Athletic","","East Cowes Victoria Athletic",,1956,,,0x00102E57,False,True,False,False,False,False,APENAS_SAVE_2
8325198,"","Fawley","","Fawley",,1957,,,0x00102EF1,False,True,False,False,False,False,APENAS_SAVE_2
8325199,"","Horndean","","Horndean",,1958,,,0x00102F93,False,True,False,False,False,False,APENAS_SAVE_2
8325200,"","Hythe & Dibden","","Hythe & Dibden",,1959,,,0x0010304D,False,True,False,False,False,False,APENAS_SAVE_2
8325201,"","Liss Athletic","","Liss Athletic",,1960,,,0x00103103,False,True,False,False,False,False,APENAS_SAVE_2
8325202,"","Locksheath","","Locksheath",,1961,,,0x001031AD,False,True,False,False,False,False,APENAS_SAVE_2
8325203,"","Lymington Town","","Lymington Town",,1962,,,0x00103267,False,True,False,False,False,False,APENAS_SAVE_2
8325204,"","Petersfield Town","","Petersfield",,1963,,,0x0010331F,False,True,False,False,False,False,APENAS_SAVE_2
8325206,"","Poole Town","","Poole Town",,1964,,,0x001033D7,False,True,False,False,False,False,APENAS_SAVE_2
8325207,"","Ringwood Town","","Ringwood",,1965,,,0x00103483,False,True,False,False,False,False,APENAS_SAVE_2
8325208,"","Stockbridge","","Stockbridge",,1966,,,0x00103531,False,True,False,False,False,False,APENAS_SAVE_2
8325209,"","Vosper Thornycroft","","Vosper Thornycroft",,1967,,,0x001035FB,False,True,False,False,False,False,APENAS_SAVE_2
8325210,"","Ashton Town","","Ashton Town",,1968,,,0x001036A9,False,True,False,False,False,False,APENAS_SAVE_2
8325211,"","Bacup Borough","","Bacup",,1969,,,0x0010374F,False,True,False,False,False,False,APENAS_SAVE_2
8325212,"","Blackpool Mechanics","","Blackpool M",,1970,,,0x0010380D,False,True,False,False,False,False,APENAS_SAVE_2
8325213,"","Castleton Gabriels","","Castleton Gabriels",,1971,,,0x001038D7,False,True,False,False,False,False,APENAS_SAVE_2
8325214,"","Chadderton","","Chadderton",,1972,,,0x00103981,False,True,False,False,False,False,APENAS_SAVE_2
8325215,"","Colne","","Colne",,1973,,,0x00103A17,False,True,False,False,False,False,APENAS_SAVE_2
8325216,"","Daisy Hill","","Daisy Hill",,1974,,,0x00103AC1,False,True,False,False,False,False,APENAS_SAVE_2
8325217,"","Darwen","","Darwen",,1975,,,0x00103B5B,False,True,False,False,False,False,APENAS_SAVE_2
8325218,"","Holker Old Boys","","Holker Old Boys",,1976,,,0x00103C19,False,True,False,False,False,False,APENAS_SAVE_2
8325219,"","Oldham Town","","Oldham Town",,1977,,,0x00103CC7,False,True,False,False,False,False,APENAS_SAVE_2
8325220,"","Padiham","","Padiham",,1978,,,0x00103D65,False,True,False,False,False,False,APENAS_SAVE_2
8325221,"","Stand Athletic","","Stand Athletic",,1979,,,0x00103E1F,False,True,False,False,False,False,APENAS_SAVE_2
8325222,"","Sawbridgeworth Town","","Sawbridgeworth",,1980,,,0x00103EF1,False,True,False,False,False,False,APENAS_SAVE_2
8325223,"","Aldermaston","","Aldermaston",,1981,,,0x00103F9F,False,True,False,False,False,False,APENAS_SAVE_2
8325224,"","Atherton LR","","Atherton LR",,1982,,,0x0010405B,False,True,False,False,False,False,APENAS_SAVE_2
8325225,"","Borrowash Victoria","","Borrowash",,1983,,,0x00104121,False,True,False,False,False,False,APENAS_SAVE_2
8325226,"","Bridlington Town","","Bridlington",,1984,,,0x001041E7,False,True,False,False,False,False,APENAS_SAVE_2
8325227,"","Pickering Town","","Pickering",,1985,,,0x001042A5,False,True,False,False,False,False,APENAS_SAVE_2
8325228,"","Bearsted","","Bearsted",,1986,,,0x00104347,False,True,False,False,False,False,APENAS_SAVE_2
8325229,"","Beauwater","","Beauwater",,1987,,,0x001043ED,False,True,False,False,False,False,APENAS_SAVE_2
8325230,"","Greenways","","Greenways",,1988,,,0x00104493,False,True,False,False,False,False,APENAS_SAVE_2
8325231,"","Kennington","","Kennington",,1989,,,0x0010453D,False,True,False,False,False,False,APENAS_SAVE_2
8325232,"","Lydd Town","","Lydd",,1990,,,0x001045D9,False,True,False,False,False,False,APENAS_SAVE_2
8325233,"","Milton Athletic","","Milton Athletic",,1991,,,0x00104697,False,True,False,False,False,False,APENAS_SAVE_2
8325234,"","New Romney","","New Romney",,1992,,,0x00104741,False,True,False,False,False,False,APENAS_SAVE_2
8325235,"","Old Roan","","Old Roan",,1993,,,0x001047E3,False,True,False,False,False,False,APENAS_SAVE_2
8325236,"","Sevenoaks Town","","Sevenoaks Town",,1994,,,0x0010489D,False,True,False,False,False,False,APENAS_SAVE_2
8325237,"","Sheerness East","","Sheerness East",,1995,,,0x00104957,False,True,False,False,False,False,APENAS_SAVE_2
8325238,"","Snodland","","Snodland",,1996,,,0x001049F9,False,True,False,False,False,False,APENAS_SAVE_2
8325239,"","Stansfeld Oxford & Bermondsey Club","","Stansfeld Oxford & Bermondsey Club",,1997,,,0x00104B03,False,True,False,False,False,False,APENAS_SAVE_2
8325240,"","Wickham Park","","Wickham Park",,1998,,,0x00104BB5,False,True,False,False,False,False,APENAS_SAVE_2
8325241,"","New College Academy","","New College Academy",,1999,,,0x00104C83,False,True,False,False,False,False,APENAS_SAVE_2
8325242,"","Deeping Rangers","","Deeping Rangers",,2000,,,0x00104D4F,False,True,False,False,False,False,APENAS_SAVE_2
8325243,"","Ford Sports Daventry","","Ford Sports",,2001,,,0x00104E1D,False,True,False,False,False,False,APENAS_SAVE_2
8325244,"","Newport Pagnell Town","","Newport Pagnell",,2002,,,0x00104EF3,False,True,False,False,False,False,APENAS_SAVE_2
8325245,"","Woodford United","","Woodford Utd",,2003,,,0x00104FB9,False,True,False,False,False,False,APENAS_SAVE_2
8325255,"","Corinthian Casuals","","Corinthian Casuals",,2004,,,0x00105091,False,True,False,False,False,False,APENAS_SAVE_2
8325256,"","Croydon Athletic","","Croydon Athletic",,2005,,,0x00105169,False,True,False,False,False,False,APENAS_SAVE_2
8325257,"","Epsom & Ewell","","Epsom & Ewell",,2006,,,0x0010522D,False,True,False,False,False,False,APENAS_SAVE_2
8325258,"","Wingate & Finchley","","Wingate & Finchley",,2007,,,0x00105305,False,True,False,False,False,False,APENAS_SAVE_2
8325286,"","Rayleigh Town","","Rayleigh",,2008,,,0x001053B1,False,True,False,False,False,False,APENAS_SAVE_2
8325326,"","Prestwich Heys","","Prestwich",,2009,,,0x0010546F,False,True,False,False,False,False,APENAS_SAVE_2
8427633,"CS Case-Pilote","","CS Case-Pilote","",1787,,,0x000EEDB8,,True,False,False,False,False,False,APENAS_SAVE_1
8427634,"Golden Star","","Golden Star","",1788,,,0x000EEE65,,True,False,False,False,False,False,APENAS_SAVE_1
8427635,"L'Aiglon","","L'Aiglon","",1789,,,0x000EEF06,,True,False,False,False,False,False,APENAS_SAVE_1
8427636,"L'Assaut","","L'Assaut","",1790,,,0x000EEFA7,,True,False,False,False,False,False,APENAS_SAVE_1
8600618,"","Dereham Town","","Dereham",,2010,,,0x00105525,False,True,False,False,False,False,APENAS_SAVE_2
8600698,"","Daventry Town","","Daventry",,2011,,,0x001055DF,False,True,False,False,False,False,APENAS_SAVE_2
8601330,"","AFC Portchester","","AFC Portchester",,2012,,,0x0010569D,False,True,False,False,False,False,APENAS_SAVE_2
8601331,"","Aintree Villa","","Aintree Villa",,2013,,,0x00105753,False,True,False,False,False,False,APENAS_SAVE_2
8601332,"","Allendale","","Allendale",,2014,,,0x001057F9,False,True,False,False,False,False,APENAS_SAVE_2
8601333,"","Alphington","","Alphington",,2015,,,0x001058A3,False,True,False,False,False,False,APENAS_SAVE_2
8601334,"","Amersham Town","","Amersham",,2016,,,0x0010594F,False,True,False,False,False,False,APENAS_SAVE_2
8601335,"","Barnton","","Barnton",,2017,,,0x001059ED,False,True,False,False,False,False,APENAS_SAVE_2
8601336,"","Bedmond Sports & Social","","Bedmond",,2018,,,0x00105AAB,False,True,False,False,False,False,APENAS_SAVE_2
8601337,"","Blackwell Miners Welfare","","Blackwell MW",,2019,,,0x00105B75,False,True,False,False,False,False,APENAS_SAVE_2
8601338,"","Bootle","","Bootle",,2020,,,0x00105C0F,False,True,False,False,False,False,APENAS_SAVE_2
8601339,"","Bosham","","Bosham",,2021,,,0x00105CA9,False,True,False,False,False,False,APENAS_SAVE_2
8601340,"","Bovingdon","","Bovingdon",,2022,,,0x00105D4F,False,True,False,False,False,False,APENAS_SAVE_2
8601341,"","Brocton","","Brocton",,2023,,,0x00105DF4,False,True,False,False,False,False,APENAS_SAVE_2
8601342,"","Bushey Rangers","","Bushey Rangers",,2024,,,0x00105EAE,False,True,False,False,False,False,APENAS_SAVE_2
8601343,"","Cammell Laird","","Cammell Laird",,2025,,,0x00105F64,False,True,False,False,False,False,APENAS_SAVE_2
8601344,"","Carlton Town","","Carlton Town",,2026,,,0x00106016,False,True,False,False,False,False,APENAS_SAVE_2
8601345,"","Chaddesley Corbett","","Chaddesley Corbett",,2027,,,0x001060E0,False,True,False,False,False,False,APENAS_SAVE_2
8601346,"","Chipperfield Corinthians","","Chipperfield Corinthians",,2028,,,0x001061C2,False,True,False,False,False,False,APENAS_SAVE_2
8601347,"","Christleton","","Christleton",,2029,,,0x00106270,False,True,False,False,False,False,APENAS_SAVE_2
8601348,"","Croxley Guild","","Croxley Guild",,2030,,,0x00106326,False,True,False,False,False,False,APENAS_SAVE_2
8601349,"","Cuffley","","Cuffley",,2031,,,0x001063C4,False,True,False,False,False,False,APENAS_SAVE_2
8601350,"","Dunkirk","","Dunkirk",,2032,,,0x00106462,False,True,False,False,False,False,APENAS_SAVE_2
8601351,"","Elliott Star","","Elliott Star",,2033,,,0x00106514,False,True,False,False,False,False,APENAS_SAVE_2
8601352,"","Falmouth Town","","Falmouth",,2034,,,0x001065C0,False,True,False,False,False,False,APENAS_SAVE_2
8601353,"","Formby","","Formby",,2035,,,0x0010665A,False,True,False,False,False,False,APENAS_SAVE_2
8601354,"","Hadley","","Hadley",,2036,,,0x001066F4,False,True,False,False,False,False,APENAS_SAVE_2
8601355,"","Hanford","","Hanford",,2037,,,0x00106792,False,True,False,False,False,False,APENAS_SAVE_2
8601356,"","Hatfield Town","","Hatfield Town",,2038,,,0x00106848,False,True,False,False,False,False,APENAS_SAVE_2
8601357,"","Heanor Town","","Heanor",,2039,,,0x001068EC,False,True,False,False,False,False,APENAS_SAVE_2
8601358,"","Kirkham & Wesham","","Kirkham & Wesham",,2040,,,0x001069AE,False,True,False,False,False,False,APENAS_SAVE_2
8601359,"","Kirkley","","Kirkley",,2041,,,0x00106A4C,False,True,False,False,False,False,APENAS_SAVE_2
8601360,"","Knowle","","Knowle",,2042,,,0x00106AE6,False,True,False,False,False,False,APENAS_SAVE_2
8601361,"","Lutterworth Town","","Lutterworth",,2043,,,0x00106B9E,False,True,False,False,False,False,APENAS_SAVE_2
8601363,"","Mortimer","","Mortimer",,2044,,,0x00106C40,False,True,False,False,False,False,APENAS_SAVE_2
8601364,"","Mursley United","","Mursley United",,2045,,,0x00106CFA,False,True,False,False,False,False,APENAS_SAVE_2
8601365,"","Newcastle Benfield Saints","","Newcastle Benfield Saints",,2046,,,0x00106DE0,False,True,False,False,False,False,APENAS_SAVE_2
8601366,"","North Shields","","North Shields",,2047,,,0x00106E96,False,True,False,False,False,False,APENAS_SAVE_2
8601368,"","Oxhey Jets","","Oxhey Jets",,2048,,,0x00106F40,False,True,False,False,False,False,APENAS_SAVE_2
8601369,"","Phoenix Sports","","Phoenix Sports",,2049,,,0x00106FFA,False,True,False,False,False,False,APENAS_SAVE_2
8601370,"","Porthleven","","Porthleven",,2050,,,0x001070A4,False,True,False,False,False,False,APENAS_SAVE_2
8601371,"","Retford United","","Retford",,2051,,,0x00107150,False,True,False,False,False,False,APENAS_SAVE_2
8601372,"","Rolls Royce Leisure","","Rolls Royce Leisure",,2052,,,0x0010721E,False,True,False,False,False,False,APENAS_SAVE_2
8601373,"","Roman Glass St. George","","Roman Glass St. George",,2053,,,0x001072F8,False,True,False,False,False,False,APENAS_SAVE_2
8601374,"","Sandridge Rovers","","Sandridge Rovers",,2054,,,0x001073BA,False,True,False,False,False,False,APENAS_SAVE_2
8601375,"","Sawston United","","Sawston United",,2055,,,0x00107474,False,True,False,False,False,False,APENAS_SAVE_2
8601376,"","Shankhouse","","Shankhouse",,2056,,,0x0010751E,False,True,False,False,False,False,APENAS_SAVE_2
8601377,"","Shrewton United","","Shrewton United",,2057,,,0x001075DC,False,True,False,False,False,False,APENAS_SAVE_2
8601378,"","Sileby Town","","Sileby Town",,2058,,,0x0010768A,False,True,False,False,False,False,APENAS_SAVE_2
8601379,"","South Normanton Athletic","","South Normanton",,2059,,,0x0010775A,False,True,False,False,False,False,APENAS_SAVE_2
8601380,"","Southwell City","","Southwell City",,2060,,,0x00107814,False,True,False,False,False,False,APENAS_SAVE_2
8601381,"","Speke","","Speke",,2061,,,0x001078AA,False,True,False,False,False,False,APENAS_SAVE_2
8601382,"","St. Aloysius","","St. Aloysius",,2062,,,0x0010795C,False,True,False,False,False,False,APENAS_SAVE_2
8601383,"","St. Blazey","","St. Blazey",,2063,,,0x00107A06,False,True,False,False,False,False,APENAS_SAVE_2
8601384,"","St. Peters","","St. Peters",,2064,,,0x00107AB0,False,True,False,False,False,False,APENAS_SAVE_2
8601385,"","Stockport Georgians","","Stockport Georgians",,2065,,,0x00107B7E,False,True,False,False,False,False,APENAS_SAVE_2
8601386,"","Storrington","","Storrington",,2066,,,0x00107C2C,False,True,False,False,False,False,APENAS_SAVE_2
8601387,"","Sun Postal Sports","","Sun Postal Sports",,2067,,,0x00107D00,False,True,False,False,False,False,APENAS_SAVE_2
8601388,"","Sutton Town","","Sutton Town",,2068,,,0x00107DAE,False,True,False,False,False,False,APENAS_SAVE_2
8601389,"","Tenterden Tigers","","Tenterden Tigers",,2069,,,0x00107E70,False,True,False,False,False,False,APENAS_SAVE_2
8601390,"","Thames Poly","","Thames Poly",,2070,,,0x00107F1E,False,True,False,False,False,False,APENAS_SAVE_2
8601391,"","Walsham-le-Willows","","Walsham-le-Willows",,2071,,,0x00107FE8,False,True,False,False,False,False,APENAS_SAVE_2
8601392,"","Washington (ENG)","","Washington (ENG)",,2072,,,0x001080AA,False,True,False,False,False,False,APENAS_SAVE_2
8601393,"","West Allotment Celtic","","West Allotment Celtic",,2073,,,0x00108180,False,True,False,False,False,False,APENAS_SAVE_2
8601394,"","West Bergholt","","West Bergholt",,2074,,,0x00108236,False,True,False,False,False,False,APENAS_SAVE_2
8601395,"","Winslow United","","Winslow United",,2075,,,0x001082F0,False,True,False,False,False,False,APENAS_SAVE_2
8601396,"","Witchampton United","","Witchampton",,2076,,,0x001083AC,False,True,False,False,False,False,APENAS_SAVE_2
8601397,"","Wormley Rovers","","Wormley Rovers",,2077,,,0x00108466,False,True,False,False,False,False,APENAS_SAVE_2
8601398,"","Wythenshawe Amateur","","Wythenshawe Amateur",,2078,,,0x00108534,False,True,False,False,False,False,APENAS_SAVE_2
8601399,"","Dartmouth","","Dartmouth",,2079,,,0x001085DA,False,True,False,False,False,False,APENAS_SAVE_2
8601400,"","Willesden Constantine","","Willesden Constantine",,2080,,,0x001086B0,False,True,False,False,False,False,APENAS_SAVE_2
8602688,"","Thurrock","","Thurrock",,2081,,,0x00108781,False,True,False,False,False,False,APENAS_SAVE_2
8602689,"","Waltham Forest","","Waltham Forest",,2082,,,0x00108849,False,True,False,False,False,False,APENAS_SAVE_2
8603699,"","Castle Vale Kings Heath","","Castle Vale",,2083,,,0x0010891D,False,True,False,False,False,False,APENAS_SAVE_2
8604269,"","Atherstone Town","","Atherstone Town",,2084,,,0x001089E2,False,True,False,False,False,False,APENAS_SAVE_2
8604272,"","AFC Telford United","","AFC Telford",,2085,,,0x00108AAC,False,True,False,False,False,False,APENAS_SAVE_2
8605429,"","Redbridge","","Redbridge",,2086,,,0x00108B64,False,True,False,False,False,False,APENAS_SAVE_2
8800002,"Pennarossa","","Pennarossa","",1795,,,0x000EF33C,,True,False,False,False,False,False,APENAS_SAVE_1
8825473,"EC Tupy","","Tupy","",1796,,,0x000EF3E2,,True,False,False,False,False,False,APENAS_SAVE_1
8827034,"Clube da Paz","","Clube da Paz","",1797,,,0x000EF4A2,,True,False,False,False,False,False,APENAS_SAVE_1
8832317,"Luverdense EC","","Luverdense","",1798,,,0x000EF560,,True,False,False,False,False,False,APENAS_SAVE_1
8832320,"Parecis SE","","Parecis","",1799,,,0x000EF612,,True,False,False,False,False,False,APENAS_SAVE_1
8832323,"SC Tangará","","Tangará","",1800,,,0x000EF6C4,,True,False,False,False,False,False,APENAS_SAVE_1
8832325,"CA Pimentense","","Pimentense","",1801,,,0x000EF782,,True,False,False,False,False,False,APENAS_SAVE_1
8832327,"AA Coruripe","","Coruripe","",1802,,,0x000EF838,,True,False,False,False,False,False,APENAS_SAVE_1
8832329,"SC Camaçariense","","Camaçariense","",1803,,,0x000EF906,,True,False,False,False,False,False,APENAS_SAVE_1
8832332,"América FC (AL)","","América (AL)","",1804,,,0x000EF9CC,,True,False,False,False,False,False,APENAS_SAVE_1
8832334,"Paranoá EC","","Paranoá","",1805,,,0x000EFA82,,True,False,False,False,False,False,APENAS_SAVE_1
8832336,"Atlético Linharense FC","","Atlético Linharense","",1806,,,0x000EFB64,,True,False,False,False,False,False,APENAS_SAVE_1
8832339,"Tocantins (GO)","","","",1807,,,0x000EFC2A,,True,False,False,False,False,False,APENAS_SAVE_1
8832342,"Império Toledo F","","Império Toledo","",1808,,,0x000EFCF6,,True,False,False,False,False,False,APENAS_SAVE_1
8832344,"Ubiratã EC","","Ubiratã","",1809,,,0x000EFDA8,,True,False,False,False,False,False,APENAS_SAVE_1
8832346,"SE Decisão FC","","Decisão","",1810,,,0x000EFE60,,True,False,False,False,False,False,APENAS_SAVE_1
8832348,"Grêmio LR Petrolândia","","Grêmio Petrolândia","",1811,,,0x000EFF3E,,True,False,False,False,False,False,APENAS_SAVE_1
8832350,"Palmares FC","","Palmares","",1812,,,0x000EFFF4,,True,False,False,False,False,False,APENAS_SAVE_1
8832352,"Serrano FC (PE)","","Serrano (PE)","",1813,,,0x000F00BA,,True,False,False,False,False,False,APENAS_SAVE_1
8832362,"AE Sapiranga","","Sapiranga","",1814,,,0x000F0174,,True,False,False,False,False,False,APENAS_SAVE_1
8832363,"Grêmio A Coariense","","Grêmio Coari","",1815,,,0x000F0250,,True,False,False,False,False,False,APENAS_SAVE_1
8832364,"São Bento (SC)","","","",1816,,,0x000F0314,,True,False,False,False,False,False,APENAS_SAVE_1
8832365,"Concórdia FC","","Concórdia","",1817,,,0x000F03CE,,True,False,False,False,False,False,APENAS_SAVE_1
8832366,"CSE Camboriuense","","Camboriuense","",1818,,,0x000F0496,,True,False,False,False,False,False,APENAS_SAVE_1
8832369,"União de Timbó","","","",1819,,,0x000F0554,,True,False,False,False,False,False,APENAS_SAVE_1
8832370,"Vera Cruz EC","","Vera Cruz","",1820,,,0x000F060E,,True,False,False,False,False,False,APENAS_SAVE_1
