club_record_index,club_id,header_offset,field1,field2,field3,full_name,short_name,name_offset,name_distance,score,confidence
1,61,0x0008FA40,126,255,255,"Sportklub Tirana","SK Tirana",588213,77,105,HIGH
2,62,0x0008FAEE,126,255,255,"KS Elbasani","Elbasani",588438,38,105,HIGH
3,63,0x0008FBB0,126,255,255,"KS Flamurtari Vlorë","Flamurtari",588612,38,105,HIGH
4,65,0x0008FC6E,126,255,255,"KS Shkumbini Peqin","Shkumbini",588806,38,105,HIGH
5,69,0x0008FD67,126,255,255,"Partizani Tirana","Partizani",589027,70,105,HIGH
6,71,0x0008FE3E,126,255,255,"KS Teuta Durrës","Teuta",589276,46,105,HIGH
7,72,0x0008FF3B,1,255,255,"KS Vllaznia Shkodër","Vllaznia",589491,70,105,HIGH
8,74,0x00090017,1,255,255,"Atlético Petróleos de Luanda","Petro Atlético",589713,38,105,HIGH
9,75,0x000900FD,1,255,255,"Desportivo Primeiro de Agosto","Primeiro de Agosto",589933,38,105,HIGH
10,76,0x000901DD,187,255,255,"Primeiro de Maio (ANG)","Primeiro de Maio (ANG)",590163,38,105,HIGH
11,78,0x000902B4,187,255,255,"Argentinos Juniors","Argentinos",590402,46,105,HIGH
12,80,0x00090392,187,255,255,"Banfield","Banfield",590617,77,105,HIGH
13,82,0x000904E6,187,255,255,"Boca Juniors","Boca",590853,181,105,HIGH
14,85,0x000905E7,187,255,255,"Estudantes de La Plata","Estudiantes (LP)",591169,78,105,HIGH
15,88,0x000906B7,187,255,255,"Huracán","Huracán",591426,77,105,HIGH
16,89,0x000907DF,187,255,255,"Independiente","Independiente",591674,101,105,HIGH
17,90,0x000908B8,187,255,255,"Lanús","Lanús",591930,94,105,HIGH
18,91,0x000909C2,187,255,255,"Newell's Old Boys","Newell's",592167,93,105,HIGH
19,93,0x00090AC4,187,255,255,"Racing Club","Racing Club",592423,101,105,HIGH
20,94,0x00090C3C,187,255,255,"River Plate","River",592691,221,105,HIGH
21,95,0x00090D1C,187,255,255,"Rosario Central","Central",593047,77,105,HIGH
22,96,0x00090E58,187,255,255,"San Lorenzo de Almagro","San Lorenzo",593293,125,105,HIGH
23,98,0x00090F24,128,255,255,"Vélez Sarsfield","Vélez",593587,61,105,HIGH
24,99,0x00090FE5,128,255,255,"Ararat Yerevan","Ararat",593817,24,105,HIGH
25,101,0x00091087,128,255,255,"Kotayk Abovyan","Kotayk",593979,24,105,HIGH
26,102,0x00091150,128,255,255,"Pyunik Yerevan","Pyunik",594172,32,105,HIGH
27,103,0x00091225,129,255,255,"Shirak Gyumri","Shirak",594373,46,105,HIGH
28,152,0x00091345,129,255,255,"FK Austria Viena","Austria Viena",594590,97,105,HIGH
29,153,0x00091430,129,255,255,"Grazer AK","GAK",594874,82,105,HIGH
30,155,0x00091545,129,255,255,"SK Rapid Viena","Rapid Viena",595109,98,105,HIGH
31,156,0x00091646,129,255,255,"SK Sturm Graz","Sturm Graz",595386,82,105,HIGH
32,158,0x00091729,130,255,255,"SV Salzburgo","Salzburg",595643,58,105,HIGH
33,162,0x000917D5,130,255,255,"FK Turan Tovuz","Turan Tovuz",595839,24,105,HIGH
34,167,0x000918A5,131,255,255,"FK Neftçi Baku","Neftçi",596042,39,105,HIGH
35,168,0x000919A8,131,255,255,"KAA Gent","AA Gent",596265,85,105,HIGH
36,184,0x00091A9A,131,255,255,"KSV Cercle Brugge","Cercle Brugge",596493,69,105,HIGH
37,186,0x00091BF7,131,255,255,"Club Brugge KV","Club Brugge",596804,117,105,HIGH
38,188,0x00091CBC,131,255,255,"KFC Dessel Sport","Dessel",597079,45,105,HIGH
39,232,0x00091D95,131,255,255,"FC Malines","Malines",597266,85,105,HIGH
40,250,0x00091EBC,131,255,255,"R Standard de Liège","Standard",597533,93,105,HIGH
41,256,0x00091FF2,131,255,255,"RSC Anderlecht","Anderlecht",597833,109,105,HIGH
42,258,0x0009212B,131,255,255,"K Racing Club Genk","Genk",598134,125,105,HIGH
43,262,0x00092243,131,255,255,"R Antwerp FC","Antuérpia",598440,101,105,HIGH
44,265,0x00092366,131,255,255,"Sporting Lokeren SNW","Lokeren",598727,93,105,HIGH
45,266,0x0009246F,131,255,255,"KSK Beveren","Beveren",599018,85,105,HIGH
46,268,0x00092599,131,255,255,"K Lierse SK","Lierse",599278,125,105,HIGH
47,289,0x000926A4,132,255,255,"KVC Westerlo","Westerlo",599595,69,105,HIGH
48,303,0x000927C8,4294967295,255,255,"Dinamo Minsk","Din.Minsk",599833,121,105,HIGH
49,304,0x00092878,132,255,255,"Dinamo-93 Minsk","Din.93 Minsk",600094,24,105,HIGH
50,307,0x0009295E,132,255,255,"Neman Grodno","Neman Grodno",600301,53,105,HIGH
51,308,0x00092A32,188,255,255,"Torpedo-SKA Minsk","Torpedo Minsk",600500,54,105,HIGH
52,309,0x00092AE2,188,255,255,"C Bolívar","Bolívar",600712,46,105,HIGH
53,311,0x00092BAC,191,255,255,"FC The Strongest","The Strongest",600888,46,105,HIGH
54,312,0x00092C60,189,255,255,"CCD Tuluá","Cortuluá",601100,38,105,HIGH
55,314,0x00092D46,189,255,255,"C Atlético Mineiro","Atlético Mineiro",601280,54,135,HIGH
56,315,0x00092DFA,189,255,255,"EC Bahia","Bahia",601510,46,135,HIGH
57,316,0x00092EC8,189,255,255,"Botafogo FR","Botafogo",601680,70,135,HIGH
58,319,0x00092FFC,189,255,255,"SC Corinthians Paulista","Corinthians",601918,110,135,HIGH
59,321,0x00093102,189,255,255,"Cruzeiro EC","Cruzeiro",602226,94,135,HIGH
60,322,0x000931E0,189,255,255,"CR Flamengo","Flamengo",602456,86,135,HIGH
61,323,0x000932D7,189,255,255,"Fluminense FC","Fluminense",602688,93,135,HIGH
62,324,0x000933B1,189,255,255,"Grêmio FBPA","Grêmio",602925,86,135,HIGH
63,325,0x0009348D,189,255,255,"Guarani FC","Guarani",603153,78,135,HIGH
64,326,0x000935B3,189,255,255,"SC Internacional","Internacional",603383,118,135,HIGH
65,327,0x00093675,189,255,255,"EC Juventude","Juventude",603657,54,135,HIGH
66,328,0x00093733,189,255,255,"C Náutico Capibaribe","Náutico",603851,38,135,HIGH
67,329,0x0009382F,189,255,255,"SE Palmeiras","Palmeiras",604063,90,135,HIGH
68,330,0x000938EB,189,255,255,"Paraná C","Paraná",604293,62,135,HIGH
69,332,0x000939CD,189,255,255,"AA Ponte Preta","Ponte Preta",604481,78,135,HIGH
70,333,0x00093A9D,189,255,255,"A Portuguesa D","Portuguesa",604707,62,135,HIGH
71,335,0x00093B8B,189,255,255,"Santos FC","Santos",604939,86,135,HIGH
72,337,0x00093C99,189,255,255,"São Paulo FC","São Paulo",605173,110,135,HIGH
73,339,0x00093D7B,189,255,255,"CR Vasco da Gama","Vasco",605423,86,135,HIGH
74,340,0x00093E37,134,255,255,"EC Vitória","Vitória",605659,46,135,HIGH
75,344,0x00093F88,134,255,255,"CSKA (Sofia)","CSKA (Sofia)",605878,150,105,HIGH
76,347,0x00094092,134,255,255,"Naftex (Burgas)","Naftex",606215,85,105,HIGH
77,349,0x000941BA,134,255,255,"Levski (Sofia)","Levski (Sofia)",606481,101,105,HIGH
78,351,0x000942D2,134,255,255,"Lokomotiv (Plovdiv)","Loko (Plovdiv)",606782,70,105,HIGH
79,352,0x000943D5,134,255,255,"Lokomotiv (Sofia)","Loko (Sofia)",607026,93,105,HIGH
80,354,0x0009449F,134,255,255,"Pirin (Blagoevgrad)","Pirin",607285,46,105,HIGH
81,356,0x00094591,6,255,255,"Slavia (Sofia)","Slavia (Sofia)",607487,78,105,HIGH
82,393,0x0009463D,6,255,255,"Canon Yaoundé","Canon",607719,38,105,HIGH
83,398,0x000946FC,190,255,255,"Tonnerre Kalara Club","Tonnerre KC",607891,31,105,HIGH
84,399,0x000947C0,190,255,255,"CSD Colo Colo","Colo Colo",608082,54,105,HIGH
85,403,0x000948BC,190,255,255,"CD Universidad Católica","Universidad Católica",608288,58,105,HIGH
86,404,0x000949AA,55,255,255,"CF Universidad de Chile","Universidad de Chile",608530,54,105,HIGH
87,406,0x00094A91,55,255,255,"Beijing Guo'an","Beijing",608773,86,105,HIGH
88,407,0x00094B72,55,255,255,"Dalian Shide","Dalian",609004,86,105,HIGH
89,414,0x00094C5D,191,255,255,"Shanghai Shenhua","Shenhua",609229,86,105,HIGH
90,417,0x00094D39,191,255,255,"CD América de Cali","América de Cali",609469,46,105,HIGH
91,419,0x00094DEB,191,255,255,"CPD Junior","Junior",609689,38,105,HIGH
92,420,0x00094EAF,191,255,255,"CD Once Caldas","Once Caldas",609867,38,105,HIGH
93,421,0x00094F8B,191,255,255,"AC Deportivo Cali","Deportivo Cali",610063,50,105,HIGH
94,423,0x00095061,191,255,255,"Independiente Santa Fé","Santa Fé",610283,46,105,HIGH
95,425,0x00095123,191,255,255,"CDI Medellín","Medellín",610497,46,105,HIGH
96,426,0x000951ED,191,255,255,"CD Los Millonarios","Millonarios",610681,46,105,HIGH
97,427,0x000952D3,135,255,255,"CDC Atlético Nacional","Atlético Nacional",610893,46,105,HIGH
98,432,0x000953EB,135,255,255,"Croácia Zagreb","Croácia Zagreb",611154,85,105,HIGH
99,433,0x000954E4,135,255,255,"HNK Hajduk","Hajduk",611434,78,105,HIGH
100,440,0x000955EA,135,255,255,"NK Osijek","Osijek",611683,93,105,HIGH
101,441,0x000956D2,135,255,255,"HNK Rijeka","Rijeka",611945,61,105,HIGH
102,443,0x00095786,135,255,255,"NK Zadar","Zadar",612146,46,105,HIGH
103,444,0x0009586C,135,255,255,"NK Zagreb","Zagreb",612357,61,105,HIGH
104,447,0x0009595E,136,255,255,"NK Varteks","Varteks",612587,69,105,HIGH
105,448,0x00095A2D,136,255,255,"AEK Larnaca","",612843,38,105,HIGH
106,449,0x00095AFA,136,255,255,"AEL Limassol","AEL",613026,46,105,HIGH
107,450,0x00095BF3,136,255,255,"Anorthosis Famagusta","Anorthosi",613231,62,105,HIGH
108,451,0x00095CCD,136,255,255,"APOEL Nicosia","APOEL",613480,53,105,HIGH
109,452,0x00095DB0,136,255,255,"Apollon Limassol","Apollon L.",613698,46,105,HIGH
110,456,0x00095E6F,136,255,255,"Ethnikos Achnas","Achna",613894,53,105,HIGH
111,457,0x00095F59,136,255,255,"Nea Salamis Famagusta","Nea Salamina",614085,70,105,HIGH
112,458,0x0009603E,136,255,255,"Olympiakos Nicosia","Olympiakos N.",614350,38,105,HIGH
113,460,0x00096130,137,255,255,"Omonoia Nicosia","Omonoia",614579,69,105,HIGH
114,465,0x000961F6,137,255,255,"Brno","Brno",614800,74,105,HIGH
115,467,0x000962A4,137,255,255,"Zlin","Zlin",614998,50,105,HIGH
116,470,0x0009636C,137,255,255,"Ceske Budejovice","Ceske",615172,50,105,HIGH
117,473,0x00096474,137,255,255,"Sigma Olomouc","Sigma Olomouc",615403,73,105,HIGH
118,474,0x000965BD,137,255,255,"Slavia de Praga","Slavia de Praga",615667,130,105,HIGH
119,475,0x000966D2,137,255,255,"Slovan Liberec","Slovan Liberec",615996,82,105,HIGH
120,476,0x0009683B,138,255,255,"Sparta de Praga","Sparta de Praga",616273,162,105,HIGH
121,482,0x0009692A,138,255,255,"Aarhus Gymnastik Forening","AGF",616593,85,105,HIGH
122,483,0x00096A3E,138,255,255,"Aalborg Boldspilklub","AaB",616863,101,105,HIGH
123,496,0x00096B70,138,255,255,"Brøndbyernes Idrætsforening","Brøndby",617139,109,105,HIGH
124,502,0x00096C92,138,255,255,"Esbjerg forenede Boldklubber","Esbjerg fB",617445,85,105,HIGH
125,505,0x00096DEE,138,255,255,"Football Club Copenhaga","FC Copenhaga",617739,145,105,HIGH
126,517,0x00096EE6,138,255,255,"Herfølge Boldklub","Herfølge",618083,69,105,HIGH
127,526,0x00097027,138,255,255,"Football Club Midtjylland 1999","FC Midtjylland",618346,89,105,HIGH
128,545,0x00097145,138,255,255,"Odense Boldklub","Odense BK",618652,109,105,HIGH
129,551,0x0009726D,138,255,255,"Silkeborg Idrætsforening","Silkeborg",618938,101,105,HIGH
130,569,0x00097379,139,255,255,"Viborg Fodsports Forening","Viborg",619234,77,105,HIGH
131,573,0x0009749C,139,255,255,"Aldershot Town","Aldershot",619509,109,105,HIGH
132,578,0x00097550,139,255,255,"Guiseley","Guiseley",619766,46,105,HIGH
133,581,0x0009763C,139,255,255,"Newport County","Newport Co",619946,86,105,HIGH
134,585,0x000976F8,163,255,255,"Workington","Workington",620182,46,105,HIGH
135,588,0x000977FA,163,255,255,"Bohemian F.C.","Bohemians",620397,85,105,HIGH
136,590,0x000978FC,163,255,255,"Cork City","Cork City",620655,93,105,HIGH
137,596,0x00097A06,163,255,255,"Shamrock Rovers","Shamrock Rovers",620913,77,105,HIGH
138,597,0x00097B22,163,255,255,"Shelbourne F.C.","Shelbourne",621199,85,105,HIGH
139,599,0x00097C5C,139,255,255,"Saint Patrick's Athletic","St. Pat's Athletic",621471,93,105,HIGH
140,600,0x00097F95,139,255,255,"AFC Bournemouth","Bournemouth",622256,165,105,HIGH
141,601,0x00098051,139,255,255,"Altrincham","Altrincham",622575,46,105,HIGH
142,602,0x0009838F,139,255,255,"Arsenal","Arsenal",623330,133,105,HIGH
143,603,0x00098758,139,255,255,"Aston Villa","Aston Villa",624171,245,105,HIGH
144,605,0x000988A4,139,255,255,"Barnet","Barnet",624610,158,105,HIGH
145,606,0x00098BA2,139,255,255,"Barnsley","Barnsley",625401,125,105,HIGH
146,607,0x00098C7E,139,255,255,"Barrow","Barrow",625660,94,105,HIGH
147,608,0x00098D5B,139,255,255,"Bath City","Bath",625895,78,105,HIGH
148,609,0x000990BB,139,255,255,"Birmingham City","Birmingham",626640,173,105,HIGH
149,610,0x0009918B,139,255,255,"Bishop Auckland","Bishop Auckland",626965,46,105,HIGH
150,611,0x00099267,139,255,255,"Bishop's Stortford","Bishop's Stortford",627173,46,105,HIGH
151,612,0x000995CA,139,255,255,"Blackburn Rovers","Blackburn",627943,165,105,HIGH
152,613,0x00099928,139,255,255,"Blackpool","Blackpool",628762,222,105,HIGH
153,614,0x00099C52,139,255,255,"Bolton Wanderers","Bolton",629637,149,105,HIGH
154,615,0x00099F88,139,255,255,"Boston United","Boston Utd",630449,157,105,HIGH
155,616,0x0009A2C4,139,255,255,"Bradford City","Bradford City",631255,173,105,HIGH
156,617,0x0009A61D,139,255,255,"Brentford","Brentford",632104,197,105,HIGH
157,618,0x0009A99D,139,255,255,"Brighton and Hove Albion","Brighton",632956,213,105,HIGH
158,619,0x0009ACD8,139,255,255,"Bristol City","Bristol C",633837,181,105,HIGH
159,620,0x0009B015,139,255,255,"Bristol Rovers","Bristol Rovers",634684,149,105,HIGH
160,621,0x0009B0F3,139,255,255,"Bromsgrove Rovers","Bromsgrove",634987,70,105,HIGH
161,622,0x0009B46E,139,255,255,"Burnley","Burnley",635768,206,105,HIGH
162,623,0x0009B7B1,139,255,255,"Bury","Bury",636623,198,105,HIGH
163,624,0x0009BB09,139,255,255,"Cambridge United","Cambridge",637445,198,105,HIGH
164,625,0x0009BE4E,139,255,255,"Cardiff City","Cardiff",638311,181,105,HIGH
165,626,0x0009C015,139,255,255,"Carlisle United","Carlisle",638678,261,98,MEDIUM
166,627,0x0009C0F3,139,255,255,"Carshalton Athletic","Carshalton",639087,62,105,HIGH
167,628,0x0009C434,139,255,255,"Charlton Athletic","Charlton",639832,158,105,HIGH
168,629,0x0009C4FA,139,255,255,"Chelmsford City","Chelmsford",640142,46,105,HIGH
169,630,0x0009C8AA,139,255,255,"Chelsea","Chelsea",640909,245,105,HIGH
170,631,0x0009CC1C,139,255,255,"Cheltenham Town","Cheltenham",641809,205,105,HIGH
171,632,0x0009CCDA,139,255,255,"Chesham United","Chesham",642166,46,105,HIGH
172,633,0x0009D064,139,255,255,"Chester City","Chester",642885,237,105,HIGH
173,634,0x0009D3A3,139,255,255,"Chesterfield","Chesterfield",643794,149,105,HIGH
174,635,0x0009D477,139,255,255,"Chorley","Chorley",644089,86,105,HIGH
175,636,0x0009D7BE,139,255,255,"Colchester United","Colchester",644830,158,105,HIGH
176,637,0x0009D876,139,255,255,"Colwyn Bay","Colwyn Bay",645140,46,105,HIGH
177,638,0x0009D924,139,255,255,"Corby Town","Corby",645324,46,105,HIGH
178,639,0x0009DC77,139,255,255,"Coventry City","Coventry",646019,190,105,HIGH
179,640,0x0009DDD7,139,255,255,"Crawley Town","Crawley",646399,166,105,HIGH
180,641,0x0009E107,139,255,255,"Crewe Alexandra","Crewe",647213,166,105,HIGH
181,642,0x0009E4C7,139,255,255,"Crystal Palace","Crystal Palace",648054,269,98,MEDIUM
182,643,0x0009E60A,139,255,255,"Dagenham and Redbridge","Dag & Red",648515,125,105,HIGH
183,644,0x0009E984,139,255,255,"Darlington","Darlington",649307,245,105,HIGH
184,645,0x0009ECF2,139,255,255,"Derby County","Derby",650238,198,105,HIGH
185,646,0x0009F06E,139,255,255,"Doncaster Rovers","Doncaster",651091,221,105,HIGH
186,647,0x0009F150,139,255,255,"Dover Athletic","Dover",651464,86,105,HIGH
187,648,0x0009F203,139,255,255,"Enfield","Enfield",651686,53,105,HIGH
188,650,0x0009F538,139,255,255,"Everton","Everton",652387,173,105,HIGH
189,651,0x0009F6C5,139,255,255,"Exeter City","Exeter",652737,214,105,HIGH
190,652,0x0009F7CD,139,255,255,"Farnborough Town","Farnborough",653117,78,105,HIGH
191,653,0x0009F893,139,255,255,"Frickley Athletic","Frickley",653351,46,105,HIGH
192,654,0x0009FBF1,139,255,255,"Fulham","Fulham",654119,166,105,HIGH
193,655,0x0009FCA9,139,255,255,"Gateshead","Gateshead",654411,46,105,HIGH
194,656,0x000A0037,139,255,255,"Gillingham","Gillingham",655110,253,105,HIGH
195,657,0x000A0115,139,255,255,"Gloucester City","Gloucester",655505,70,105,HIGH
196,658,0x000A04B3,139,255,255,"Grimsby Town","Grimsby",656252,261,98,MEDIUM
197,659,0x000A0585,139,255,255,"Halesowen Town","Halesowen",656653,62,105,HIGH
198,660,0x000A069F,139,255,255,"Halifax Town","Halifax",656887,118,105,HIGH
199,661,0x000A09C3,139,255,255,"Hartlepool United","Hartlepool",657636,157,105,HIGH
200,662,0x000A0B0C,139,255,255,"Hereford United","Hereford",657980,150,105,HIGH
201,663,0x000A0BD6,139,255,255,"Hitchin Town","Hitchin",658278,62,105,HIGH
202,664,0x000A0F02,139,255,255,"Huddersfield Town","Huddersfield",659006,126,105,HIGH
203,665,0x000A121A,139,255,255,"Hull City","Hull",659798,158,105,HIGH
204,666,0x000A12CC,139,255,255,"Hyde United","Hyde",660084,46,105,HIGH
205,667,0x000A1604,139,255,255,"Ipswich Town","Ipswich",660828,118,105,HIGH
206,668,0x000A171D,139,255,255,"Kettering Town","Kettering",661086,133,105,HIGH
207,669,0x000A1A4C,139,255,255,"Kidderminster Harriers","Kidderminster",661893,117,105,HIGH
208,670,0x000A1B28,139,255,255,"Kingstonian","Kingstonian",662186,70,105,HIGH
209,671,0x000A1E6B,139,255,255,"Leeds United","Leeds",662960,141,105,HIGH
210,672,0x000A1F43,139,255,255,"Leek Town","Leek Town",663237,78,105,HIGH
211,673,0x000A22C8,139,255,255,"Leicester City","Leicester",663993,213,105,HIGH
212,674,0x000A2612,139,255,255,"Leyton Orient","Leyton Orient",664853,189,105,HIGH
213,675,0x000A299F,139,255,255,"Lincoln City","Lincoln",665720,245,105,HIGH
214,676,0x000A2D0C,139,255,255,"Liverpool","Liverpool",666663,181,105,HIGH
215,677,0x000A3001,139,255,255,"Luton Town","Luton",667473,134,105,HIGH
216,678,0x000A33BE,139,255,255,"Macclesfield Town","Macclesfield",668291,245,105,HIGH
217,679,0x000A3710,139,255,255,"Manchester City","Man City",669265,133,105,HIGH
218,680,0x000A3AF0,139,255,255,"Manchester United","Man Utd",670151,237,105,HIGH
219,681,0x000A3E40,139,255,255,"Mansfield Town","Mansfield",671056,182,105,HIGH
220,682,0x000A3F01,139,255,255,"Marine","Marine",671391,62,105,HIGH
221,683,0x000A3FA9,139,255,255,"Marlow","Marlow",671575,46,105,HIGH
222,684,0x000A4089,139,255,255,"Merthyr Tydfil","Merthyr Tydfil",671751,62,105,HIGH
223,685,0x000A443A,139,255,255,"Middlesbrough","Middlesbrough",672532,230,105,HIGH
224,686,0x000A4768,139,255,255,"Millwall","Millwall",673479,117,105,HIGH
225,687,0x000A4898,139,255,255,"Morecambe","Morecambe",673754,142,105,HIGH
226,688,0x000A4C93,139,255,255,"Newcastle United","Newcastle",674600,301,98,MEDIUM
227,689,0x000A4F9C,139,255,255,"Northampton Town","Northampton",675556,118,105,HIGH
228,690,0x000A50E0,139,255,255,"Northwich Victoria","Northwich",675856,142,105,HIGH
229,691,0x000A5419,139,255,255,"Norwich City","Norwich",676689,150,105,HIGH
230,692,0x000A577E,139,255,255,"Nottingham Forest","Nottm Forest",677507,181,105,HIGH
231,693,0x000A5AEA,139,255,255,"Notts County","Notts Co",678361,221,105,HIGH
232,694,0x000A5E60,139,255,255,"Oldham Athletic","Oldham",679260,206,105,HIGH
233,695,0x000A61A6,139,255,255,"Oxford United","Oxford",680135,173,105,HIGH
234,696,0x000A64FA,139,255,255,"Peterborough United","Peterborough",680971,165,105,HIGH
235,697,0x000A683A,139,255,255,"Plymouth Argyle","Plymouth",681795,189,105,HIGH
236,698,0x000A6B48,139,255,255,"Port Vale","Port Vale",682642,134,105,HIGH
237,699,0x000A6E8A,139,255,255,"Portsmouth","Portsmouth",683449,157,105,HIGH
238,700,0x000A71A6,139,255,255,"Preston North End","Preston",684253,141,105,HIGH
239,701,0x000A755D,139,255,255,"Queens Park Rangers","Q.P.R.",685074,269,98,MEDIUM
240,702,0x000A78CF,139,255,255,"Reading","Reading",686026,221,105,HIGH
241,703,0x000A7C05,139,255,255,"Rochdale","Rochdale",686900,165,105,HIGH
242,704,0x000A7F2A,139,255,255,"Rotherham United","Rotherham",687710,142,105,HIGH
243,705,0x000A801A,139,255,255,"Runcorn FC Halton","Runcorn FC Halton",688004,70,105,HIGH
244,706,0x000A8169,139,255,255,"Scarborough","Scarborough",688268,165,105,HIGH
245,707,0x000A8495,139,255,255,"Scunthorpe United","Scunthorpe",689078,157,105,HIGH
246,708,0x000A87E0,139,255,255,"Sheffield United","Sheff Utd",689909,173,105,HIGH
247,709,0x000A8B2A,139,255,255,"Sheffield Wednesday","Sheff Wed",690737,181,105,HIGH
248,710,0x000A8E32,139,255,255,"Shrewsbury Town","Shrewsbury",691583,117,105,HIGH
249,711,0x000A8EF6,139,255,255,"Sittingbourne","Sittingbourne",691848,46,105,HIGH
250,712,0x000A8FAC,139,255,255,"Slough Town","Slough",692048,46,105,HIGH
251,713,0x000A92AD,139,255,255,"Southampton","Southampton",692776,77,105,HIGH
252,714,0x000A95B7,139,255,255,"Southend United","Southend",693512,117,105,HIGH
253,715,0x000A96A2,139,255,255,"Southport","Southport",693781,93,105,HIGH
254,716,0x000A9768,139,255,255,"St. Albans City","St. Albans",694012,46,105,HIGH
255,717,0x000A988C,139,255,255,"Stafford Rangers","Stafford Rangers",694210,126,105,HIGH
256,718,0x000A9994,139,255,255,"Stalybridge Celtic","Stalybridge",694528,78,105,HIGH
257,719,0x000A9AF3,139,255,255,"Stevenage Borough","Stevenage",694814,149,105,HIGH
258,720,0x000A9E4E,139,255,255,"Stockport County","Stockport",695642,182,105,HIGH
259,721,0x000AA1F1,139,255,255,"Stoke City","Stoke",696506,269,98,MEDIUM
260,722,0x000AA50B,139,255,255,"Sunderland","Sunderland",697417,142,105,HIGH
261,723,0x000AA5F5,139,255,255,"Sutton United","Sutton Utd",697701,86,105,HIGH
262,724,0x000AA942,139,255,255,"Swansea City","Swansea",698459,181,105,HIGH
263,725,0x000AAC7B,4294967295,255,255,"Swindon Town","Swindon",699275,190,105,HIGH
264,726,0x000AADB5,139,255,255,"Telford United","Telford",699601,174,105,HIGH
265,727,0x000AB108,139,255,255,"Torquay United","Torquay",700452,174,105,HIGH
266,728,0x000AB4A8,139,255,255,"Tottenham Hotspur","Tottenham",701323,221,105,HIGH
267,729,0x000AB844,139,255,255,"Tranmere Rovers","Tranmere",702229,245,105,HIGH
268,731,0x000ABB57,139,255,255,"Walsall","Walsall",703129,150,105,HIGH
269,732,0x000ABE6F,139,255,255,"Watford","Watford",703929,142,105,HIGH
270,733,0x000ABF31,139,255,255,"Welling United","Welling",704205,46,105,HIGH
271,734,0x000AC2BC,139,255,255,"West Bromwich Albion","West Brom",704945,197,105,HIGH
272,735,0x000AC5EF,139,255,255,"West Ham United","West Ham",705824,149,105,HIGH
273,736,0x000AC6AB,139,255,255,"Whitley Bay","Whitley Bay",706117,46,105,HIGH
274,737,0x000ACA0A,4294967295,255,255,"Wigan Athletic","Wigan",706802,230,105,HIGH
275,738,0x000ACAB6,139,255,255,"Wimbledon","Wimbledon",707168,38,105,HIGH
276,739,0x000ACB84,139,255,255,"Woking","Woking",707378,46,105,HIGH
277,740,0x000ACF3C,139,255,255,"Wolverhampton Wanderers","Wolves",708096,246,105,HIGH
278,741,0x000AD23D,139,255,255,"Wrexham","Wrexham",709015,126,105,HIGH
279,742,0x000AD590,139,255,255,"Wycombe Wanderers","Wycombe",709799,173,105,HIGH
280,743,0x000AD888,139,255,255,"Yeovil Town","Yeovil",710621,125,105,HIGH
281,744,0x000ADA08,140,255,255,"York City","York",710932,206,105,HIGH
282,746,0x000ADAF9,140,255,255,"FC Flora Tallinn","Flora",711293,70,105,HIGH
283,751,0x000ADBCE,141,255,255,"JK Narva Trans","Trans",711534,46,105,HIGH
284,803,0x000ADCAA,141,255,255,"Tofta Ítróttarfelag B68","",711747,51,105,HIGH
285,804,0x000ADD72,141,255,255,"Gøtu Ítróttarfelag","GÍ",711967,31,105,HIGH
286,805,0x000ADE45,141,255,255,"Havnar Bóltfelag","HB",712167,46,105,HIGH
287,806,0x000ADF20,141,255,255,"Klaksvíkar Ítróttarfelag","KÍ",712378,38,105,HIGH
288,808,0x000ADFCB,142,255,255,"Tvøroyrar Bóltfelag","TB",712566,31,105,HIGH
289,809,0x000AE0B4,142,255,255,"Tampere United","Tampere Utd",712768,54,105,HIGH
290,811,0x000AE18C,142,255,255,"FC Lahti","FC Lahti",712970,86,105,HIGH
291,813,0x000AE22A,142,255,255,"FF Jaro","Jaro",713186,38,105,HIGH
292,816,0x000AE33C,142,255,255,"Helsingin Jalkapalloklubi","HJK",713390,74,105,HIGH
293,817,0x000AE445,142,255,255,"FC Haka Valkeakoski","FC Haka",713664,69,105,HIGH
294,818,0x000AE50A,142,255,255,"Kuopion Palloseura","KuPS",713888,50,105,HIGH
295,820,0x000AE5FB,142,255,255,"Myllykosken Pallo -47","MyPa",714111,62,105,HIGH
296,822,0x000AE6C8,143,255,255,"FC TPS Turku","TPS",714336,62,105,HIGH
297,824,0x000AE7E3,143,255,255,"Auxerre","Auxerre",714590,93,105,HIGH
298,826,0x000AE92F,143,255,255,"Mónaco","Mónaco",714894,125,105,HIGH
299,828,0x000AEA3B,143,255,255,"St. Etienne","St. Etienne",715166,101,105,HIGH
300,846,0x000AEB97,143,255,255,"Nantes","Nantes",715494,141,105,HIGH
301,851,0x000AECF6,143,255,255,"Bordéus","Bordéus",715849,133,105,HIGH
302,854,0x000AEDC6,143,255,255,"Istres","Istres",716133,61,105,HIGH
303,855,0x000AEEBE,143,255,255,"Châteauroux","Châteauroux",716361,61,105,HIGH
304,856,0x000AEFA7,143,255,255,"Le Havre","Le Havre",716574,93,105,HIGH
305,858,0x000AF09B,143,255,255,"Lille","Lille",716838,85,105,HIGH
306,859,0x000AF19F,143,255,255,"Montpellier","Montpellier",717082,77,105,HIGH
307,862,0x000AF288,143,255,255,"Nice","Nice",717311,109,105,HIGH
308,865,0x000AF3BC,143,255,255,"Lyon","Lyon",717619,109,105,HIGH
309,866,0x000AF4EC,143,255,255,"Marselha","Marselha",717915,101,105,HIGH
310,868,0x000AF638,143,255,255,"St. Germain","St. Germain",718211,125,105,HIGH
311,871,0x000AF737,143,255,255,"Lens","Lens",718534,85,105,HIGH
312,872,0x000AF863,143,255,255,"Estrasburgo","Estrasburgo",718790,101,105,HIGH
313,876,0x000AF95B,143,255,255,"Bastia","Bastia",719058,101,105,HIGH
314,877,0x000AFA3B,143,255,255,"Caen","Caen",719306,85,105,HIGH
315,884,0x000AFB33,144,255,255,"Rennes","Rennes",719530,101,105,HIGH
316,890,0x000AFBCE,144,255,255,"Dila Gori","Dila",719753,31,105,HIGH
317,891,0x000AFC7D,144,255,255,"Dinamo Batumi","Din.Batumi",719908,31,105,HIGH
318,892,0x000AFD60,144,255,255,"Dinamo Tbilisi","D.Tblisi",720114,54,105,HIGH
319,894,0x000AFE26,144,255,255,"Kolkheti 1913 Poti","Kolkheti Poti",720310,38,105,HIGH
320,898,0x000AFF01,145,255,255,"Torpedo Kutaisi","Kutaisi",720539,46,105,HIGH
321,899,0x000B004F,145,255,255,"1.FC Nuremberga","Nuremberga",720800,113,105,HIGH
322,900,0x000B018E,145,255,255,"TSV Alemannia Aachen","Aachen",721117,113,105,HIGH
323,901,0x000B0314,145,255,255,"Bayer 04 Leverkusen","Leverkusen",721493,121,105,HIGH
324,904,0x000B0471,145,255,255,"DSC Arminia Bielefeld","Bielefeld",721863,98,105,HIGH
325,905,0x000B05B9,145,255,255,"VfL Bochum","Bochum",722228,89,105,HIGH
326,907,0x000B071B,145,255,255,"Borussia Dortmund","Dortmund",722539,114,105,HIGH
327,908,0x000B087E,145,255,255,"Borussia Mönchengladbach","Gladbach",722873,121,105,HIGH
328,911,0x000B0966,145,255,255,"1.FC Dynamo Dresden","Dynamo Dresden",723166,58,105,HIGH
329,912,0x000B0A5D,145,255,255,"Eintracht Frankfurt","Frankfurt",723407,74,105,HIGH
330,913,0x000B0B37,145,255,255,"SV Eintracht Trier 05","Trier",723645,58,105,HIGH
331,915,0x000B0CAE,145,255,255,"FC Bayern Munique","Bayern Munique",723971,97,105,HIGH
332,916,0x000B0DAF,145,255,255,"1.FC Köln","Colónia",724265,90,105,HIGH
333,918,0x000B0E9C,145,255,255,"1.FSV Mainz 05","Mainz",724505,81,105,HIGH
334,920,0x000B104F,145,255,255,"FC Schalke 04","Schalke 04",724828,185,105,HIGH
335,921,0x000B112D,145,255,255,"Fortuna Düsseldorf","Düsseldorf",725167,58,105,HIGH
336,927,0x000B1269,145,255,255,"Hannover 96","Hannover 96",725463,90,105,HIGH
337,928,0x000B13DF,145,255,255,"FC Hansa Rostock","Rostock",725780,145,105,HIGH
338,931,0x000B14D7,145,255,255,"Karlsruher SC","Karlsruhe",726094,81,105,HIGH
339,932,0x000B15B9,145,255,255,"Kickers Offenbach","Offenbach",726327,66,105,HIGH
340,933,0x000B16A6,145,255,255,"MSV Duisburg","Duisburg",726568,74,105,HIGH
341,942,0x000B1777,145,255,255,"FC Carl Zeiss Jena","Jena",726790,57,105,HIGH
342,944,0x000B18D9,145,255,255,"SC Friburgo","Friburgo",727118,89,105,HIGH
343,945,0x000B1A30,145,255,255,"1.FC Kaiserslautern","Kaiserslautern",727448,74,105,HIGH
344,946,0x000B1B10,145,255,255,"FC St. Pauli","St. Pauli",727696,74,105,HIGH
345,947,0x000B1C58,145,255,255,"Hamburgo SV","Hamburgo",728012,90,105,HIGH
346,948,0x000B1DE2,145,255,255,"SV Werder Bremen","Werder Bremen",728355,121,105,HIGH
347,949,0x000B1ECD,145,255,255,"1.FC Saarbrücken","Saarbrücken",728657,58,105,HIGH
348,955,0x000B1FD7,145,255,255,"TSV Munique 1860","Munique 1860",728913,66,105,HIGH
349,958,0x000B20D0,145,255,255,"SpVgg Unterhaching","Unterhaching",729158,66,105,HIGH
350,960,0x000B2219,145,255,255,"VFB Estugarda","Estugarda",729479,90,105,HIGH
351,961,0x000B236F,145,255,255,"VfL Wolfsburg","Wolfsburgo",729820,89,105,HIGH
352,963,0x000B2461,146,255,255,"SG Wattenscheid 09","Wattenscheid",730063,74,105,HIGH
353,967,0x000B2595,146,255,255,"AEK Atenas","AEK",730346,133,105,HIGH
354,969,0x000B26AF,146,255,255,"AS Aris Salonika","Aris",730654,93,105,HIGH
355,976,0x000B27DD,146,255,255,"GS Iraklis Salonika","Iraklis",730936,101,105,HIGH
356,980,0x000B28EF,146,255,255,"OFI Crete","OFI",731238,101,105,HIGH
357,981,0x000B2A79,146,255,255,"Olympiakos SF Piraeus","Olympiakos",731538,157,105,HIGH
358,982,0x000B2BCA,146,255,255,"AS PAOK Salonika","PAOK",731921,133,105,HIGH
359,983,0x000B2CFE,146,255,255,"Panathinaikos AO","Panathinaikos",732243,101,105,HIGH
360,984,0x000B2DFC,146,255,255,"GS Neos Panionios","Panionios",732551,53,105,HIGH
361,985,0x000B2EF8,158,255,255,"AO Skoda Xanthi","Xanthi",732805,61,105,HIGH
362,986,0x000B2FDE,158,255,255,"NV ADO Den Haag","Den Haag",733006,86,105,HIGH
363,991,0x000B30B4,158,255,255,"AZ Alkmaar","AZ",733282,46,105,HIGH
364,992,0x000B320E,158,255,255,"AFC Ajax","Ajax",733545,129,105,HIGH
365,1000,0x000B32CA,158,255,255,"De Graafschap","De Graafschap",733796,38,105,HIGH
366,1001,0x000B3384,158,255,255,"FC Dordrecht","Dordrecht",733984,46,105,HIGH
367,1007,0x000B3454,158,255,255,"FC Groningen","FC Groningen",734170,62,105,HIGH
368,1009,0x000B3537,158,255,255,"FC Twente","FC Twente",734409,62,105,HIGH
369,1010,0x000B3626,158,255,255,"FC Utreque","FC Utreque",734636,70,105,HIGH
370,1011,0x000B36D4,158,255,255,"FC Volendam","Volendam",734844,38,105,HIGH
371,1013,0x000B37F6,158,255,255,"Feyenoord","Feyenoord",735105,69,105,HIGH
372,1024,0x000B38EB,158,255,255,"NAC Breda","NAC Breda",735349,70,105,HIGH
373,1025,0x000B39DA,158,255,255,"NEC Nijmegen","NEC",735594,70,105,HIGH
374,1028,0x000B3B0B,158,255,255,"PSV Eindhoven","PSV",735881,86,105,HIGH
375,1032,0x000B3BB9,158,255,255,"RKC Waalwijk","RKC",736097,46,105,HIGH
376,1033,0x000B3C9C,158,255,255,"Roda JC","Roda JC",736302,70,105,HIGH
377,1036,0x000B3D89,158,255,255,"SC Heerenveen","Heerenveen",736529,62,105,HIGH
378,1042,0x000B3E2D,158,255,255,"TOP Oss","TOP",736735,46,105,HIGH
379,1046,0x000B3F1A,158,255,255,"Vitesse","Vitesse",736940,70,105,HIGH
380,1047,0x000B3FFD,147,255,255,"Willem II Tilburg","Willem II",737167,46,105,HIGH
381,1050,0x000B40C1,147,255,255,"Békéscsabai Előre FC","Békéscsaba",737363,38,105,HIGH
382,1052,0x000B41AA,147,255,255,"Debreceni VSC","Debrecen",737590,62,105,HIGH
383,1054,0x000B4262,147,255,255,"Győri ETO FC","Győr",737792,54,105,HIGH
384,1055,0x000B4385,147,255,255,"Ferencvárosi Torna Club","Ferencváros",738007,94,105,HIGH
385,1059,0x000B4484,147,255,255,"Budapest Honvéd FC","Honvéd",738298,78,105,HIGH
386,1060,0x000B4567,147,255,255,"MTK Budapest FC","MTK",738553,62,105,HIGH
387,1062,0x000B462F,147,255,255,"Videoton FC Fehérvár","Videoton",738749,46,105,HIGH
388,1064,0x000B4724,147,255,255,"Újpest FC","Újpest",738980,86,105,HIGH
389,1066,0x000B4809,147,255,255,"Budapesti Vasas SC","Vasas",739225,54,105,HIGH
390,1068,0x000B48E0,148,255,255,"ZTE Football Club","ZTE",739454,46,105,HIGH
391,1070,0x000B49C9,148,255,255,"Fimleikafélag Hafnarfjarðar","FH",739669,46,105,HIGH
392,1071,0x000B4A75,148,255,255,"Fram (ISL)","",739885,46,105,HIGH
393,1072,0x000B4B5A,148,255,255,"Íþróttafélag Akraness","ÍA",740074,54,105,HIGH
394,1073,0x000B4C0A,148,255,255,"Keflavík","Keflavík",740272,46,105,HIGH
395,1074,0x000B4D01,148,255,255,"Íþróttabandalag Vestmannaeyja","ÍBV",740479,54,105,HIGH
396,1076,0x000B4DFC,148,255,255,"Knattspyrnufélag Reykjavíkur","KR",740726,62,105,HIGH
397,1080,0x000B4EA8,149,255,255,"Valur","Valur",740946,54,105,HIGH
398,1083,0x000B4FAE,149,255,255,"Beitar Jerusalém","B. Jerusalem",741149,77,105,HIGH
399,1085,0x000B5099,149,255,255,"Hapoel Beer-Sheva","H. Beer-Sheva",741380,77,105,HIGH
400,1087,0x000B5178,149,255,255,"H. Haifa","ｰſ",741676,44,105,HIGH
401,1089,0x000B5248,149,255,255,"Hapoel Petach-Tikva","Hapoel Petach",741838,46,105,HIGH
402,1090,0x000B5342,149,255,255,"Hapoel Tel-Aviv","H. Tel-Aviv",742077,69,105,HIGH
403,1091,0x000B5422,149,255,255,"Sport Club Ashdod","S.C. Ashdod",742296,70,105,HIGH
404,1093,0x000B5513,149,255,255,"Maccabi Haifa","M. Haifa",742551,70,105,HIGH
405,1096,0x000B55FC,149,255,255,"Maccabi Petach-Tikva","Maccabi Petah",742792,38,105,HIGH
406,1097,0x000B5727,150,255,255,"Maccabi Tel-Aviv","M. Tel-Aviv",743056,85,105,HIGH
407,1099,0x000B58B3,150,255,255,"AC Milão","Milão",743376,189,105,HIGH
408,1100,0x000B5A01,150,255,255,"AS Roma","Roma",743754,149,105,HIGH
409,1105,0x000B5AC0,150,255,255,"Ascoli","Ascoli",744023,69,105,HIGH
410,1106,0x000B5BC7,150,255,255,"Atalanta","Atalanta",744214,133,105,HIGH
411,1111,0x000B5CCB,150,255,255,"Bolonha","Bolonha",744510,101,105,HIGH
412,1113,0x000B5DA7,150,255,255,"Brescia","Brescia",744754,77,105,HIGH
413,1114,0x000B5E76,150,255,255,"Cagliari","Cagliari",744957,77,105,HIGH
414,1119,0x000B5F41,150,255,255,"Catanzaro","Catanzaro",745164,69,105,HIGH
415,1120,0x000B5FF8,150,255,255,"Cesena","Cesena",745367,61,105,HIGH
416,1122,0x000B6111,150,255,255,"Chievo Verona","Chievo",745593,102,105,HIGH
417,1129,0x000B624D,150,255,255,"Fiorentina","Fiorentina",745900,109,105,HIGH
418,1132,0x000B631E,150,255,255,"Génova 1893","Génova",746147,77,105,HIGH
419,1135,0x000B649A,150,255,255,"Internazionale de Milão","Inter",746425,157,105,HIGH
420,1139,0x000B664A,150,255,255,"Juventus","Juventus",746809,229,105,HIGH
421,1140,0x000B67D8,150,255,255,"Lázio","Lázio",747235,213,105,HIGH
422,1141,0x000B68C9,150,255,255,"Lecce","Lecce",747612,77,105,HIGH
423,1147,0x000B69B8,150,255,255,"Modena","Modena",747807,117,105,HIGH
424,1150,0x000B6A9B,150,255,255,"Nápoles","Nápoles",748046,101,105,HIGH
425,1156,0x000B6BC1,150,255,255,"Parma","Parma",748324,125,105,HIGH
426,1157,0x000B6CB3,150,255,255,"Perugia","Perugia",748598,85,105,HIGH
427,1159,0x000B6D82,150,255,255,"Piacenza","Piacenza",748809,77,105,HIGH
428,1165,0x000B6E44,150,255,255,"Reggina","Reggina",749031,53,105,HIGH
429,1167,0x000B6F21,150,255,255,"Sampdória","Sampdória",749212,85,105,HIGH
430,1170,0x000B6FDD,150,255,255,"Siena","Siena",749431,70,105,HIGH
431,1174,0x000B7098,150,255,255,"Turim","Turim",749619,69,105,HIGH
432,1178,0x000B71A8,150,255,255,"Udinese","Udinese",749859,93,105,HIGH
433,1181,0x000B727B,61,255,255,"Vicenza","Vicenza",750078,85,105,HIGH
434,1184,0x000B733F,61,255,255,"Tsuno Shadows","Tsuno Shadows",750289,46,105,HIGH
435,1188,0x000B7403,61,255,255,"Neriwa Gabe","Neriwa Gabe",750485,54,105,HIGH
436,1189,0x000B74EF,61,255,255,"Sfida Oshiwa F.C.","Sfida Oshiwa F.C.",750681,70,105,HIGH
437,1191,0x000B75AB,61,255,255,"Kashiba Stolz","Kashiba Stolz",750917,38,105,HIGH
438,1194,0x000B766B,61,255,255,"FC Tokunyawa","FC Tokunyawa",751105,46,105,HIGH
439,1196,0x000B7737,4294967295,255,255,"Uto Gun Gluck","Uto Gun Gluck",751297,54,105,HIGH
440,1197,0x000B77F5,61,255,255,"Yokohama Flugels","Flugels",751501,46,105,HIGH
441,1198,0x000B78D1,151,255,255,"Matsumoto Giurare","Matsumoto Giurare",751691,54,105,HIGH
442,1204,0x000B79E0,152,255,255,"FK Skonto Riga","Skonto",751942,102,105,HIGH
443,1206,0x000B7A8A,152,255,255,"FC Balzers","Balzers",752182,38,105,HIGH
444,1207,0x000B7B22,152,255,255,"FC Schaan","Schaan",752352,24,105,HIGH
445,1208,0x000B7BD5,152,255,255,"FC Triesenberg","Triesenberg",752504,31,105,HIGH
446,1210,0x000B7C92,153,255,255,"FC Triesenberg","Triesenberg",752504,220,105,HIGH
447,1211,0x000B7D83,153,255,255,"FK Ekranas","Ekranas",752903,78,105,HIGH
448,1212,0x000B7E64,153,255,255,"Kaunas","",753156,78,105,HIGH
449,1218,0x000B7F59,153,255,255,"FK Zalgiris","Zalgiris",753369,78,105,HIGH
450,1219,0x000B8015,154,255,255,"Zalgiris Il","Zalgiris Il",753583,46,105,HIGH
451,1221,0x000B80F0,154,255,255,"Avenir Beggen","Avenir Beggen",753802,38,105,HIGH
452,1222,0x000B81CD,154,255,255,"CS Grevenmacher","Grevenmacher",754021,38,105,HIGH
453,1223,0x000B8277,154,255,255,"CS Pétange","Pétange",754211,38,105,HIGH
454,1224,0x000B8352,154,255,255,"F91 Dudelange","Dudelange",754412,46,105,HIGH
455,1225,0x000B83FA,154,255,255,"FC Wiltz 71","Wiltz",754600,38,105,HIGH
456,1226,0x000B84FD,154,255,255,"AS La Jeunesse d'Esch-Alzette","Jeunesse Esch",754799,46,105,HIGH
457,1228,0x000B85BD,154,255,255,"Red Boys Differdange","Red Boys",755027,38,105,HIGH
458,1229,0x000B866F,154,255,255,"Spora Luxembourg","Spora",755219,38,105,HIGH
459,1230,0x000B8721,154,255,255,"Swift Hesperange","Swift",755397,38,105,HIGH
460,1231,0x000B87D9,155,255,255,"US Luxembourg","Union (LUX)",755575,38,105,HIGH
461,1236,0x000B88D4,155,255,255,"FK Pobeda Prilep","Pobeda",755790,78,105,HIGH
462,1237,0x000B89B8,155,255,255,"FC Sileks Kratovo","Sileks",756041,53,105,HIGH
463,1238,0x000B8ADA,155,255,255,"FK Sloga Jugomagnat Skopje","Sloga Jugomagnat",756269,77,105,HIGH
464,1239,0x000B8BAD,156,255,255,"FK Vardar Skopje","Vardar",756528,69,105,HIGH
465,1240,0x000B8C94,156,255,255,"Birkirkara","Birkirkara",756770,62,105,HIGH
466,1241,0x000B8D4C,156,255,255,"Floriana","Floriana",756970,54,105,HIGH
467,1242,0x000B8E18,156,255,255,"Hamrun Spartans","Hamrun Spartans",757154,46,105,HIGH
468,1243,0x000B8EEF,156,255,255,"Hibernians","Hibernians",757389,46,105,HIGH
469,1244,0x000B8FA7,156,255,255,"Naxxar Lions","Naxxar Lions",757573,38,105,HIGH
470,1245,0x000B905D,156,255,255,"Pieta' Hotspurs","Pieta' H",757757,38,105,HIGH
471,1246,0x000B910D,156,255,255,"Rabat Ajax","Rabat Ajax",757939,38,105,HIGH
472,1247,0x000B920C,156,255,255,"Sliema Wanderers","Sliema Wanderers",758146,62,105,HIGH
473,1250,0x000B92EB,109,255,255,"Valletta","Valletta",758401,62,105,HIGH
474,1253,0x000B9414,109,255,255,"Club de Fútbol América","América (MEX)",758613,109,105,HIGH
475,1254,0x000B9559,109,255,255,"Club Deportivo Cruz Azul","Cruz Azul",758910,141,105,HIGH
476,1255,0x000B9646,109,255,255,"Club Guadalajara","Chivas",759225,85,105,HIGH
477,1257,0x000B9731,109,255,255,"Club de Fútbol Monterrey","Monterrey",759462,61,105,HIGH
478,1258,0x000B9816,109,255,255,"Club Deportivo Necaxa","Necaxa",759687,77,105,HIGH
479,1259,0x000B98CC,109,255,255,"Club Deportivo León","León",759916,38,105,HIGH
480,1260,0x000B99EF,157,255,255,"Club de Fútbol Universidad","Pumas",760128,101,105,HIGH
481,1264,0x000B9ACE,157,255,255,"Nistru Otaci","Nistru Otaci",760420,46,105,HIGH
482,1265,0x000B9B92,157,255,255,"Olimpia Balti","Olimpia Balti",760612,46,105,HIGH
483,1267,0x000B9C8B,157,255,255,"Tiligul-Tiras Tiraspol","Tiligul",760839,62,105,HIGH
484,1268,0x000B9D6B,159,255,255,"Zimbru Chisinau","Zimbru",761088,53,105,HIGH
485,1274,0x000B9E48,159,255,255,"Ballymena United","Ballymena Utd",761281,65,105,HIGH
486,1276,0x000B9EFC,159,255,255,"Carrick Rangers","Carrick",761502,38,105,HIGH
487,1277,0x000B9FD8,159,255,255,"Cliftonville","Cliftonville",761682,74,105,HIGH
488,1278,0x000BA0AB,159,255,255,"Coleraine","Coleraine",761933,46,105,HIGH
489,1279,0x000BA17A,159,255,255,"Crusaders","Crusaders",762113,73,105,HIGH
490,1280,0x000BA245,159,255,255,"Lisburn Distillery","Distillery",762320,49,105,HIGH
491,1281,0x000BA314,159,255,255,"Glenavon","Glenavon",762554,46,105,HIGH
492,1282,0x000BA42A,159,255,255,"Glentoran","Glentoran",762761,113,105,HIGH
493,1284,0x000BA524,159,255,255,"Linfield","Linfield",763039,89,105,HIGH
494,1288,0x000BA61E,160,255,255,"Portadown","Portadown",763297,77,105,HIGH
495,1293,0x000BA702,160,255,255,"FK Bodø-Glimt","",763550,68,105,HIGH
496,1312,0x000BA7C7,160,255,255,"Fredrikstad FK","Fredrikstad",763736,49,105,HIGH
497,1341,0x000BA8B7,160,255,255,"Lillestrøm SK","Lillestrøm",763964,65,105,HIGH
498,1344,0x000BA9BA,160,255,255,"FC Lyn Oslo","Lyn",764208,98,105,HIGH
499,1353,0x000BAAB0,160,255,255,"Molde FK","Molde",764473,81,105,HIGH
500,1365,0x000BAB8B,160,255,255,"Odd Grenland","Odd Grenland",764709,42,105,HIGH
501,1376,0x000BAC70,160,255,255,"Rosenborg BK","Rosenborg",764928,58,105,HIGH
502,1378,0x000BAD4F,160,255,255,"SK Brann","Brann",765168,57,105,HIGH
503,1396,0x000BAE48,160,255,255,"Stabæk IF","Stabæk",765380,90,105,HIGH
504,1397,0x000BAEF9,160,255,255,"IK Start","Start",765609,42,105,HIGH
505,1422,0x000BAFCA,160,255,255,"Viking FK","Viking",765806,50,105,HIGH
506,1426,0x000BB0E1,193,255,255,"Vålerenga Fotball","Vålerenga",766015,98,105,HIGH
507,1445,0x000BB1B7,194,255,255,"C Cerro Porteño","Cerro Porteño",766277,46,105,HIGH
508,1449,0x000BB28D,194,255,255,"C Sporting Cristal","Sp.Cristal",766487,50,105,HIGH
509,1450,0x000BB363,161,255,255,"C Universitario D","Universitario",766701,46,105,HIGH
510,1452,0x000BB44E,161,255,255,"Gornik Zabrze","Gornik Zabrze",766905,85,105,HIGH
511,1455,0x000BB523,161,255,255,"Lech Poznan","Lech",767171,54,105,HIGH
512,1456,0x000BB625,161,255,255,"Legia-Daewoo Varsóvia","Légia",767384,77,105,HIGH
513,1458,0x000BB708,161,255,255,"Wisla Plock","Wisla Plock",767642,54,105,HIGH
514,1459,0x000BB7ED,161,255,255,"Pogon Szczecin","Pogon",767869,62,105,HIGH
515,1466,0x000BB8DA,161,255,255,"Groclin Grodzisk","Groclin",768098,62,105,HIGH
516,1468,0x000BB9BA,161,255,255,"Widzew Lodz","Widzew",768335,61,105,HIGH
517,1469,0x000BBA6E,162,255,255,"Zaglebie Lubin","Zaglebie",768528,38,105,HIGH
518,1471,0x000BBB95,162,255,255,"Boavista Futebol Clube","Boavista",768744,101,105,HIGH
519,1474,0x000BBC89,162,255,255,"C.F. Os Belenenses","Belenenses",769008,85,105,HIGH
520,1476,0x000BBDA4,162,255,255,"Clube Sport Marítimo","Marítimo",769303,73,105,HIGH
521,1478,0x000BBECD,162,255,255,"Futebol Clube do Porto","Porto",769601,74,105,HIGH
522,1484,0x000BBFC4,162,255,255,"Sport Clube Beira-Mar","Beira-Mar",769863,53,105,HIGH
523,1487,0x000BC105,162,255,255,"Sport Lisboa e Benfica","Benfica",770126,113,105,HIGH
524,1488,0x000BC204,162,255,255,"Sporting Clube de Braga","Braga",770431,65,105,HIGH
525,1489,0x000BC351,162,255,255,"Sporting Clube de Portugal","Sporting CP",770726,85,105,HIGH
526,1493,0x000BC44C,162,255,255,"União Desportiva de Leiria","Leiria",771019,53,105,HIGH
527,1494,0x000BC540,162,255,255,"Vitória Sport Club","Vit. Guimarães",771239,77,105,HIGH
528,1495,0x000BC645,164,255,255,"Vitória Futebol Clube","Vit. Setúbal",771514,61,105,HIGH
529,1500,0x000BC75F,164,255,255,"Dínamo Bucareste","Din.Bucareste",771775,90,105,HIGH
530,1502,0x000BC843,164,255,255,"FC Arges Pitesti","FC Arges",772026,77,105,HIGH
531,1503,0x000BC93A,164,255,255,"FC Brasov","FC Brasov",772285,77,105,HIGH
532,1504,0x000BCA18,164,255,255,"FC Farul Constanta","Farul",772501,73,105,HIGH
533,1507,0x000BCB02,164,255,255,"FC Gloria 1922 Bistrita","Gloria",772723,73,105,HIGH
534,1508,0x000BCBF9,164,255,255,"FC Otelul Galati","Otelul",772988,69,105,HIGH
535,1509,0x000BCD14,164,255,255,"FC National Bucareste","FC National",773235,85,105,HIGH
536,1510,0x000BCE36,164,255,255,"Rapid Bucareste","Rapid",773529,105,105,HIGH
537,1513,0x000BCF4C,164,255,255,"Steaua Bucareste","Steaua",773803,105,105,HIGH
538,1516,0x000BD065,165,255,255,"Universidade Craiova","U Craiova",774086,89,105,HIGH
539,1518,0x000BD1DE,165,255,255,"CSKA Moscovo","CSKA Moscovo",774372,190,105,HIGH
540,1520,0x000BD318,165,255,255,"Dinamo Moscovo","Din.Moscovo",774749,125,105,HIGH
541,1523,0x000BD437,165,255,255,"Krylja Sovetov Samara","Krylja Sovetov",775032,109,105,HIGH
542,1525,0x000BD5B2,165,255,255,"Lokomotiv Moscovo","Lokomotiv Moscovo",775365,157,105,HIGH
543,1527,0x000BD6C5,165,255,255,"SC Rotor Volgograd","Rotor",775698,121,105,HIGH
544,1529,0x000BD851,165,255,255,"Spartak Moscovo","Spartak Moscovo",776004,197,105,HIGH
545,1530,0x000BD945,165,255,255,"Alania Vladikavkaz","Alania",776400,57,105,HIGH
546,1532,0x000BDA28,78,255,255,"Torpedo Moscovo","Torpedo Moscovo",776603,69,105,HIGH
547,1535,0x000BDB0C,167,255,255,"Al Shabab (KSA)","Al Shabab (KSA)",776830,70,105,HIGH
548,1536,0x000BDC2B,167,255,255,"Aberdeen","Aberdeen",777089,126,105,HIGH
549,1548,0x000BDCDE,167,255,255,"Clyde","Clyde",777345,61,105,HIGH
550,1555,0x000BDDCD,167,255,255,"Dundee","Dundee",777555,86,105,HIGH
551,1556,0x000BDED6,167,255,255,"Dundee United","Dundee Utd",777767,117,105,HIGH
552,1557,0x000BDFE2,167,255,255,"Dunfermline Athletic","Dunfermline",778059,77,105,HIGH
553,1569,0x000BE0FB,167,255,255,"Celtic","Celtic",778346,109,105,HIGH
554,1570,0x000BE22B,167,255,255,"Rangers FC","Rangers",778616,133,105,HIGH
555,1573,0x000BE354,167,255,255,"Heart Of Midlothian","Hearts",778912,118,105,HIGH
556,1575,0x000BE455,167,255,255,"Hibernian","Hibs",779217,94,105,HIGH
557,1580,0x000BE55B,167,255,255,"Kilmarnock","Kilmarnock",779466,93,105,HIGH
558,1581,0x000BE649,167,255,255,"Livingston","Livingston",779728,69,105,HIGH
559,1584,0x000BE760,167,255,255,"Motherwell","Motherwell",779935,141,105,HIGH
560,1586,0x000BE844,167,255,255,"Partick Thistle","Partick",780214,86,105,HIGH
561,1591,0x000BE90C,79,255,255,"Queen's Park","Queen's Park",780442,54,105,HIGH
562,1605,0x000BE9E5,79,255,255,"Geylang United","Geylang Utd",780642,69,105,HIGH
563,1606,0x000BEA9B,79,255,255,"Home United","Home Utd",780859,46,105,HIGH
564,1609,0x000BEB68,168,255,255,"Tampines Rovers","Tampines",781041,61,105,HIGH
565,1615,0x000BEC66,168,255,255,"Dukla Banska Bystrica","Banska Bystrica",781277,53,105,HIGH
566,1617,0x000BED64,168,255,255,"Inter Bratislava","Inter Bratislava",781531,61,105,HIGH
567,1620,0x000BEE2B,168,255,255,"MSK Zilina","Zilina",781785,38,105,HIGH
568,1622,0x000BEF3A,168,255,255,"Slovan Bratislava","Slovan Bratislava",781984,74,105,HIGH
569,1623,0x000BF020,169,255,255,"Spartak Trnava","Trnava",782255,61,105,HIGH
570,1625,0x000BF0DA,169,255,255,"NK Ljubljana","Ljubljana",782454,46,105,HIGH
571,1627,0x000BF1AF,169,255,255,"NK Gorica","Gorica",782671,54,105,HIGH
572,1629,0x000BF2A8,169,255,255,"NK Maribor","Maribor",782884,86,105,HIGH
573,1630,0x000BF35E,169,255,255,"NK Mura","Mura",783102,62,105,HIGH
574,1632,0x000BF428,169,255,255,"FC Koper","Koper",783284,78,105,HIGH
575,1636,0x000BF50C,169,255,255,"NK Primorje","Primorje",783517,61,105,HIGH
576,1637,0x000BF601,169,255,255,"NK CMC Publikum","Publikum",783745,70,105,HIGH
577,1639,0x000BF6F6,40,255,255,"NK Olimpija","Olimpija",783990,78,105,HIGH
578,1642,0x000BF7DB,40,255,255,"Ajax Cape Town","Ajax CT",784224,69,105,HIGH
579,1643,0x000BF8E2,40,255,255,"Kaizer Chiefs","Kaizer Chiefs",784453,93,105,HIGH
580,1644,0x000BF9C0,40,255,255,"Mamelodi Sundowns","Sundowns",784701,69,105,HIGH
581,1645,0x000BFAB0,40,255,255,"Orlando Pirates","Orlando Pirates",784938,62,105,HIGH
582,1646,0x000BFB93,170,255,255,"Supersport United","Supersport Utd",785163,62,105,HIGH
583,1660,0x000BFC89,170,255,255,"Albacete Balompié S.A.D.","Albacete",785395,74,105,HIGH
584,1661,0x000BFD6B,170,255,255,"U.D. Almería S.A.D.","Almería",785641,66,105,HIGH
585,1664,0x000BFE9D,170,255,255,"Athletic Club","Athletic Club",785900,113,105,HIGH
586,1680,0x000BFF7D,170,255,255,"C.D. Tenerife S.A.D.","Tenerife",786175,58,105,HIGH
587,1682,0x000C0049,170,255,255,"Cádiz","",786439,50,105,HIGH
588,1685,0x000C0151,170,255,255,"Club Atlético Osasuna","Osasuna",786635,66,105,HIGH
589,1687,0x000C02B1,170,255,255,"Club Atlético de Madrid S.A.D.","At. Madrid",786924,105,105,HIGH
590,1688,0x000C03AB,170,255,255,"D. Alavés S.A.D.","Alavés",787238,77,105,HIGH
591,1699,0x000C047E,170,255,255,"C.D. Numancia S.A.D.","Numancia",787472,42,105,HIGH
592,1704,0x000C0540,170,255,255,"Córdoba","",787714,42,105,HIGH
593,1705,0x000C06BA,170,255,255,"R.C. Deportivo de La Coruña S.A.D.","Deportivo",787951,105,105,HIGH
594,1707,0x000C077C,170,255,255,"Elche","",788282,50,105,HIGH
595,1708,0x000C08F9,170,255,255,"F.C. Barcelona","Barcelona",788538,133,105,HIGH
596,1710,0x000C09B3,170,255,255,"Getafe","",788859,38,105,HIGH
597,1717,0x000C0AAD,170,255,255,"Levante","",789071,74,105,HIGH
598,1724,0x000C0BBC,170,255,255,"Real Club Celta de Vigo S.A.D.","Celta",789296,58,105,HIGH
599,1725,0x000C0CD4,170,255,255,"R.C.D. Espanyol de Barcelona S.A.D.","Espanyol",789553,65,105,HIGH
600,1726,0x000C0DF8,170,255,255,"R.C.D. Mallorca S.A.D.","Mallorca",789863,73,105,HIGH
601,1728,0x000C0EFA,170,255,255,"Real Racing Club S.A.D.","Racing",790114,82,105,HIGH
602,1733,0x000C101D,170,255,255,"Real Betis Balompié S.A.D.","Betis",790409,74,105,HIGH
603,1736,0x000C116B,170,255,255,"Real Madrid C.F.","R. Madrid",790728,101,105,HIGH
604,1739,0x000C123B,170,255,255,"Murcia","",791031,50,105,HIGH
605,1742,0x000C1387,170,255,255,"Real Sociedad S.A.D.","R. Sociedad",791260,97,105,HIGH
606,1744,0x000C1473,170,255,255,"Real Sporting de Gijón S.A.D","Sporting",791517,66,105,HIGH
607,1747,0x000C154E,170,255,255,"Real Valladolid S.A.D.","Valladolid",791753,57,105,HIGH
608,1749,0x000C167E,170,255,255,"Real Zaragoza S.A.D.","Zaragoza",792041,81,105,HIGH
609,1751,0x000C1776,170,255,255,"R.C. Recreativo de Huelva S.A.D.","Recreativo",792276,66,105,HIGH
610,1753,0x000C1840,170,255,255,"S.D. Eibar S.A.D.","Eibar",792534,50,105,HIGH
611,1759,0x000C1967,170,255,255,"Sevilla","",792841,74,105,HIGH
612,1768,0x000C1A3F,170,255,255,"U.D. Salamanca S.A.D.","Salamanca",793021,58,105,HIGH
613,1769,0x000C1B0E,170,255,255,"U.E. Lleida S.A.D.","Lleida",793237,61,105,HIGH
614,1772,0x000C1BE4,170,255,255,"U.D. Las Palmas SAD","Las Palmas",793444,58,105,HIGH
615,1775,0x000C1D4E,170,255,255,"Valencia","",793779,133,105,HIGH
616,1777,0x000C1E7D,171,255,255,"Villarreal","",794137,74,105,HIGH
617,1780,0x000C1F50,171,255,255,"AIK","AIK",794354,70,105,HIGH
618,1783,0x000C2006,171,255,255,"BK Häcken","Häcken",794534,54,105,HIGH
619,1787,0x000C20FD,171,255,255,"Djurgårdens IF","Djurgården",794747,70,105,HIGH
620,1791,0x000C21C3,171,255,255,"GIF Sundsvall","GIF Sundsvall",794973,38,105,HIGH
621,1796,0x000C2297,171,255,255,"Halmstad BK","Halmstad",795192,45,105,HIGH
622,1797,0x000C2387,171,255,255,"Hammarby IF","Hammarby",795404,73,105,HIGH
623,1798,0x000C2481,171,255,255,"Helsingborgs IF","Helsingborg",795644,69,105,HIGH
624,1802,0x000C255E,171,255,255,"IF Elfsborg","Elfsborg",795894,54,105,HIGH
625,1803,0x000C2664,171,255,255,"IFK Gotemburgo","IFK Gotemburgo",796115,77,105,HIGH
626,1811,0x000C2736,171,255,255,"Landskrona BoIS","Landskrona",796346,62,105,HIGH
627,1816,0x000C281C,171,255,255,"Malmö FF","Malmö FF",796587,69,105,HIGH
628,1839,0x000C28D8,171,255,255,"Västerås SK","Västerås SK",796786,46,105,HIGH
629,1842,0x000C2992,171,255,255,"Örebro SK","Örebro",796974,58,105,HIGH
630,1843,0x000C2A7C,171,255,255,"Örgryte IS","Örgryte",797201,61,105,HIGH
631,1844,0x000C2B4F,172,255,255,"Östers IF","Öster",797425,54,105,HIGH
632,1847,0x000C2C4E,172,255,255,"BSC Young Boys","Young Boys",797640,74,105,HIGH
633,1848,0x000C2D04,172,255,255,"FC Aarau","Aarau",797860,58,105,HIGH
634,1849,0x000C2E01,172,255,255,"FC Basel","Basel",798073,98,105,HIGH
635,1853,0x000C2EF9,172,255,255,"FC St. Gallen","St. Gallen",798326,73,105,HIGH
636,1854,0x000C2FEA,172,255,255,"FC Zürich","Zurich",798574,82,105,HIGH
637,1855,0x000C30E9,172,255,255,"Grasshopper-Club Zürich","Grasshopper",798815,58,105,HIGH
638,1857,0x000C31DE,172,255,255,"Neuchâtel Xamax FC","Neuchâtel Xamax",799070,50,105,HIGH
639,1858,0x000C3314,4294967295,255,255,"Servette de Genève Football SA","Servette FC",799333,81,105,HIGH
640,1860,0x000C33C4,173,255,255,"Thai Farmers Bank","TFB",799594,38,105,HIGH
641,1864,0x000C34B2,173,255,255,"MKE Ankaragücü","Ankaragücü",799801,61,105,HIGH
642,1866,0x000C35C4,173,255,255,"Besiktas JK","Besiktas",800053,93,105,HIGH
643,1867,0x000C3670,173,255,255,"Bursaspor","Bursaspor",800282,38,105,HIGH
644,1868,0x000C3752,173,255,255,"Denizlispor","Denizlispor",800485,53,105,HIGH
645,1870,0x000C3884,173,255,255,"Fenerbahçe SK","Fenerbahçe",800741,101,105,HIGH
646,1871,0x000C39CC,173,255,255,"Galatasaray SK","Galatasaray",801065,101,105,HIGH
647,1872,0x000C3AAC,173,255,255,"Gaziantepspor","G. Antepspor",801345,45,105,HIGH
648,1873,0x000C3B8B,173,255,255,"Gençlerbirligi","G. Birligi",801569,46,105,HIGH
649,1875,0x000C3C4E,173,255,255,"Kayserispor","Kayserispor",801776,38,105,HIGH
650,1876,0x000C3D30,173,255,255,"Kocaelispor","Kocaelispor",801987,53,105,HIGH
651,1879,0x000C3E22,174,255,255,"Trabzonspor","Trabzonspor",802213,69,105,HIGH
652,1883,0x000C3EF5,174,255,255,"CSKA-Borysfen Kiev","CSKA",802455,38,105,HIGH
653,1884,0x000C3FE8,174,255,255,"Chornomorets Odesa","Chornomorets",802635,85,105,HIGH
654,1885,0x000C410C,174,255,255,"Dinamo Kiev","D. Kiev",802918,118,105,HIGH
655,1886,0x000C421C,174,255,255,"Dnipro Dnipropetrovsk","Dnipro",803201,89,105,HIGH
656,1887,0x000C430C,174,255,255,"Karpaty Lviv","Karpaty",803473,73,105,HIGH
657,1890,0x000C43FB,174,255,255,"Metalurg Zaporizhzhya","Metalurg Zaporizhzhya",803682,57,105,HIGH
658,1892,0x000C44B8,174,255,255,"Nyva Vinnytsya","Nyva Vinnytsya",803921,35,105,HIGH
659,1895,0x000C45F5,174,255,255,"Shakhtar Donetsk","Shakhtar",804156,125,105,HIGH
660,1896,0x000C46AB,120,255,255,"Tavria Simferopol","Tavria",804427,38,105,HIGH
661,1907,0x000C47A3,120,255,255,"Los Angeles Galaxy","Los Angeles",804639,62,105,HIGH
662,1908,0x000C489F,120,255,255,"MetroStars","MetroStars",804909,62,105,HIGH
663,1909,0x000C49A5,120,255,255,"New England Revolution","New England",805145,62,105,HIGH
664,1913,0x000C4A99,195,255,255,"DC United","DC United",805411,70,105,HIGH
665,1918,0x000C4B43,195,255,255,"Danubio FC","Danubio",805615,38,105,HIGH
666,1919,0x000C4C23,195,255,255,"Defensor Sporting C","Defensor Sporting",805785,54,105,HIGH
667,1921,0x000C4CFC,195,255,255,"C Nacional F","Nacional",806019,69,105,HIGH
668,1922,0x000C4DB8,195,255,255,"Peñarol","Peñarol",806226,62,105,HIGH
669,1925,0x000C4E8F,175,255,255,"River Plate (URU)","",806458,45,105,HIGH
670,1927,0x000C4F65,175,255,255,"Aberystwyth Town","Aberystwyth",806629,62,105,HIGH
671,1929,0x000C5058,175,255,255,"Bangor City","Bangor City",806874,70,105,HIGH
672,1930,0x000C5145,175,255,255,"Barry Town","Barry",807117,78,105,HIGH
673,1934,0x000C5222,175,255,255,"Cwmbran Town","Cwmbran",807354,54,105,HIGH
674,1939,0x000C52E2,175,255,255,"Llanelli AFC","Llanelli",807544,54,105,HIGH
675,1940,0x000C5425,175,255,255,"Total Network Solutions","TNS",807791,118,105,HIGH
676,1943,0x000C54E1,175,255,255,"Newtown AFC","Newtown",808059,54,105,HIGH
677,1945,0x000C55C8,176,255,255,"Rhyl","Rhyl",808278,86,105,HIGH
678,1949,0x000C5695,176,255,255,"FK Zemun","Zemun",808498,61,105,HIGH
679,1951,0x000C5798,176,255,255,"OFK Belgrado","OFK Belgrado",808703,93,105,HIGH
680,1952,0x000C58F8,176,255,255,"Partizan Belgrado","Partizan",808993,153,105,HIGH
681,1955,0x000C5A3C,176,255,255,"Red Star Belgrado","Estrela Vermelha",809345,109,105,HIGH
682,1957,0x000C5B5A,143,255,255,"FK Vojvodina Novi Sad","Vojvodina",809669,77,105,HIGH
683,2005,0x000C5C55,143,255,255,"Lorient","Lorient",809960,69,105,HIGH
684,2009,0x000C5D49,143,255,255,"Sochaux","Sochaux",810196,77,105,HIGH
685,2047,0x000C5E06,170,255,255,"Reims","Reims",810409,61,105,HIGH
686,2093,0x000C5EE1,170,255,255,"Cultural Leonesa","Cultural",810588,73,105,HIGH
687,2096,0x000C5FEA,171,255,255,"Málaga","",810902,66,105,HIGH
688,2175,0x000C60B2,150,255,255,"Ljungskile SK","Ljungskile",811082,46,105,HIGH
689,2193,0x000C6185,150,255,255,"Catania","Catania",811272,85,105,HIGH
690,2194,0x000C625A,150,255,255,"Città di Palermo","Palermo",811483,69,105,HIGH
691,2201,0x000C6337,150,255,255,"Hellas Verona","Verona",811696,85,105,HIGH
692,2206,0x000C63F4,150,255,255,"Livorno","Livorno",811927,53,105,HIGH
693,2227,0x000C64D1,145,255,255,"Ternana","Ternana",812116,85,105,HIGH
694,2233,0x000C6595,145,255,255,"1.FC Magdeburg","Magdeburg",812337,42,105,HIGH
695,2237,0x000C6697,145,255,255,"TSV Eintracht Braunschweig","Braunschweig",812533,74,105,HIGH
696,2240,0x000C679A,145,255,255,"FC Energie Cottbus","Cottbus",812811,81,105,HIGH
697,2244,0x000C686A,145,255,255,"FC Rot-Weiss Erfurt","Erfurt",813050,50,105,HIGH
698,2247,0x000C69A1,145,255,255,"Hertha BSC Berlin","Hertha",813349,66,105,HIGH
699,2249,0x000C6A99,145,255,255,"SC Rot-Weiss Essen","RW Essen",813584,73,105,HIGH
700,2251,0x000C6B80,145,255,255,"Rot-Weiß Oberhausen","Oberhausen",813817,65,105,HIGH
701,2253,0x000C6C62,120,255,255,"SpVgg Greuther Fürth","Greuther Fürth",814048,50,105,HIGH
702,2313,0x000C6D16,120,255,255,"Richmond","Richmond",814276,38,105,HIGH
703,2315,0x000C6DCC,162,255,255,"Seattle","Seattle",814462,38,105,HIGH
704,2433,0x000C6EEF,4294967295,255,255,"Clube Desportivo Nacional","Nacional da Madeira",814662,69,105,HIGH
705,100349,0x000C6F99,4294967295,255,255,"Wanderers FC","Wanderers FC",814917,24,105,HIGH
706,100351,0x000C7057,4294967295,255,255,"Oxford University","Oxford University",815087,24,105,HIGH
707,100352,0x000C7101,4294967295,255,255,"Old Etonians","Old Etonians",815277,24,105,HIGH
708,100353,0x000C71B3,4294967295,255,255,"Clapham Rovers","Clapham Rovers",815447,24,105,HIGH
709,100354,0x000C7269,4294967295,255,255,"Old Carthusians","Old Carthusians",815625,24,105,HIGH
710,100355,0x000C7327,109,255,255,"Blackburn Olympic","Blackburn Olympic",815807,24,105,HIGH
711,102355,0x000C73FD,109,255,255,"Deportivo Toluca","Toluca",816007,62,105,HIGH
712,102356,0x000C74DF,4294967295,255,255,"Club de Fútbol Atlante","Atlante",816211,70,105,HIGH
713,102357,0x000C759D,106,255,255,"Atlético Espanhol","Atlético Espanhol",816437,24,105,HIGH
714,102358,0x000C7675,106,255,255,"Racing Club Haitien","Racing Club (HAI)",816627,46,105,HIGH
715,102359,0x000C7741,102,255,255,"Violette Athletic Club","Violette",816843,46,105,HIGH
716,102360,0x000C780B,102,255,255,"Alianza FC (SLV)","Alianza (SLV)",817047,46,105,HIGH
717,102361,0x000C78B1,102,255,255,"CD Aguila","Aguila",817249,38,105,HIGH
718,102362,0x000C797F,102,255,255,"CD Atlético Marte","Atlético Marte",817415,46,105,HIGH
719,102363,0x000C7A4D,104,255,255,"CD Municipal Limeño","Municipal Limeño",817621,38,105,HIGH
720,102364,0x000C7B1D,104,255,255,"CSD Comunicaciones","Comunicaciones",817827,46,105,HIGH
721,102365,0x000C7BE5,99,255,255,"Municipal (GUA)","",818067,46,105,HIGH
722,102366,0x000C7C9F,99,255,255,"CS Cartaginés D","Cartaginés",818235,38,105,HIGH
723,102367,0x000C7D57,110,255,255,"CD Saprissa","Saprissa",818431,38,105,HIGH
724,102368,0x000C7E1F,107,255,255,"CRKSV Jong Colombia","Jong Colombia",818605,38,105,HIGH
725,102369,0x000C7EDD,117,255,255,"Olimpia (HON)","",818831,46,105,HIGH
726,102370,0x000C7F8F,117,255,255,"SV Transvaal","Transvaal",818995,38,105,HIGH
727,102371,0x000C8041,119,255,255,"SV Robinhood","Robinhood",819173,38,105,HIGH
728,102372,0x000C8103,119,255,255,"Defence Force FC","Defence Force",819351,38,105,HIGH
729,102373,0x000C81BA,107,255,255,"Police FC (TRI)","Police (TRI)",819545,31,105,HIGH
730,102374,0x000C82AC,100,255,255,"Universidad NA de Honduras","Universidad de Honduras",819728,46,105,HIGH
731,102375,0x000C836E,109,255,255,"FC Piñar del Río","Piñar del Río",819970,38,105,HIGH
732,102390,0x000C8449,187,255,255,"Club Tecos de la UAG","Tecos",820174,61,105,HIGH
733,102476,0x000C852F,187,255,255,"Arsenal de Sarandí","Arsenal de Sarandí",820398,45,105,HIGH
734,102487,0x000C85F7,187,255,255,"Quilmes","Quilmes",820618,69,105,HIGH
735,102489,0x000C86C1,60,255,255,"Talleres de Córdoba","Talleres",820818,45,105,HIGH
736,102849,0x000C878D,78,255,255,"Al Shorta (IRQ)","Al Shorta (IRQ)",821015,46,105,HIGH
737,102850,0x000C8869,4294967295,255,255,"Al Ahli (KSA)","Al Ahli (KSA)",821219,70,105,HIGH
738,102851,0x000C8903,78,255,255,"Furukawa","Furukawa",821439,24,105,HIGH
739,102852,0x000C89E3,77,255,255,"Al Hilal (KSA)","Al Hilal (KSA)",821593,70,105,HIGH
740,102853,0x000C8A8E,4294967295,255,255,"Al Sadd","Al Sadd",821817,45,105,HIGH
741,102854,0x000C8B30,59,255,255,"Al Rasheed","Al Rasheed",821988,24,105,HIGH
742,102856,0x000C8BFA,59,255,255,"Esteghlal Tehran","Esteghlal",822150,54,105,HIGH
743,102857,0x000C8CB0,75,255,255,"Paas Tehran","Paas",822352,54,105,HIGH
744,102858,0x000C8D46,77,255,255,"Omani Club","Oman",822534,24,105,HIGH
745,102859,0x000C8DFF,59,255,255,"Al Arabi (QAT)","Al Arabi (QAT)",822684,31,105,HIGH
746,102860,0x000C8ED5,52,255,255,"Persepolis Tehran","Persepolis",822869,62,105,HIGH
747,102861,0x000C8F8B,78,255,255,"Al Muharraq","Muharraq",823083,46,105,HIGH
748,102862,0x000C9063,56,255,255,"Al Nassr (KSA)","Al Nassr (KSA)",823265,62,105,HIGH
749,102863,0x000C914D,88,255,255,"South China Athletic","South China",823486,69,105,HIGH
750,102864,0x000C9219,193,255,255,"Al Sha'ab (UAE)","Al Sha'ab (UAE)",823715,46,105,HIGH
751,102924,0x000C92DB,160,255,255,"C Olimpia","Olimpia",823929,54,105,HIGH
752,103283,0x000C93AB,190,255,255,"Hamarkameratene Toppfotball","Ham Kam",824113,42,105,HIGH
753,104359,0x000C9463,109,255,255,"CD Cobreloa","Cobreloa",824331,38,105,HIGH
754,104360,0x000C9566,59,255,255,"Club Universitario de Nuevo León","Tigres",824505,85,105,HIGH
755,104395,0x000C962E,4294967295,255,255,"Zob Ahan Esfahan","Zob Ahan",824764,54,105,HIGH
756,104648,0x000C96D4,4294967295,255,255,"Small Heath","Small Heath",824964,24,105,HIGH
757,104650,0x000C977E,4294967295,255,255,"Newton Heath","Newton Heath",825130,24,105,HIGH
758,104651,0x000C982C,4294967295,255,255,"The Wednesday","The Wednesday",825300,24,105,HIGH
759,104652,0x000C98E2,139,255,255,"Woolwich Albion","Woolwich Albion",825474,24,105,HIGH
760,104653,0x000C99A2,189,255,255,"Glossop North End","Glossop",825656,46,105,HIGH
761,104776,0x000C9A6A,107,255,255,"Coritiba FC","Coritiba",825858,54,135,HIGH
762,105187,0x000C9B20,104,255,255,"Real Espanha","Real España",826048,38,105,HIGH
763,105188,0x000C9BCC,109,255,255,"Aurora FC","Aurora FC",826230,38,105,HIGH
764,106028,0x000C9CA3,29,255,255,"Club Monarcas Morelia","Morelia",826402,61,105,HIGH
765,106054,0x000C9D67,78,255,255,"Forces Armées Royales","FAR Rabat",826617,38,105,HIGH
766,106063,0x000C9E56,139,255,255,"Al Ittihad (KSA)","Al Ittihad (KSA)",826813,77,105,HIGH
767,106578,0x000C9F3E,139,255,255,"Hayes","Hayes",827056,110,105,HIGH
768,106580,0x000CA018,139,255,255,"Hednesford Town","Hednesford",827292,62,105,HIGH
769,106583,0x000CA318,70,255,255,"Rushden & Diamonds","Rushden",827997,125,105,HIGH
770,106694,0x000CA3C8,135,255,255,"Selangor","Selangor",828270,46,105,HIGH
771,106749,0x000CA4A4,11,255,255,"NK Slaven Belupo","Slaven Belupo",828456,54,105,HIGH
772,106755,0x000CA57C,11,255,255,"Zamalek Sporting Club","Zamalek",828666,62,105,HIGH
773,106756,0x000CA653,11,255,255,"Al-Ahly Sporting Club","Al-Ahly",828882,61,105,HIGH
774,106757,0x000CA723,80,255,255,"Ismaily Sporting Club","Ismaily",829097,54,105,HIGH
775,106808,0x000CA7E7,80,255,255,"Ulsan Hyundai","Ulsan",829305,62,105,HIGH
776,106812,0x000CA8C0,80,255,255,"Chunnam Dragons","Chunnam",829506,70,105,HIGH
777,106813,0x000CA997,80,255,255,"Suwon Samsung Blue Wings","Suwon",829723,54,105,HIGH
778,106818,0x000CAA61,46,255,255,"Pohang Steelers","Pohang",829933,62,105,HIGH
779,106857,0x000CAB25,46,255,255,"Club Sportif Sfaxien","CS Sfaxien",830135,38,105,HIGH
780,106858,0x000CAC03,189,255,255,"Espérance Sportive de Tunis","ES Tunis",830331,54,105,HIGH
781,107206,0x000CACF5,189,255,255,"C Atlético Paranaense","Atlético Paranaense",830563,54,135,HIGH
782,107210,0x000CAD99,189,255,255,"CS Alagoano","CSA",830795,38,105,HIGH
783,107220,0x000CAE4B,189,255,255,"Madureira EC","Madureira",830959,38,105,HIGH
784,107224,0x000CAF1B,189,255,255,"Portuguesa Santista","",831169,46,105,HIGH
785,107240,0x000CAFDD,127,255,255,"Volta Redonda FC","Volta Redonda",831345,38,105,HIGH
786,107673,0x000CB0D3,127,255,255,"Club Esportiu Principat","CE Principat",831570,47,105,HIGH
787,107675,0x000CB1A9,127,255,255,"Fútbol Club Encamp","FC Encamp",831816,31,105,HIGH
788,107676,0x000CB2A9,127,255,255,"Fútbol Club Santa Coloma","Santa Coloma",832030,55,105,HIGH
789,107679,0x000CB370,127,255,255,"Unió Esportiva Sant Julià","Sant Julià",832255,31,105,HIGH
790,107680,0x000CB42B,127,255,255,"Esportiu La Massana","La Massana",832454,31,105,HIGH
791,107681,0x000CB4EC,170,255,255,"Inter d'Escaldes","Inter d'Escaldes",832641,31,105,HIGH
792,109023,0x000CB5AE,120,255,255,"Terrassa","",832882,38,105,HIGH
793,109132,0x000CB68B,120,255,255,"American All Stars East","American All Stars East",833028,31,105,HIGH
794,109133,0x000CB768,192,255,255,"American All Stars West","American All Stars West",833249,31,105,HIGH
795,109177,0x000CB80E,192,255,255,"CS Emelec","Emelec",833470,38,105,HIGH
796,109180,0x000CB8D6,196,255,255,"Barcelona (ECU)","",833676,38,105,HIGH
797,109188,0x000CB988,196,255,255,"Caracas FC","Caracas",833836,46,105,HIGH
798,109189,0x000CBA6A,139,255,255,"Estudiantes de Mérida FC","Estudiantes de Mérida",834014,38,105,HIGH
799,109206,0x000CBBAA,139,255,255,"Forest Green Rovers","Forest Green",834275,125,105,HIGH
800,109210,0x000CBCDF,139,255,255,"Accrington Stanley","Accrington",834598,117,105,HIGH
801,109211,0x000CBD99,139,255,255,"Gresley Rovers","Gresley",834869,46,105,HIGH
802,109212,0x000CBE59,139,255,255,"Boreham Wood","Boreham Wood",835055,46,105,HIGH
803,112031,0x000CBF45,139,255,255,"Weston-super-Mare","Weston-super-Mare",835255,62,105,HIGH
804,113522,0x000CC005,175,255,255,"King's Lynn","King's Lynn",835487,46,105,HIGH
805,114804,0x000CC10E,68,255,255,"Haverfordwest County","Haverfordwest",835706,70,105,HIGH
806,114819,0x000CC1B5,68,255,255,"Nejmeh","Nejmeh",835940,45,105,HIGH
807,114947,0x000CC268,4294967295,255,255,"Homentmen","Homentmen",836107,45,105,HIGH
808,115711,0x000CC2FE,139,255,255,"Horwich","Horwich",836286,24,105,HIGH
809,115755,0x000CC3C8,137,255,255,"Bedlington Terriers","Bedlington",836436,46,105,HIGH
810,116156,0x000CC4A1,155,255,255,"Pribram","Pribram",836679,50,105,HIGH
811,116194,0x000CC5B7,109,255,255,"FK Cementarnica 55 Skopje","Cementarnica 55",836886,69,105,HIGH
812,116204,0x000CC6B4,55,255,255,"Club Deportivo Pachuca","Pachuca",837153,77,105,HIGH
813,116403,0x000CC7A7,139,255,255,"Shandong Luneng","Shandong",837391,94,105,HIGH
814,117669,0x000CC861,139,255,255,"Ilkeston Town","Ilkeston",837629,46,105,HIGH
815,119741,0x000CC90D,190,255,255,"Wroxham","Wroxham",837815,46,105,HIGH
816,120064,0x000CC9D3,33,255,255,"CD Unión Española","Unión Española",837987,38,105,HIGH
817,120286,0x000CCAC5,141,255,255,"Shooting Stars SC of Ibadan","Shooting Stars",838185,62,105,HIGH
818,120386,0x000CCB85,163,255,255,"Vágs Bóltfelag","VB",838458,31,105,HIGH
819,120533,0x000CCC6E,176,255,255,"Waterford United","Waterford Utd",838619,77,105,HIGH
820,120783,0x000CCD7A,191,255,255,"FK Smederevo","Smederevo",838903,77,105,HIGH
821,120936,0x000CCE3C,192,255,255,"Envigado FC","Envigado",839140,38,105,HIGH
822,120966,0x000CCEEC,192,255,255,"CD Espoli","Espoli",839324,38,105,HIGH
823,120979,0x000CCFBA,188,255,255,"CS Deportivo Cuenca","Deportivo Cuenca",839490,38,105,HIGH
824,120991,0x000CD08A,196,255,255,"C Oriente Petrolero","Oriente Petrolero",839696,38,105,HIGH
825,121002,0x000CD16E,140,255,255,"C Deportivo ItalChacao","Deportivo ItalChacao",839904,46,105,HIGH
826,121135,0x000CD208,145,255,255,"SK Lelle","SK Lelle",840132,24,105,HIGH
827,121181,0x000CD2BA,145,255,255,"VFC Plauen","Plauen",840296,38,105,HIGH
828,121183,0x000CD37F,145,255,255,"FC Erzgebirge Aue","Aue",840474,49,105,HIGH
829,121197,0x000CD446,145,255,255,"LR Ahlen","Ahlen",840686,50,105,HIGH
830,121198,0x000CD50C,145,255,255,"SC Paderborn 07","Paderborn",840870,42,105,HIGH
831,121209,0x000CD5ED,145,255,255,"SV Wacker Burghausen","Burghausen",841083,42,105,HIGH
832,121219,0x000CD69F,140,255,255,"VfR Aalen","Aalen",841293,42,105,HIGH
833,121267,0x000CD79B,177,255,255,"FC Levadia Tallinn","Levadia",841492,73,105,HIGH
834,122986,0x000CD87C,177,255,255,"New Zealand Knights FC","New Zealand Knights",841713,45,105,HIGH
835,123001,0x000CD951,177,255,255,"Perth Glory FC","Perth Glory",841942,61,105,HIGH
836,123004,0x000CDA25,177,255,255,"South Melbourne","South Melbourne",842151,54,105,HIGH
837,123009,0x000CDB01,130,255,255,"Wollongong Wolves","Wollongong Wolves",842363,54,105,HIGH
838,127742,0x000CDBD0,130,255,255,"FK Kapaz Qyanja","Kapaz",842614,38,105,HIGH
839,127787,0x000CDCAF,155,255,255,"FK Qarabag-Azersun Aqdam","Qarabag",842821,32,105,HIGH
840,127999,0x000CDD72,155,255,255,"FK Napredok Kicevo","Napredok",843013,45,105,HIGH
841,128000,0x000CDE65,55,255,255,"FK Rabotnicki Kometal Skopje","Rabotnicki",843239,38,105,HIGH
842,128051,0x000CDF6A,169,255,255,"Liaoning Zhongyu","Liaoning",843456,110,105,HIGH
843,128652,0x000CE024,161,255,255,"NK Domzale","Domzale",843712,54,105,HIGH
844,129583,0x000CE0E2,146,255,255,"Cracovia Krakow","Cracovia",843898,46,105,HIGH
845,129657,0x000CE1CE,135,255,255,"AO Aigaleo","Aigaleo",844139,53,105,HIGH
846,129829,0x000CE2BD,4294967295,255,255,"NK Kamen Ingrad","Kamen Ingrad",844365,46,105,HIGH
847,130035,0x000CE377,180,255,255,"Central United","Central Utd",844563,38,105,HIGH
848,130041,0x000CE441,178,255,255,"Napier City Rovers AFC","Napier City",844749,38,105,HIGH
849,130047,0x000CE4DB,179,255,255,"Matavera","Matavera",844951,24,105,HIGH
850,130058,0x000CE573,185,255,255,"Nadi","Nadi",845105,38,105,HIGH
851,130067,0x000CE601,173,255,255,"Tafea","Tafea",845257,24,105,HIGH
852,130344,0x000CE6AD,173,255,255,"Konyaspor","Konyaspor",845399,38,105,HIGH
853,130366,0x000CE771,173,255,255,"Çaykur Rizespor","Ç. Rizespor",845571,46,105,HIGH
854,130379,0x000CE84B,165,255,255,"Malatyaspor","Malatyaspor",845798,45,105,HIGH
855,130497,0x000CE94A,165,255,255,"Saturn Moskovskaya Oblast","Saturn",846010,70,105,HIGH
856,130498,0x000CEA73,165,255,255,"Torpedo Moscow","Torpedo Moscow",846281,102,105,HIGH
857,130509,0x000CEB80,165,255,255,"Rubin Kazan","Rubin",846578,98,105,HIGH
858,130510,0x000CEC93,165,255,255,"FC Shinnik Yaroslavl","Shinnik",846816,113,105,HIGH
859,130525,0x000CED60,87,255,255,"FC Khimki","Khimki",847101,57,105,HIGH
860,130592,0x000CEE13,64,255,255,"Nisa Ashkhabad","Nisa",847286,45,105,HIGH
861,130593,0x000CEEF6,57,255,255,"Irtysh Pavlodar","Irtysh Pavlodar",847496,38,105,HIGH
862,130637,0x000CEFC1,40,255,255,"East Bengal Club","East Bengal",847697,46,105,HIGH
863,130763,0x000CF074,80,255,255,"Wits University","Wits",847900,38,105,HIGH
864,130775,0x000CF136,80,255,255,"Busan I.cons","Busan",848074,62,105,HIGH
865,130776,0x000CF200,80,255,255,"Chonbuk Hyundai Motors","Chonbuk",848268,46,105,HIGH
866,130777,0x000CF2C2,190,255,255,"FC Seoul","Seoul",848470,70,105,HIGH
867,130782,0x000CF3A2,109,255,255,"CD Everton de Viña del Mar","Everton (CHI)",848674,38,105,HIGH
868,130799,0x000CF4B5,191,255,255,"Club Tiburones Rojos de Veracruz","Veracruz",848908,77,105,HIGH
869,130802,0x000CF56F,141,255,255,"CA Bucaramanga","Bucaramanga",849163,38,105,HIGH
870,130811,0x000CF624,141,255,255,"Leirvíkar Ítróttarfelag","LÍF",849349,31,105,HIGH
871,130812,0x000CF6CD,172,255,255,"Bóltfelagið Royn","Royn",849530,31,105,HIGH
872,130820,0x000CF7A4,129,255,255,"Wil","",849758,58,105,HIGH
873,130835,0x000CF889,130,255,255,"FC Kärnten","Kärnten",849945,66,105,HIGH
874,130844,0x000CF946,130,255,255,"FK Shafa Baku","Shafa",850174,24,105,HIGH
875,130845,0x000CF9EE,130,255,255,"FK Shahdag Qusar","Shahdag",850332,24,105,HIGH
876,130846,0x000CFA92,195,255,255,"Neftegaz Baku","Neftegaz",850500,24,105,HIGH
877,130852,0x000CFB48,174,255,255,"Tacuarembó FC","Tacuarembó",850664,38,105,HIGH
878,130868,0x000CFC0B,174,255,255,"Metalist Kharkiv","Metalist",850846,49,105,HIGH
879,130869,0x000CFD10,174,255,255,"Metalurg Donetsk","Metalurg Donetsk",851087,53,105,HIGH
880,130870,0x000CFE20,168,255,255,"Illichivets Mariupol","Illichivets",851333,81,105,HIGH
881,130871,0x000CFEEE,168,255,255,"FK ZTS Dubnica nad Vahom","Dubnica",851574,46,105,HIGH
882,130872,0x000CFFA7,168,255,255,"AS Trencin","Trencin",851780,53,105,HIGH
883,130873,0x000D008D,132,255,255,"MSK SCP Ruzomberok","Ruzomberok",851996,45,105,HIGH
884,130875,0x000D0174,132,255,255,"BATE Borisov","BATE",852226,70,105,HIGH
885,130879,0x000D025B,176,255,255,"Slavia Mozyr","Slavia Mozyr",852457,54,105,HIGH
886,131120,0x000D0329,55,255,255,"FK Zeta Golubovci","Zeta",852677,46,105,HIGH
887,131135,0x000D040C,47,255,255,"Changchun Yatai","Changchun",852883,61,105,HIGH
888,131246,0x000D04B8,19,255,255,"Nakivubo Villa SC","SC Villa",853090,24,105,HIGH
889,131249,0x000D0561,43,255,255,"ASC Bouaké","ASC Bouaké",853262,31,105,HIGH
890,131250,0x000D05F5,33,255,255,"SC Simba","Simba",853431,24,105,HIGH
891,131252,0x000D06B5,46,255,255,"Bendel Insurance FC","Insurance",853579,38,105,HIGH
892,131255,0x000D079B,17,255,255,"Etoile Sportive du Sahel","Etoile du Sahel",853771,54,105,HIGH
893,131256,0x000D084D,29,255,255,"AS Kaloum Star","AS Kaloum Star",854001,24,105,HIGH
894,131258,0x000D0931,36,255,255,"Kawkab Athletic Club de Marrakech","KAC Marrakech",854179,38,105,HIGH
895,131261,0x000D09F9,6,255,255,"ASC Jeanne d Arc","Jeanne d'Arc",854407,46,105,HIGH
896,131264,0x000D0A9F,26,255,255,"Oryx Douala","Oryx Douala",854607,24,105,HIGH
897,131266,0x000D0B73,16,255,255,"Stade Malien de Bamako","Stade Malien",854773,46,105,HIGH
898,131267,0x000D0C37,137,255,255,"Goldfields Obuasi SC","Goldfields",854985,38,105,HIGH
899,131289,0x000D0D01,156,255,255,"Stare Mesto","Stare Mesto",855191,50,105,HIGH
900,133178,0x000D0DA5,147,255,255,"Marsa","Marsa",855383,46,105,HIGH
901,133235,0x000D0E59,56,255,255,"Matáv-Sopron","Sopron",855547,46,105,HIGH
902,133677,0x000D0F30,56,255,255,"Hong Kong Football Club","HKFC",855732,58,105,HIGH
903,133678,0x000D1017,139,255,255,"Happy Valley Athletic","Happy Valley",855947,62,105,HIGH
904,134732,0x000D10D9,85,255,255,"Braintree Town","Braintree",856177,46,105,HIGH
905,134900,0x000D119C,85,255,255,"Krung Thai Bank","KTB",856367,61,105,HIGH
906,134910,0x000D1274,85,255,255,"Bangkok Bank Limited","Bangkok Bank",856562,54,105,HIGH
907,134919,0x000D1330,60,255,255,"BEC Tero-Sasana","BEC",856778,54,105,HIGH
908,135214,0x000D1404,60,255,255,"Al Quwa Al Jawiya","Al Quwa Al Jawiya",856966,46,105,HIGH
909,135215,0x000D14BC,60,255,255,"Al Zawra'a","Al Zawra'a",857178,46,105,HIGH
910,135217,0x000D1570,65,255,255,"Al Talaba","Al Talaba",857362,46,105,HIGH
911,135245,0x000D1629,65,255,255,"Al Arabi (KUW)","Al Arabi (KUW)",857542,31,105,HIGH
912,135246,0x000D16D5,65,255,255,"Al Kuwait","Al Kuwait",857727,38,105,HIGH
913,135247,0x000D17A5,65,255,255,"Al Qadisiyah (KUW)","Al Qadisiyah (KUW)",857899,38,105,HIGH
914,135249,0x000D1848,65,255,255,"Kazma","Kazma",858107,45,105,HIGH
915,135250,0x000D18E9,62,255,255,"Salimiya","Salimiya",858270,31,105,HIGH
916,135253,0x000D19AC,65,255,255,"Al Faysali (JOR)","Faysali (JOR)",858431,39,105,HIGH
917,135305,0x000D1A70,75,255,255,"Al Shabab (KUW)","Al Shabab (KUW)",858626,38,105,HIGH
918,135327,0x000D1AFD,75,255,255,"Sur","Sur",858822,31,105,HIGH
919,135329,0x000D1B96,75,255,255,"Dhofar","Dhofar",858963,31,105,HIGH
920,135331,0x000D1C4F,76,255,255,"Al Nassr (OMA)","Al Nassr (OMA)",859116,31,105,HIGH
921,135337,0x000D1D29,71,255,255,"Pakistan International Airlines","P.I.A.",859301,46,105,HIGH
922,135346,0x000D1DEF,70,255,255,"Valencia (MDV)","",859551,46,105,HIGH
923,135362,0x000D1EAB,70,255,255,"Negeri Sembilan","N. Sembilan",859717,38,105,HIGH
924,135377,0x000D1F52,70,255,255,"Pahang","Pahang",859905,45,105,HIGH
925,135382,0x000D1FF6,75,255,255,"Perak","Perak",860072,46,105,HIGH
926,135388,0x000D208B,91,255,255,"Fanja","Fanja",860236,31,105,HIGH
927,135399,0x000D2148,91,255,255,"Al Wahda Sana'a","Al Wahda Sana'a",860385,31,105,HIGH
928,135405,0x000D21F6,77,255,255,"Al Sha'ab Ibb","Al Sha'ab Ibb",860574,24,105,HIGH
929,135410,0x000D22AB,4294967295,255,255,"Al Ahli (QAT)","Al Ahli (QAT)",860748,31,105,HIGH
930,135414,0x000D2373,78,255,255,"Al Ittihad (QAT)","Al Ittihad (QAT)",860929,38,105,HIGH
931,135423,0x000D2427,78,255,255,"Al Riyadh","Al Riyadh",861129,46,105,HIGH
932,135427,0x000D24FF,88,255,255,"Al Ittifaq (KSA)","Al Ittifaq (KSA)",861309,54,105,HIGH
933,135430,0x000D25CE,88,255,255,"Al Wahda (UAE)","Al Wahda (UAE)",861525,53,105,HIGH
934,135439,0x000D2672,88,255,255,"Al Wasl","Al Wasl",861732,38,105,HIGH
935,135453,0x000D272B,88,255,255,"Al Arabi (UAE)","Al Arabi (UAE)",861896,31,105,HIGH
936,135455,0x000D27E3,82,255,255,"Al Sharjah","Al Sharjah",862081,46,105,HIGH
937,135471,0x000D28AB,82,255,255,"Al Wahda (SYR)","Al Wahda (SYR)",862265,46,105,HIGH
938,135478,0x000D2973,58,255,255,"Al Jaish (SYR)","Al Jaish (SYR)",862465,46,105,HIGH
939,135494,0x000D2A20,58,255,255,"PSM Makassar","PSM",862665,45,105,HIGH
940,135506,0x000D2AF6,127,255,255,"Petrokimia Putra Gresik","Petrokimia Putra",862838,38,105,HIGH
941,135853,0x000D2BCB,109,255,255,"Racing de Andorra","Racing de Andorra",863052,47,105,HIGH
942,136007,0x000D2C9E,176,255,255,"Club Puebla de la Franja","Puebla",863265,53,105,HIGH
943,136531,0x000D2DB0,172,255,255,"FK Buducnost Banatski Dvor","Buducnost (BD)",863527,45,105,HIGH
944,137917,0x000D2E81,129,255,255,"FC Schaffhausen","Schaffhausen",863750,57,105,HIGH
945,137957,0x000D2F61,164,255,255,"FC Pasching","Pasching",863990,57,105,HIGH
946,138153,0x000D302D,134,255,255,"AS Gaz Metan Medias","Gaz Metan",864188,45,105,HIGH
947,138156,0x000D311B,155,255,255,"Cherno more (Varna)","Cherno more",864397,70,105,HIGH
948,138162,0x000D321F,168,255,255,"FC Belasica Geras Cunev Strumica","Belasica GC",864656,45,105,HIGH
949,138174,0x000D32FB,136,255,255,"Puchov","pȀ瀀",864956,33,105,HIGH
950,138179,0x000D33A1,156,255,255,"AE Paphos","Paphos",865105,38,105,HIGH
951,138209,0x000D3478,157,255,255,"Marsaxlokk","Marsaxlokk",865302,46,105,HIGH
952,138214,0x000D3526,157,255,255,"Nistru Edinet","Nistru Edinet",865486,24,105,HIGH
953,138215,0x000D35E6,157,255,255,"Unisport-Auto Chisinau","Unisport-Auto",865660,24,105,HIGH
954,138216,0x000D36AC,157,255,255,"FCA Victoria Chisinau","Victoria Chisinau",865852,24,105,HIGH
955,138217,0x000D3748,134,255,255,"Ulim Chisinau","Ulim",866050,24,105,HIGH
956,138447,0x000D382C,144,255,255,"Marek (Dupnitsa)","Marek",866216,78,105,HIGH
957,144648,0x000D38FC,127,255,255,"FC Tbilisi","FC Tbilisi",866465,39,105,HIGH
958,144767,0x000D39BF,127,255,255,"Fútbol Club Lusitanos","FC Lusitanos",866642,31,105,HIGH
959,144768,0x000D3A7E,127,255,255,"Fútbol Club Ranger's","FC Ranger's",866837,31,105,HIGH
960,144769,0x000D3B4B,4294967295,255,255,"Sporting d'Escaldes","Sporting d'Escaldes",867028,31,105,HIGH
961,147037,0x000D3BDD,80,255,255,"London","London",867233,24,105,HIGH
962,147055,0x000D3CB6,80,255,255,"Southern All-Star Team","Southern All-Star Team",867379,31,105,HIGH
963,147056,0x000D3D8B,108,255,255,"Central All-Star Team","Central All-Star Team",867596,31,105,HIGH
964,149295,0x000D3E3B,139,255,255,"Portmore United","Portmore Utd",867809,24,105,HIGH
965,151027,0x000D4179,108,255,255,"Milton Keynes Dons","MK Dons",868517,150,105,HIGH
966,151031,0x000D422B,80,255,255,"Village United","Village United",868815,24,105,HIGH
967,200373,0x000D42FD,189,255,255,"Seongnam Ilhwa Chunma","Seongnam",868993,54,105,HIGH
968,301306,0x000D43B7,189,255,255,"Figueirense FC","Figueirense",869203,38,135,HIGH
969,301338,0x000D446D,189,255,255,"Paulista FC","Paulista",869389,46,135,HIGH
970,301354,0x000D4527,192,255,255,"AD São Caetano","São Caetano",869571,38,135,HIGH
971,308091,0x000D45D3,194,255,255,"SD Aucas","Aucas",869767,38,105,HIGH
972,308107,0x000D468B,191,255,255,"ADFPC Cienciano","Cienciano",869929,38,105,HIGH
973,308516,0x000D4767,191,255,255,"Deportivo Pereira FC","Deportivo Pereira",870123,38,105,HIGH
974,309345,0x000D4839,191,255,255,"Alianza Petrolera AS","Alianza Petrolera",870333,38,105,HIGH
975,309346,0x000D4907,189,255,255,"CN Cúcuta Deportivo","Cúcuta Deportivo",870543,38,105,HIGH
976,311026,0x000D49B1,189,255,255,"Marília AC","Marília",870749,38,135,HIGH
977,314909,0x000D4A65,143,255,255,"RS Futebol C","RS Futebol",870919,38,105,HIGH
978,400362,0x000D4B4A,46,255,255,"Ajaccio","Ajaccio",871109,93,105,HIGH
979,401149,0x000D4C29,173,255,255,"Club Africain Tunis","Club Africain",871328,61,105,HIGH
980,450551,0x000D4CED,173,255,255,"Akçaabat Sebatspor","A. Sebatspor",871551,38,105,HIGH
981,454194,0x000D4DAB,89,255,255,"Ankara Demirspor","Ankara D.S.",871747,38,105,HIGH
982,475411,0x000D4E69,165,255,255,"Pakhtakor Toshkent","Pakhtakor",871937,38,105,HIGH
983,477632,0x000D4F43,157,255,255,"Terek Grozny","Terek",872168,45,105,HIGH
984,478105,0x000D5038,151,255,255,"Sheriff Tiraspol","Sheriff",872376,70,105,HIGH
985,478301,0x000D5133,89,255,255,"FK Dinaburg Daugavpils","Dinaburg",872621,62,105,HIGH
986,483003,0x000D51F9,64,255,255,"Neftchi Ferghana","Neftchi Fergana",872841,38,105,HIGH
987,483066,0x000D52C2,144,255,255,"Jenis Astana","Jenis",873070,38,105,HIGH
988,483761,0x000D53AD,151,255,255,"WIT-Georgia Tbilisi","WIT-Georgia",873271,46,105,HIGH
989,483867,0x000D54BA,151,255,255,"FHK Liepajas Metalurgs","Metalurgs",873506,78,105,HIGH
990,483868,0x000D55A3,151,255,255,"FK Ventspils","Ventspils",873775,62,105,HIGH
991,483869,0x000D566F,151,255,255,"FK Riga","FK Riga",874008,47,105,HIGH
992,483870,0x000D5724,144,255,255,"Gauja Valmiera","Valmiera",874181,39,105,HIGH
993,483911,0x000D5814,128,255,255,"Lokomotivi Tbilisi","Lokomotivi Tbilisi",874393,39,105,HIGH
994,483913,0x000D58E7,128,255,255,"Zwartnots Echmiadzin","Zwartnots",874633,24,105,HIGH
995,483914,0x000D59AA,128,255,255,"Mika Ashtarak","Mika",874844,32,105,HIGH
996,483915,0x000D5A50,128,255,255,"Kilikia Yerevan","Kilikia",875008,24,105,HIGH
997,483919,0x000D5AFE,84,255,255,"Lernagorts Kapan","Lernagorts",875174,24,105,HIGH
998,484440,0x000D5BB0,87,255,255,"Regar-TadAZ Tursun-zade","Regar",875348,24,105,HIGH
999,484441,0x000D5C60,64,255,255,"Nebitchi Balkanabad","Nebitchi",875526,24,105,HIGH
1000,484442,0x000D5D35,66,255,255,"Kairat Almaty","Kairat",875733,46,105,HIGH
1001,484467,0x000D5E01,64,255,255,"Zhashtyk-AK-Altyn Kara-Suu","Zhashtyk",875915,38,105,HIGH
1002,484473,0x000D5EC9,64,255,255,"Yesil-Bogatyr Petropavlovsk","Yesil",876119,38,105,HIGH
1003,484474,0x000D5F7D,64,255,255,"Kaisar Kyzylorda","Kaisar",876319,38,105,HIGH
1004,484475,0x000D605D,64,255,255,"Vostok Ust-Kamenogorsk","Vostok Ust-Kamenogorsk",876499,38,105,HIGH
1005,484476,0x000D60F9,64,255,255,"Semey","Semey",876723,38,105,HIGH
1006,484477,0x000D61C9,64,255,255,"Shakhter Karagandy","Shakhter Karagandy",876879,38,105,HIGH
1007,484479,0x000D6285,140,255,255,"Okjetpes Kokshetau","Okjetpes",877087,38,105,HIGH
1008,484761,0x000D633D,153,255,255,"Tartu Ülikool Fauna","Fauna",877275,38,105,HIGH
1009,485281,0x000D63F7,153,255,255,"FK Nevezis","Nevezis",877459,54,105,HIGH
1010,485286,0x000D64B1,153,255,255,"FK Dainava","Dainava",877645,54,105,HIGH
1011,485292,0x000D6553,153,255,255,"FK Vetra","Vetra",877831,38,105,HIGH
1012,485305,0x000D660A,153,255,255,"FK Suduva","Suduva",878024,24,105,HIGH
1013,485314,0x000D6698,130,255,255,"Venta","Venta",878176,24,105,HIGH
1014,485431,0x000D672C,130,255,255,"MOIK Baku","MOIK",878318,24,105,HIGH
1015,485433,0x000D67CA,132,255,255,"Araz Nahiçivan","Araz",878466,24,105,HIGH
1016,485665,0x000D689D,151,255,255,"Torpedo Zhodino","Torpedo Zhodino",878624,53,105,HIGH
1017,485687,0x000D6937,151,255,255,"RKB-Arma","RKB-Arma",878835,24,105,HIGH
1018,485690,0x000D69D9,126,255,255,"Multibanka","Multibanka",878989,24,105,HIGH
1019,490410,0x000D6AD2,128,255,255,"KS Dinamo Tirana","Dinamo Tirana",879182,62,105,HIGH
1020,498455,0x000D6B6E,128,255,255,"Lori Vanadzor","Lori",879400,24,105,HIGH
1021,498456,0x000D6C51,128,255,255,"Spartak Yerevan","Spartak Yerevan",879587,38,105,HIGH
1022,498457,0x000D6D1E,172,255,255,"Banants Yerevan","Banants",879814,32,105,HIGH
1023,514173,0x000D6DE2,140,255,255,"FC Thun 1898","Thun",879988,66,105,HIGH
1024,514345,0x000D6EBD,140,255,255,"JK Viljandi Tulevik","Tulevik",880215,38,105,HIGH
1025,514349,0x000D6F77,140,255,255,"FC Lootus Alutaguse","Lootus",880403,38,105,HIGH
1026,514350,0x000D702D,140,255,255,"FC Kuressaare","Kuressaare",880589,38,105,HIGH
1027,514351,0x000D70FC,140,255,255,"TVMK","TVMK",880802,62,105,HIGH
1028,514352,0x000D71A2,142,255,255,"FC Valga","Valga",880978,42,105,HIGH
1029,518951,0x000D72A8,0,255,255,"AC Vantaan Allianssi","AC Allianssi",881190,54,105,HIGH
1030,529013,0x000D7377,131,255,255,"Mouloudia Club d'Oran","MC Oran",881406,53,105,HIGH
1031,532179,0x000D744B,4294967295,255,255,"FC Nieuwkerken Sint-Niklaas","Nieuwkerken",881613,38,105,HIGH
1032,558261,0x000D7501,163,255,255,"Royal Engineers","Royal Engineers",881825,24,105,HIGH
1033,562395,0x000D75F8,159,255,255,"League of Ireland Select XI","League of Ireland",882007,61,105,HIGH
1034,562396,0x000D76DB,163,255,255,"Irish League Select XI","Irish League",882254,61,105,HIGH
1035,562397,0x000D77D4,159,255,255,"League of Ireland Select U21","League of Ireland U21",882481,53,105,HIGH
1036,562398,0x000D78B9,33,255,255,"Irish League Select U21","Irish League U21",882730,53,105,HIGH
1037,616263,0x000D799A,133,255,255,"Julius Berger FC","Julius Berger",882959,69,105,HIGH
1038,652649,0x000D7A8A,129,255,255,"NK Siroki Brijeg","Siroki Brijeg",883215,53,105,HIGH
1039,652653,0x000D7B58,133,255,255,"SV Mattersburg","Mattersburg",883424,58,105,HIGH
1040,652657,0x000D7C02,135,255,255,"NK Posusje","Posusje",883630,38,105,HIGH
1041,659403,0x000D7CB7,150,255,255,"NK Inter (Z)","Inter (Z)",883810,31,105,HIGH
1042,700198,0x000D7D7A,4294967295,255,255,"Mantova","Mantova",883981,69,105,HIGH
1043,783798,0x000D7E0C,4294967295,255,255,"Nissan","Nissan",884176,24,105,HIGH
1044,783799,0x000D7EA2,4294967295,255,255,"Yomiuri","Yomiuri",884322,24,105,HIGH
1045,783800,0x000D7F44,16,255,255,"Toyo Kogyo","Toyo Kogyo",884472,24,105,HIGH
1046,801910,0x000D7FF2,170,255,255,"Asante Kotoko","Kotoko",884634,38,105,HIGH
1047,814089,0x000D809D,170,255,255,"F.C. Girona","Girona",884808,39,105,HIGH
1048,814741,0x000D817F,150,255,255,"Ciudad de Murcia","XȀ",885027,44,105,HIGH
1049,834833,0x000D822B,158,255,255,"Palazzolo","Palazzolo",885205,38,105,HIGH
1050,851546,0x000D82D7,129,255,255,"s.v. Deltasport","Deltasport",885377,24,105,HIGH
1051,876367,0x000D83CF,145,255,255,"VfB Admira Wacker Mödling","Admira Wacker",885549,74,105,HIGH
1052,879205,0x000D8489,145,255,255,"TSV Aindling","Aindling",885807,38,105,HIGH
1053,879213,0x000D8541,145,255,255,"FC Teningen","Teningen",885993,38,105,HIGH
1054,879226,0x000D8607,145,255,255,"TSG Hoffenheim","Hoffenheim",886177,42,105,HIGH
1055,879276,0x000D86CD,145,255,255,"VfR Neumünster","Neumünster",886375,42,105,HIGH
1056,879641,0x000D879F,145,255,255,"SV Germania Schöneiche","Schöneiche",886573,38,105,HIGH
1057,879752,0x000D8851,145,255,255,"TSV Völpke","Völpke",886783,38,105,HIGH
1058,880009,0x000D88FF,138,255,255,"TuS Mayen","Mayen",886961,38,105,HIGH
1059,932443,0x000D8A14,88,255,255,"Football Club Nordsjælland","FC Nordsjælland",887156,66,105,HIGH
1060,950376,0x000D8AD5,120,255,255,"Al Ain","Al Ain",887412,61,105,HIGH
1061,979360,0x000D8B7D,55,255,255,"Syracuse","Syracuse",887595,38,105,HIGH
1062,1017390,0x000D8C5E,77,255,255,"Shanghai Biyun Liangqian","Biyunliangqian",887768,46,105,HIGH
1063,1026831,0x000D8D1A,172,255,255,"Al Gharrafa","Al Gharrafa",888003,31,105,HIGH
1064,1101431,0x000D8DDB,148,255,255,"AC Bellinzona","Bellinzona",888176,49,105,HIGH
1065,1101637,0x000D8E83,176,255,255,"Víkingur","Víkingur",888369,38,105,HIGH
1066,1102443,0x000D8F6C,139,255,255,"FK Buducnost Podgorica","Buducnost",888557,53,105,HIGH
1067,1103726,0x000D9034,133,255,255,"Dulwich Hamlet","Dulwich Hamlet",888770,46,105,HIGH
1068,1104133,0x000D911D,16,255,255,"FK Borac Banja Luka","Borac (BL)",888970,77,105,HIGH
1069,1104147,0x000D91F2,78,255,255,"Accra Hearts of Oak SC","Hearts of Oak",889203,45,105,HIGH
1070,1104149,0x000D92D2,151,255,255,"Al Qadisiyah (KSA)","Al Qadisiyah (KSA)",889416,54,105,HIGH
1071,1106859,0x000D9389,50,255,255,"Policija-Daugava","",889668,31,105,HIGH
1072,1200094,0x000D943B,102,255,255,"Dynamos Harare","Dynamos Harare",889823,24,105,HIGH
1073,1200249,0x000D94D5,102,255,255,"CD FAS","FAS",890001,38,105,HIGH
1074,1200440,0x000D95A3,109,255,255,"CD Luis Angel Firpo","Luis Angel Firpo",890155,38,105,HIGH
1075,1200609,0x000D9681,99,255,255,"Club Guerreros de Ciudad Obregón","Cd. Obregón",890361,38,105,HIGH
1076,1200885,0x000D973B,29,255,255,"LD Alajuelense","Alajuelense",890583,38,105,HIGH
1077,1201001,0x000D9820,29,255,255,"Wydad Athletic Club","Wydad Casablanca",890769,61,105,HIGH
1078,1201011,0x000D98F9,126,255,255,"Raja Club Athletic","Raja Casablanca",890998,53,105,HIGH
1079,1300086,0x000D99A3,130,255,255,"KS Lushnja","Lushnja",891215,38,105,HIGH
1080,1300097,0x000D9A74,132,255,255,"FK Shamkir","Shamkir",891416,46,105,HIGH
1081,1300111,0x000D9B65,132,255,255,"Belshina Bobruisk","Belshina",891625,62,105,HIGH
1082,1300113,0x000D9C2D,132,255,255,"Dinamo Brest","Dinamo Brest",891835,54,105,HIGH
1083,1300125,0x000D9D34,133,255,255,"Shakhter Soligorsk","Shakhter Soligorsk",892066,62,105,HIGH
1084,1300147,0x000D9E01,133,255,255,"FK Sloboda Tuzla","Sloboda",892298,61,105,HIGH
1085,1300153,0x000D9EED,133,255,255,"FK Sarajevo","Sarajevo",892534,69,105,HIGH
1086,1300156,0x000D9FF7,134,255,255,"FK Zeljeznicar Sarajevo","Zeljeznicar",892770,69,105,HIGH
1087,1300197,0x000DA11C,137,255,255,"Litex (Lovech)","Litex",893061,101,105,HIGH
1088,1300301,0x000DA245,137,255,255,"Banik Ostrava","Banik Ostrava",893339,106,105,HIGH
1089,1300309,0x000DA336,141,255,255,"Teplice","Teplice",893636,74,105,HIGH
1090,1300342,0x000DA409,141,255,255,"Bóltfelagið B36","",893867,58,105,HIGH
1091,1300343,0x000DA4C4,141,255,255,"Sandoyar Ítróttarfelag B71","",894047,43,105,HIGH
1092,1300345,0x000DA59A,142,255,255,"Nes Sóknar Ítróttarfelag","NSÍ",894265,31,105,HIGH
1093,1300378,0x000DA673,177,255,255,"FC International","Inter Turku",894463,50,105,HIGH
1094,1300490,0x000DA728,144,255,255,"Sydney FC","Sydney",894665,53,105,HIGH
1095,1300518,0x000DA7D3,144,255,255,"Guria Lanchkhuti","Guria",894846,31,105,HIGH
1096,1300526,0x000DA897,148,255,255,"Sioni Bolnisi","Sioni",895048,31,105,HIGH
1097,1300640,0x000DA96A,148,255,255,"Grindavík","Grindavík",895244,46,105,HIGH
1098,1300641,0x000DAA39,153,255,255,"Fylkir","Fylkir",895455,54,105,HIGH
1099,1300725,0x000DAB26,153,255,255,"FK Atlantas","Atlantas",895662,70,105,HIGH
1100,1300729,0x000DABE8,157,255,255,"FK Inkaras","Inkaras",895868,62,105,HIGH
1101,1300807,0x000DACA4,161,255,255,"Agro-Goliador Chisinau","Agro",896062,38,105,HIGH
1102,1300877,0x000DAD92,161,255,255,"Odra Wodzislaw Slaski","Odra Wodzislaw",896250,70,105,HIGH
1103,1300881,0x000DAE96,161,255,255,"Wisla Cracóvia","Wisla",896519,93,105,HIGH
1104,1300893,0x000DAF7E,163,255,255,"Amica Wronki","Amica",896779,69,105,HIGH
1105,1300916,0x000DB08A,163,255,255,"Bray Wanderers A.F.C.","Bray Wanderers",897011,69,105,HIGH
1106,1300918,0x000DB151,163,255,255,"Finn Harps","Finn Harps",897248,61,105,HIGH
1107,1300922,0x000DB21E,165,255,255,"Drogheda United","Drogheda Utd",897447,53,105,HIGH
1108,1301104,0x000DB2F4,165,255,255,"FC Rostov","Rostov",897677,61,105,HIGH
1109,1301108,0x000DB44B,166,255,255,"Zenith St. Petersburg","Zenith Peterburg",897907,130,105,HIGH
1110,1301121,0x000DB4FB,166,255,255,"Cailungo","Cailungo",898209,46,105,HIGH
1111,1301123,0x000DB5C2,166,255,255,"Cosmos","Cosmos",898416,46,105,HIGH
1112,1301125,0x000DB695,166,255,255,"Domagnano","Domagnano",898615,46,105,HIGH
1113,1301127,0x000DB741,166,255,255,"Faetano","Faetano",898795,46,105,HIGH
1114,1301129,0x000DB7ED,166,255,255,"Fiorita","Fiorita",898967,46,105,HIGH
1115,1301131,0x000DB8B8,166,255,255,"Folgore","Folgore",899170,46,105,HIGH
1116,1301133,0x000DB960,166,255,255,"Murata","Murata",899342,46,105,HIGH
1117,1301135,0x000DBA20,166,255,255,"San Giovanni","San Giovanni",899510,46,105,HIGH
1118,1301137,0x000DBAD4,166,255,255,"Tre Fiori","Tre Fiori",899702,46,105,HIGH
1119,1301139,0x000DBB7C,168,255,255,"Virtus","Virtus",899882,46,105,HIGH
1120,1301169,0x000DBC6E,175,255,255,"FC Artmedia Bratislava","Artmedia",900081,53,105,HIGH
1121,1301340,0x000DBD40,175,255,255,"Carmarthen Town","Carmarthen",900292,62,105,HIGH
1122,1301344,0x000DBE1A,176,255,255,"Caernarfon Town","Caernarfon",900502,70,105,HIGH
1123,1301383,0x000DBF11,77,255,255,"FK Hajduk Rodic MB Kula","Hajduk Rodic MB",900740,53,105,HIGH
1124,3400801,0x000DBFCC,49,255,255,"Al Rayyan","Al Rayyan",900982,38,105,HIGH
1125,3400878,0x000DC088,176,255,255,"Power Dynamos","Power Dynamos",901154,38,105,HIGH
1126,3503604,0x000DC1A6,19,255,255,"FC Obilic Belgrade","Obilic",901393,89,105,HIGH
1127,3506513,0x000DC256,4294967295,255,255,"ASEC Mimosas","ASEC",901628,46,105,HIGH
1128,3600077,0x000DC306,139,255,255,"1.FC Lok Leipzig","Lok Leipzig",901804,24,105,HIGH
1129,4000385,0x000DC3DF,139,255,255,"Oldbury United","Oldbury Utd",901980,69,105,HIGH
1130,4000389,0x000DC49B,139,255,255,"Stourbridge","Stourbridge",902197,46,105,HIGH
1131,4000390,0x000DC571,139,255,255,"Aylesbury United","Aylesbury",902389,62,105,HIGH
1132,4000392,0x000DC63B,139,255,255,"Dorchester Town","Dorchester",902607,46,105,HIGH
1133,4000398,0x000DC721,139,255,255,"Grantham Town","Grantham",902805,86,105,HIGH
1134,4000399,0x000DC7DF,139,255,255,"Winsford United","Winsford",903031,46,105,HIGH
1135,4000631,0x000DC8E7,139,255,255,"Canvey Island","Canvey Island",903249,86,105,HIGH
1136,4001092,0x000DC9E3,139,255,255,"Gainsborough Trinity","Gainsborough",903497,78,105,HIGH
1137,4001704,0x000DCAAF,139,255,255,"Cambridge City","Cambridge City",903741,46,105,HIGH
1138,4001706,0x000DCBBE,139,255,255,"Burton Albion","Burton",903990,86,105,HIGH
1139,4002009,0x000DCC74,139,255,255,"Ashford Town","Ashford",904212,46,105,HIGH
1140,4002011,0x000DCD5A,139,255,255,"Billericay Town","Billericay",904398,78,105,HIGH
1141,4002013,0x000DCE2C,139,255,255,"Bradford Park Avenue","Bradford PA",904628,46,105,HIGH
1142,4002015,0x000DCF1C,139,255,255,"Wakefield & Emley","Wakefield & Emley",904838,70,105,HIGH
1143,4002016,0x000DCFE8,139,255,255,"Hendon","Hendon",905078,78,105,HIGH
1144,4002283,0x000DD0D8,170,255,255,"Leigh RMI","Leigh RMI",905298,86,105,HIGH
1145,4203006,0x000DD1AC,170,255,255,"C. Gimnàstic Tarragona S.A.D.","Gimnàstic",905518,38,105,HIGH
1146,4203009,0x000DD272,170,255,255,"C.E. L'Hospitalet","Hospitalet",905730,46,105,HIGH
1147,4203033,0x000DD33C,170,255,255,"Algeciras C.F.","Algeciras",905940,46,105,HIGH
1148,4212294,0x000DD3DF,170,255,255,"S.D. Huesca","Huesca",906130,31,105,HIGH
1149,4212360,0x000DD493,176,255,255,"C.P. Ejido S.A.D.","Ejido",906293,38,105,HIGH
1150,4300075,0x000DD593,4294967295,255,255,"FK Zeleznik Beograd","Zeleznik",906524,53,105,HIGH
1151,4400013,0x000DD657,139,255,255,"US Project 40 Select","Project 40",906729,38,105,HIGH
1152,4800008,0x000DD742,4294967295,255,255,"Nuneaton Borough","Nuneaton",906929,85,105,HIGH
1153,5007012,0x000DD811,139,255,255,"The Soccer AM Badgers","Badgers",907160,53,105,HIGH
1154,5100015,0x000DD8EB,139,255,255,"Alfreton Town","Alfreton",907375,70,105,HIGH
1155,5100017,0x000DD9CB,139,255,255,"Bamber Bridge","Bamber Bridge",907589,70,105,HIGH
1156,5100019,0x000DDA95,139,255,255,"Blyth Spartans","Blyth",907813,62,105,HIGH
1157,5100021,0x000DDB57,139,255,255,"Lancaster City","Lancaster",908015,46,105,HIGH
1158,5100023,0x000DDC2D,139,255,255,"Radcliffe Borough","Radcliffe Boro",908205,54,105,HIGH
1159,5100025,0x000DDD03,139,255,255,"Spennymoor United","Spennymoor",908419,62,105,HIGH
1160,5100027,0x000DDDC5,139,255,255,"Ashton United","Ashton Utd",908637,46,105,HIGH
1161,5100029,0x000DDE7F,139,255,255,"Belper Town","Belper",908827,54,105,HIGH
1162,5100031,0x000DDF27,139,255,255,"Buxton","Buxton",909013,46,105,HIGH
1163,5100033,0x000DDFE5,139,255,255,"Congleton Town","Congleton",909181,46,105,HIGH
1164,5100035,0x000DE0BD,139,255,255,"Droylsden","Droylsden",909375,78,105,HIGH
1165,5100037,0x000DE17C,139,255,255,"Eastwood Town","Eastwood",909592,46,105,HIGH
1166,5100039,0x000DE236,139,255,255,"Farsley Celtic","Farsley",909778,46,105,HIGH
1167,5100041,0x000DE2E2,139,255,255,"Flixton","Flixton",909964,46,105,HIGH
1168,5100043,0x000DE3B0,167,255,255,"Great Harwood Town","Great Harwood",910136,46,105,HIGH
1169,5100045,0x000DE450,139,255,255,"Gretna","Gretna",910342,38,105,HIGH
1170,5100047,0x000DE520,139,255,255,"Harrogate Town","Harrogate Town",910510,46,105,HIGH
1171,5100051,0x000DE5E2,139,255,255,"Lincoln United","Lincoln Utd",910710,46,105,HIGH
1172,5100053,0x000DE69C,139,255,255,"Matlock Town","Matlock",910908,46,105,HIGH
1173,5100055,0x000DE74E,139,255,255,"Kendal Town","Kendal",911090,46,105,HIGH
1174,5100057,0x000DE826,139,255,255,"Stocksbridge Park Steels","Stocksbridge",911268,46,105,HIGH
1175,5100059,0x000DE8D6,139,255,255,"Trafford","Trafford",911484,46,105,HIGH
1176,5100061,0x000DE9A4,139,255,255,"Whitby Town","Whitby",911664,70,105,HIGH
1177,5100063,0x000DEA66,139,255,255,"Witton Albion","Witton",911870,54,105,HIGH
1178,5100066,0x000DEB34,139,255,255,"Worksop Town","Worksop",912068,62,105,HIGH
1179,5100070,0x000DEBFA,139,255,255,"Hastings United","Hastings Utd",912266,46,105,HIGH
1180,5100072,0x000DECB4,139,255,255,"Rothwell Town","Rothwell",912464,46,105,HIGH
1181,5100074,0x000DED74,139,255,255,"St. Leonards","St. Leonards",912650,46,105,HIGH
1182,5100076,0x000DEE46,139,255,255,"Salisbury City","Salisbury",912846,62,105,HIGH
1183,5100078,0x000DEF51,139,255,255,"Tamworth","Tamworth",913095,94,105,HIGH
1184,5100080,0x000DF03A,139,255,255,"Worcester City","Worcester",913331,77,105,HIGH
1185,5100082,0x000DF118,139,255,255,"Bedworth United","Bedworth",913552,78,105,HIGH
1186,5100084,0x000DF1D6,139,255,255,"Bilston Town","Bilston",913774,54,105,HIGH
1187,5100088,0x000DF290,139,255,255,"Brackley Town","Brackley",913964,46,105,HIGH
1188,5100090,0x000DF34A,139,255,255,"Evesham United","Evesham",914150,46,105,HIGH
1189,5100092,0x000DF424,139,255,255,"Hinckley United","Hinckley",914340,70,105,HIGH
1190,5100094,0x000DF4E0,139,255,255,"Moor Green","Moor Green",914558,46,105,HIGH
1191,5100098,0x000DF5C2,139,255,255,"Racing Club Warwick","RC Warwick",914742,70,105,HIGH
1192,5100100,0x000DF674,139,255,255,"Raunds Town","Raunds",914968,46,105,HIGH
1193,5100102,0x000DF736,139,255,255,"Redditch United","Redditch",915150,46,105,HIGH
1194,5100104,0x000DF7F4,139,255,255,"Shepshed Dynamo","Shepshed",915340,46,105,HIGH
1195,5100106,0x000DF8B8,139,255,255,"Solihull Borough","Solihull",915534,46,105,HIGH
1196,5100107,0x000DF992,139,255,255,"Sutton Coldfield Town","Sutton Coldfield",915726,46,105,HIGH
1197,5100109,0x000DFA6C,139,255,255,"Rugby United","Rugby Utd",915952,70,105,HIGH
1198,5100111,0x000DFB22,139,255,255,"Wisbech Town","Wisbech",916162,46,105,HIGH
1199,5100115,0x000DFBCE,139,255,255,"Bashley","Bashley",916344,46,105,HIGH
1200,5100117,0x000DFCA8,139,255,255,"Cinderford Town","Cinderford",916516,70,105,HIGH
1201,5100119,0x000DFD8A,139,255,255,"Cirencester Town","Cirencester",916738,70,105,HIGH
1202,5100121,0x000DFE5C,139,255,255,"Clevedon Town","Clevedon",916960,70,105,HIGH
1203,5100123,0x000DFF1B,139,255,255,"Dartford","Dartford",917185,46,105,HIGH
1204,5100125,0x000DFFEF,139,255,255,"Erith & Belvedere","Erith & Belvedere",917361,46,105,HIGH
1205,5100126,0x000E00A5,139,255,255,"Fareham Town","Fareham",917573,46,105,HIGH
1206,5100128,0x000E015F,139,255,255,"Fisher Athletic","Fisher",917755,46,105,HIGH
1207,5100130,0x000E0217,139,255,255,"Fleet Town","Fleet Town",917941,46,105,HIGH
1208,5100132,0x000E030F,139,255,255,"Havant & Waterlooville","Havant & W",918133,78,105,HIGH
1209,5100134,0x000E03E7,139,255,255,"Margate","Margate",918393,70,105,HIGH
1210,5100138,0x000E04A3,139,255,255,"Newport IoW","Newport IoW",918589,46,105,HIGH
1211,5100139,0x000E0569,139,255,255,"Tonbridge Angels","Tonbridge",918781,46,105,HIGH
1212,5100145,0x000E0635,139,255,255,"Weymouth","Weymouth",918979,70,105,HIGH
1213,5100149,0x000E06DF,139,255,255,"Yate Town","Yate",919179,46,105,HIGH
1214,5100151,0x000E07B1,139,255,255,"Basingstoke Town","Basingstoke",919353,54,105,HIGH
1215,5100153,0x000E0875,139,255,255,"Bromley","Bromley",919559,70,105,HIGH
1216,5100157,0x000E09E6,139,255,255,"Gravesend & Northfleet","Gravesend",919783,181,105,HIGH
1217,5100159,0x000E0ABB,139,255,255,"Harrow Borough","Harrow Boro",920143,46,105,HIGH
1218,5100161,0x000E0B91,139,255,255,"Heybridge Swifts","Heybridge",920341,62,105,HIGH
1219,5100163,0x000E0C4D,139,255,255,"Oxford City","Oxford City",920551,46,105,HIGH
1220,5100167,0x000E0D1D,139,255,255,"Walton & Hersham","Walton & Hersham",920739,46,105,HIGH
1221,5100169,0x000E0DCD,139,255,255,"Yeading","Yeading",920951,46,105,HIGH
1222,5100171,0x000E0E91,139,255,255,"Abingdon Town","Abingdon Town",921123,46,105,HIGH
1223,5100173,0x000E0F55,139,255,255,"Barton Rovers","Barton Rovers",921319,46,105,HIGH
1224,5100176,0x000E101B,139,255,255,"Berkhamsted Town","Berkhamsted",921515,46,105,HIGH
1225,5100178,0x000E10E9,139,255,255,"Bognor Regis Town","Bognor Regis",921717,46,105,HIGH
1226,5100180,0x000E11A3,139,255,255,"Chertsey Town","Chertsey",921919,46,105,HIGH
1227,5100182,0x000E124F,139,255,255,"Croydon","Croydon",922105,46,105,HIGH
1228,5100184,0x000E1314,139,255,255,"Grays Athletic","Grays",922285,53,105,HIGH
1229,5100186,0x000E1418,139,255,255,"Hampton & Richmond Borough","Hampton & Richmond",922478,70,105,HIGH
1230,5100188,0x000E14DC,139,255,255,"Leatherhead","Leatherhead",922734,54,105,HIGH
1231,5100192,0x000E15A6,139,255,255,"Maidenhead United","Maidenhead",922934,46,105,HIGH
1232,5100194,0x000E1652,139,255,255,"Molesey","Molesey",923132,46,105,HIGH
1233,5100196,0x000E16FE,139,255,255,"Romford","Romford",923304,46,105,HIGH
1234,5100198,0x000E17B8,139,255,255,"Staines Town","Staines",923480,46,105,HIGH
1235,5100200,0x000E186A,139,255,255,"Thame United","Thame",923662,46,105,HIGH
1236,5100202,0x000E191A,139,255,255,"Uxbridge","Uxbridge",923840,46,105,HIGH
1237,5100204,0x000E19C6,139,255,255,"Wembley","Wembley",924016,46,105,HIGH
1238,5100206,0x000E1A7E,139,255,255,"Whyteleafe","Whyteleafe",924188,46,105,HIGH
1239,5100208,0x000E1B44,139,255,255,"Wokingham Town","Wokingham",924372,54,105,HIGH
1240,5100210,0x000E1BF8,139,255,255,"Worthing","Worthing",924574,46,105,HIGH
1241,5100214,0x000E1CC2,139,255,255,"Metropolitan Police","Met Police",924750,46,105,HIGH
1242,5100216,0x000E1D76,139,255,255,"Northwood","Northwood",924952,46,105,HIGH
1243,5100217,0x000E1E52,139,255,255,"Wealdstone","Wealdstone",925136,78,105,HIGH
1244,5100219,0x000E1F0C,139,255,255,"Wivenhoe Town","Wivenhoe",925352,46,105,HIGH
1245,5100221,0x000E1FB8,139,255,255,"Clapton","Clapton",925538,46,105,HIGH
1246,5100223,0x000E206A,139,255,255,"Harlow Town","Harlow",925710,46,105,HIGH
1247,5100225,0x000E2140,139,255,255,"Hemel Hempstead Town","Hemel Hempstead",925888,46,105,HIGH
1248,5100227,0x000E2222,163,255,255,"Tooting & Mitcham United","Tooting & Mitcham",926102,46,105,HIGH
1249,5100326,0x000E230A,139,255,255,"Longford Town","Longford",926359,61,105,HIGH
1250,5101221,0x000E23FA,139,255,255,"Windsor & Eton","Windsor & Eton",926568,78,105,HIGH
1251,5101462,0x000E24C0,139,255,255,"Bracknell Town","Bracknell",926800,54,105,HIGH
1252,5101516,0x000E257A,139,255,255,"Garforth Town","Garforth",926998,46,105,HIGH
1253,5101707,0x000E266E,139,255,255,"Folkestone Invicta","Folkestone",927188,86,105,HIGH
1254,5103188,0x000E2746,139,255,255,"Ossett Town","Ossett Town",927432,70,105,HIGH
1255,5103608,0x000E2804,139,255,255,"Hucknall Town","Hucknall",927648,46,105,HIGH
1256,5103610,0x000E28C6,139,255,255,"Biddulph Victoria","Biddulph",927834,46,105,HIGH
1257,5103611,0x000E298E,139,255,255,"Newcastle Town","Newcastle Town",928028,46,105,HIGH
1258,5103612,0x000E2A4C,139,255,255,"Spalding United","Spalding",928228,46,105,HIGH
1259,5103616,0x000E2B1E,139,255,255,"North Ferriby United","North Ferriby",928418,46,105,HIGH
1260,5103634,0x000E2BD6,139,255,255,"Burscough","Burscough",928632,46,105,HIGH
1261,5103635,0x000E2C90,139,255,255,"Bedford Town","Bedford",928816,46,105,HIGH
1262,5103637,0x000E2D5E,139,255,255,"Mangotsfield United","Mangotsfield",928998,46,105,HIGH
1263,5103638,0x000E2E0E,139,255,255,"Rocester","Rocester",929204,46,105,HIGH
1264,5103639,0x000E2EDC,139,255,255,"Tiverton Town","Tiverton",929384,62,105,HIGH
1265,5103640,0x000E2F96,139,255,255,"Banbury United","Banbury",929586,46,105,HIGH
1266,5103641,0x000E3042,139,255,255,"Burnham","Burnham",929772,46,105,HIGH
1267,5103642,0x000E30EA,139,255,255,"Histon","Histon",929944,46,105,HIGH
1268,5103643,0x000E31C0,139,255,255,"Eastbourne Borough","Eastbourne Boro",930116,46,105,HIGH
1269,5103644,0x000E3274,139,255,255,"Stamford","Stamford",930330,46,105,HIGH
1270,5103645,0x000E3336,139,255,255,"Banstead Athletic","Banstead",930506,46,105,HIGH
1271,5103646,0x000E341C,139,255,255,"Barking & East Ham United","Barking & East Ham",930700,46,105,HIGH
1272,5103647,0x000E34CC,139,255,255,"Cheshunt","Cheshunt",930930,46,105,HIGH
1273,5103648,0x000E359E,139,255,255,"East Thurrock United","East Thurrock",931106,46,105,HIGH
1274,5103649,0x000E3654,139,255,255,"Edgware Town","Edgware",931316,46,105,HIGH
1275,5103650,0x000E372A,139,255,255,"Great Wakering Rovers","Great Wakering",931498,46,105,HIGH
1276,5103651,0x000E37D6,139,255,255,"Horsham","Horsham",931712,46,105,HIGH
1277,5103652,0x000E3898,139,255,255,"Hungerford Town","Hungerford",931884,46,105,HIGH
1278,5103653,0x000E3952,139,255,255,"Leighton Town","Leighton",932078,46,105,HIGH
1279,5103654,0x000E39FE,139,255,255,"Tilbury","Tilbury",932264,46,105,HIGH
1280,5103655,0x000E3ABC,139,255,255,"Backwell United","Backwell",932436,46,105,HIGH
1281,5103656,0x000E3B7E,139,255,255,"Barnstaple Town","Barnstaple",932626,46,105,HIGH
1282,5103657,0x000E3C2E,139,255,255,"Bideford","Bideford",932820,46,105,HIGH
1283,5103658,0x000E3CF2,139,255,255,"Bishop Sutton","Bishop Sutton",932996,46,105,HIGH
1284,5103659,0x000E3DB4,139,255,255,"Bridgwater Town","Bridgwater",933192,46,105,HIGH
1285,5103660,0x000E3E64,139,255,255,"Bridport","Bridport",933386,46,105,HIGH
1286,5103661,0x000E3F20,139,255,255,"Brislington","Brislington",933562,46,105,HIGH
1287,5103662,0x000E3FF8,139,255,255,"Bristol Manor Farm","Bristol Manor Farm",933750,46,105,HIGH
1288,5103663,0x000E40BE,139,255,255,"Chippenham Town","Chippenham",933970,46,105,HIGH
1289,5103664,0x000E4174,139,255,255,"Dawlish Town","Dawlish",934164,46,105,HIGH
1290,5103665,0x000E422A,139,255,255,"Devizes Town","Devizes",934346,46,105,HIGH
1291,5103666,0x000E42D2,139,255,255,"Elmore","Elmore",934528,46,105,HIGH
1292,5103667,0x000E438C,139,255,255,"Melksham Town","Melksham",934696,46,105,HIGH
1293,5103668,0x000E4446,139,255,255,"Minehead Town","Minehead",934882,46,105,HIGH
1294,5103669,0x000E4508,139,255,255,"Odd Down Athletic","Odd Down",935068,46,105,HIGH
1295,5103670,0x000E45C2,139,255,255,"Paulton Rovers","Paulton",935262,46,105,HIGH
1296,5103671,0x000E4680,139,255,255,"Taunton Town","Taunton",935448,54,105,HIGH
1297,5103672,0x000E4744,139,255,255,"Welton Rovers","Welton Rovers",935638,46,105,HIGH
1298,5103673,0x000E4802,139,255,255,"Westbury United","Westbury",935834,46,105,HIGH
1299,5103674,0x000E48C8,139,255,255,"Abingdon United","Abingdon Utd",936024,46,105,HIGH
1300,5103675,0x000E498E,139,255,255,"Almondsbury Town","Almondsbury",936222,46,105,HIGH
1301,5103676,0x000E4A48,139,255,255,"Bicester Town","Bicester",936420,46,105,HIGH
1302,5103677,0x000E4B06,139,255,255,"Carterton Town","Carterton",936606,46,105,HIGH
1303,5103679,0x000E4BDC,139,255,255,"Cheltenham Saracens","Cheltenham Saras",936796,46,105,HIGH
1304,5103680,0x000E4C8A,139,255,255,"Crockenhill","Crockenhill",937010,32,105,HIGH
1305,5103681,0x000E4D3C,139,255,255,"Didcot Town","Didcot",937184,46,105,HIGH
1306,5103682,0x000E4DF6,139,255,255,"Fairford Town","Fairford",937362,46,105,HIGH
1307,5103683,0x000E4EB6,139,255,255,"Hounslow Borough","Hounslow",937548,46,105,HIGH
1308,5103684,0x000E4F74,139,255,255,"Highworth Town","Highworth",937740,46,105,HIGH
1309,5103685,0x000E5032,139,255,255,"Milton United","Milton Utd",937930,46,105,HIGH
1310,5103686,0x000E50EE,139,255,255,"North Leigh","North Leigh",938120,46,105,HIGH
1311,5103696,0x000E519A,139,255,255,"Saltash United","Saltash",938308,32,105,HIGH
1312,5103697,0x000E525E,139,255,255,"Curzon Ashton","Curzon Ashton",938480,46,105,HIGH
1313,5103698,0x000E532A,139,255,255,"Pegasus Juniors","Pegasus Juniors",938676,46,105,HIGH
1314,5103699,0x000E53F4,139,255,255,"Shortwood United","Shortwood Utd",938880,46,105,HIGH
1315,5103700,0x000E54C4,139,255,255,"Swindon Supermarine","Swindon S",939082,54,105,HIGH
1316,5103701,0x000E558C,139,255,255,"Tuffley Rovers","Tuffley Rovers",939290,46,105,HIGH
1317,5103702,0x000E5642,139,255,255,"Wantage Town","Wantage",939490,46,105,HIGH
1318,5103703,0x000E5718,139,255,255,"Wootton Bassett Town","Wootton Bassett",939672,46,105,HIGH
1319,5103706,0x000E57C4,139,255,255,"Barwell","Barwell",939886,46,105,HIGH
1320,5103707,0x000E589A,139,255,255,"Bishop's Stortford Swifts","Bishop's S Swifts",940058,32,105,HIGH
1321,5103708,0x000E5964,139,255,255,"Boldmere St. Michaels","Boldmere",940272,46,105,HIGH
1322,5103709,0x000E5A26,139,255,255,"Bridgnorth Town","Bridgnorth",940474,46,105,HIGH
1323,5103710,0x000E5ADA,139,255,255,"Chasetown","Chasetown",940668,46,105,HIGH
1324,5103712,0x000E5B90,139,255,255,"Cradley Town","Cradley",940848,46,105,HIGH
1325,5103717,0x000E5C3E,139,255,255,"Oadby Town","Oadby",941030,46,105,HIGH
1326,5103718,0x000E5CF6,139,255,255,"Pelsall Villa","Pelsall",941204,46,105,HIGH
1327,5103719,0x000E5DB2,139,255,255,"Rushall Olympic","Rushall",941388,46,105,HIGH
1328,5103721,0x000E5E68,139,255,255,"Shifnal Town","Shifnal",941576,46,105,HIGH
1329,5103722,0x000E5F2C,139,255,255,"Stafford Town","Stafford Town",941758,46,105,HIGH
1330,5103723,0x000E5FD6,139,255,255,"Stapenhill","Stapenhill",941954,32,105,HIGH
1331,5103724,0x000E6098,139,255,255,"Stourport Swifts","Stourport",942124,46,105,HIGH
1332,5103725,0x000E6156,139,255,255,"Stratford Town","Stratford",942318,46,105,HIGH
1333,5103726,0x000E6212,139,255,255,"Wednesfield","Wednesfield",942508,46,105,HIGH
1334,5103727,0x000E62EA,139,255,255,"West Midlands Police","West Mids Police",942696,46,105,HIGH
1335,5103728,0x000E63AC,139,255,255,"Willenhall Town","Willenhall",942912,46,105,HIGH
1336,5103729,0x000E6464,139,255,255,"Blackstone","Blackstone",943106,46,105,HIGH
1337,5103730,0x000E6520,139,255,255,"Boston Town","Boston Town",943290,46,105,HIGH
1338,5103731,0x000E65D2,139,255,255,"Bourne Town","Bourne",943478,46,105,HIGH
1339,5103732,0x000E66A3,139,255,255,"Buckingham Town","Buckingham",943671,46,105,HIGH
1340,5103733,0x000E6763,139,255,255,"Bugbrooke St. Michaels","Bugbrooke",943865,32,105,HIGH
1341,5103734,0x000E6821,139,255,255,"Cogenhoe United","Cogenhoe",944057,46,105,HIGH
1342,5103735,0x000E68E3,139,255,255,"Desborough Town","Desborough",944247,46,105,HIGH
1343,5103736,0x000E6997,139,255,255,"Eynesbury Rovers","Eynesbury",944441,32,105,HIGH
1344,5103738,0x000E6A55,139,255,255,"Holbeach United","Holbeach",944621,46,105,HIGH
1345,5103739,0x000E6B13,139,255,255,"Kempston Rovers","Kempston",944811,46,105,HIGH
1346,5103740,0x000E6BCF,139,255,255,"Long Buckby","Long Buckby",945001,46,105,HIGH
1347,5103741,0x000E6CAB,139,255,255,"Northampton Spencer","Northampton Spencer",945189,46,105,HIGH
1348,5103742,0x000E6D53,139,255,255,"Potton United","Potton",945409,32,105,HIGH
1349,5103743,0x000E6E11,139,255,255,"St. Neots Town","St. Neots",945577,46,105,HIGH
1350,5103744,0x000E6EF1,139,255,255,"Stewarts & Lloyds Corby","Stewarts & Lloyds",945767,46,105,HIGH
1351,5103745,0x000E6FA1,139,255,255,"Stotfold","Stotfold",945991,46,105,HIGH
1352,5103746,0x000E7065,139,255,255,"Wellingborough Town","Wellingborough",946167,32,105,HIGH
1353,5103747,0x000E7127,139,255,255,"Wootton Blue Cross","Wootton",946363,46,105,HIGH
1354,5103748,0x000E71CF,139,255,255,"Yaxley","Yaxley",946557,46,105,HIGH
1355,5103749,0x000E7283,139,255,255,"AFC Newbury","Newbury",946725,46,105,HIGH
1356,5103750,0x000E7333,139,255,255,"AFC Totton","Totton",946905,46,105,HIGH
1357,5103751,0x000E73DF,139,255,255,"Andover","Andover",947081,46,105,HIGH
1358,5103752,0x000E7497,139,255,255,"BAT Sports","BAT Sports",947253,46,105,HIGH
1359,5103753,0x000E7575,139,255,255,"Bemerton Heath Harlequins","Bemerton Heath",947437,46,105,HIGH
1360,5103754,0x000E7641,139,255,255,"Blackfield & Langley","Blackfield",947659,46,105,HIGH
1361,5103755,0x000E771D,139,255,255,"Bournemouth Poppies","Bournemouth Poppies",947863,46,105,HIGH
1362,5103756,0x000E77DD,139,255,255,"Brockenhurst","Brockenhurst",948083,46,105,HIGH
1363,5103757,0x000E789D,139,255,255,"Christchurch","Christchurch",948275,46,105,HIGH
1364,5103758,0x000E794F,139,255,255,"Cowes Sports","Cowes",948467,46,105,HIGH
1365,5103759,0x000E79FB,139,255,255,"Downton","Downton",948645,46,105,HIGH
1366,5103760,0x000E7AB3,139,255,255,"Eastleigh","Eastleigh",948821,46,105,HIGH
1367,5103761,0x000E7B6F,139,255,255,"Gosport Borough","Gosport",949001,46,105,HIGH
1368,5103762,0x000E7C2B,139,255,255,"Hamble ASSC","Hamble ASSC",949189,46,105,HIGH
1369,5103763,0x000E7D03,139,255,255,"Lymington & New Milton","Lymington & NM",949377,46,105,HIGH
1370,5103764,0x000E7DBF,139,255,255,"Moneyfields","Moneyfields",949593,46,105,HIGH
1371,5103765,0x000E7E85,139,255,255,"Portsmouth Royal Navy","Portsmouth RN",949781,32,105,HIGH
1372,5103766,0x000E7F41,139,255,255,"Swanage Town & Herston","Swanage",949979,32,105,HIGH
1373,5103767,0x000E7FFB,139,255,255,"Thatcham Town","Thatcham",950167,46,105,HIGH
1374,5103768,0x000E80C9,139,255,255,"Whitchurch United","Whitchurch Utd",950353,46,105,HIGH
1375,5103769,0x000E8183,139,255,255,"Wimborne Town","Wimborne",950559,46,105,HIGH
1376,5103770,0x000E822F,139,255,255,"Arundel","Arundel",950745,46,105,HIGH
1377,5103771,0x000E82F9,139,255,255,"Burgess Hill Town","Burgess Hill",950917,46,105,HIGH
1378,5103772,0x000E83C9,139,255,255,"Chichester City United","Chichester",951119,46,105,HIGH
1379,5103773,0x000E8489,139,255,255,"East Preston","East Preston",951327,46,105,HIGH
1380,5103774,0x000E854E,139,255,255,"Eastbourne Town","Eastbourne Town",951519,39,105,HIGH
1381,5103776,0x000E85FE,139,255,255,"Hassocks","Hassocks",951716,46,105,HIGH
1382,5103777,0x000E86BE,139,255,255,"Horsham YMCA","Horsham YMCA",951892,46,105,HIGH
1383,5103778,0x000E8763,139,255,255,"Lancing","Lancing",952084,39,105,HIGH
1384,5103779,0x000E8831,139,255,255,"Littlehampton Town","Littlehampton",952249,46,105,HIGH
1385,5103780,0x000E88D9,139,255,255,"Pagham","Pagham",952455,46,105,HIGH
1386,5103781,0x000E8985,139,255,255,"Redhill","Redhill",952623,46,105,HIGH
1387,5103782,0x000E8A31,139,255,255,"Ringmer","Ringmer",952795,46,105,HIGH
1388,5103783,0x000E8AE8,139,255,255,"Saltdean United","Saltdean",952967,39,105,HIGH
1389,5103784,0x000E8B90,139,255,255,"Selsey","Selsey",953150,46,105,HIGH
1390,5103785,0x000E8C44,139,255,255,"Sidlesham","Sidlesham",953318,46,105,HIGH
1391,5103786,0x000E8CFA,139,255,255,"Sidley United","Sidley",953498,46,105,HIGH
1392,5103787,0x000E8DBE,139,255,255,"Three Bridges","Three Bridges",953680,46,105,HIGH
1393,5103788,0x000E8E72,139,255,255,"Whitehawk","Whitehawk",953876,46,105,HIGH
1394,5103789,0x000E8F12,139,255,255,"Wick","Wick",954056,46,105,HIGH
1395,5103790,0x000E8FC2,139,255,255,"Beckenham Town","Beckenham",954216,32,105,HIGH
1396,5103792,0x000E9078,139,255,255,"Chatham Town","Chatham",954392,46,105,HIGH
1397,5103793,0x000E911E,139,255,255,"Cray Wanderers","Cray",954574,32,105,HIGH
1398,5103794,0x000E91C8,139,255,255,"Deal Town","Deal",954740,46,105,HIGH
1399,5103795,0x000E9272,139,255,255,"Erith Town","Erith Town",954910,32,105,HIGH
1400,5103797,0x000E9328,139,255,255,"Greenwich Borough","Greenwich",955080,32,105,HIGH
1401,5103798,0x000E93CE,139,255,255,"Herne Bay","Herne Bay",955262,32,105,HIGH
1402,5103799,0x000E9478,139,255,255,"Hythe Town","Hythe Town",955428,32,105,HIGH
1403,5103800,0x000E952C,139,255,255,"Lordswood","Lordswood",955598,46,105,HIGH
1404,5103801,0x000E9603,139,255,255,"Ramsgate","Ramsgate",955778,85,105,HIGH
1405,5103803,0x000E96B1,139,255,255,"Slade Green","Slade Green",955993,32,105,HIGH
1406,5103804,0x000E9765,139,255,255,"Thamesmead Town","Thamesmead",956167,32,105,HIGH
1407,5103805,0x000E9823,139,255,255,"Tunbridge Wells","Tunbridge Wells",956347,32,105,HIGH
1408,5103806,0x000E9903,139,255,255,"VCD Athletic","",956613,32,105,HIGH
1409,5103807,0x000E99B7,139,255,255,"Whitstable Town","Whitstable",956761,32,105,HIGH
1410,5103808,0x000E9A73,139,255,255,"AFC Sudbury","AFC Sudbury",956941,46,105,HIGH
1411,5103809,0x000E9B27,139,255,255,"Bury Town","Bury Town",957129,46,105,HIGH
1412,5103810,0x000E9BDD,139,255,255,"Clacton Town","Clacton",957309,46,105,HIGH
1413,5103811,0x000E9C87,139,255,255,"Diss Town","Diss",957491,46,105,HIGH
1414,5103812,0x000E9D37,139,255,255,"Ely City","Ely City",957661,46,105,HIGH
1415,5103813,0x000E9DF1,139,255,255,"Fakenham Town","Fakenham",957837,46,105,HIGH
1416,5103814,0x000E9EBB,139,255,255,"Felixstowe & Walton United","Felixstowe",958023,32,105,HIGH
1417,5103815,0x000E9F6F,139,255,255,"Gorleston","Gorleston",958225,46,105,HIGH
1418,5103816,0x000EA041,139,255,255,"Great Yarmouth Town","Great Yarmouth",958405,46,105,HIGH
1419,5103817,0x000EA0ED,139,255,255,"Halstead Town","Halstead",958615,32,105,HIGH
1420,5103818,0x000EA1B1,139,255,255,"Harwich & Parkeston","Harwich",958787,46,105,HIGH
1421,5103819,0x000EA285,139,255,255,"Ipswich Wanderers","Ipswich Wanderers",958983,46,105,HIGH
1422,5103820,0x000EA343,139,255,255,"Lowestoft Town","Lowestoft",959195,46,105,HIGH
1423,5103821,0x000EA3F5,139,255,255,"Maldon Town","Maldon",959385,46,105,HIGH
1424,5103822,0x000EA4B7,139,255,255,"Mildenhall Town","Mildenhall",959563,46,105,HIGH
1425,5103823,0x000EA575,139,255,255,"Newmarket Town","Newmarket",959757,46,105,HIGH
1426,5103824,0x000EA633,139,255,255,"Soham Town Rangers","Soham",959947,46,105,HIGH
1427,5103825,0x000EA6F5,139,255,255,"Stowmarket Town","Stowmarket",960137,46,105,HIGH
1428,5103826,0x000EA7AF,139,255,255,"Tiptree United","Tiptree",960331,46,105,HIGH
1429,5103827,0x000EA857,139,255,255,"Warboys Town","Warboys",960517,32,105,HIGH
1430,5103828,0x000EA919,139,255,255,"Woodbridge Town","Woodbridge",960685,46,105,HIGH
1431,5103829,0x000EA9DF,139,255,255,"Ramsbottom United","Ramsbottom",960879,46,105,HIGH
1432,5103830,0x000EAA93,139,255,255,"Abbey Hey","Abbey Hey",961077,46,105,HIGH
1433,5103831,0x000EAB65,139,255,255,"Atherton Collieries","Atherton Colls",961257,46,105,HIGH
1434,5103832,0x000EAC1B,139,255,255,"Cheadle Town","Cheadle",961467,46,105,HIGH
1435,5103833,0x000EACCF,139,255,255,"Clitheroe","Clitheroe",961649,46,105,HIGH
1436,5103834,0x000EAD8D,139,255,255,"Fleetwood Town","Fleetwood",961829,46,105,HIGH
1437,5103835,0x000EAE41,139,255,255,"Leek CSOB","Leek CSOB",962019,46,105,HIGH
1438,5103836,0x000EAF07,139,255,255,"Kidsgrove Athletic","Kidsgrove",962199,46,105,HIGH
1439,5103837,0x000EAFBF,139,255,255,"Maine Road","Maine Road",962397,46,105,HIGH
1440,5103838,0x000EB06B,139,255,255,"Mossley","Mossley",962581,46,105,HIGH
1441,5103839,0x000EB125,139,255,255,"Nantwich Town","Nantwich",962753,46,105,HIGH
1442,5103840,0x000EB1ED,139,255,255,"Prescot Cables","Prescot Cables",962939,46,105,HIGH
1443,5103841,0x000EB2B3,139,255,255,"Rossendale United","Rossendale",963139,46,105,HIGH
1444,5103842,0x000EB369,139,255,255,"Salford City","Salford",963337,46,105,HIGH
1445,5103843,0x000EB437,139,255,255,"Skelmersdale United","Skelmersdale",963519,46,105,HIGH
1446,5103844,0x000EB4F9,139,255,255,"St. Helens Town","St. Helens",963725,46,105,HIGH
1447,5103845,0x000EB5C1,139,255,255,"Woodley Sports","Woodley Sports",963919,46,105,HIGH
1448,5103846,0x000EB685,139,255,255,"Armthorpe Welfare","Armthorpe",964119,46,105,HIGH
1449,5103847,0x000EB737,139,255,255,"Arnold Town","Arnold",964315,46,105,HIGH
1450,5103848,0x000EB7E5,139,255,255,"Brigg Town","Brigg",964493,46,105,HIGH
1451,5103849,0x000EB8BD,139,255,255,"Brodsworth Welfare","Brodsworth Welfare",964667,46,105,HIGH
1452,5103851,0x000EB98B,139,255,255,"Eccleshill United","Eccleshill Utd",964883,46,105,HIGH
1453,5103852,0x000EBA3B,139,255,255,"Glapwell","Glapwell",965089,46,105,HIGH
1454,5103853,0x000EBB0F,139,255,255,"Glasshoughton Welfare","Glasshoughton",965265,46,105,HIGH
1455,5103854,0x000EBBB3,139,255,255,"Goole","Goole",965477,46,105,HIGH
1456,5103855,0x000EBC5B,139,255,255,"Hallam","Hallam",965641,46,105,HIGH
1457,5103856,0x000EBD41,139,255,255,"Harrogate Railway Athletic","Harrogate Railway",965809,46,105,HIGH
1458,5103857,0x000EBDF9,139,255,255,"Liversedge","Liversedge",966039,46,105,HIGH
1459,5103858,0x000EBEBD,139,255,255,"Ossett Albion","Ossett Albion",966223,46,105,HIGH
1460,5103859,0x000EBF6B,139,255,255,"Selby Town","Selby",966419,46,105,HIGH
1461,5103860,0x000EC01F,139,255,255,"Sheffield","Sheffield",966593,46,105,HIGH
1462,5103861,0x000EC0F3,139,255,255,"Staveley Miners Welfare","Staveley MW",966773,46,105,HIGH
1463,5103862,0x000EC1A3,139,255,255,"Thackley","Thackley",966985,46,105,HIGH
1464,5103863,0x000EC277,139,255,255,"Billingham Synthonia","Billingham Syn",967161,46,105,HIGH
1465,5103864,0x000EC343,139,255,255,"Billingham Town","Billingham Town",967373,46,105,HIGH
1466,5103865,0x000EC3FD,139,255,255,"Brandon United","Brandon",967577,46,105,HIGH
1467,5103866,0x000EC4DB,139,255,255,"Chester-le-Street Town","Chester-le-Street",967763,46,105,HIGH
1468,5103867,0x000EC587,139,255,255,"Consett","Consett",967985,46,105,HIGH
1469,5103868,0x000EC627,139,255,255,"Crook Town","Crook",968157,32,105,HIGH
1470,5103869,0x000EC6F9,139,255,255,"Dunston Federation Brewery","Dunston",968317,46,105,HIGH
1471,5103870,0x000EC79D,139,255,255,"Durham City","Durham",968527,32,105,HIGH
1472,5103871,0x000EC867,139,255,255,"Easington Colliery","Easington Colliery",968691,32,105,HIGH
1473,5103872,0x000EC91F,139,255,255,"Guisborough Town","Guisborough",968893,32,105,HIGH
1474,5103873,0x000EC9C7,139,255,255,"Hebburn Town","Hebburn",969077,32,105,HIGH
1475,5103874,0x000ECA85,139,255,255,"Jarrow Roofing Boldon CA","Jarrow",969245,32,105,HIGH
1476,5103875,0x000ECB43,139,255,255,"Marske United","Marske Utd",969435,46,105,HIGH
1477,5103876,0x000ECBEB,139,255,255,"Morpeth Town","Morpeth",969625,32,105,HIGH
1478,5103877,0x000ECCB9,139,255,255,"Newcastle Blue Star","Newcastle Blue Star",969793,32,105,HIGH
1479,5103878,0x000ECD6B,139,255,255,"Peterlee Newtown","Peterlee",969999,32,105,HIGH
1480,5103879,0x000ECE17,139,255,255,"Seaham Red Star","Seaham",970177,32,105,HIGH
1481,5103880,0x000ECEBF,139,255,255,"Tow Law Town","Tow Law",970349,32,105,HIGH
1482,5103881,0x000ECF7F,139,255,255,"West Auckland Town","West Auckland",970517,32,105,HIGH
1483,5103900,0x000ED041,139,255,255,"Warrington Town","Warrington",970709,46,105,HIGH
1484,5103901,0x000ED0ED,139,255,255,"Meir KA","Meir KA",970903,46,105,HIGH
1485,5103905,0x000ED1BD,139,255,255,"Vauxhall Motors","Vauxhall Motors",971079,46,105,HIGH
1486,5103927,0x000ED265,139,255,255,"Aveley","Aveley",971283,46,105,HIGH
1487,5103947,0x000ED32D,139,255,255,"Holwell Sports","Holwell Sports",971451,46,105,HIGH
1488,5103948,0x000ED3D5,139,255,255,"Nelson","Nelson",971651,46,105,HIGH
1489,5103984,0x000ED495,139,255,255,"Squires Gate","Squires Gate",971819,46,105,HIGH
1490,5104026,0x000ED547,139,255,255,"Pewsey Vale","Pewsey",972011,46,105,HIGH
1491,5104027,0x000ED615,139,255,255,"Loughborough Dynamo","Loughborough",972189,46,105,HIGH
1492,5104029,0x000ED6C3,139,255,255,"Frome Town","Frome",972395,46,105,HIGH
1493,5104133,0x000ED775,139,255,255,"Witham Town","Witham",972569,46,105,HIGH
1494,5104134,0x000ED835,139,255,255,"Northallerton Town","Northallerton",972747,32,105,HIGH
1495,5104183,0x000ED8EB,139,255,255,"Arlesey Town","Arlesey",972939,46,105,HIGH
1496,5104257,0x000ED9C3,139,255,255,"Chalfont St. Peter","Chalfont St. Peter",973121,46,105,HIGH
1497,5104713,0x000EDA6B,139,255,255,"Leyton","Leyton",973337,46,105,HIGH
1498,5105248,0x000EDB13,139,255,255,"Lewes","Lewes",973509,46,105,HIGH
1499,5106121,0x000EDBC1,139,255,255,"Egham Town","Egham",973673,46,105,HIGH
1500,5106122,0x000EDC7F,139,255,255,"Coleshill Town","Coleshill",973847,46,105,HIGH
1501,5106124,0x000EDD33,139,255,255,"Liskeard Athletic","Liskeard",974037,32,105,HIGH
1502,5106125,0x000EDDF9,139,255,255,"Mickleover Sports","Mickleover",974217,46,105,HIGH
1503,5106301,0x000EDEB3,139,255,255,"Louth United","Louth Utd",974415,46,105,HIGH
1504,5106918,0x000EDF7B,139,255,255,"Southend Manor","Southend Manor",974601,46,105,HIGH
1505,5106999,0x000EE01B,139,255,255,"Ware","Ware",974801,46,105,HIGH
1506,5107065,0x000EE0E3,139,255,255,"Highfield Rangers","Highfield R",974961,46,105,HIGH
1507,5107222,0x000EE19D,139,255,255,"Bloxwich Town","Bloxwich",975161,46,105,HIGH
1508,5108728,0x000EE26D,139,255,255,"Coventry Marconi","Coventry Marconi",975347,46,105,HIGH
1509,5108729,0x000EE325,139,255,255,"Leamington","Leamington",975555,46,105,HIGH
1510,5108784,0x000EE3E3,139,255,255,"Kingsbury Town","Kingsbury",975739,46,105,HIGH
1511,5109249,0x000EE4A1,139,255,255,"Camberley Town","Camberley",975929,46,105,HIGH
1512,5110138,0x000EE557,139,255,255,"Alsager Town","Alsager",976119,46,105,HIGH
1513,5110139,0x000EE609,139,255,255,"Ludlow Town","Ludlow",976301,46,105,HIGH
1514,5110140,0x000EE6CD,139,255,255,"Norton United","Norton United",976479,46,105,HIGH
1515,5110141,0x000EE771,139,255,255,"Quorn","Quorn",976675,46,105,HIGH
1516,5110142,0x000EE839,139,255,255,"Stone Dominoes","Stone Dominoes",976839,46,105,HIGH
1517,5110143,0x000EE8E5,139,255,255,"Studley","Studley",977039,46,105,HIGH
1518,5110755,0x000EE9A6,139,255,255,"Hornchurch","Hornchurch",977220,46,105,HIGH
1519,5110769,0x000EEA6A,139,255,255,"AFC Wimbledon","AFC Wimbledon",977404,46,105,HIGH
1520,5114376,0x000EEB3A,191,255,255,"Old Parmiterians","Old Parmiterians",977600,46,105,HIGH
1521,5261738,0x000EEBE6,192,255,255,"CD Johann FC","Johann",977808,38,105,HIGH
1522,5270338,0x000EECA8,193,255,255,"LDU de Quito","LDU de Quito",977990,38,105,HIGH
1523,5280161,0x000EED54,196,255,255,"C Libertad","Libertad",978174,38,105,HIGH
1524,5300371,0x000EEE06,144,255,255,"UA Maracaibo","Maracaibo",978346,38,105,HIGH
1525,5311841,0x000EEEB1,130,255,255,"FC Zestafoni","Zestafoni",978524,31,105,HIGH
1526,5321693,0x000EEF5F,64,255,255,"Karvan Yevlah","Karvan Yevlah",978695,24,105,HIGH
1527,5323368,0x000EEFF7,0,255,255,"FC Almaty","Almaty",978869,24,105,HIGH
1528,5340072,0x000EF0E3,0,255,255,"Jeunesse Sportive de Kabylie","JS Kabylie",979021,62,105,HIGH
1529,5340073,0x000EF1C7,0,255,255,"Mouloudia Club d'Alger","MC Alger",979257,70,105,HIGH
1530,5340076,0x000EF2C5,0,255,255,"Union Sportive Madinet El-Harrach","USM El-Harrach",979485,62,105,HIGH
1531,5340079,0x000EF396,0,255,255,"Entente Sportive de Sétif","ES Sétif",979739,45,105,HIGH
1532,5340080,0x000EF49D,0,255,255,"Union Sportive de la Medina d'Alger","USM Alger",979948,77,105,HIGH
1533,5340081,0x000EF56B,154,255,255,"Wydad Amel de Tlemcen","WA Tlemcen",980211,46,105,HIGH
1534,5340220,0x000EF668,33,255,255,"FC Etzella Ettelbruck","Etzella Ettelbruck",980448,46,105,HIGH
1535,5340749,0x000EF722,33,255,255,"Enyimba FC","Enyimba",980670,54,105,HIGH
1536,5340754,0x000EF803,33,255,255,"Iwuanyanwu Nationale","Nationale",980856,69,105,HIGH
1537,5340761,0x000EF8F9,4,255,255,"Enugu Rangers International FC","Enugu Rangers",981081,62,105,HIGH
1538,5340767,0x000EF9BB,6,255,255,"Etoile Filante Ouagadougou","EFO",981327,38,105,HIGH
1539,5340779,0x000EFA83,6,255,255,"Coton Sport de Garoua","Coton Sport",981521,38,105,HIGH
1540,5340784,0x000EFB4C,13,255,255,"Union Sportive de Douala","Union Douala",981721,31,105,HIGH
1541,5340873,0x000EFC04,14,255,255,"Ethiopian Coffee","Ethiopian Bunna",981922,24,105,HIGH
1542,5340883,0x000EFCB3,14,255,255,"FC 105 Libreville","",982106,49,105,HIGH
1543,5340887,0x000EFD6C,20,255,255,"USM Libreville","USM Libreville",982281,31,105,HIGH
1544,5340910,0x000EFE0A,20,255,255,"Tusker FC","Tusker FC",982466,24,105,HIGH
1545,5340913,0x000EFEA8,50,255,255,"Gor Mahia","Gor Mahia",982624,24,105,HIGH
1546,5340946,0x000EFF4E,50,255,255,"Highlanders","Highlanders",982782,24,105,HIGH
1547,5340949,0x000F0004,50,255,255,"Masvingo United","Masvingo United",982948,24,105,HIGH
1548,5340956,0x000F00AE,30,255,255,"Black Rhinos","Black Rhinos",983130,24,105,HIGH
1549,5340959,0x000F017C,30,255,255,"Ferroviário de Maputo","Ferroviário de Maputo",983300,24,105,HIGH
1550,5340960,0x000F021A,17,255,255,"Maxaquene","Maxaquene",983506,24,105,HIGH
1551,5340981,0x000F02B8,34,255,255,"Horoya AC","Horoya AC",983664,24,105,HIGH
1552,5340983,0x000F034A,48,255,255,"APR FC","APR FC",983822,24,105,HIGH
1553,5340987,0x000F03FC,47,255,255,"AS Vita Club","Vita Club",983968,38,105,HIGH
1554,5340992,0x000F04AE,19,255,255,"Express Red Eagles","Express SC",984146,24,105,HIGH
1555,5341061,0x000F0563,19,255,255,"Stade Abidjan","Stade Abidjan",984324,31,105,HIGH
1556,5341063,0x000F0639,36,255,255,"Africa Sports National","Africa Sports",984505,46,105,HIGH
1557,5341076,0x000F06FA,36,255,255,"AS Douanes (SEN)","AS Douanes (SEN)",984719,31,105,HIGH
1558,5341083,0x000F0797,28,255,255,"SONACOS","SONACOS",984912,31,105,HIGH
1559,5341449,0x000F0855,5,255,255,"Olympique de Moka","Olympique de Moka",985069,24,105,HIGH
1560,5341582,0x000F08EB,41,255,255,"Vital'O","Vital'O",985259,24,105,HIGH
1561,5341585,0x000F09B1,41,255,255,"Al Merreikh Omduran","Al Merreikh Omduran",985409,24,105,HIGH
1562,5341586,0x000F0A6B,41,255,255,"Al Hilal Omduran","Al Hilal Omduran",985607,24,105,HIGH
1563,5341587,0x000F0B3D,23,255,255,"Al Merreikh Port Sudan","Al Merreikh Port Sudan",985793,24,105,HIGH
1564,5341592,0x000F0C05,23,255,255,"Al Ittihad (LBY)","Al Ittihad (LBY)",986003,38,105,HIGH
1565,5341596,0x000F0CB7,23,255,255,"Al Nassr (LBY)","Al Nassr (LBY)",986203,24,105,HIGH
1566,5341601,0x000F0D77,26,255,255,"Al Hilal (LBY)","Al Hilal (LBY)",986381,38,105,HIGH
1567,5341651,0x000F0E37,26,255,255,"Djoliba AC","Djoliba AC",986573,54,105,HIGH
1568,5341652,0x000F0F05,44,255,255,"AS Réal de Bamako","AS Réal Bamako",986765,46,105,HIGH
1569,5341678,0x000F0FC2,45,255,255,"Etoile du Congo","Etoile du Congo",986971,31,105,HIGH
1570,5341685,0x000F1064,45,255,255,"Dynamic Togolais","Dyto",987160,24,105,HIGH
1571,5341687,0x000F10FE,48,255,255,"OC Agaza","OC Agaza",987322,24,105,HIGH
1572,5341691,0x000F11C4,4,255,255,"Tout Puissant Mazembe","TP Mazembe",987476,38,105,HIGH
1573,5341697,0x000F127C,49,255,255,"ASFA Yennega","ASFA Yennega",987674,38,105,HIGH
1574,5341706,0x000F1334,49,255,255,"Nkana Red Devils FC","Nkana",987858,38,105,HIGH
1575,5341707,0x000F13F8,49,255,255,"Green Buffaloes","Green Buffaloes",988042,38,105,HIGH
1576,5341711,0x000F1498,83,255,255,"Zanaco","Zanaco",988238,38,105,HIGH
1577,5350028,0x000F156F,0,255,255,"Taipei Physical Education College","Taipei PEC",988398,31,105,HIGH
1578,5360150,0x000F166C,11,255,255,"Nasr Athletic Hussein-Dey","NA Hussein-Dey",988613,77,105,HIGH
1579,5370001,0x000F1732,11,255,255,"Arab Contractors Cairo","Mokawloon",988866,38,105,HIGH
1580,5370007,0x000F17FA,29,255,255,"Ghazl Al Mehalla","Ghazl Al Mehalla",989064,38,105,HIGH
1581,5380015,0x000F18D0,1,255,255,"Olympique Club de Khouribga","OC Khouribga",989264,38,105,HIGH
1582,5380038,0x000F19A0,46,255,255,"Inter Clube de Luanda","Inter de Luanda",989478,38,105,HIGH
1583,5390013,0x000F1A67,46,255,255,"Stade Tunisien","Stade Tunisien",989686,45,105,HIGH
1584,5390016,0x000F1B33,1,255,255,"Club Athlétique Bizertin","CA Bizerte",989885,38,105,HIGH
1585,5390055,0x000F1BF5,44,255,255,"Atlético Sport Aviação","Aviação",990089,38,105,HIGH
1586,5390079,0x000F1C93,48,255,255,"AS Police","AS Police",990283,24,105,HIGH
1587,5390080,0x000F1D43,48,255,255,"DC Motema Pembe","Motema Pembe",990441,24,105,HIGH
1588,5390081,0x000F1DF3,17,255,255,"FC St. Eloi Lupopo","FC Lupopo",990617,24,105,HIGH
1589,5390089,0x000F1E8D,22,255,255,"Hafia FC","Hafia FC",990793,24,105,HIGH
1590,5390107,0x000F1F4D,24,255,255,"Mighty Barolle","Mighty Barolle",990947,38,105,HIGH
1591,5390115,0x000F1FFF,45,255,255,"DSA Antanarivo","DSA Antanarivo",991139,24,105,HIGH
1592,5390141,0x000F20A9,44,255,255,"Maranatha FC","Maranatha FC",991317,24,105,HIGH
1593,5390162,0x000F2158,48,255,255,"CARA de Brazzaville","CARA",991487,31,105,HIGH
1594,5390165,0x000F220E,48,255,255,"AS Bilima (COD)","AS Bilima (COD)",991662,24,105,HIGH
1595,5390166,0x000F22B4,33,255,255,"AC Sodigraf","AC Sodigraf",991844,24,105,HIGH
1596,5410002,0x000F2360,33,255,255,"BCC Lions","BCC Lions",992010,38,105,HIGH
1597,5410013,0x000F240C,33,255,255,"Ranchers Bees","Rancher Bees",992182,24,105,HIGH
1598,5410015,0x000F24E8,132,255,255,"Stationary Stores","Stationary Stores",992354,54,105,HIGH
1599,5410568,0x000F25C5,151,255,255,"FC Gomel","Gomel",992605,66,105,HIGH
1600,5410577,0x000F2661,52,255,255,"FK RAF Jelgava","RAF",992795,24,105,HIGH
1601,5512110,0x000F271D,4294967295,255,255,"Al Ahli (BHR)","Al Ahli (BHR)",992951,38,105,HIGH
1602,5512124,0x000F27C6,53,255,255,"West Riffa","West Riffa",993139,31,105,HIGH
1603,5512125,0x000F28B4,53,255,255,"Mohammedan Sporting Club Dhaka","Mohammedan SC (D)",993308,46,105,HIGH
1604,5512126,0x000F29B5,59,255,255,"Muktijoddha Sangsad Krira Chakra Dhaka","Muktijoddha SKC",993546,53,105,HIGH
1605,5512191,0x000F2A88,195,255,255,"Sepahan Esfahan","Sepahan",993803,69,105,HIGH
1606,5512337,0x000F2B2A,129,255,255,"CA Fénix","Fénix",994014,38,105,HIGH
1607,5602986,0x000F2BD8,129,255,255,"PSV SW Salzburg","SW Salzburg",994176,24,105,HIGH
1608,5603779,0x000F2CBA,74,255,255,"FC Wacker Tirol","Wacker Tirol",994358,66,105,HIGH
1609,5621797,0x000F2D54,4294967295,255,255,"April 25","April 25",994576,24,105,HIGH
1610,5621798,0x000F2DE8,4294967295,255,255,"Taj Tehran","Taj",994730,24,105,HIGH
1611,5621978,0x000F2E92,58,255,255,"Tiga Berlian","Tiga Berlian",994878,24,105,HIGH
1612,5622879,0x000F2F47,90,255,255,"Persik Kediri","Persik",995048,45,105,HIGH
1613,5622890,0x000F2FF3,152,255,255,"Binh Dinh","Binh Dinh",995229,38,105,HIGH
1614,5622951,0x000F3096,152,255,255,"FC Ruggell","Ruggell",995401,31,105,HIGH
1615,5622952,0x000F3139,77,255,255,"FC Triesen","Triesen",995564,31,105,HIGH
1616,5624425,0x000F31F3,52,255,255,"Qatar Sports Club","Qatar SC",995727,38,105,HIGH
1617,5626087,0x000F328E,71,255,255,"Al Riffa","Riffa",995913,31,105,HIGH
1618,5626513,0x000F3358,54,255,255,"Island Football Club","IFC (MDV)",996068,46,105,HIGH
1619,5626771,0x000F3422,90,255,255,"Duli Pengiran Muda Mahkota FC","DPMM",996270,38,105,HIGH
1620,5627026,0x000F34E1,4294967295,255,255,"Hoang Anh Gia Lai","Gia Lai",996472,45,105,HIGH
1621,5627763,0x000F3597,29,255,255,"Al Shabab (IRQ)","Al Shabab (IRQ)",996663,24,105,HIGH
1622,5627775,0x000F3661,67,255,255,"Olympique Casablanca","Olympique Casablanca",996845,24,105,HIGH
1623,5634153,0x000F3730,40,255,255,"National Public Security","Public Security",997047,31,105,HIGH
1624,5680079,0x000F37E9,68,255,255,"City Sharks","City Sharks",997259,38,105,HIGH
1625,5684556,0x000F38A9,4294967295,255,255,"Olympic Beirut","Olympic Beirut",997439,38,105,HIGH
1626,5704248,0x000F393B,152,255,255,"Yangji","Yangji",997631,24,105,HIGH
1627,5720002,0x000F3A17,133,255,255,"FC Vaduz","Vaduz",997808,65,105,HIGH
1628,5742029,0x000F3AC4,133,255,255,"NK Orasje","Orasje",997997,45,105,HIGH
1629,5746828,0x000F3B97,133,255,255,"FK Rudar Ugljevik","Rudar (U)",998170,61,105,HIGH
1630,5747925,0x000F3C76,133,255,255,"FK Leotar Trebinje","Leotar",998412,46,105,HIGH
1631,5756204,0x000F3D6A,155,255,255,"FK Modrica Maxima","Modrica Maxima",998635,53,105,HIGH
1632,5774914,0x000F3E40,145,255,255,"FK Madzari Solidarnost 92 Skopje","Madzari",998848,38,105,HIGH
1633,6000000,0x000F3F04,145,255,255,"FC Oberneuland","Oberneuland",999072,38,105,HIGH
1634,6000004,0x000F3FC6,129,255,255,"FC Schönberg 95","Schönberg",999268,38,105,HIGH
1635,6002479,0x000F4084,171,255,255,"SW Bregenz","Bregenz",999452,58,105,HIGH
1636,6400243,0x000F411F,131,255,255,"Gårda BK","Gårda",999642,31,105,HIGH
1637,6600031,0x000F4259,170,255,255,"Germinal Beerschot Antwerpen","Germinal Beerschot",999812,109,105,HIGH
1638,6706303,0x000F432B,56,255,255,"Alicante C.F.","Alicante",1000115,66,105,HIGH
1639,7400204,0x000F4412,132,255,255,"Hong Kong Institute of Education","HKIE",1000321,61,105,HIGH
1640,7481154,0x000F44C6,164,255,255,"MTZ-Ripo Minsk","MTZ-Ripo",1000552,38,105,HIGH
1641,7540033,0x000F458B,169,255,255,"Inter Gaz Bucharest","Inter Gaz",1000737,38,105,HIGH
1642,7580043,0x000F462D,29,255,255,"NK Drava","Drava",1000929,38,105,HIGH
1643,7600989,0x000F46F3,19,255,255,"Kénitra Athletic Club","Kénitra AC",1001091,38,105,HIGH
1644,7601277,0x000F47B6,79,255,255,"Jeunesse Club d'Abidjan","JC Abidjan",1001289,31,105,HIGH
1645,7800917,0x000F4880,149,255,255,"Singapore Under 23s","Singapore U23s",1001484,38,105,HIGH
1646,7860421,0x000F496C,139,255,255,"Hapoel Bnei Sakhnin","Bnei Sakhnin",1001717,45,105,HIGH
1647,7940103,0x000F4A42,139,255,255,"Ettingshall Holy Trinity","Ettingshall",1001922,46,105,HIGH
1648,7940149,0x000F4AF6,139,255,255,"Ashington","Ashington",1002136,46,105,HIGH
1649,7940162,0x000F4BC8,139,255,255,"Hamworthy Recreation","Hamworthy Rec",1002316,46,105,HIGH
1650,7940186,0x000F4C82,139,255,255,"Keynsham Town","Keynsham",1002526,46,105,HIGH
1651,7940193,0x000F4D36,139,255,255,"Team Bath","Team Bath",1002712,46,105,HIGH
1652,7940199,0x000F4DDE,139,255,255,"Bitton","Bitton",1002892,46,105,HIGH
1653,7940201,0x000F4EA2,139,255,255,"Cadbury Heath","Cadbury Heath",1003060,46,105,HIGH
1654,7940203,0x000F4F50,139,255,255,"Calne Town","Calne",1003256,46,105,HIGH
1655,7940206,0x000F4FFE,139,255,255,"Chard Town","Chard",1003430,46,105,HIGH
1656,7940210,0x000F50BE,139,255,255,"Clyst Rovers","Clyst Rovers",1003604,46,105,HIGH
1657,7940212,0x000F5174,139,255,255,"Corsham Town","Corsham",1003796,46,105,HIGH
1658,7940214,0x000F522A,139,255,255,"Exmouth Town","Exmouth",1003978,46,105,HIGH
1659,7940217,0x000F52D2,139,255,255,"Hallen","Hallen",1004160,46,105,HIGH
1660,7940219,0x000F5394,139,255,255,"Ilfracombe Town","Ilfracombe",1004328,46,105,HIGH
1661,7940222,0x000F5456,139,255,255,"Larkhall Athletic","Larkhall",1004522,46,105,HIGH
1662,7940226,0x000F551E,139,255,255,"Shepton Mallet","Shepton Mallet",1004716,46,105,HIGH
1663,7940229,0x000F55C6,139,255,255,"Street","Street",1004916,46,105,HIGH
1664,7940232,0x000F567E,139,255,255,"Torrington","Torrington",1005084,46,105,HIGH
1665,7940235,0x000F5752,139,255,255,"Wellington (S)","",1005314,46,105,HIGH
1666,7940240,0x000F580C,139,255,255,"Willand Rovers","Willand",1005480,46,105,HIGH
1667,7940242,0x000F58DC,139,255,255,"Weston St. Johns","Weston St. Johns",1005666,46,105,HIGH
1668,7940245,0x000F599E,139,255,255,"Warminster Town","Warminster",1005874,46,105,HIGH
1669,7940248,0x000F5A60,139,255,255,"Trowbridge Town","Trowbridge",1006068,46,105,HIGH
1670,7940256,0x000F5B2C,139,255,255,"Bishop's Cleeve","Bishop's Cleeve",1006262,46,105,HIGH
1671,7940266,0x000F5BDE,139,255,255,"Henley Town","Henley",1006466,46,105,HIGH
1672,7940269,0x000F5C9A,139,255,255,"Hook Norton","Hook Norton",1006644,46,105,HIGH
1673,7940276,0x000F5D5E,139,255,255,"Southall Town","Southall Town",1006832,46,105,HIGH
1674,7940281,0x000F5E14,139,255,255,"Ardley United","Ardley",1007028,46,105,HIGH
1675,7940284,0x000F5EEA,139,255,255,"Chipping Norton Town","Chipping Norton",1007210,46,105,HIGH
1676,7940286,0x000F5FBC,139,255,255,"Cirencester United","Cirencester Utd",1007424,46,105,HIGH
1677,7940287,0x000F6070,139,255,255,"Clanfield","Clanfield",1007634,46,105,HIGH
1678,7940288,0x000F6140,139,255,255,"Easington Sports","Easington Sports",1007814,46,105,HIGH
1679,7940289,0x000F61FC,139,255,255,"Harrow Hill","Harrow Hill",1008022,46,105,HIGH
1680,7940290,0x000F62CE,139,255,255,"Headington Amateurs","Headington A's",1008210,46,105,HIGH
1681,7940292,0x000F6386,139,255,255,"Kidlington","Kidlington",1008420,46,105,HIGH
1682,7940294,0x000F6436,139,255,255,"Letcombe","Letcombe",1008604,46,105,HIGH
1683,7940296,0x000F6500,139,255,255,"Malmesbury Victoria","Malmesbury",1008780,46,105,HIGH
1684,7940299,0x000F65C4,139,255,255,"Middle Barton","Middle Barton",1008982,46,105,HIGH
1685,7940301,0x000F6692,139,255,255,"Old Woodstock Town","Old Woodstock",1009178,46,105,HIGH
1686,7940304,0x000F673A,139,255,255,"Purton","Purton",1009384,46,105,HIGH
1687,7940306,0x000F67EE,139,255,255,"Ross Town","Ross Town",1009552,46,105,HIGH
1688,7940309,0x000F68A6,139,255,255,"Shrivenham","Shrivenham",1009732,46,105,HIGH
1689,7940311,0x000F6974,139,255,255,"Winterbourne United","Winterbourne",1009916,46,105,HIGH
1690,7940315,0x000F6A24,139,255,255,"Binfield","Binfield",1010122,46,105,HIGH
1691,7940318,0x000F6ADA,139,255,255,"Bisley Sports","Bisley",1010298,46,105,HIGH
1692,7940320,0x000F6BA2,139,255,255,"Chalfont Wasps","Chalfont Wasps",1010480,46,105,HIGH
1693,7940323,0x000F6C62,139,255,255,"Drayton Wanderers","Drayton",1010680,46,105,HIGH
1694,7940326,0x000F6D40,139,255,255,"Englefield Green Rovers","Englefield Green",1010872,46,105,HIGH
1695,7940329,0x000F6DF4,139,255,255,"Eton Wick","Eton Wick",1011094,46,105,HIGH
1696,7940331,0x000F6EB8,139,255,255,"Finchampstead","Finchampstead",1011274,46,105,HIGH
1697,7940336,0x000F6F8D,139,255,255,"Martin Baker Sports","Martin Baker",1011470,53,105,HIGH
1698,7940339,0x000F704B,139,255,255,"Penn & Tylers Green","Penn",1011683,46,105,HIGH
1699,7940342,0x000F70FF,139,255,255,"Prestwood","Prestwood",1011873,46,105,HIGH
1700,7940344,0x000F71CA,139,255,255,"Quarry Nomads","Quarry Nomads",1012053,53,105,HIGH
1701,7940346,0x000F7292,139,255,255,"RS Basingstoke","RS Basingstoke",1012256,46,105,HIGH
1702,7940349,0x000F7352,139,255,255,"Rayners Lane","Rayners Lane",1012456,46,105,HIGH
1703,7940357,0x000F7418,139,255,255,"Causeway United","Causeway Utd",1012648,46,105,HIGH
1704,7940361,0x000F74E0,139,255,255,"Grosvenor Park","Grosvenor Park",1012846,46,105,HIGH
1705,7940381,0x000F7598,139,255,255,"Alvechurch","Alvechurch",1013046,46,105,HIGH
1706,7940383,0x000F7648,139,255,255,"Alveston","Alveston",1013230,46,105,HIGH
1707,7940385,0x000F7706,139,255,255,"Bolehall Swifts","Bolehall",1013406,46,105,HIGH
1708,7940389,0x000F77D2,139,255,255,"Coventry Sphinx","Coventry Sphinx",1013596,46,105,HIGH
1709,7940391,0x000F7886,139,255,255,"Feckenham","Feckenham",1013800,46,105,HIGH
1710,7940395,0x000F7956,139,255,255,"Continental Star","Continental Star",1013980,46,105,HIGH
1711,7940399,0x000F7A14,139,255,255,"Highgate United","Highgate",1014188,46,105,HIGH
1712,7940404,0x000F7AE0,139,255,255,"Massey Ferguson","Massey Ferguson",1014378,46,105,HIGH
1713,7940407,0x000F7BA8,139,255,255,"Nuneaton Griff","Nuneaton Griff",1014582,46,105,HIGH
1714,7940409,0x000F7C62,139,255,255,"Pershore Town","Pershore",1014782,46,105,HIGH
1715,7940410,0x000F7D0E,139,255,255,"Romulus","Romulus",1014968,46,105,HIGH
1716,7940412,0x000F7DC6,139,255,255,"Rugby Town","Rugby Town",1015140,46,105,HIGH
1717,7940415,0x000F7E80,139,255,255,"Southam United","Southam",1015324,46,105,HIGH
1718,7940418,0x000F7F66,139,255,255,"Brierley & Hagley Alliance","Brierley & Hagley",1015510,46,105,HIGH
1719,7940419,0x000F8020,139,255,255,"Bromyard Town","Bromyard",1015740,46,105,HIGH
1720,7940421,0x000F80DC,139,255,255,"Bustleholme","Bustleholme",1015926,46,105,HIGH
1721,7940423,0x000F8195,139,255,255,"Dudley Town","Dudley",1016114,53,105,HIGH
1722,7940425,0x000F8257,139,255,255,"Gornal Athletic","Gornal",1016299,54,105,HIGH
1723,7940427,0x000F8313,139,255,255,"Heath Hayes","Heath Hayes",1016493,46,105,HIGH
1724,7940429,0x000F83C9,139,255,255,"Kington Town","Kington",1016681,46,105,HIGH
1725,7940432,0x000F847F,139,255,255,"Ledbury Town","Ledbury",1016863,46,105,HIGH
1726,7940435,0x000F8551,139,255,255,"Market Drayton Town","Market Drayton",1017045,46,105,HIGH
1727,7940438,0x000F85F7,139,255,255,"Lye Town","Lye",1017255,46,105,HIGH
1728,7940440,0x000F86AD,139,255,255,"Malvern Town","Malvern",1017421,46,105,HIGH
1729,7940443,0x000F8773,139,255,255,"Shawbury United","Shawbury Utd",1017603,46,105,HIGH
1730,7940445,0x000F8845,139,255,255,"Smethwick Sikh Temple","Smethwick ST",1017801,46,105,HIGH
1731,7940447,0x000F88F7,139,255,255,"Tipton Town","Tipton",1018011,46,105,HIGH
1732,7940448,0x000F89A7,139,255,255,"Tividale","Tividale",1018189,46,105,HIGH
1733,7940449,0x000F8A67,139,255,255,"Walsall Wood","Walsall Wood",1018365,46,105,HIGH
1734,7940451,0x000F8B3B,139,255,255,"Wellington (H)","",1018603,46,105,HIGH
1735,7940453,0x000F8BF3,139,255,255,"Westfields","Westfields",1018769,46,105,HIGH
1736,7940455,0x000F8CC9,139,255,255,"Wolverhampton Casuals","Wolves Casuals",1018953,46,105,HIGH
1737,7940457,0x000F8D95,139,255,255,"Wolverhampton United","Wolves Utd",1019167,46,105,HIGH
1738,7940458,0x000F8E53,139,255,255,"Darlaston Town","Darlaston",1019371,46,105,HIGH
1739,7940460,0x000F8F17,139,255,255,"Anstey Nomads","Anstey Nomads",1019561,46,105,HIGH
1740,7940462,0x000F8FF1,139,255,255,"Aylestone Park Old Boys","Aylestone Park",1019757,46,105,HIGH
1741,7940465,0x000F90AD,139,255,255,"Barrow Town","Barrow Town",1019975,46,105,HIGH
1742,7940467,0x000F916B,139,255,255,"Birstall United","Birstall",1020163,46,105,HIGH
1743,7940469,0x000F9251,139,255,255,"Blaby & Whetstone Athletic","Blaby & Whetstone",1020353,46,105,HIGH
1744,7940471,0x000F930F,139,255,255,"Coalville Town","Coalville",1020583,46,105,HIGH
1745,7940474,0x000F93D3,139,255,255,"Downes Sports","Downes Sports",1020773,46,105,HIGH
1746,7940476,0x000F9487,139,255,255,"Ellistown","Ellistown",1020969,46,105,HIGH
1747,7940478,0x000F9551,139,255,255,"Friar Lane Old Boys","Friar Lane",1021149,46,105,HIGH
1748,7940482,0x000F960D,139,255,255,"Ibstock Welfare","Ibstock",1021351,46,105,HIGH
1749,7940484,0x000F96D3,139,255,255,"Kirby Muxloe SC","Kirby Muxloe",1021539,46,105,HIGH
1750,7940486,0x000F979B,139,255,255,"Leicester YMCA","Leicester YMCA",1021737,46,105,HIGH
1751,7940489,0x000F984D,139,255,255,"Ratby Sports","Ratby",1021937,46,105,HIGH
1752,7940491,0x000F9927,139,255,255,"St. Andrews Social Club","St. Andrews SC",1022115,46,105,HIGH
1753,7940493,0x000F99E9,139,255,255,"Thurmaston Town","Thurmaston",1022333,46,105,HIGH
1754,7940495,0x000F9AB5,139,255,255,"Thurnby Rangers","Thurnby Rangers",1022527,46,105,HIGH
1755,7940497,0x000F9B8F,139,255,255,"Thringstone Miners Welfare","Thringstone",1022731,46,105,HIGH
1756,7940500,0x000F9C57,139,255,255,"Adderbury Park","Adderbury Park",1022949,46,105,HIGH
1757,7940502,0x000F9D0F,139,255,255,"Slimbridge","Slimbridge",1023149,46,105,HIGH
1758,7940504,0x000F9DC5,139,255,255,"Witney United","Witney",1023333,46,105,HIGH
1759,7940505,0x000F9E75,139,255,255,"Holyport","Holyport",1023515,46,105,HIGH
1760,7940508,0x000F9F39,139,255,255,"Sedgley White Lions","Sedgley",1023691,46,105,HIGH
1761,7940509,0x000F9FFB,139,255,255,"Riverway Stafford","Riverway",1023887,46,105,HIGH
1762,7940520,0x000FA0B6,139,255,255,"Winchester City","Winchester",1024081,39,105,HIGH
1763,7940869,0x000FA194,139,255,255,"Ashford Town (Middlesex)","Ashford (Middx)",1024268,46,105,HIGH
1764,7940962,0x000FA24E,139,255,255,"Hertford Town","Hertford",1024490,46,105,HIGH
1765,7941157,0x000FA310,139,255,255,"Poulton Victoria","Poulton Victoria",1024676,32,105,HIGH
1766,7941254,0x000FA3C1,155,255,255,"Eccleshall","Eccleshall",1024870,39,105,HIGH
1767,7961091,0x000FA47D,139,255,255,"FK Baskimi Kumanovo","Baskimi",1025047,38,105,HIGH
1768,8325003,0x000FA525,139,255,255,"Alnwick Town","Alnwick",1025235,32,105,HIGH
1769,8325004,0x000FA60B,139,255,255,"Eppleton Colliery Welfare","Eppleton Colliery Welfare",1025403,32,105,HIGH
1770,8325005,0x000FA6B7,139,255,255,"Evenwood Town","Evenwood",1025633,32,105,HIGH
1771,8325006,0x000FA795,139,255,255,"Horden Colliery Welfare","Horden Colliery Welfare",1025805,32,105,HIGH
1772,8325007,0x000FA857,139,255,255,"Kennek Ryhope CA","Kennek Ryhope CA",1026027,32,105,HIGH
1773,8325008,0x000FA8F1,139,255,255,"Murton","Murton",1026221,32,105,HIGH
1774,8325009,0x000FA9DB,139,255,255,"Norton & Stockton Ancients","Norton & Stockton Ancients",1026375,32,105,HIGH
1775,8325010,0x000FAA79,139,255,255,"Penrith","Penrith",1026609,32,105,HIGH
1776,8325011,0x000FAB3B,139,255,255,"Shotton Comrades","Shotton Comrades",1026767,32,105,HIGH
1777,8325012,0x000FABF1,139,255,255,"South Shields","South Shields",1026961,32,105,HIGH
1778,8325013,0x000FAC93,139,255,255,"Thornaby","Thornaby",1027143,32,105,HIGH
1779,8325014,0x000FAD59,139,255,255,"Washington Nissan","Washington Nissan",1027305,32,105,HIGH
1780,8325015,0x000FADFB,139,255,255,"Whickham","Whickham",1027503,32,105,HIGH
1781,8325016,0x000FAEA5,139,255,255,"Willington","Willington",1027665,32,105,HIGH
1782,8325017,0x000FAF4D,139,255,255,"Gedling Town","Gedling",1027835,32,105,HIGH
1783,8325018,0x000FB013,139,255,255,"Hall Road Rangers","Hall Road Rangers",1028003,32,105,HIGH
1784,8325019,0x000FB0C9,139,255,255,"Hatfield Main","Hatfield Main",1028201,32,105,HIGH
1785,8325020,0x000FB18F,139,255,255,"Lincoln Moorlands","Lincoln Moorlands",1028383,32,105,HIGH
1786,8325021,0x000FB247,139,255,255,"Long Eaton United","Long Eaton",1028581,32,105,HIGH
1787,8325022,0x000FB2F5,139,255,255,"Maltby Main","Maltby Main",1028765,32,105,HIGH
1788,8325023,0x000FB397,139,255,255,"Parkgate","Parkgate",1028939,32,105,HIGH
1789,8325024,0x000FB46D,139,255,255,"Pontefract Collieries","Pontefract Collieries",1029101,32,105,HIGH
1790,8325025,0x000FB52B,139,255,255,"Rossington Main","Rossington Main",1029315,32,105,HIGH
1791,8325026,0x000FB5DF,139,255,255,"Shirebrook Town","Shirebrook",1029505,32,105,HIGH
1792,8325027,0x000FB693,139,255,255,"Tadcaster Albion","Tadcaster",1029685,32,105,HIGH
1793,8325028,0x000FB749,139,255,255,"Winterton Rangers","Winterton",1029865,32,105,HIGH
1794,8325029,0x000FB81F,139,255,255,"Worsborough Bridge MW","Worsborough Bridge MW",1030047,32,105,HIGH
1795,8325030,0x000FB8E5,139,255,255,"Yorkshire Amateur","Yorkshire Amateur",1030261,32,105,HIGH
1796,8325031,0x000FB993,139,255,255,"Esh Winning","Esh Winning",1030459,32,105,HIGH
1797,8325032,0x000FBA45,139,255,255,"Prudhoe Town","Prudhoe Town",1030633,32,105,HIGH
1798,8325033,0x000FBAF1,139,255,255,"Shildon","Shildon",1030811,46,105,HIGH
1799,8325034,0x000FBBB7,139,255,255,"Broadbridge Heath","Broadbridge Heath",1030983,32,105,HIGH
1800,8325035,0x000FBC89,139,255,255,"Crawley Down Village","Crawley Down Village",1031181,32,105,HIGH
1801,8325036,0x000FBD57,139,255,255,"East Grinstead Town","East Grinstead Town",1031391,32,105,HIGH
1802,8325037,0x000FBDF9,139,255,255,"Mile Oak","Mile Oak",1031597,32,105,HIGH
1803,8325038,0x000FBE97,139,255,255,"Oakwood","Oakwood",1031759,32,105,HIGH
1804,8325039,0x000FBF2D,139,255,255,"Oving","Oving",1031917,32,105,HIGH
1805,8325040,0x000FC003,139,255,255,"Pease Pottage Village","Pease Pottage Village",1032067,32,105,HIGH
1806,8325041,0x000FC0BB,139,255,255,"Rye & Iden United","Rye & Iden",1032281,32,105,HIGH
1807,8325042,0x000FC16D,139,255,255,"Seaford Town","Seaford Town",1032465,32,105,HIGH
1808,8325044,0x000FC219,139,255,255,"Steyning Town","Steyning",1032643,32,105,HIGH
1809,8325045,0x000FC2B7,139,255,255,"Wealden","Wealden",1032815,32,105,HIGH
1810,8325046,0x000FC38F,139,255,255,"Westfield (Woking)","Westfield (Woking)",1032973,46,105,HIGH
1811,8325047,0x000FC44D,139,255,255,"Worthing United","Worthing United",1033189,32,105,HIGH
1812,8325048,0x000FC50F,139,255,255,"Norwich United","Norwich Utd",1033379,46,105,HIGH
1813,8325049,0x000FC5C3,139,255,255,"Maidstone United","Maidstone",1033573,32,105,HIGH
1814,8325050,0x000FC67D,139,255,255,"Hailsham Town","Hailsham",1033753,46,105,HIGH
1815,8325051,0x000FC74D,139,255,255,"Peacehaven & Telscombe","Peacehaven",1033939,46,105,HIGH
1816,8325052,0x000FC7FD,139,255,255,"Shoreham","Shoreham",1034147,46,105,HIGH
1817,8325053,0x000FC8B1,139,255,255,"Southwick","Southwick",1034323,46,105,HIGH
1818,8325054,0x000FC95F,139,255,255,"Alton Town","Alton",1034503,46,105,HIGH
1819,8325055,0x000FCA25,139,255,255,"Portland United","Portland Utd",1034677,46,105,HIGH
1820,8325056,0x000FCACB,139,255,255,"Blisworth","Blisworth",1034875,32,105,HIGH
1821,8325057,0x000FCB8D,139,255,255,"Burton Park Wanderers","Burton Park",1035041,32,105,HIGH
1822,8325058,0x000FCC37,139,255,255,"Cottingham","Cottingham",1035235,32,105,HIGH
1823,8325059,0x000FCCE7,139,255,255,"Harrowby United","Harrowby",1035405,32,105,HIGH
1824,8325060,0x000FCD95,139,255,255,"Higham Town","Higham Town",1035581,32,105,HIGH
1825,8325061,0x000FCE49,139,255,255,"Irchester United","Irchester",1035755,32,105,HIGH
1826,8325062,0x000FCF27,139,255,255,"Northampton ON Chenecks","Northampton ON Chenecks",1035935,32,105,HIGH
1827,8325063,0x000FCFD1,139,255,255,"Olney Town","Olney Town",1036157,32,105,HIGH
1828,8325064,0x000FD0A3,139,255,255,"Rothwell Corinthians","Rothwell Corinthians",1036327,32,105,HIGH
1829,8325065,0x000FD15D,139,255,255,"Sileby Rangers","Sileby Rangers",1036537,32,105,HIGH
1830,8325066,0x000FD213,139,255,255,"St. Ives Town","St. Ives Town",1036723,32,105,HIGH
1831,8325067,0x000FD2C3,139,255,255,"Thrapston Town","Thrapston",1036905,32,105,HIGH
1832,8325068,0x000FD3A9,139,255,255,"Wellingborough Whitworths","Wellingborough Whitworths",1037081,32,105,HIGH
1833,8325069,0x000FD467,139,255,255,"Beaconsfield SYCOB","Beaconsfield",1037311,32,105,HIGH
1834,8325070,0x000FD53B,139,255,255,"Bedford United & Valerio","Bedford & Valerio",1037501,32,105,HIGH
1835,8325071,0x000FD5FD,139,255,255,"Biggleswade Town","Biggleswade Town",1037713,32,105,HIGH
1836,8325072,0x000FD6AB,139,255,255,"Brook House","Brook House",1037907,32,105,HIGH
1837,8325073,0x000FD77B,139,255,255,"Broxbourne Borough V & E","Broxbourne Boro",1038081,32,105,HIGH
1838,8325074,0x000FD83D,139,255,255,"Dunstable Town","Dunstable",1038293,46,105,HIGH
1839,8325075,0x000FD907,139,255,255,"Greenacres (Hemel)","Greenacres (Hemel)",1038483,32,105,HIGH
1840,8325076,0x000FD9AF,139,255,255,"Hanwell Town","Hanwell",1038685,32,105,HIGH
1841,8325077,0x000FDA63,139,255,255,"Harefield United","Harefield",1038853,32,105,HIGH
1842,8325078,0x000FDB25,139,255,255,"Haringey Borough","Haringey Borough",1039033,32,105,HIGH
1843,8325079,0x000FDBEF,139,255,255,"Hillingdon Borough","Hillingdon Borough",1039227,32,105,HIGH
1844,8325080,0x000FDCA9,139,255,255,"Hoddesdon Town","Hoddesdon Town",1039429,32,105,HIGH
1845,8325081,0x000FDD5B,139,255,255,"Holmer Green","Holmer Green",1039615,32,105,HIGH
1846,8325082,0x000FDE11,139,255,255,"London Colney","London Colney",1039793,32,105,HIGH
1847,8325083,0x000FDEDB,139,255,255,"Milton Keynes City","Milton Keynes City",1039975,32,105,HIGH
1848,8325084,0x000FDF93,139,255,255,"Potters Bar Town","Potters Bar",1040177,32,105,HIGH
1849,8325085,0x000FE03B,139,255,255,"Royston Town","Royston",1040361,32,105,HIGH
1850,8325086,0x000FE0F1,139,255,255,"Ruislip Manor","Ruislip Manor",1040529,32,105,HIGH
1851,8325087,0x000FE1B7,139,255,255,"St. Margaretsbury","St. Margaretsbury",1040711,32,105,HIGH
1852,8325088,0x000FE27B,139,255,255,"AFC Wallingford","Wallingford",1040909,46,105,HIGH
1853,8325089,0x000FE325,139,255,255,"Ash United","Ash",1041105,46,105,HIGH
1854,8325090,0x000FE3D1,139,255,255,"Bedfont","Bedfont",1041275,46,105,HIGH
1855,8325091,0x000FE4A3,139,255,255,"Chessington United","Chessington Utd",1041447,46,105,HIGH
1856,8325092,0x000FE589,139,255,255,"Chessington & Hook United","Chessington & Hook",1041657,46,105,HIGH
1857,8325093,0x000FE63D,139,255,255,"Chipstead","Chipstead",1041887,46,105,HIGH
1858,8325094,0x000FE6E5,139,255,255,"Cobham","Cobham",1042067,46,105,HIGH
1859,8325095,0x000FE785,139,255,255,"Cove","Cove",1042235,46,105,HIGH
1860,8325096,0x000FE83B,139,255,255,"Farnham Town","Farnham",1042395,46,105,HIGH
1861,8325097,0x000FE8E7,139,255,255,"Feltham","Feltham",1042577,46,105,HIGH
1862,8325098,0x000FE9AB,139,255,255,"Frimley Green","Frimley Green",1042749,46,105,HIGH
1863,8325099,0x000FEA7F,139,255,255,"Godalming & Guildford","Godalming & G",1042945,46,105,HIGH
1864,8325100,0x000FEB4B,139,255,255,"Hartley Wintney","Hartley Wintney",1043157,46,105,HIGH
1865,8325101,0x000FEBFB,139,255,255,"Merstham","Merstham",1043361,46,105,HIGH
1866,8325102,0x000FECD5,139,255,255,"North Greenford United","North Greenford",1043537,46,105,HIGH
1867,8325103,0x000FED9B,139,255,255,"Raynes Park Vale","Raynes Park",1043755,46,105,HIGH
1868,8325104,0x000FEE5B,139,255,255,"Reading Town","Reading Town",1043953,46,105,HIGH
1869,8325105,0x000FEF19,139,255,255,"Sandhurst Town","Sandhurst",1044145,46,105,HIGH
1870,8325106,0x000FEFC9,139,255,255,"Southall","Southall",1044335,46,105,HIGH
1871,8325107,0x000FF099,139,255,255,"Viking Greenford","Viking Greenford",1044511,46,105,HIGH
1872,8325108,0x000FF161,139,255,255,"Walton Casuals","Walton Casuals",1044719,46,105,HIGH
1873,8325109,0x000FF241,139,255,255,"Westfield (Hastings)","Westfield (Hastings)",1044919,46,105,HIGH
1874,8325110,0x000FF2F1,139,255,255,"Withdean","Withdean",1045143,46,105,HIGH
1875,8325111,0x000FF39F,139,255,255,"AFC Guildford","Guildford",1045319,32,105,HIGH
1876,8325112,0x000FF43D,139,255,255,"Bookham","Bookham",1045493,32,105,HIGH
1877,8325113,0x000FF4F3,139,255,255,"Chobham & Ottershaw","Chobham",1045651,32,105,HIGH
1878,8325114,0x000FF5B7,139,255,255,"Colliers Wood United","Colliers Wood",1045833,32,105,HIGH
1879,8325115,0x000FF66B,139,255,255,"Cranleigh","Cranleigh",1046029,46,105,HIGH
1880,8325116,0x000FF729,139,255,255,"Crescent Rovers","Crescent Rovers",1046209,32,105,HIGH
1881,8325118,0x000FF7C3,139,255,255,"Ditton","Ditton",1046399,32,105,HIGH
1882,8325119,0x000FF873,139,255,255,"Farleigh Rovers","Farleigh",1046553,32,105,HIGH
1883,8325120,0x000FF921,139,255,255,"Hersham RBL","Hersham RBL",1046729,32,105,HIGH
1884,8325121,0x000FF9C5,139,255,255,"Horley Town","Horley",1046903,32,105,HIGH
1885,8325122,0x000FFA87,139,255,255,"Netherne Village","Netherne Village",1047067,32,105,HIGH
1886,8325123,0x000FFB39,139,255,255,"Seelec Delta","Seelec Delta",1047261,32,105,HIGH
1887,8325124,0x000FFBE3,139,255,255,"Sheerwater","Sheerwater",1047439,32,105,HIGH
1888,8325125,0x000FFCB1,139,255,255,"Shottermill & Haslemere","Shottermill & H",1047609,32,105,HIGH
1889,8325126,0x000FFD6B,139,255,255,"Staines Lammas","Staines Lammas",1047815,32,105,HIGH
1890,8325127,0x000FFE25,139,255,255,"Worcester Park","Worcester Park",1048001,32,105,HIGH
1891,8325128,0x000FFEE1,139,255,255,"Barkingside","Barkingside",1048187,46,105,HIGH
1892,8325129,0x000FFF9F,139,255,255,"Basildon United","Basildon",1048375,46,105,HIGH
1893,8325130,0x0010005D,139,255,255,"Bowers United","Bowers Utd",1048565,46,105,HIGH
1894,8325131,0x00100111,139,255,255,"Brentwood","Brentwood",1048755,46,105,HIGH
1895,8325132,0x001001E1,139,255,255,"Burnham Ramblers","Burnham Ramblers",1048935,46,105,HIGH
1896,8325133,0x001002AD,139,255,255,"Concord Rangers","Concord Rangers",1049143,46,105,HIGH
1897,8325134,0x0010036D,139,255,255,"Enfield Town","Enfield Town",1049347,46,105,HIGH
1898,8325135,0x00100425,139,255,255,"Eton Manor","Eton Manor",1049539,46,105,HIGH
1899,8325136,0x001004EB,139,255,255,"Hullbridge Sports","Hullbridge",1049723,46,105,HIGH
1900,8325137,0x00100593,139,255,255,"Ilford","Ilford",1049921,46,105,HIGH
1901,8325139,0x00100643,139,255,255,"Stansted","Stansted",1050089,46,105,HIGH
1902,8325140,0x00100707,139,255,255,"Waltham Abbey","Waltham Abbey",1050265,46,105,HIGH
1903,8325142,0x001007B3,139,255,255,"Dorking","Dorking",1050461,46,105,HIGH
1904,8325143,0x0010087F,139,255,255,"Flackwell Heath","Flackwell Heath",1050633,46,105,HIGH
1905,8325145,0x0010092B,139,255,255,"Ampthill Town","Ampthill",1050837,32,105,HIGH
1906,8325146,0x001009EF,139,255,255,"Biggleswade United","Biggleswade Utd",1051009,32,105,HIGH
1907,8325147,0x00100AA5,139,255,255,"Brache Sparta","Brache Sparta",1051205,32,105,HIGH
1908,8325148,0x00100B67,139,255,255,"Brimsdown Rovers","Brimsdown Rovers",1051387,32,105,HIGH
1909,8325149,0x00100C15,139,255,255,"Cockfosters","Cockfosters",1051581,32,105,HIGH
1910,8325150,0x00100CC7,139,255,255,"Colney Heath","Colney Heath",1051755,32,105,HIGH
1911,8325151,0x00100D77,139,255,255,"Harpenden Town","Harpenden",1051933,32,105,HIGH
1912,8325152,0x00100E31,139,255,255,"Haywood United","Haywood United",1052109,32,105,HIGH
1913,8325153,0x00100EE7,139,255,255,"Kings Langley","Kings Langley",1052295,32,105,HIGH
1914,8325154,0x00100F89,139,255,255,"Langford","Langford",1052477,32,105,HIGH
1915,8325156,0x0010104B,139,255,255,"Leverstock Green","Leverstock Green",1052639,32,105,HIGH
1916,8325157,0x00101125,139,255,255,"New Bradwell St. Peter","New Bradwell St. Peter",1052833,32,105,HIGH
1917,8325158,0x001011F3,139,255,255,"Pitstone & Ivinghoe","Pitstone & Ivinghoe",1053051,32,105,HIGH
1918,8325159,0x001012BD,139,255,255,"Risborough Rangers","Risborough Rangers",1053257,32,105,HIGH
1919,8325160,0x0010136B,139,255,255,"Shillington","Shillington",1053459,32,105,HIGH
1920,8325161,0x0010143D,139,255,255,"Stony Stratford Town","Stony Stratford Town",1053633,32,105,HIGH
1921,8325162,0x001014D7,139,255,255,"The 61","The 61",1053843,32,105,HIGH
1922,8325163,0x0010157F,139,255,255,"Tring Athletic","Tring",1053997,32,105,HIGH
1923,8325164,0x00101649,139,255,255,"Welwyn Garden City","Welwyn Garden City",1054165,32,105,HIGH
1924,8325165,0x00101705,139,255,255,"Blandford United","Blandford Utd",1054367,32,105,HIGH
1925,8325166,0x001017CF,139,255,255,"Bournemouth Sports","Bournemouth Sports",1054555,32,105,HIGH
1926,8325167,0x00101885,139,255,255,"Cobham Sports","Cobham Sports",1054757,32,105,HIGH
1927,8325168,0x00101943,139,255,255,"Gillingham Town","Gillingham Town",1054939,32,105,HIGH
1928,8325169,0x00101A05,139,255,255,"Hamworthy United","Hamworthy United",1055129,32,105,HIGH
1929,8325170,0x00101AB3,139,255,255,"Holt United","Holt United",1055323,32,105,HIGH
1930,8325171,0x00101B69,139,255,255,"Poole Borough","Poole Borough",1055497,32,105,HIGH
1931,8325172,0x00101C17,139,255,255,"Shaftesbury","Shaftesbury",1055679,32,105,HIGH
1932,8325173,0x00101CD1,139,255,255,"Sherborne Town","Sherborne Town",1055853,32,105,HIGH
1933,8325174,0x00101D7B,139,255,255,"Stourpaine","Stourpaine",1056039,32,105,HIGH
1934,8325175,0x00101E61,139,255,255,"Sturminster Newton United","Sturminster Newton United",1056209,32,105,HIGH
1935,8325176,0x00101F1F,139,255,255,"Wareham Rangers","Wareham Rangers",1056439,32,105,HIGH
1936,8325177,0x00101FDD,139,255,255,"Westland Sports","Westland Sports",1056629,32,105,HIGH
1937,8325178,0x0010209B,139,255,255,"Weymouth Sports","Weymouth Sports",1056819,32,105,HIGH
1938,8325179,0x0010214F,139,255,255,"Cornard United","Cornard Utd",1057009,32,105,HIGH
1939,8325180,0x001021F7,139,255,255,"Downham Town","Downham",1057189,32,105,HIGH
1940,8325181,0x001022BB,139,255,255,"Godmanchester Rovers","Godmanchester",1057357,32,105,HIGH
1941,8325182,0x0010236B,139,255,255,"Hadleigh United","Hadleigh",1057553,32,105,HIGH
1942,8325183,0x0010242D,139,255,255,"Haverhill Rovers","Haverhill",1057729,46,105,HIGH
1943,8325184,0x001024CB,139,255,255,"Leiston","Leiston",1057923,32,105,HIGH
1944,8325185,0x0010257D,139,255,255,"Long Melford","Long Melford",1058081,32,105,HIGH
1945,8325186,0x00102643,139,255,255,"March Town United","March Town United",1058259,32,105,HIGH
1946,8325187,0x001026FD,139,255,255,"Needham Market","Needham Market",1058457,32,105,HIGH
1947,8325188,0x001027B7,139,255,255,"Somersham Town","Somersham Town",1058643,32,105,HIGH
1948,8325189,0x00102871,139,255,255,"Stanway Rovers","Stanway Rovers",1058829,32,105,HIGH
1949,8325190,0x0010291D,139,255,255,"Swaffham Town","Swaffham",1059015,32,105,HIGH
1950,8325191,0x001029C9,139,255,255,"Thetford Town","Thetford",1059187,32,105,HIGH
1951,8325192,0x00102A75,139,255,255,"Whitton United","Whitton",1059359,32,105,HIGH
1952,8325193,0x00102B21,139,255,255,"Amesbury Town","Amesbury",1059531,32,105,HIGH
1953,8325194,0x00102BEB,139,255,255,"Andover New Street","Andover New Street",1059703,32,105,HIGH
1954,8325195,0x00102CB3,139,255,255,"Bishops Waltham Town","Bishops Waltham",1059905,32,105,HIGH
1955,8325196,0x00102D65,139,255,255,"Brading Town","Brading Town",1060105,32,105,HIGH
1956,8325197,0x00102E57,139,255,255,"East Cowes Victoria Athletic","East Cowes Victoria Athletic",1060283,32,105,HIGH
1957,8325198,0x00102EF1,139,255,255,"Fawley","Fawley",1060525,32,105,HIGH
1958,8325199,0x00102F93,139,255,255,"Horndean","Horndean",1060679,32,105,HIGH
1959,8325200,0x0010304D,139,255,255,"Hythe & Dibden","Hythe & Dibden",1060841,32,105,HIGH
1960,8325201,0x00103103,139,255,255,"Liss Athletic","Liss Athletic",1061027,32,105,HIGH
1961,8325202,0x001031AD,139,255,255,"Locksheath","Locksheath",1061209,32,105,HIGH
1962,8325203,0x00103267,139,255,255,"Lymington Town","Lymington Town",1061379,32,105,HIGH
1963,8325204,0x0010331F,139,255,255,"Petersfield Town","Petersfield",1061565,32,105,HIGH
1964,8325206,0x001033D7,139,255,255,"Poole Town","Poole Town",1061749,46,105,HIGH
1965,8325207,0x00103483,139,255,255,"Ringwood Town","Ringwood",1061933,32,105,HIGH
1966,8325208,0x00103531,139,255,255,"Stockbridge","Stockbridge",1062105,32,105,HIGH
1967,8325209,0x001035FB,139,255,255,"Vosper Thornycroft","Vosper Thornycroft",1062279,32,105,HIGH
1968,8325210,0x001036A9,139,255,255,"Ashton Town","Ashton Town",1062481,32,105,HIGH
1969,8325211,0x0010374F,139,255,255,"Bacup Borough","Bacup",1062655,32,105,HIGH
1970,8325212,0x0010380D,139,255,255,"Blackpool Mechanics","Blackpool M",1062821,32,105,HIGH
1971,8325213,0x001038D7,139,255,255,"Castleton Gabriels","Castleton Gabriels",1063011,32,105,HIGH
1972,8325214,0x00103981,139,255,255,"Chadderton","Chadderton",1063213,32,105,HIGH
1973,8325215,0x00103A17,139,255,255,"Colne","Colne",1063383,32,105,HIGH
1974,8325216,0x00103AC1,139,255,255,"Daisy Hill","Daisy Hill",1063533,32,105,HIGH
1975,8325217,0x00103B5B,139,255,255,"Darwen","Darwen",1063703,32,105,HIGH
1976,8325218,0x00103C19,139,255,255,"Holker Old Boys","Holker Old Boys",1063857,32,105,HIGH
1977,8325219,0x00103CC7,139,255,255,"Oldham Town","Oldham Town",1064047,32,105,HIGH
1978,8325220,0x00103D65,139,255,255,"Padiham","Padiham",1064221,32,105,HIGH
1979,8325221,0x00103E1F,139,255,255,"Stand Athletic","Stand Athletic",1064379,32,105,HIGH
1980,8325222,0x00103EF1,139,255,255,"Sawbridgeworth Town","Sawbridgeworth",1064565,46,105,HIGH
1981,8325223,0x00103F9F,139,255,255,"Aldermaston","Aldermaston",1064775,32,105,HIGH
1982,8325224,0x0010405B,139,255,255,"Atherton LR","Atherton LR",1064949,46,105,HIGH
1983,8325225,0x00104121,139,255,255,"Borrowash Victoria","Borrowash",1065137,46,105,HIGH
1984,8325226,0x001041E7,139,255,255,"Bridlington Town","Bridlington",1065335,46,105,HIGH
1985,8325227,0x001042A5,139,255,255,"Pickering Town","Pickering",1065533,46,105,HIGH
1986,8325228,0x00104347,139,255,255,"Bearsted","Bearsted",1065723,32,105,HIGH
1987,8325229,0x001043ED,139,255,255,"Beauwater","Beauwater",1065885,32,105,HIGH
1988,8325230,0x00104493,139,255,255,"Greenways","Greenways",1066051,32,105,HIGH
1989,8325231,0x0010453D,139,255,255,"Kennington","Kennington",1066217,32,105,HIGH
1990,8325232,0x001045D9,139,255,255,"Lydd Town","Lydd",1066387,32,105,HIGH
1991,8325233,0x00104697,139,255,255,"Milton Athletic","Milton Athletic",1066543,32,105,HIGH
1992,8325234,0x00104741,139,255,255,"New Romney","New Romney",1066733,32,105,HIGH
1993,8325235,0x001047E3,139,255,255,"Old Roan","Old Roan",1066903,32,105,HIGH
1994,8325236,0x0010489D,139,255,255,"Sevenoaks Town","Sevenoaks Town",1067065,32,105,HIGH
1995,8325237,0x00104957,139,255,255,"Sheerness East","Sheerness East",1067251,32,105,HIGH
1996,8325238,0x001049F9,139,255,255,"Snodland","Snodland",1067437,32,105,HIGH
1997,8325239,0x00104B03,139,255,255,"Stansfeld Oxford & Bermondsey Club","Stansfeld Oxford & Bermondsey Club",1067599,32,105,HIGH
1998,8325240,0x00104BB5,139,255,255,"Wickham Park","Wickham Park",1067865,32,105,HIGH
1999,8325241,0x00104C83,139,255,255,"New College Academy","New College Academy",1068043,32,105,HIGH
2000,8325242,0x00104D4F,139,255,255,"Deeping Rangers","Deeping Rangers",1068249,46,105,HIGH
2001,8325243,0x00104E1D,139,255,255,"Ford Sports Daventry","Ford Sports",1068453,46,105,HIGH
2002,8325244,0x00104EF3,139,255,255,"Newport Pagnell Town","Newport Pagnell",1068659,46,105,HIGH
2003,8325245,0x00104FB9,139,255,255,"Woodford United","Woodford Utd",1068873,46,105,HIGH
2004,8325255,0x00105091,139,255,255,"Corinthian Casuals","Corinthian Casuals",1069071,46,105,HIGH
2005,8325256,0x00105169,139,255,255,"Croydon Athletic","Croydon Athletic",1069287,54,105,HIGH
2006,8325257,0x0010522D,139,255,255,"Epsom & Ewell","Epsom & Ewell",1069503,46,105,HIGH
2007,8325258,0x00105305,139,255,255,"Wingate & Finchley","Wingate & Finchley",1069699,46,105,HIGH
2008,8325286,0x001053B1,139,255,255,"Rayleigh Town","Rayleigh",1069915,32,105,HIGH
2009,8325326,0x0010546F,139,255,255,"Prestwich Heys","Prestwich",1070087,46,105,HIGH
2010,8600618,0x00105525,139,255,255,"Dereham Town","Dereham",1070277,46,105,HIGH
2011,8600698,0x001055DF,139,255,255,"Daventry Town","Daventry",1070459,46,105,HIGH
2012,8601330,0x0010569D,139,255,255,"AFC Portchester","AFC Portchester",1070645,32,105,HIGH
2013,8601331,0x00105753,139,255,255,"Aintree Villa","Aintree Villa",1070835,32,105,HIGH
2014,8601332,0x001057F9,139,255,255,"Allendale","Allendale",1071017,32,105,HIGH
2015,8601333,0x001058A3,139,255,255,"Alphington","Alphington",1071183,32,105,HIGH
2016,8601334,0x0010594F,139,255,255,"Amersham Town","Amersham",1071353,32,105,HIGH
2017,8601335,0x001059ED,139,255,255,"Barnton","Barnton",1071525,32,105,HIGH
2018,8601336,0x00105AAB,139,255,255,"Bedmond Sports & Social","Bedmond",1071683,32,105,HIGH
2019,8601337,0x00105B75,139,255,255,"Blackwell Miners Welfare","Blackwell MW",1071873,32,105,HIGH
2020,8601338,0x00105C0F,139,255,255,"Bootle","Bootle",1072075,32,105,HIGH
2021,8601339,0x00105CA9,139,255,255,"Bosham","Bosham",1072229,32,105,HIGH
2022,8601340,0x00105D4F,139,255,255,"Bovingdon","Bovingdon",1072383,32,105,HIGH
2023,8601341,0x00105DF4,139,255,255,"Brocton","Brocton",1072549,39,105,HIGH
2024,8601342,0x00105EAE,139,255,255,"Bushey Rangers","Bushey Rangers",1072714,32,105,HIGH
2025,8601343,0x00105F64,139,255,255,"Cammell Laird","Cammell Laird",1072900,32,105,HIGH
2026,8601344,0x00106016,139,255,255,"Carlton Town","Carlton Town",1073082,32,105,HIGH
2027,8601345,0x001060E0,139,255,255,"Chaddesley Corbett","Chaddesley Corbett",1073260,32,105,HIGH
2028,8601346,0x001061C2,139,255,255,"Chipperfield Corinthians","Chipperfield Corinthians",1073462,32,105,HIGH
2029,8601347,0x00106270,139,255,255,"Christleton","Christleton",1073688,32,105,HIGH
2030,8601348,0x00106326,139,255,255,"Croxley Guild","Croxley Guild",1073862,32,105,HIGH
2031,8601349,0x001063C4,139,255,255,"Cuffley","Cuffley",1074044,32,105,HIGH
2032,8601350,0x00106462,139,255,255,"Dunkirk","Dunkirk",1074202,32,105,HIGH
2033,8601351,0x00106514,139,255,255,"Elliott Star","Elliott Star",1074360,32,105,HIGH
2034,8601352,0x001065C0,139,255,255,"Falmouth Town","Falmouth",1074538,32,105,HIGH
2035,8601353,0x0010665A,139,255,255,"Formby","Formby",1074710,32,105,HIGH
2036,8601354,0x001066F4,139,255,255,"Hadley","Hadley",1074864,32,105,HIGH
2037,8601355,0x00106792,139,255,255,"Hanford","Hanford",1075018,32,105,HIGH
2038,8601356,0x00106848,139,255,255,"Hatfield Town","Hatfield Town",1075176,32,105,HIGH
2039,8601357,0x001068EC,139,255,255,"Heanor Town","Heanor",1075358,32,105,HIGH
2040,8601358,0x001069AE,139,255,255,"Kirkham & Wesham","Kirkham & Wesham",1075522,32,105,HIGH
2041,8601359,0x00106A4C,139,255,255,"Kirkley","Kirkley",1075716,32,105,HIGH
2042,8601360,0x00106AE6,139,255,255,"Knowle","Knowle",1075874,32,105,HIGH
2043,8601361,0x00106B9E,139,255,255,"Lutterworth Town","Lutterworth",1076028,32,105,HIGH
2044,8601363,0x00106C40,139,255,255,"Mortimer","Mortimer",1076212,32,105,HIGH
2045,8601364,0x00106CFA,139,255,255,"Mursley United","Mursley United",1076374,32,105,HIGH
2046,8601365,0x00106DE0,139,255,255,"Newcastle Benfield Saints","Newcastle Benfield Saints",1076560,32,105,HIGH
2047,8601366,0x00106E96,139,255,255,"North Shields","North Shields",1076790,32,105,HIGH
2048,8601368,0x00106F40,139,255,255,"Oxhey Jets","Oxhey Jets",1076972,32,105,HIGH
2049,8601369,0x00106FFA,139,255,255,"Phoenix Sports","Phoenix Sports",1077142,32,105,HIGH
2050,8601370,0x001070A4,139,255,255,"Porthleven","Porthleven",1077328,32,105,HIGH
2051,8601371,0x00107150,139,255,255,"Retford United","Retford",1077498,32,105,HIGH
2052,8601372,0x0010721E,139,255,255,"Rolls Royce Leisure","Rolls Royce Leisure",1077670,32,105,HIGH
2053,8601373,0x001072F8,139,255,255,"Roman Glass St. George","Roman Glass St. George",1077876,32,105,HIGH
2054,8601374,0x001073BA,139,255,255,"Sandridge Rovers","Sandridge Rovers",1078094,32,105,HIGH
2055,8601375,0x00107474,139,255,255,"Sawston United","Sawston United",1078288,32,105,HIGH
2056,8601376,0x0010751E,139,255,255,"Shankhouse","Shankhouse",1078474,32,105,HIGH
2057,8601377,0x001075DC,139,255,255,"Shrewton United","Shrewton United",1078644,32,105,HIGH
2058,8601378,0x0010768A,139,255,255,"Sileby Town","Sileby Town",1078834,32,105,HIGH
2059,8601379,0x0010775A,139,255,255,"South Normanton Athletic","South Normanton",1079008,32,105,HIGH
2060,8601380,0x00107814,139,255,255,"Southwell City","Southwell City",1079216,32,105,HIGH
2061,8601381,0x001078AA,139,255,255,"Speke","Speke",1079402,32,105,HIGH
2062,8601382,0x0010795C,139,255,255,"St. Aloysius","St. Aloysius",1079552,32,105,HIGH
2063,8601383,0x00107A06,139,255,255,"St. Blazey","St. Blazey",1079730,32,105,HIGH
2064,8601384,0x00107AB0,139,255,255,"St. Peters","St. Peters",1079900,32,105,HIGH
2065,8601385,0x00107B7E,139,255,255,"Stockport Georgians","Stockport Georgians",1080070,32,105,HIGH
2066,8601386,0x00107C2C,139,255,255,"Storrington","Storrington",1080276,32,105,HIGH
2067,8601387,0x00107D00,139,255,255,"Sun Postal Sports","Sun Postal Sports",1080450,46,105,HIGH
2068,8601388,0x00107DAE,139,255,255,"Sutton Town","Sutton Town",1080662,32,105,HIGH
2069,8601389,0x00107E70,139,255,255,"Tenterden Tigers","Tenterden Tigers",1080836,32,105,HIGH
2070,8601390,0x00107F1E,139,255,255,"Thames Poly","Thames Poly",1081030,32,105,HIGH
2071,8601391,0x00107FE8,139,255,255,"Walsham-le-Willows","Walsham-le-Willows",1081204,32,105,HIGH
2072,8601392,0x001080AA,139,255,255,"Washington (ENG)","Washington (ENG)",1081406,32,105,HIGH
2073,8601393,0x00108180,139,255,255,"West Allotment Celtic","West Allotment Celtic",1081600,32,105,HIGH
2074,8601394,0x00108236,139,255,255,"West Bergholt","West Bergholt",1081814,32,105,HIGH
2075,8601395,0x001082F0,139,255,255,"Winslow United","Winslow United",1081996,32,105,HIGH
2076,8601396,0x001083AC,139,255,255,"Witchampton United","Witchampton",1082182,32,105,HIGH
2077,8601397,0x00108466,139,255,255,"Wormley Rovers","Wormley Rovers",1082370,32,105,HIGH
2078,8601398,0x00108534,139,255,255,"Wythenshawe Amateur","Wythenshawe Amateur",1082556,32,105,HIGH
2079,8601399,0x001085DA,139,255,255,"Dartmouth","Dartmouth",1082762,32,105,HIGH
2080,8601400,0x001086B0,139,255,255,"Willesden Constantine","Willesden Constantine",1082928,32,105,HIGH
2081,8602688,0x00108781,139,255,255,"Thurrock","Thurrock",1083151,70,105,HIGH
2082,8602689,0x00108849,139,255,255,"Waltham Forest","Waltham Forest",1083351,46,105,HIGH
2083,8603699,0x0010891D,139,255,255,"Castle Vale Kings Heath","Castle Vale",1083551,46,105,HIGH
2084,8604269,0x001089E2,139,255,255,"Atherstone Town","Atherstone Town",1083763,39,105,HIGH
2085,8604272,0x00108AAC,139,255,255,"AFC Telford United","AFC Telford",1083960,46,105,HIGH
2086,8605429,0x00108B64,26,255,255,"Redbridge","Redbridge",1084166,46,105,HIGH
2087,8626864,0x00108C2B,4294967295,255,255,"Cercle Olympique de Bamako","CO Bamako",1084346,31,105,HIGH
2088,8628354,0x00108CE1,4294967295,255,255,"Leventis United","Leventis United",1084545,24,105,HIGH
2089,8628355,0x00108D7F,17,255,255,"AS Sogara","AS Sogara",1084727,24,105,HIGH
2090,8775012,0x00108E41,166,255,255,"Satellite FC (GUI)","Satellite FC (GUI)",1084885,24,105,HIGH
